image_filename,true_class,predicted_class,probability_very_small,probability_small,probability_medium,probability_large
2025-08-22/IMG_0001.JPG,Very Small,Very Small,0.9987930059432983,0.0012059301370754838,8.42560268665693e-07,1.9592235389609414e-07
2025-08-22/IMG_0002.JPG,Very Small,Very Small,0.9873954653739929,0.012569880113005638,3.194010423612781e-05,2.741886191870435e-06
2025-08-22/IMG_0003.JPG,Small,Small,0.030423467978835106,0.9638029336929321,0.0057702152989804745,3.3951068871829193e-06
2025-08-22/IMG_0004.JPG,Small,Small,0.16931650042533875,0.8295853734016418,0.0010949148563668132,3.2211237339652143e-06
2025-08-22/IMG_0005.JPG,Very Small,Very Small,0.9128340482711792,0.08706323802471161,9.656171459937468e-05,6.185246547829593e-06
2025-08-22/IMG_0009.JPG,Very Small,Very Small,0.9990591406822205,0.0009270324371755123,6.42799204797484e-06,7.346376150962897e-06
2025-08-22/IMG_0010.JPG,Small,Small,0.044065169990062714,0.9383598566055298,0.017527492716908455,4.738837742479518e-05
2025-08-22/IMG_0011.JPG,Very Small,Very Small,0.9965862035751343,0.0034028564114123583,9.974699423764832e-06,9.967808409783174e-07
2025-08-22/IMG_0012.JPG,Very Small,Very Small,0.9944654107093811,0.0055221025831997395,1.1565293789317366e-05,9.057965257852629e-07
2025-08-22/IMG_0013.JPG,Very Small,Very Small,0.9854065179824829,0.013369900174438953,0.0010760215809568763,0.000147524377098307
2025-08-22/IMG_0017.JPG,Small,Small,0.087615005671978,0.8586641550064087,0.0534358024597168,0.00028504186775535345
2025-08-22/IMG_0018.JPG,Small,Small,0.00697073619812727,0.8860382437705994,0.10693813860416412,5.283625068841502e-05
2025-08-22/IMG_0019.JPG,Very Small,Very Small,0.8117488622665405,0.17954860627651215,0.006763554643839598,0.001938883331604302
2025-08-22/IMG_0020.JPG,Small,Small,0.04204146936535835,0.9394584894180298,0.018348904326558113,0.00015124533092603087
2025-08-22/IMG_0021.JPG,Very Small,Very Small,0.9851880073547363,0.014417653903365135,0.0003297919756732881,6.450147338910028e-05
2025-08-22/IMG_0023.JPG,Very Small,Very Small,0.9059234857559204,0.09383881092071533,0.00020820257486775517,2.9425224056467414e-05
2025-08-22/IMG_0024.JPG,Small,Small,0.003451054682955146,0.9306800961494446,0.0658591017127037,9.774109457794111e-06
2025-08-22/IMG_0025.JPG,Small,Small,0.0317847803235054,0.9499949216842651,0.018138546496629715,8.171773515641689e-05
2025-08-22/IMG_0027.JPG,Small,Small,0.0038522002287209034,0.9274312257766724,0.0686657503247261,5.084894291940145e-05
2025-08-22/IMG_0030.JPG,Medium,Medium,0.006435701623558998,0.038820531219244,0.8041015267372131,0.1506422907114029
2025-08-22/IMG_0031.JPG,Small,Small,0.1201019138097763,0.8395799994468689,0.03955932706594467,0.0007587125292047858
2025-08-22/IMG_0033.JPG,Small,Small,0.016129542142152786,0.9694570302963257,0.014399704523384571,1.3709664017369505e-05
2025-08-22/IMG_0035.JPG,Very Small,Very Small,0.7694598436355591,0.22730113565921783,0.0029480785597115755,0.0002909610338974744
2025-08-22/IMG_0036.JPG,Small,Small,0.016113588586449623,0.9621776342391968,0.021606450900435448,0.00010228835890302435
2025-08-22/IMG_0037.JPG,Medium,Medium,0.00018904330499935895,0.08857955038547516,0.9107374548912048,0.0004939248319715261
2025-08-22/IMG_0038.JPG,Small,Small,0.001148025505244732,0.8242377638816833,0.17460836470127106,5.865214916411787e-06
2025-08-22/IMG_0041.JPG,Small,Small,0.008171416819095612,0.8396660685539246,0.15178142488002777,0.00038118017255328596
2025-08-22/IMG_0042.JPG,Medium,Medium,0.0034414774272590876,0.09847845882177353,0.8851474523544312,0.012932573445141315
2025-08-22/IMG_0043.JPG,Small,Small,0.017118431627750397,0.8916782140731812,0.09076496213674545,0.00043836640543304384
2025-08-22/IMG_0044.JPG,Very Small,Very Small,0.9788243770599365,0.021098574623465538,4.027190152555704e-05,3.6837060179095715e-05
2025-08-22/IMG_0046.JPG,Very Small,Very Small,0.9498988389968872,0.050030723214149475,4.4413231080397964e-05,2.604189830890391e-05
2025-08-22/IMG_0049.JPG,Small,Small,0.025308748707175255,0.6803891658782959,0.2933221161365509,0.0009799747494980693
2025-08-22/IMG_0051.JPG,Very Small,Very Small,0.9865873456001282,0.012608989141881466,0.0007530496222898364,5.059541581431404e-05
2025-08-22/IMG_0052.JPG,Small,Small,0.14556685090065002,0.6425967812538147,0.21016418933868408,0.0016721519641578197
2025-08-22/IMG_0053.JPG,Small,Small,0.039224717766046524,0.9542207717895508,0.00651954673230648,3.4995446185348555e-05
2025-08-22/IMG_0054.JPG,Small,Small,0.01173520926386118,0.8551138043403625,0.13238246738910675,0.0007684717420488596
2025-08-22/IMG_0055.JPG,Medium,Medium,0.002032116986811161,0.04450495168566704,0.9315363764762878,0.021926604211330414
2025-08-22/IMG_0056.JPG,Small,Small,0.03283790871500969,0.9646227359771729,0.0024323444813489914,0.00010706611647037789
2025-08-22/IMG_0057.JPG,Small,Small,0.004497782792896032,0.9733374118804932,0.02213769592344761,2.7107305868412368e-05
2025-08-22/IMG_0058.JPG,Small,Small,0.022835280746221542,0.9620382785797119,0.015091233886778355,3.518095036270097e-05
2025-08-22/IMG_0060.JPG,Very Small,Very Small,0.5708910822868347,0.42798087000846863,0.0010779210133478045,5.010668610339053e-05
2025-08-22/IMG_0061.JPG,Medium,Medium,0.003390009282156825,0.33072495460510254,0.6634234189987183,0.0024615658912807703
2025-08-22/IMG_0062.JPG,Small,Small,0.06786645948886871,0.9312087893486023,0.0009223240194842219,2.4653743366798153e-06
2025-08-22/IMG_0063.JPG,Small,Small,0.017426151782274246,0.8828184604644775,0.09948907792568207,0.000266396178631112
2025-08-22/IMG_0064.JPG,Small,Small,0.0055493880063295364,0.9824225902557373,0.012018660083413124,9.342153134639375e-06
2025-08-22/IMG_0065.JPG,Small,Small,0.0007019463810138404,0.9652688503265381,0.0340251699090004,4.064192580699455e-06
2025-08-22/IMG_0066.JPG,Small,Small,0.002914633834734559,0.9192874431610107,0.07777038961648941,2.7624659196590073e-05
2025-08-22/IMG_0068.JPG,Small,Small,0.02755085751414299,0.8371779322624207,0.13511767983436584,0.00015359614917542785
2025-08-22/IMG_0071.JPG,Very Small,Very Small,0.9961508512496948,0.003842221340164542,6.102936822571792e-06,8.825876420814893e-07
2025-08-22/IMG_0072.JPG,Very Small,Very Small,0.8170174360275269,0.14661799371242523,0.03476700931787491,0.0015975994756445289
2025-08-22/IMG_0073.JPG,Small,Small,0.002808037679642439,0.9566043615341187,0.04056781157851219,1.9877415979863144e-05
2025-08-22/IMG_0075.JPG,Small,Small,0.0035996083170175552,0.956736147403717,0.039657894521951675,6.417358690669062e-06
2025-08-22/IMG_0076.JPG,Very Small,Very Small,0.997984766960144,0.002014069352298975,9.463490187044954e-07,1.5030445865704678e-07
2025-08-22/IMG_0077.JPG,Very Small,Very Small,0.9881972670555115,0.011796509847044945,5.8305440688855015e-06,4.086826663751708e-07
2025-08-22/IMG_0078.JPG,Small,Small,0.02464461699128151,0.959260880947113,0.016043107956647873,5.13777595188003e-05
2025-08-22/IMG_0079.JPG,Small,Small,0.041853245347738266,0.9569298624992371,0.0012161391787230968,7.963569146340888e-07
2025-08-22/IMG_0081.JPG,Small,Small,0.014352899044752121,0.9759278297424316,0.009694039821624756,2.5281129637733102e-05
2025-08-22/IMG_0082.JPG,Small,Small,0.0062600900419056416,0.9831636548042297,0.01056270394474268,1.362918374070432e-05
2025-08-22/IMG_0084.JPG,Small,Small,0.005173437297344208,0.988037109375,0.0067806551232934,8.839133442961611e-06
2025-08-22/IMG_0085.JPG,Very Small,Very Small,0.9804661870002747,0.01920991577208042,0.00031434334232471883,9.58429245656589e-06
2025-08-22/IMG_0086.JPG,Small,Small,0.06117923930287361,0.836164653301239,0.10256543755531311,9.0725690824911e-05
2025-08-22/IMG_0087.JPG,Small,Small,0.014483057893812656,0.8999512791633606,0.0854896828532219,7.593556074425578e-05
2025-08-22/IMG_0089.JPG,Medium,Medium,0.0070942724123597145,0.2857206463813782,0.7061834931373596,0.0010016278829425573
2025-08-22/IMG_0090.JPG,Small,Small,0.08057108521461487,0.8768497109413147,0.04219989478588104,0.00037930853432044387
2025-08-22/IMG_0091.JPG,Very Small,Very Small,0.9743781089782715,0.025595109909772873,2.5301789719378576e-05,1.500822918387712e-06
2025-08-22/IMG_0092.JPG,Small,Small,0.015398180112242699,0.9378396272659302,0.0467279814183712,3.421252768021077e-05
2025-08-22/IMG_0094.JPG,Very Small,Very Small,0.9231864213943481,0.07665321230888367,0.0001509186695329845,9.51359743339708e-06
2025-08-22/IMG_0098.JPG,Very Small,Very Small,0.9886365532875061,0.011356332339346409,5.500242423295276e-06,1.520706973678898e-06
2025-08-22/IMG_0099.JPG,Very Small,Very Small,0.9774113893508911,0.02251538075506687,7.119904330465943e-05,2.0328827758930856e-06
2025-08-22/IMG_0100.JPG,Very Small,Very Small,0.9893246293067932,0.010517904534935951,0.0001515864278189838,5.941525614616694e-06
2025-08-22/IMG_0101.JPG,Medium,Medium,0.0032986437436193228,0.10267127305269241,0.8862289190292358,0.007801135536283255
2025-08-22/IMG_0102.JPG,Very Small,Very Small,0.9634599685668945,0.03021485172212124,0.0041181170381605625,0.002207099460065365
2025-08-22/IMG_0104.JPG,Small,Small,0.004637586884200573,0.8201917409896851,0.1751089245080948,6.169806147227064e-05
2025-08-22/IMG_0106.JPG,Small,Small,0.03996416553854942,0.9577857851982117,0.0022476648446172476,2.4020539513003314e-06
2025-08-22/IMG_0107.JPG,Very Small,Very Small,0.7403527498245239,0.25873157382011414,0.0008641351596452296,5.153354868525639e-05
2025-08-22/IMG_0108.JPG,Very Small,Very Small,0.9521880149841309,0.0477212630212307,7.301806181203574e-05,1.7671549358055927e-05
2025-08-22/IMG_0109.JPG,Small,Small,0.006993552204221487,0.9768094420433044,0.01619070954620838,6.2944641285866965e-06
2025-08-22/IMG_0110.JPG,Very Small,Very Small,0.9838240146636963,0.016125552356243134,3.981723421020433e-05,1.0517104783502873e-05
2025-08-22/IMG_0111.JPG,Very Small,Very Small,0.9926661849021912,0.006975804455578327,0.00020108938042540103,0.0001569177256897092
2025-08-22/IMG_0113.JPG,Small,Small,0.044476255774497986,0.9270778894424438,0.028404517099261284,4.136314237257466e-05
2025-08-22/IMG_0116.JPG,Very Small,Very Small,0.9638423323631287,0.036080170422792435,7.295278192032129e-05,4.591073775372934e-06
2025-08-22/IMG_0117.JPG,Very Small,Very Small,0.9182748794555664,0.07713799178600311,0.004311681259423494,0.00027544054319150746
2025-08-22/IMG_0118.JPG,Medium,Medium,0.009022378362715244,0.31796175241470337,0.6713500618934631,0.0016658483073115349
2025-08-22/IMG_0119.JPG,Very Small,Very Small,0.967509925365448,0.03219865262508392,0.0002534502127673477,3.800395643338561e-05
2025-08-22/IMG_0122.JPG,Very Small,Very Small,0.9595592617988586,0.04002960026264191,0.00036072268267162144,5.052963751950301e-05
2025-08-22/IMG_0123.JPG,Small,Small,0.0024712877348065376,0.9683588743209839,0.029155582189559937,1.4330965314002242e-05
2025-08-22/IMG_0125.JPG,Very Small,Very Small,0.8651173114776611,0.13480694591999054,6.590219709323719e-05,9.829372174863238e-06
2025-08-22/IMG_0126.JPG,Very Small,Very Small,0.9984489679336548,0.0012912099482491612,8.326503302669153e-05,0.0001764542394084856
2025-08-22/IMG_0128.JPG,Very Small,Very Small,0.9847971796989441,0.015194515697658062,6.831440259702504e-06,1.5188893485174049e-06
2025-08-22/IMG_0129.JPG,Very Small,Very Small,0.9769038558006287,0.023070072755217552,2.4026927349041216e-05,2.068533149213181e-06
2025-08-22/IMG_0132.JPG,Small,Small,0.0004018269828520715,0.9928015470504761,0.006796200294047594,5.307027208800719e-07
2025-08-22/IMG_0133.JPG,Small,Small,0.00045181429595686495,0.9561156630516052,0.04343042150139809,1.9976096155005507e-06
2025-08-22/IMG_0134.JPG,Medium,Medium,0.00030263554072007537,0.06911367923021317,0.9301438331604004,0.00043991615530103445
2025-08-22/IMG_0135.JPG,Small,Small,0.014653023332357407,0.9088071584701538,0.07639376819133759,0.00014607662160415202
2025-08-22/IMG_0137.JPG,Very Small,Very Small,0.9982038736343384,0.0017492985352873802,1.6466554370708764e-05,3.0419003451243043e-05
2025-08-22/IMG_0138.JPG,Very Small,Very Small,0.9977274537086487,0.0022623110562562943,5.5708710533508565e-06,4.6257400754257105e-06
2025-08-22/IMG_0139.JPG,Very Small,Very Small,0.99921715259552,0.0007691156934015453,5.372355190047529e-06,8.397244528168812e-06
2025-08-22/IMG_0140.JPG,Very Small,Very Small,0.9962843060493469,0.003574927104637027,4.2430150642758235e-05,9.836372191784903e-05
2025-08-22/IMG_0141.JPG,Very Small,Very Small,0.9980054497718811,0.0019455456640571356,1.6365522242267616e-05,3.256103445892222e-05
2025-08-22/IMG_0143.JPG,Very Small,Very Small,0.9995914101600647,0.00040721235563978553,5.838393235535477e-07,8.434002438661992e-07
2025-08-22/IMG_0144.JPG,Very Small,Very Small,0.9935483336448669,0.006344806402921677,5.4020649258745834e-05,5.2911775128450245e-05
2025-08-22/IMG_0146.JPG,Small,Small,0.0012017529224976897,0.6847790479660034,0.3139607310295105,5.8459969295654446e-05
2025-08-22/IMG_0147.JPG,Medium,Medium,0.002245136769488454,0.03264477476477623,0.9402937889099121,0.024816423654556274
2025-08-22/IMG_0149.JPG,Medium,Medium,0.0010236355010420084,0.06808875501155853,0.9283754825592041,0.002512135775759816
2025-08-22/IMG_0150.JPG,Small,Small,0.007784934248775244,0.97930508852005,0.012894678860902786,1.533551221655216e-05
2025-08-22/IMG_0153.JPG,Medium,Medium,0.003763703629374504,0.13119924068450928,0.8561654686927795,0.008871698752045631
2025-08-22/IMG_0157.JPG,Medium,Medium,0.0006950537208467722,0.008726668544113636,0.9317768216133118,0.05880149453878403
2025-08-22/IMG_0158.JPG,Very Small,Very Small,0.9817511439323425,0.017995649948716164,0.00011031566828023642,0.000142873905133456
2025-08-22/IMG_0159.JPG,Very Small,Very Small,0.9173691868782043,0.08199473470449448,0.00040878678555600345,0.00022728063049726188
2025-08-22/IMG_0162.JPG,Very Small,Very Small,0.9617012143135071,0.03778527304530144,0.0002500999253243208,0.0002634039556141943
2025-08-22/IMG_0164.JPG,Very Small,Very Small,0.9342130422592163,0.06509365141391754,0.00042137099080719054,0.00027186458464711905
2025-08-22/IMG_0165.JPG,Very Small,Very Small,0.9400138854980469,0.05965378135442734,0.00022382489987649024,0.00010847987869055942
2025-08-22/IMG_0168.JPG,Medium,Medium,0.000531765865162015,0.040162451565265656,0.9494892954826355,0.009816464968025684
2025-08-22/IMG_0170.JPG,Large,Large,0.0041374643333256245,0.002263189060613513,0.06700628250837326,0.9265930652618408
2025-08-22/IMG_0171.JPG,Medium,Medium,0.00111666030716151,0.008589156903326511,0.8708390593528748,0.11945512145757675
2025-08-22/IMG_0173.JPG,Very Small,Very Small,0.9395591616630554,0.0601126030087471,0.0001949968427652493,0.00013324733299668878
2025-08-22/IMG_0174.JPG,Small,Small,0.08536478132009506,0.9043312072753906,0.009958084672689438,0.00034595117904245853
2025-08-22/IMG_0175.JPG,Very Small,Very Small,0.9541485905647278,0.04479962959885597,0.00043924665078520775,0.0006125646759755909
2025-08-22/IMG_0178.JPG,Very Small,Very Small,0.9590912461280823,0.039434414356946945,0.0004873749567195773,0.0009869616478681564
2025-08-22/IMG_0179.JPG,Very Small,Very Small,0.9991552829742432,0.0008244693744927645,5.317807790561346e-06,1.485489610786317e-05
2025-08-22/IMG_0180.JPG,Small,Small,0.015617112629115582,0.9834295511245728,0.0009507462382316589,2.576888391558896e-06
2025-08-22/IMG_0181.JPG,Small,Small,0.028853831812739372,0.9684545397758484,0.0026639446150511503,2.774742642941419e-05
2025-08-22/IMG_0182.JPG,Very Small,Very Small,0.9912915229797363,0.008678833022713661,1.761369094310794e-05,1.203525152959628e-05
2025-08-22/IMG_0183.JPG,Small,Small,0.0011711451224982738,0.9197787046432495,0.0790102481842041,3.987994932685979e-05
2025-08-22/IMG_0185.JPG,Medium,Medium,0.0006330691394396126,0.027761824429035187,0.9555413722991943,0.01606368087232113
2025-08-22/IMG_0186.JPG,Medium,Medium,0.0002629204245749861,0.07704063504934311,0.9212580323219299,0.0014384726528078318
2025-08-22/IMG_0188.JPG,Small,Small,0.00031209716689772904,0.9968045949935913,0.0028830801602452993,2.8251304229343077e-07
2025-08-22/IMG_0189.JPG,Small,Small,0.0004899390041828156,0.9563425183296204,0.04316292330622673,4.70888517156709e-06
2025-08-22/IMG_0190.JPG,Small,Small,0.000528057455085218,0.998307466506958,0.0011643519392237067,6.252245299265269e-08
2025-08-22/IMG_0191.JPG,Small,Small,2.6310539396945387e-05,0.8447586297988892,0.15521402657032013,9.892374919218128e-07
2025-08-22/IMG_0192.JPG,Small,Small,4.4688917114399374e-05,0.997653067111969,0.002302261535078287,2.948292454618695e-08
2025-08-22/IMG_0193.JPG,Small,Small,0.003786959685385227,0.9953755140304565,0.0008360068313777447,1.569035248394357e-06
2025-08-22/IMG_0194.JPG,Small,Small,0.0003412981750443578,0.9596500396728516,0.04000325873494148,5.413210146798519e-06
2025-08-22/IMG_0196.JPG,Small,Small,0.03181890770792961,0.9666708111763,0.0015050979563966393,5.196535312279593e-06
2025-08-22/IMG_0197.JPG,Small,Small,0.00043140118941664696,0.9752782583236694,0.024280132725834846,1.0257421308779158e-05
2025-08-22/IMG_0199.JPG,Small,Small,0.00654827244579792,0.9922065138816833,0.001242934726178646,2.246691110485699e-06
2025-08-22/IMG_0200.JPG,Small,Small,0.00013338588178157806,0.9978773593902588,0.001989077776670456,2.2186776504895533e-07
2025-08-22/IMG_0201.JPG,Small,Small,0.014461781829595566,0.94596928358078,0.039492737501859665,7.61627743486315e-05
2025-08-22/IMG_0202.JPG,Small,Small,3.6937356071575778e-06,0.9995182752609253,0.000478091329568997,1.820597783641631e-09
2025-08-22/IMG_0203.JPG,Medium,Medium,7.090433064149693e-05,0.014775634743273258,0.9839081168174744,0.001245303312316537
2025-08-22/IMG_0204.JPG,Small,Small,0.0004737222916446626,0.9978857636451721,0.0016402488108724356,1.9912141624445212e-07
2025-08-22/IMG_0206.JPG,Medium,Medium,7.85304291639477e-05,0.0758170560002327,0.9240500926971436,5.4369575082091615e-05
2025-08-22/IMG_0208.JPG,Small,Small,0.004429908469319344,0.9828041791915894,0.012764446437358856,1.5198742175925872e-06
2025-08-22/IMG_0209.JPG,Very Small,Very Small,0.9803746342658997,0.019612429663538933,1.1375769645383116e-05,1.566615992487641e-06
2025-08-22/IMG_0213.JPG,Very Small,Very Small,0.9985753297805786,0.0013903917279094458,1.5115590031200554e-05,1.9109502318315208e-05
2025-08-22/IMG_0214.JPG,Medium,Medium,0.00020108232274651527,0.14081178605556488,0.8588035106658936,0.0001836648298194632
2025-08-22/IMG_0215.JPG,Very Small,Very Small,0.998658299446106,0.0013318300480023026,5.597380095423432e-06,4.304847152525326e-06
2025-08-22/IMG_0217.JPG,Small,Small,0.001386249903589487,0.9967920184135437,0.001820369972847402,1.2591224276548019e-06
2025-08-22/IMG_0218.JPG,Small,Small,0.008927339687943459,0.9897255301475525,0.001343827461823821,3.3153307867905824e-06
2025-08-22/IMG_0219.JPG,Small,Small,0.0004048889968544245,0.8845820426940918,0.11499764770269394,1.55318030010676e-05
2025-08-22/IMG_0221.JPG,Very Small,Very Small,0.9993659853935242,0.0005927999736741185,9.923043762682937e-06,3.1368595955427736e-05
2025-08-22/IMG_0222.JPG,Very Small,Very Small,0.9977203011512756,0.00220321724191308,2.549390228523407e-05,5.0993468903470784e-05
2025-08-22/IMG_0223.JPG,Small,Small,0.0022966102696955204,0.823693573474884,0.17386217415332794,0.00014765567902941257
2025-08-22/IMG_0224.JPG,Small,Small,0.0007873436552472413,0.8972435593605042,0.10194995999336243,1.9190276361769065e-05
2025-08-22/IMG_0226.JPG,Small,Small,0.000287936651147902,0.9903026223182678,0.00940896850079298,4.487634726046963e-07
2025-08-22/IMG_0227.JPG,Small,Small,0.004487515427172184,0.9954934120178223,1.9021839761990122e-05,1.425431506163477e-08
2025-08-22/IMG_0228.JPG,Small,Small,3.561643461580388e-05,0.9788932204246521,0.02107098698616028,1.2570272645007208e-07
2025-08-22/IMG_0229.JPG,Small,Small,0.008684329688549042,0.9883400201797485,0.0029713877011090517,4.213847205392085e-06
2025-08-22/IMG_0231.JPG,Small,Small,0.05820279195904732,0.9404758214950562,0.001307389116846025,1.4035161257197615e-05
2025-08-22/IMG_0233.JPG,Small,Small,0.02910379320383072,0.9708213210105896,7.480321801267564e-05,1.3517940544716112e-07
2025-08-22/IMG_0234.JPG,Very Small,Very Small,0.9923059344291687,0.007668786682188511,1.2782857083948329e-05,1.2463008715712931e-05
2025-08-22/IMG_0235.JPG,Very Small,Very Small,0.8651875257492065,0.1345992237329483,0.00020070583559572697,1.2588611753017176e-05
2025-08-22/IMG_0236.JPG,Very Small,Very Small,0.9994152784347534,0.000577505212277174,3.583985517252586e-06,3.7050886021461338e-06
2025-08-22/IMG_0237.JPG,Very Small,Very Small,0.9841287136077881,0.0158466137945652,2.042031155724544e-05,4.184502813586732e-06
2025-08-22/IMG_0238.JPG,Very Small,Very Small,0.996941864490509,0.002714127767831087,0.00010424013453302905,0.00023979906109161675
2025-08-22/IMG_0242.JPG,Very Small,Very Small,0.9928594827651978,0.006883175577968359,0.00010023618233390152,0.00015717625501565635
2025-08-22/IMG_0243.JPG,Very Small,Very Small,0.9980541467666626,0.0018927304772660136,2.2700076442561112e-05,3.036027555936016e-05
2025-08-22/IMG_0244.JPG,Small,Small,0.0014111768687143922,0.9112589359283447,0.08731474727392197,1.5114938832994085e-05
2025-08-22/IMG_0245.JPG,Small,Small,0.006298903375864029,0.9934940934181213,0.000206535158213228,4.503290824686701e-07
2025-08-22/IMG_0246.JPG,Small,Small,2.0449011572054587e-05,0.9908249974250793,0.009154578670859337,2.2587389736372643e-08
2025-08-22/IMG_0247.JPG,Small,Small,4.223718133289367e-05,0.9889339804649353,0.011023668572306633,1.1541807509729551e-07
2025-08-22/IMG_0248.JPG,Very Small,Very Small,0.9951393604278564,0.004772627260535955,4.2928808397846296e-05,4.5055341615807265e-05
2025-08-22/IMG_0249.JPG,Very Small,Very Small,0.99765944480896,0.0023205692414194345,9.067602150025778e-06,1.0917668987531215e-05
2025-08-22/IMG_0250.JPG,Very Small,Very Small,0.9537878632545471,0.04600130766630173,0.00013516942271962762,7.566165004391223e-05
2025-08-22/IMG_0251.JPG,Very Small,Very Small,0.9977678060531616,0.0021694626193493605,2.0279754608054645e-05,4.251108839525841e-05
2025-08-22/IMG_0252.JPG,Small,Small,0.0023977081291377544,0.997057318687439,0.0005446684081107378,3.6235309153198614e-07
2025-08-22/IMG_0254.JPG,Small,Small,0.008524691686034203,0.9903746247291565,0.0010973706375807524,3.291157554485835e-06
2025-08-22/IMG_0255.JPG,Very Small,Very Small,0.9914935827255249,0.008491392247378826,9.205401511280797e-06,5.816348220832879e-06
2025-08-22/IMG_0256.JPG,Medium,Medium,3.5014534660149366e-05,0.06523812562227249,0.9346663355827332,6.050402225810103e-05
2025-08-22/IMG_0257.JPG,Medium,Medium,0.0011961939744651318,0.013092049397528172,0.908896267414093,0.07681553810834885
2025-08-22/IMG_0258.JPG,Medium,Medium,0.0003570422704797238,0.01541981566697359,0.978361189365387,0.005861971527338028
2025-08-22/IMG_0259.JPG,Very Small,Very Small,0.9981071949005127,0.0017704429337754846,3.832546281046234e-05,8.407582208747044e-05
2025-08-22/IMG_0261.JPG,Medium,Medium,2.4661150746396743e-05,0.01323592010885477,0.9865091443061829,0.00023024687834549695
2025-08-22/IMG_0262.JPG,Small,Small,0.0013709975173696876,0.9684434533119202,0.030177224427461624,8.301546586153563e-06
2025-08-22/IMG_0263.JPG,Small,Small,0.0004971998860128224,0.9982376098632812,0.0012650449061766267,1.50172567714435e-07
2025-08-22/IMG_0264.JPG,Small,Small,0.0004377865989226848,0.9915122389793396,0.00804948341101408,4.593508435846161e-07
2025-08-22/IMG_0265.JPG,Medium,Medium,0.002301351632922888,0.1069345474243164,0.8855607509613037,0.00520330248400569
2025-08-22/IMG_0266.JPG,Very Small,Very Small,0.9934141635894775,0.0064824651926755905,4.745724436361343e-05,5.586211773334071e-05
2025-08-22/IMG_0267.JPG,Medium,Medium,0.00033367896685376763,0.022535111755132675,0.9742721319198608,0.002859098371118307
2025-08-22/IMG_0268.JPG,Very Small,Very Small,0.9795575737953186,0.02017987333238125,0.00023853570746723562,2.3976170268724672e-05
2025-08-22/IMG_0269.JPG,Very Small,Very Small,0.9942567944526672,0.005730961449444294,7.09866526449332e-06,5.214328211877728e-06
2025-08-22/IMG_0270.JPG,Small,Small,0.014449813403189182,0.9852911233901978,0.00025832222308963537,7.526793410761456e-07
2025-08-22/IMG_0271.JPG,Small,Small,0.00014851304877083749,0.9960041642189026,0.003846951527521014,3.347723236402089e-07
2025-08-22/IMG_0272.JPG,Small,Small,5.8297227951698005e-05,0.9097674489021301,0.09017335623502731,8.552171948394971e-07
2025-08-22/IMG_0274.JPG,Small,Small,0.0039540063589811325,0.9785182476043701,0.01752466708421707,3.0898261229594937e-06
2025-08-22/IMG_0276.JPG,Small,Small,0.0033152394462376833,0.9688134789466858,0.02783227153122425,3.908093276550062e-05
2025-08-22/IMG_0278.JPG,Small,Small,0.0009714692714624107,0.985617458820343,0.013408788479864597,2.1999676391715184e-06
2025-08-22/IMG_0279.JPG,Medium,Medium,0.00023711903486400843,0.020399857312440872,0.9750706553459167,0.004292404279112816
2025-08-22/IMG_0280.JPG,Medium,Medium,5.6945478718262166e-05,0.019659986719489098,0.9794976711273193,0.0007853528368286788
2025-08-22/IMG_0281.JPG,Medium,Medium,0.000493273779284209,0.027201013639569283,0.9628481864929199,0.009457399137318134
2025-08-22/IMG_0283.JPG,Very Small,Very Small,0.9944621920585632,0.005531442817300558,3.7115792110853363e-06,2.6213053843093803e-06
2025-08-22/IMG_0286.JPG,Very Small,Very Small,0.9923755526542664,0.007601278368383646,1.7726530131767504e-05,5.428045824373839e-06
2025-08-22/IMG_0289.JPG,Small,Small,0.004993012640625238,0.9919295310974121,0.0030756290070712566,1.8909208847617265e-06
2025-08-22/IMG_0290.JPG,Medium,Medium,0.0007469247211702168,0.00840244721621275,0.9461723566055298,0.04467829316854477
2025-08-22/IMG_0291.JPG,Small,Small,0.0008210000232793391,0.9703797698020935,0.02878854237496853,1.0613449376251083e-05
2025-08-22/IMG_0292.JPG,Medium,Medium,0.00028589621069841087,0.069594606757164,0.9298330545425415,0.00028646853752434254
2025-08-22/IMG_0293.JPG,Small,Small,0.040357887744903564,0.9575607776641846,0.002052255906164646,2.9150471164030023e-05
2025-08-22/IMG_0297.JPG,Small,Small,1.5225780771288555e-05,0.9957464337348938,0.00423837173730135,9.63693924660447e-09
2025-08-22/IMG_0298.JPG,Very Small,Very Small,0.93946772813797,0.060527503490448,4.570713826979045e-06,1.220075631636064e-07
2025-08-22/IMG_0299.JPG,Very Small,Very Small,0.9648296236991882,0.03515694662928581,1.2591761333169416e-05,9.104060723075236e-07
2025-08-22/IMG_0300.JPG,Small,Small,0.0021453052759170532,0.9966307282447815,0.0012238755589351058,6.224635740181839e-08
2025-08-22/IMG_9733.JPG,Small,Small,0.002959443489089608,0.9892892837524414,0.0077499873004853725,1.3145856883056695e-06
2025-08-22/IMG_9735.JPG,Very Small,Very Small,0.9975454211235046,0.002454349771142006,2.689897655727691e-07,8.638865622856429e-09
2025-08-22/IMG_9736.JPG,Medium,Medium,3.8598278479184955e-05,0.05198165401816368,0.947904109954834,7.56753288442269e-05
2025-08-22/IMG_9738.JPG,Medium,Medium,0.00012596690794453025,0.01068844087421894,0.9874705672264099,0.001715069985948503
2025-08-22/IMG_9739.JPG,Small,Small,0.0027852843049913645,0.9853770136833191,0.011837595142424107,7.604913321301865e-08
2025-08-22/IMG_9740.JPG,Very Small,Very Small,0.9602453112602234,0.03973165899515152,2.2375170374289155e-05,6.930648055458732e-07
2025-08-22/IMG_9741.JPG,Small,Small,9.21609898796305e-05,0.6450137495994568,0.3548935651779175,5.458472855934815e-07
2025-08-22/IMG_9742.JPG,Small,Small,0.0005460404790937901,0.9784320592880249,0.021021602675318718,1.7682465625057375e-07
2025-08-22/IMG_9743.JPG,Medium,Medium,7.367977377725765e-05,0.020445343106985092,0.9793443083763123,0.00013671898341272026
2025-08-22/IMG_9744.JPG,Small,Small,0.0007332651875913143,0.9783791303634644,0.02088639698922634,1.1268044772805297e-06
2025-08-22/IMG_9746.JPG,Medium,Medium,9.759742533788085e-05,0.03132128715515137,0.9680117964744568,0.00056937598856166
2025-08-22/IMG_9747.JPG,Very Small,Very Small,0.9955815672874451,0.004415359813719988,2.8250822197151138e-06,2.2778729658057273e-07
2025-08-22/IMG_9748.JPG,Very Small,Very Small,0.9986140727996826,0.0013846979709342122,6.096434503888304e-07,5.767943207501958e-07
2025-08-22/IMG_9749.JPG,Very Small,Very Small,0.981580913066864,0.01841488480567932,3.9883816498331726e-06,2.305507393884909e-07
2025-08-22/IMG_9750.JPG,Medium,Medium,0.0004090818692930043,0.017340509220957756,0.9765793085098267,0.005671147722750902
2025-08-22/IMG_9751.JPG,Medium,Medium,0.0005189142539165914,0.005047361832112074,0.9386910796165466,0.05574268475174904
2025-08-22/IMG_9752.JPG,Medium,Medium,0.000189599406439811,0.006584738381206989,0.9799464344978333,0.013279255479574203
2025-08-22/IMG_9753.JPG,Medium,Medium,2.9458931749104522e-05,0.06305592507123947,0.9368370771408081,7.75112712290138e-05
2025-08-22/IMG_9754.JPG,Very Small,Very Small,0.990856945514679,0.009084704332053661,3.623634620453231e-05,2.207779834861867e-05
2025-08-22/IMG_9755.JPG,Small,Medium,0.001478021964430809,0.4699080288410187,0.5282526612281799,0.0003613026929087937
2025-08-22/IMG_9757.JPG,Small,Small,0.0002744740922935307,0.826962947845459,0.17275404930114746,8.553947736800183e-06
2025-08-22/IMG_9759.JPG,Medium,Medium,0.00015556301514152437,0.005761191714555025,0.9841280579566956,0.009955253452062607
2025-08-22/IMG_9760.JPG,Small,Medium,7.455657396349125e-06,0.25179702043533325,0.7481945157051086,9.658717772254022e-07
2025-08-22/IMG_9762.JPG,Very Small,Very Small,0.9993477463722229,0.0006517329602502286,5.281491439745878e-07,9.420435986839948e-08
2025-08-22/IMG_9764.JPG,Medium,Medium,0.0009289818699471653,0.053369928151369095,0.9398066401481628,0.0058944192714989185
2025-08-22/IMG_9766.JPG,Large,Large,0.0033469570335000753,0.00429873401299119,0.24372591078281403,0.7486283183097839
2025-08-22/IMG_9767.JPG,Small,Small,1.839368269429542e-05,0.9699417352676392,0.030039921402931213,3.63456393870365e-08
2025-08-22/IMG_9768.JPG,Small,Small,3.517166533129057e-06,0.9970677495002747,0.002928769448772073,1.393865578513953e-09
2025-08-22/IMG_9769.JPG,Medium,Medium,4.2919466068269685e-05,0.0487377904355526,0.9509849548339844,0.00023422700178343803
2025-08-22/IMG_9770.JPG,Medium,Medium,8.843607065500692e-05,0.0075313374400138855,0.9878504872322083,0.004529688507318497
2025-08-22/IMG_9772.JPG,Medium,Medium,0.00023333742865361273,0.023311788216233253,0.9735788106918335,0.002876129001379013
2025-08-22/IMG_9773.JPG,Medium,Medium,0.00028535767341963947,0.05096437409520149,0.9472468495368958,0.001503379549831152
2025-08-22/IMG_9774.JPG,Medium,Medium,2.6893096219282597e-05,0.011828980408608913,0.9876585602760315,0.00048555986722931266
2025-08-22/IMG_9775.JPG,Very Small,Very Small,0.9925981760025024,0.007400470785796642,1.2018765573884593e-06,1.8513310351409018e-07
2025-08-22/IMG_9776.JPG,Small,Small,0.0006596557796001434,0.9989725351333618,0.00036777928471565247,9.632215025590085e-09
2025-08-22/IMG_9777.JPG,Medium,Medium,0.0007089778082445264,0.006655978504568338,0.9160206317901611,0.07661441713571548
2025-08-22/IMG_9778.JPG,Small,Small,0.004643238615244627,0.9927796721458435,0.0025754584930837154,1.6664534996380098e-06
2025-08-22/IMG_9779.JPG,Very Small,Very Small,0.9989314675331116,0.0010635156650096178,2.6437194264872232e-06,2.370669108131551e-06
2025-08-22/IMG_9780.JPG,Very Small,Very Small,0.9954938888549805,0.004491274245083332,8.802096090221312e-06,6.096324341342552e-06
2025-08-22/IMG_9782.JPG,Very Small,Very Small,0.9946249127388,0.00536696519702673,6.8602671490225475e-06,1.2484852049965411e-06
2025-08-22/IMG_9783.JPG,Medium,Medium,2.721544478845317e-05,0.06124420464038849,0.9386165142059326,0.00011216788698220626
2025-08-22/IMG_9784.JPG,Medium,Medium,4.963649917044677e-05,0.07198376953601837,0.9279114603996277,5.5107004300225526e-05
2025-08-22/IMG_9785.JPG,Small,Small,0.0005760210915468633,0.9986781477928162,0.0007457552128471434,2.0136434741857556e-09
2025-08-22/IMG_9786.JPG,Medium,Medium,0.00046804556041024625,0.18492695689201355,0.8143775463104248,0.0002274817379657179
2025-08-22/IMG_9787.JPG,Very Small,Very Small,0.9990463852882385,0.0009499246953055263,2.1043679225840606e-06,1.497469270361762e-06
2025-08-22/IMG_9788.JPG,Very Small,Very Small,0.9991738200187683,0.0008145636529661715,3.7675245039281435e-06,7.787515642121434e-06
2025-08-22/IMG_9791.JPG,Small,Small,3.174151061102748e-05,0.9990401864051819,0.0009280728409066796,2.6137578768015146e-09
2025-08-22/IMG_9792.JPG,Very Small,Very Small,0.9999040365219116,9.524112829240039e-05,2.791562110360246e-07,4.919453431284637e-07
2025-08-22/IMG_9793.JPG,Small,Small,0.0019254357321187854,0.9917104840278625,0.006363625638186932,5.276430101730512e-07
2025-08-22/IMG_9795.JPG,Small,Small,0.0007787584327161312,0.9988052845001221,0.00041593925561755896,1.53943560121661e-08
2025-08-22/IMG_9797.JPG,Small,Small,1.3263699656818062e-05,0.9875578880310059,0.0124288285151124,1.0338545131105548e-08
2025-08-22/IMG_9798.JPG,Medium,Medium,6.701311212964356e-05,0.01570240594446659,0.9832403063774109,0.0009902536403387785
2025-08-22/IMG_9799.JPG,Small,Small,0.004753856919705868,0.9948242902755737,0.0004215841181576252,2.2688324463615572e-07
2025-08-22/IMG_9802.JPG,Small,Small,4.969666770193726e-05,0.997925877571106,0.0020244454499334097,2.3862714026989806e-09
2025-08-22/IMG_9803.JPG,Medium,Medium,2.7666184905683622e-05,0.0494457483291626,0.9504163861274719,0.00011018714576493949
2025-08-22/IMG_9804.JPG,Very Small,Very Small,0.9952468276023865,0.004741480108350515,6.787357961002272e-06,4.91014134240686e-06
2025-08-22/IMG_9805.JPG,Medium,Medium,0.0007250808994285762,0.03403216972947121,0.9488714337348938,0.016371292993426323
2025-08-22/IMG_9807.JPG,Very Small,Very Small,0.92476487159729,0.0749252438545227,0.0002746960090007633,3.517540608299896e-05
2025-08-22/IMG_9810.JPG,Large,Large,0.0025729788467288017,0.000621077953837812,0.01662757620215416,0.9801784157752991
2025-08-22/IMG_9811.JPG,Medium,Medium,0.00022799950966145843,0.023142248392105103,0.9725744128227234,0.00405525928363204
2025-08-22/IMG_9812.JPG,Large,Large,0.0026136047672480345,0.0016864421777427197,0.08172496408224106,0.9139750003814697
2025-08-22/IMG_9813.JPG,Medium,Medium,0.004087565001100302,0.010918796062469482,0.6242495775222778,0.36074408888816833
2025-08-22/IMG_9815.JPG,Large,Large,0.0023230710066854954,0.0005203869077377021,0.01286631915718317,0.9842903017997742
2025-08-22/IMG_9816.JPG,Very Small,Very Small,0.9998583793640137,0.00014019088121131063,5.449136892821116e-07,7.697335604461841e-07
2025-08-22/IMG_9817.JPG,Very Small,Very Small,0.9726167917251587,0.027211327105760574,0.00014936691150069237,2.2549504137714393e-05
2025-08-22/IMG_9818.JPG,Medium,Medium,0.0011025898857042193,0.00938702654093504,0.9025449156761169,0.08696544915437698
2025-08-22/IMG_9820.JPG,Medium,Medium,0.0015908012865111232,0.009273948147892952,0.8932110071182251,0.0959242656826973
2025-08-22/IMG_9822.JPG,Large,Large,0.0018438728293403983,0.0003798475081566721,0.00987164955586195,0.9879046678543091
2025-08-22/IMG_9823.JPG,Large,Large,0.001896610832773149,0.0004302228626329452,0.012323705479502678,0.9853494763374329
2025-08-22/IMG_9827.JPG,Large,Large,0.002258673310279846,0.0004347570356912911,0.00923179555684328,0.9880748391151428
2025-08-22/IMG_9832.JPG,Large,Large,0.0035054131876677275,0.0007886051898822188,0.016346115618944168,0.9793598651885986
2025-08-22/IMG_9833.JPG,Small,Small,0.0075261699967086315,0.9577586650848389,0.03469524532556534,1.982956200663466e-05
2025-08-22/IMG_9834.JPG,Medium,Medium,0.000878115592058748,0.03665057569742203,0.9573994874954224,0.005071863532066345
2025-08-22/IMG_9835.JPG,Medium,Medium,0.001490415190346539,0.0070679024793207645,0.8271616697311401,0.164279967546463
2025-08-22/IMG_9837.JPG,Medium,Medium,0.00016685140144545585,0.023488737642765045,0.9743558168411255,0.0019887122325599194
2025-08-22/IMG_9839.JPG,Medium,Medium,0.0015666985418647528,0.007787899114191532,0.7306593060493469,0.2599860727787018
2025-08-22/IMG_9840.JPG,Medium,Medium,0.0032779197208583355,0.023307494819164276,0.8576973676681519,0.11571728438138962
2025-08-22/IMG_9842.JPG,Medium,Medium,0.0005367465200833976,0.006569370161741972,0.9370490312576294,0.05584491416811943
2025-08-22/IMG_9843.JPG,Large,Large,0.002556117018684745,0.0005272331181913614,0.011175313964486122,0.9857412576675415
2025-08-22/IMG_9844.JPG,Large,Large,0.0027436965610831976,0.00045024347491562366,0.00822468288242817,0.9885813593864441
2025-08-22/IMG_9845.JPG,Large,Large,0.002459889044985175,0.00042794717592187226,0.008471241220831871,0.9886409044265747
2025-08-22/IMG_9846.JPG,Large,Large,0.002734979148954153,0.0005310786655172706,0.010060232132673264,0.9866737127304077
2025-08-22/IMG_9847.JPG,Large,Large,0.002806844888255,0.0005568392225541174,0.010906725190579891,0.9857295751571655
2025-08-22/IMG_9848.JPG,Medium,Medium,0.00017832026060204953,0.01664581708610058,0.9799627065658569,0.0032132593914866447
2025-08-22/IMG_9849.JPG,Medium,Medium,0.00027144583873450756,0.0077550881542265415,0.9743558168411255,0.017617644742131233
2025-08-22/IMG_9851.JPG,Very Small,Very Small,0.9975857734680176,0.0022974752355366945,3.134881262667477e-05,8.533029904356226e-05
2025-08-22/IMG_9853.JPG,Medium,Medium,9.989224781747907e-05,0.017875900492072105,0.9807944893836975,0.001229738467372954
2025-08-22/IMG_9854.JPG,Large,Large,0.0029314712155610323,0.0012061676243320107,0.039105989038944244,0.9567564725875854
2025-08-22/IMG_9855.JPG,Large,Large,0.004499646369367838,0.003579398151487112,0.1402198225259781,0.8517012000083923
2025-08-22/IMG_9856.JPG,Large,Large,0.004224931821227074,0.0018176204757764935,0.044562168419361115,0.9493952989578247
2025-08-22/IMG_9859.JPG,Large,Large,0.005585606209933758,0.0019507603719830513,0.034348007291555405,0.9581155180931091
2025-08-22/IMG_9860.JPG,Large,Large,0.003628044156357646,0.0008984669693745673,0.015490242280066013,0.9799831509590149
2025-08-22/IMG_9861.JPG,Small,Small,0.0006916564889252186,0.9919700026512146,0.007338117808103561,2.0538620049137535e-07
2025-08-22/IMG_9863.JPG,Small,Small,0.017261672765016556,0.9768213629722595,0.0059014419093728065,1.5465655451407656e-05
2025-08-22/IMG_9864.JPG,Medium,Medium,0.0009427563054487109,0.0585588738322258,0.9293887615203857,0.011109618470072746
2025-08-22/IMG_9865.JPG,Very Small,Very Small,0.9873965382575989,0.012392358854413033,0.0001501536025898531,6.092008698033169e-05
2025-08-22/IMG_9866.JPG,Small,Small,0.005419799592345953,0.9844244122505188,0.010151252150535583,4.593327957991278e-06
2025-08-22/IMG_9870.JPG,Large,Large,0.0023177347611635923,0.0005286347586661577,0.012892421334981918,0.9842612743377686
2025-08-22/IMG_9871.JPG,Large,Large,0.002901025814935565,0.0015602881321683526,0.07462611794471741,0.9209125638008118
2025-08-22/IMG_9872.JPG,Large,Large,0.003283560974523425,0.0014815130271017551,0.04957294091582298,0.9456619620323181
2025-08-22/IMG_9875.JPG,Small,Small,0.005591786000877619,0.8996328711509705,0.09470068663358688,7.462180656148121e-05
2025-08-22/IMG_9878.JPG,Very Small,Very Small,0.9315063953399658,0.06750155985355377,0.0007182943518273532,0.0002737593022175133
2025-08-22/IMG_9881.JPG,Very Small,Very Small,0.9175797700881958,0.07982566207647324,0.0012910672230646014,0.0013034753501415253
2025-08-22/IMG_9882.JPG,Small,Small,0.00794998463243246,0.9915973544120789,0.00045169677468948066,9.063326729119581e-07
2025-08-22/IMG_9885.JPG,Medium,Medium,0.0008416576310992241,0.0193110890686512,0.9482250213623047,0.03162221610546112
2025-08-22/IMG_9886.JPG,Small,Small,0.0009693001629784703,0.8443143367767334,0.1546776443719864,3.871436638291925e-05
2025-08-22/IMG_9887.JPG,Medium,Medium,0.0001971982856048271,0.09147918224334717,0.9079772233963013,0.0003464409674052149
2025-08-22/IMG_9889.JPG,Small,Small,0.0010326449992135167,0.9777539968490601,0.021211324259638786,2.0508198304014513e-06
2025-08-22/IMG_9890.JPG,Small,Small,0.0013823694316670299,0.9981739521026611,0.0004435710434336215,6.012024300616758e-08
2025-08-22/IMG_9891.JPG,Small,Small,0.0016604161355644464,0.9973387122154236,0.0010006764205172658,1.9294779463052691e-07
2025-08-22/IMG_9892.JPG,Small,Small,4.075443939655088e-05,0.9999386072158813,2.060113547486253e-05,1.1429933666207148e-09
2025-08-22/IMG_9893.JPG,Small,Small,0.022907907143235207,0.9311141967773438,0.04590794816613197,6.995344301685691e-05
2025-08-22/IMG_9894.JPG,Small,Small,3.2285199722537072e-06,0.9996007084846497,0.0003960265021305531,5.027291360981678e-10
2025-08-22/IMG_9895.JPG,Small,Small,9.886699444905389e-06,0.9962157607078552,0.0037743665743619204,3.4489213707189492e-09
2025-08-22/IMG_9897.JPG,Small,Small,0.00030730271828360856,0.9991913437843323,0.000501228729262948,6.507819705348084e-08
2025-08-22/IMG_9898.JPG,Small,Small,0.021776653826236725,0.9773518443107605,0.0008689427049830556,2.522947625038796e-06
2025-08-22/IMG_9899.JPG,Small,Small,0.001586292521096766,0.9976305961608887,0.0007829581736586988,1.4116413638021186e-07
2025-08-22/IMG_9903.JPG,Small,Small,1.0687828080335748e-06,0.93841552734375,0.061583418399095535,1.2218134060049124e-08
2025-08-22/IMG_9904.JPG,Small,Small,0.000156764654093422,0.9992660880088806,0.0005772004369646311,1.8144408642228882e-08
2025-08-22/IMG_9905.JPG,Small,Small,0.0005043656565248966,0.9967592358589172,0.0027360967360436916,3.112612034783524e-07
2025-08-22/IMG_9907.JPG,Small,Small,0.0001617396337678656,0.9697769284248352,0.030061056837439537,3.126057492863765e-07
2025-08-22/IMG_9908.JPG,Small,Small,1.5440728020621464e-05,0.8818699717521667,0.11811377853155136,8.198487080335326e-07
2025-08-22/IMG_9909.JPG,Small,Small,4.3946542405137734e-07,0.9920958876609802,0.00790375005453825,8.21437862175145e-10
2025-08-22/IMG_9910.JPG,Very Small,Very Small,0.9301493763923645,0.06835336983203888,0.0014271996915340424,7.009981345618144e-05
2025-08-22/IMG_9911.JPG,Small,Small,0.011048187501728535,0.9795651435852051,0.009378979913890362,7.727598131168634e-06
2025-08-22/IMG_9912.JPG,Small,Small,0.004214944783598185,0.9256418347358704,0.07013711333274841,6.030119493516395e-06
2025-08-22/IMG_9914.JPG,Very Small,Very Small,0.8263983130455017,0.1735071986913681,9.341394616058096e-05,1.0883060213018325e-06
2025-08-22/IMG_9916.JPG,Small,Small,0.0013644424034282565,0.9881368279457092,0.01049850694835186,2.2761132356663438e-07
2025-08-22/IMG_9917.JPG,Small,Small,0.0225421953946352,0.9763285517692566,0.0011267224326729774,2.5747738163772738e-06
2025-08-22/IMG_9918.JPG,Very Small,Very Small,0.9977067708969116,0.0022924537770450115,6.927289177838247e-07,6.632750171320367e-08
2025-08-22/IMG_9920.JPG,Very Small,Very Small,0.7579160928726196,0.24002280831336975,0.0020370648708194494,2.4033184672589414e-05
2025-08-22/IMG_9921.JPG,Very Small,Very Small,0.9990578293800354,0.0009412532090209424,6.233683507161913e-07,2.7974581939815835e-07
2025-08-22/IMG_9922.JPG,Very Small,Very Small,0.9974644184112549,0.0025242960546165705,6.438556738430634e-06,4.859628006670391e-06
2025-08-22/IMG_9923.JPG,Small,Small,0.002801275812089443,0.9819029569625854,0.0152885215356946,7.256130174937425e-06
2025-08-22/IMG_9925.JPG,Very Small,Very Small,0.9795513153076172,0.020363982766866684,7.755571277812123e-05,7.1734793891664594e-06
2025-08-22/IMG_9927.JPG,Very Small,Very Small,0.9340392351150513,0.055400002747774124,0.009112121537327766,0.0014486969448626041
2025-08-22/IMG_9929.JPG,Very Small,Very Small,0.9987742304801941,0.0012232062872499228,2.496881506885984e-06,8.352668601219193e-08
2025-08-22/IMG_9930.JPG,Very Small,Very Small,0.9995803236961365,0.00041966346907429397,2.995497538904601e-08,1.055179144060503e-08
2025-08-22/IMG_9931.JPG,Very Small,Very Small,0.9998242259025574,0.00017575496167410165,1.1317307979652469e-08,9.462262084980466e-09
2025-08-22/IMG_9932.JPG,Very Small,Very Small,0.9987155199050903,0.0012843464501202106,1.2523453563062503e-07,4.984070756108849e-08
2025-08-22/IMG_9936.JPG,Very Small,Very Small,0.9694392085075378,0.030555294826626778,5.190644060348859e-06,3.0491460734083375e-07
2025-08-22/IMG_9937.JPG,Small,Small,0.0010189346503466368,0.9904352426528931,0.008545445278286934,3.9955986608219973e-07
2025-08-22/IMG_9938.JPG,Very Small,Very Small,0.9852227568626404,0.01477348618209362,3.604822268243879e-06,1.0956253504446067e-07
2025-08-22/IMG_9939.JPG,Small,Small,0.05929281935095787,0.9285112619400024,0.012194107286632061,1.8083363784171524e-06
2025-08-22/IMG_9940.JPG,Small,Small,0.0022172345779836178,0.8779149055480957,0.11986138671636581,6.44774718239205e-06
2025-08-22/IMG_9941.JPG,Small,Small,0.007155661005526781,0.99220871925354,0.0006356511730700731,5.427511240441163e-08
2025-08-22/IMG_9942.JPG,Small,Small,0.0789961963891983,0.9192047119140625,0.0017960530240088701,3.0224096008169e-06
2025-08-22/IMG_9944.JPG,Very Small,Very Small,0.9954541921615601,0.004543958697468042,1.800189352252346e-06,7.010258684658766e-08
2025-08-22/IMG_9945.JPG,Very Small,Very Small,0.9415804743766785,0.05839061737060547,2.6144396542804316e-05,2.733479732341948e-06
2025-08-22/IMG_9946.JPG,Very Small,Very Small,0.99981290102005,0.0001871460408437997,2.2568329427485878e-08,1.7159683451950514e-08
2025-08-22/IMG_9947.JPG,Very Small,Very Small,0.9803693890571594,0.0196253452450037,5.155962753633503e-06,1.128019775364919e-07
2025-08-22/IMG_9949.JPG,Small,Small,0.00448352936655283,0.974445641040802,0.021067490801215172,3.4203987979708472e-06
2025-08-22/IMG_9950.JPG,Small,Small,0.0031553078442811966,0.9600821137428284,0.03676128014922142,1.3155695341993123e-06
2025-08-22/IMG_9951.JPG,Very Small,Very Small,0.9929192662239075,0.007078510243445635,2.046581812464865e-06,1.5080568971370667e-07
2025-08-22/IMG_9952.JPG,Very Small,Very Small,0.9998918771743774,0.00010812871187226847,1.2438205132525582e-08,9.840813719463881e-10
2025-08-22/IMG_9954.JPG,Very Small,Very Small,0.9977802634239197,0.002219638554379344,8.571010567948179e-08,1.2434038243469558e-09
2025-08-22/IMG_9956.JPG,Small,Small,0.015243050642311573,0.9788075685501099,0.0059478068724274635,1.5494953231609543e-06
2025-08-22/IMG_9958.JPG,Very Small,Very Small,0.9772372841835022,0.02269774302840233,6.326237780740485e-05,1.7318135405730573e-06
2025-08-22/IMG_9959.JPG,Very Small,Very Small,0.9999680519104004,3.1985102395992726e-05,6.886514913873043e-09,3.653454205831963e-09
2025-08-22/IMG_9961.JPG,Very Small,Very Small,0.9992484450340271,0.0007510290015488863,3.344239019043016e-07,1.0790985527364683e-07
2025-08-22/IMG_9962.JPG,Very Small,Very Small,0.910282552242279,0.08971253037452698,4.8867868827073835e-06,5.511537892743945e-08
2025-08-22/IMG_9963.JPG,Small,Small,0.04694391041994095,0.9518956542015076,0.001159181701950729,1.2054184708176763e-06
2025-08-22/IMG_9967.JPG,Very Small,Very Small,0.7231470346450806,0.2766948342323303,0.00015651973080821335,1.6648922382955789e-06
2025-08-22/IMG_9968.JPG,Very Small,Very Small,0.9989487528800964,0.0010511294240131974,1.112486174292826e-07,2.9582599481159377e-08
2025-08-22/IMG_9971.JPG,Small,Small,0.018920619040727615,0.9794363379478455,0.0016424533678218722,6.418823090825754e-07
2025-08-22/IMG_9972.JPG,Very Small,Very Small,0.9903557300567627,0.00964013859629631,4.003678895969642e-06,1.1635951580046822e-07
2025-08-22/IMG_9973.JPG,Very Small,Very Small,0.993682861328125,0.00631542457267642,1.5983288221832481e-06,1.600636068133099e-07
2025-08-22/IMG_9976.JPG,Small,Small,0.007815463468432426,0.9903372526168823,0.0018462645821273327,1.0817677775776247e-06
2025-08-22/IMG_9977.JPG,Very Small,Very Small,0.9762293696403503,0.023696651682257652,5.6094515457516536e-05,1.7943593775271438e-05
2025-08-22/IMG_9979.JPG,Very Small,Very Small,0.9010812640190125,0.09629271924495697,0.0025148317217826843,0.0001111910241888836
2025-08-22/IMG_9981.JPG,Small,Small,0.014945357106626034,0.9654409289360046,0.01960315741598606,1.0617191037454177e-05
2025-08-22/IMG_9982.JPG,Very Small,Very Small,0.996933102607727,0.003066612873226404,1.8452065830842912e-07,1.3100360796158839e-08
2025-08-22/IMG_9983.JPG,Very Small,Very Small,0.9999254941940308,7.454748993040994e-05,1.6803305413759517e-09,8.834307729799207e-10
2025-08-22/IMG_9984.JPG,Very Small,Very Small,0.999336302280426,0.0006635062163695693,1.0951704609851731e-07,3.9635178694652495e-08
2025-08-22/IMG_9985.JPG,Very Small,Very Small,0.9991249442100525,0.0008748942636884749,1.0560093244293967e-07,4.281745447087815e-08
2025-08-22/IMG_9986.JPG,Very Small,Very Small,0.9989989399909973,0.0010002009803429246,4.193511813355144e-07,3.34091112108581e-07
2025-08-22/IMG_9987.JPG,Very Small,Very Small,0.9595494866371155,0.04024800658226013,0.00019743014127016068,5.1111846914864145e-06
2025-08-22/IMG_9988.JPG,Small,Small,0.008850694634020329,0.9900145530700684,0.0011346896644681692,1.2300199614401208e-07
2025-08-22/IMG_9990.JPG,Small,Small,0.09630650281906128,0.9029574990272522,0.000734776200260967,1.2009436431981158e-06
2025-08-22/IMG_9991.JPG,Very Small,Very Small,0.9997184872627258,0.00028044349164702,4.896427299172501e-07,5.774883788944862e-07
2025-08-22/IMG_9993.JPG,Very Small,Very Small,0.9295517802238464,0.07043267786502838,1.4482481674349401e-05,1.0744062137746369e-06
2025-08-22/IMG_9994.JPG,Very Small,Very Small,0.9798768162727356,0.020101260393857956,2.0487645087996498e-05,1.5197962284219102e-06
2025-08-22/IMG_9996.JPG,Small,Small,0.0018522845348343253,0.9943820834159851,0.003764944616705179,7.054882189549971e-07
2025-08-22/IMG_9998.JPG,Very Small,Very Small,0.9783046245574951,0.021665560081601143,2.2971593352849595e-05,6.817103894718457e-06
2025-08-22/IMG_9999.JPG,Very Small,Very Small,0.9503718018531799,0.04932324215769768,0.00030182680347934365,3.1752917948324466e-06
2025-09-05/IMG_0795.JPG,Small,Small,0.00023003151000011712,0.9995177984237671,0.0002522258728276938,1.0552836382515807e-09
2025-09-05/IMG_0797.JPG,Small,Small,0.004115947522222996,0.9958694577217102,1.4577514775737654e-05,1.3106661311823586e-09
2025-09-05/IMG_0798.JPG,Small,Small,1.2333099220995791e-05,0.9339280724525452,0.06605958193540573,2.2738651850318092e-08
2025-09-05/IMG_0801.JPG,Small,Small,0.004009285010397434,0.9936063289642334,0.0023842172231525183,1.0626813917724576e-07
2025-09-05/IMG_0804.JPG,Medium,Medium,0.0001413757272530347,0.01558560598641634,0.982700526714325,0.0015725066186860204
2025-09-05/IMG_0805.JPG,Medium,Medium,4.2869305616477504e-05,0.003750530770048499,0.9946333169937134,0.0015732423635199666
2025-09-05/IMG_0806.JPG,Small,Small,0.0005331581342034042,0.9941298961639404,0.0053369635716080666,1.7661065498941753e-08
2025-09-05/IMG_0808.JPG,Very Small,Very Small,0.9917008280754089,0.00829834584146738,7.21276705917262e-07,4.6406483988903346e-08
2025-09-05/IMG_0809.JPG,Very Small,Very Small,0.988943338394165,0.011051162146031857,4.7857365643722005e-06,6.941110655134253e-07
2025-09-05/IMG_0811.JPG,Medium,Medium,0.0005473837954923511,0.0059285410679876804,0.9527307152748108,0.04079336300492287
2025-09-05/IMG_0812.JPG,Medium,Medium,0.0002187769568990916,0.004342503380030394,0.9803300499916077,0.015108688734471798
2025-09-05/IMG_0813.JPG,Medium,Medium,4.3806565372506157e-05,0.007096393033862114,0.9919507503509521,0.0009090718231163919
2025-09-05/IMG_0814.JPG,Small,Small,2.521407168387668e-06,0.9868786931037903,0.013118818402290344,9.211566509570446e-10
2025-09-05/IMG_0818.JPG,Small,Small,0.0004278001724742353,0.7734934091567993,0.22607223689556122,6.582992682524491e-06
2025-09-05/IMG_0820.JPG,Medium,Medium,4.816992259293329e-06,0.04237476363778114,0.9576140642166138,6.413019491446903e-06
2025-09-05/IMG_0821.JPG,Small,Small,1.945049370988272e-05,0.9821904897689819,0.017790040001273155,2.168081358888685e-08
2025-09-05/IMG_0822.JPG,Small,Small,0.015709327533841133,0.971957802772522,0.012332598678767681,3.2765282753643987e-07
2025-09-05/IMG_0823.JPG,Very Small,Very Small,0.9993299245834351,0.0006699978839606047,9.827117253280448e-08,8.643299409527572e-09
2025-09-05/IMG_0824.JPG,Very Small,Very Small,0.9877786040306091,0.012217612937092781,3.80183655579458e-06,6.502472871261489e-08
2025-09-05/IMG_0825.JPG,Medium,Medium,0.00024022097932174802,0.025102123618125916,0.9724326729774475,0.0022250001784414053
2025-09-05/IMG_0827.JPG,Medium,Medium,0.00016920696361921728,0.014772526919841766,0.9833171963691711,0.001741113723255694
2025-09-05/IMG_0828.JPG,Small,Small,2.2523130610352382e-05,0.9959037899971008,0.004073753021657467,2.767867268715918e-09
2025-09-05/IMG_0829.JPG,Small,Small,8.935201549320482e-06,0.9998362064361572,0.00015488866483792663,2.433719059613537e-10
2025-09-05/IMG_0830.JPG,Small,Small,7.898879630374722e-06,0.9840563535690308,0.01593579165637493,1.2872142463038472e-08
2025-09-05/IMG_0832.JPG,Very Small,Very Small,0.9997252821922302,0.00027398960082791746,2.449462215281528e-07,4.5945904503241763e-07
2025-09-05/IMG_0833.JPG,Small,Small,0.0010950051946565509,0.9296730160713196,0.0692312940955162,7.009439286775887e-07
2025-09-05/IMG_0834.JPG,Medium,Medium,0.00031729385955259204,0.005995851941406727,0.9772701263427734,0.01641671545803547
2025-09-05/IMG_0836.JPG,Very Small,Very Small,0.9843441247940063,0.01565590873360634,3.7428613097745256e-08,3.5066194392641137e-10
2025-09-05/IMG_0838.JPG,Medium,Medium,6.480412412201986e-05,0.005402811337262392,0.9926522374153137,0.0018800919642671943
2025-09-05/IMG_0839.JPG,Small,Small,0.020446261391043663,0.9743606448173523,0.005190321709960699,2.7827609301311895e-06
2025-09-05/IMG_0840.JPG,Very Small,Very Small,0.9525662660598755,0.04741332679986954,1.8663995433598757e-05,1.8512348560761893e-06
2025-09-05/IMG_0842.JPG,Very Small,Very Small,0.9880738854408264,0.011924470774829388,1.484978497501288e-06,7.641786936574135e-08
2025-09-05/IMG_0843.JPG,Very Small,Very Small,0.998645007610321,0.001354893553070724,1.5248942020207323e-07,1.4149220461945333e-08
2025-09-05/IMG_0846.JPG,Small,Small,8.578289271099493e-05,0.9995064735412598,0.0004076995828654617,1.1767758989478239e-09
2025-09-05/IMG_0847.JPG,Medium,Medium,4.1693168896017596e-05,0.03156821057200432,0.9682496190071106,0.00014049910532776266
2025-09-05/IMG_0848.JPG,Very Small,Very Small,0.9989812970161438,0.001017609960399568,6.817249413870741e-07,3.0243455739764613e-07
2025-09-05/IMG_0849.JPG,Very Small,Very Small,0.9982057809829712,0.0017924821004271507,1.2293851341382833e-06,5.187732199374295e-07
2025-09-05/IMG_0851.JPG,Medium,Medium,1.1060813449148554e-05,0.026184746995568275,0.9737523794174194,5.185090776649304e-05
2025-09-05/IMG_0852.JPG,Small,Small,4.13975340052275e-06,0.9741206765174866,0.025875233113765717,3.2211739942056283e-09
2025-09-05/IMG_0853.JPG,Very Small,Very Small,0.9997430443763733,0.0002563413872849196,2.774653182768816e-07,3.4570823004287377e-07
2025-09-05/IMG_0854.JPG,Small,Small,0.0001951407757587731,0.9988693594932556,0.0009354291833005846,1.9262733630398543e-09
2025-09-05/IMG_0856.JPG,Small,Small,0.00011312784772599116,0.9993147850036621,0.0005721485358662903,1.253210202278865e-09
2025-09-05/IMG_0857.JPG,Very Small,Very Small,0.9975258708000183,0.002473272616043687,5.072914177617349e-07,4.209100552543532e-07
2025-09-05/IMG_0858.JPG,Small,Small,1.1258373433520319e-06,0.999893069267273,0.00010582691902527586,3.967731091597537e-12
2025-09-05/IMG_0861.JPG,Small,Small,1.4859140719636343e-05,0.9984080195426941,0.0015771215548738837,8.966049569458789e-10
2025-09-05/IMG_0862.JPG,Medium,Medium,5.2795162446273025e-06,0.0452205166220665,0.9547629356384277,1.138334846473299e-05
2025-09-05/IMG_0863.JPG,Small,Small,6.603543170058401e-06,0.8479494452476501,0.1520439088344574,2.328019732544817e-08
2025-09-05/IMG_0865.JPG,Very Small,Very Small,0.9979403614997864,0.0020589912310242653,3.915264130682772e-07,2.845819722097076e-07
2025-09-05/IMG_0866.JPG,Medium,Medium,0.00011261268809903413,0.07414237409830093,0.9256353974342346,0.00010959564679069445
2025-09-05/IMG_0868.JPG,Very Small,Very Small,0.9985143542289734,0.001483622007071972,1.5363578995675198e-06,4.7624931198697595e-07
2025-09-05/IMG_0869.JPG,Very Small,Very Small,0.9997100234031677,0.00028574030147865415,1.3822731261825538e-06,2.7650746687868377e-06
2025-09-05/IMG_0871.JPG,Medium,Medium,0.0003437221748754382,0.005764261353760958,0.9569110870361328,0.03698095679283142
2025-09-05/IMG_0872.JPG,Small,Small,0.0002004205744015053,0.9995436072349548,0.0002559651620686054,2.6041444556312854e-09
2025-09-05/IMG_0874.JPG,Small,Small,0.03325899317860603,0.9601631164550781,0.0065703243017196655,7.522873147536302e-06
2025-09-05/IMG_0875.JPG,Very Small,Very Small,0.9995719790458679,0.00042695828597061336,7.198320872703334e-07,3.416077731799305e-07
2025-09-05/IMG_0876.JPG,Medium,Medium,0.00010950431897072122,0.00753147155046463,0.9895534515380859,0.0028055692091584206
2025-09-05/IMG_0878.JPG,Very Small,Very Small,0.9933617115020752,0.006626874208450317,9.51851143327076e-06,1.9238514141761698e-06
2025-09-05/IMG_0880.JPG,Very Small,Small,0.2966819107532501,0.7031834125518799,0.00013447515084408224,2.907979137489747e-07
2025-09-05/IMG_0882.JPG,Small,Small,5.5444023018935695e-05,0.9833074808120728,0.016636943444609642,6.976420507953662e-08
2025-09-05/IMG_0884.JPG,Medium,Medium,0.0002995970717165619,0.015450305305421352,0.9822141528129578,0.0020358948968350887
2025-09-05/IMG_0885.JPG,Small,Small,7.957608431752305e-06,0.9887357354164124,0.011256321333348751,2.7234734467640465e-09
2025-09-05/IMG_0887.JPG,Medium,Medium,0.00018312199972569942,0.016867047175765038,0.9788671731948853,0.004082685336470604
2025-09-05/IMG_0888.JPG,Small,Small,0.00073936179978773,0.6584017872810364,0.3408334255218506,2.5339577405247837e-05
2025-09-05/IMG_0891.JPG,Very Small,Very Small,0.9980362057685852,0.0019374032272025943,1.2471197806007694e-05,1.3932742149336264e-05
2025-09-05/IMG_0892.JPG,Very Small,Very Small,0.9962018132209778,0.003768832189962268,1.687174335529562e-05,1.2546818652481306e-05
2025-09-05/IMG_0893.JPG,Very Small,Very Small,0.948039710521698,0.05187724530696869,6.683823448838666e-05,1.6313002561219037e-05
2025-09-05/IMG_0894.JPG,Very Small,Very Small,0.9992479681968689,0.0007390424143522978,5.5409595915989485e-06,7.388830454146955e-06
2025-09-05/IMG_0895.JPG,Very Small,Very Small,0.9983744621276855,0.001560830045491457,2.4067798221949488e-05,4.060366336489096e-05
2025-09-05/IMG_0896.JPG,Very Small,Very Small,0.9996495246887207,0.00034627955756150186,1.913752839755034e-06,2.2965298285271274e-06
2025-09-05/IMG_0897.JPG,Very Small,Very Small,0.9167324304580688,0.08317671716213226,7.559743244200945e-05,1.5158439055085182e-05
2025-09-05/IMG_0900.JPG,Very Small,Very Small,0.9754604697227478,0.02410760708153248,0.0002271652192575857,0.00020469754235818982
2025-09-05/IMG_0901.JPG,Medium,Medium,6.665608088951558e-05,0.02295166626572609,0.9757722616195679,0.0012093516997992992
2025-09-05/IMG_0902.JPG,Medium,Medium,0.0005468565504997969,0.011755401268601418,0.9744380712509155,0.013259689323604107
2025-09-05/IMG_0903.JPG,Small,Small,4.204490323900245e-06,0.97612065076828,0.023875104263424873,8.182966304559613e-09
2025-09-05/IMG_0904.JPG,Small,Medium,4.780760718858801e-06,0.355672150850296,0.6443216800689697,1.3822557320963824e-06
2025-09-05/IMG_0905.JPG,Medium,Medium,1.2409579539962579e-05,0.05762839317321777,0.942332923412323,2.6320660253986716e-05
2025-09-05/IMG_0906.JPG,Very Small,Very Small,0.9979575872421265,0.0019277723040431738,4.694573362939991e-05,6.766757724108174e-05
2025-09-05/IMG_0907.JPG,Very Small,Very Small,0.9694022536277771,0.03022831678390503,0.0003118585154879838,5.754383892053738e-05
2025-09-05/IMG_0908.JPG,Very Small,Very Small,0.9282443523406982,0.0716710016131401,7.76574743213132e-05,6.9760408223373815e-06
2025-09-05/IMG_0910.JPG,Very Small,Very Small,0.9895469546318054,0.0043161530047655106,0.0009614149457775056,0.0051755597814917564
2025-09-05/IMG_0911.JPG,Small,Small,0.001280746073462069,0.998325526714325,0.0003936876018997282,4.399309361247106e-08
2025-09-05/IMG_0912.JPG,Very Small,Very Small,0.9345768094062805,0.0651104748249054,0.0002822303504217416,3.0545190384145826e-05
2025-09-05/IMG_0913.JPG,Small,Small,0.0020102469716221094,0.9667883515357971,0.03118751011788845,1.3823444533045404e-05
2025-09-05/IMG_0914.JPG,Small,Small,0.0003107053053099662,0.9979652166366577,0.0017241243040189147,4.6461693159471906e-08
2025-09-05/IMG_0915.JPG,Small,Small,0.0006683073588646948,0.9988125562667847,0.0005191638483665884,2.414215138912823e-08
2025-09-05/IMG_0921.JPG,Very Small,Very Small,0.998375415802002,0.0016181882238015532,3.7210318168945378e-06,2.7322228106640978e-06
2025-09-05/IMG_0922.JPG,Very Small,Very Small,0.9965027570724487,0.0034961325582116842,6.887493668727984e-07,4.2915112885566487e-07
2025-09-05/IMG_0923.JPG,Small,Small,0.0006561219925060868,0.9966868758201599,0.002656868426129222,1.4296885808562365e-07
2025-09-05/IMG_0929.JPG,Large,Large,0.002350847003981471,0.0007969040889292955,0.02948000095784664,0.9673723578453064
2025-09-05/IMG_0930.JPG,Medium,Medium,0.001341888913884759,0.006612754892557859,0.804905354976654,0.18714000284671783
2025-09-05/IMG_0932.JPG,Medium,Medium,0.0002656158176250756,0.01803417317569256,0.971435546875,0.010264617390930653
2025-09-05/IMG_0934.JPG,Very Small,Very Small,0.7790085077285767,0.2208549976348877,0.0001322958414675668,4.2039318941533566e-06
2025-09-05/IMG_0935.JPG,Small,Small,0.016602767631411552,0.98184734582901,0.0015463876770809293,3.5164482596883317e-06
2025-09-05/IMG_0936.JPG,Small,Small,0.006345206405967474,0.9927816987037659,0.000872683129273355,5.039301527176576e-07
2025-09-05/IMG_0937.JPG,Very Small,Very Small,0.9987704157829285,0.0012129824608564377,8.191817869374063e-06,8.316671483044047e-06
2025-09-05/IMG_0939.JPG,Small,Small,0.0001958398788701743,0.9009206295013428,0.09888099133968353,2.616316805870156e-06
2025-09-05/IMG_0940.JPG,Very Small,Very Small,0.8226863145828247,0.17670752108097076,0.0005247733788564801,8.141304715536535e-05
2025-09-05/IMG_0941.JPG,Small,Small,4.712630470748991e-05,0.998867392539978,0.0010854753199964762,1.019767381649217e-08
2025-09-05/IMG_0942.JPG,Very Small,Very Small,0.9539851546287537,0.04577253386378288,0.00017647731874603778,6.578407919732854e-05
2025-09-05/IMG_0943.JPG,Medium,Medium,0.0002914485812652856,0.007966381497681141,0.9733226895332336,0.018419435247778893
2025-09-05/IMG_0944.JPG,Medium,Medium,0.0011871613096445799,0.010942485183477402,0.9292769432067871,0.05859337002038956
2025-09-05/IMG_0946.JPG,Medium,Medium,0.00018668737902771682,0.019489064812660217,0.978546679019928,0.0017776066670194268
2025-09-05/IMG_0947.JPG,Medium,Medium,0.0008044283604249358,0.01695609651505947,0.9675302505493164,0.014709346927702427
2025-09-05/IMG_0948.JPG,Medium,Medium,0.0003570734115783125,0.025292355567216873,0.9717965126037598,0.0025540702044963837
2025-09-05/IMG_0949.JPG,Small,Small,0.000736143090762198,0.9879693984985352,0.011294316500425339,1.1385459686152899e-07
2025-09-05/IMG_0951.JPG,Small,Small,6.361746727634454e-06,0.9999604225158691,3.318966628285125e-05,4.407614898060963e-12
2025-09-05/IMG_0953.JPG,Small,Small,1.921849843711243e-06,0.9983043670654297,0.0016937509644776583,2.6020510746072034e-10
2025-09-05/IMG_0954.JPG,Small,Small,3.7163845263421535e-06,0.9990284442901611,0.0009678247733972967,3.3330613269377807e-10
2025-09-05/IMG_0956.JPG,Small,Small,0.0005428455187939107,0.9991888403892517,0.0002683481143321842,3.147206495413002e-09
2025-09-05/IMG_0957.JPG,Very Small,Very Small,0.9465138912200928,0.05342777445912361,5.600319127552211e-05,2.432581823086366e-06
2025-09-05/IMG_0959.JPG,Small,Small,1.6911000784602948e-05,0.9821236729621887,0.017859406769275665,1.6677223158012566e-08
2025-09-05/IMG_0960.JPG,Small,Small,8.226660611398984e-06,0.9973764419555664,0.002615339821204543,7.273944224728268e-10
2025-09-05/IMG_0963.JPG,Small,Small,8.24664966785349e-05,0.9997784495353699,0.00013914331793785095,6.991457968119619e-10
2025-09-05/IMG_0964.JPG,Small,Small,5.463058641907992e-06,0.9501100182533264,0.049884550273418427,2.80068377378484e-08
2025-09-05/IMG_0968.JPG,Medium,Medium,4.7404559154529124e-05,0.2930164933204651,0.7069284319877625,7.658584763703402e-06
2025-09-05/IMG_0969.JPG,Small,Small,0.05434885621070862,0.9184997081756592,0.02711622603237629,3.524921339703724e-05
2025-09-05/IMG_0971.JPG,Small,Small,0.0033162077888846397,0.7594510912895203,0.23718571662902832,4.696732867159881e-05
2025-09-05/IMG_0973.JPG,Very Small,Very Small,0.9999641180038452,3.592794746509753e-05,2.0521710997201126e-09,6.724200640739753e-10
2025-09-05/IMG_0975.JPG,Very Small,Very Small,0.9680799245834351,0.03144600987434387,0.0004687544424086809,5.336858066584682e-06
2025-09-05/IMG_0976.JPG,Medium,Medium,0.00039364222902804613,0.030024578794836998,0.9673773646354675,0.002204505493864417
2025-09-05/IMG_0977.JPG,Small,Small,0.018664401024580002,0.9718530774116516,0.009476616978645325,5.933533429924864e-06
2025-09-05/IMG_0978.JPG,Small,Small,0.005793257150799036,0.9918333292007446,0.0023733265697956085,1.289008793037283e-07
2025-09-05/IMG_0979.JPG,Medium,Medium,0.00016053275612648576,0.027721324935555458,0.9698863625526428,0.0022318747360259295
2025-09-05/IMG_0980.JPG,Very Small,Very Small,0.9662365913391113,0.03371378406882286,4.697156327893026e-05,2.659311576280743e-06
2025-09-05/IMG_0981.JPG,Very Small,Very Small,0.9762851595878601,0.02365209348499775,6.187727558426559e-05,8.933086519391509e-07
2025-09-05/IMG_0982.JPG,Small,Small,0.04412056505680084,0.487085223197937,0.46407467126846313,0.00471951998770237
2025-09-05/IMG_0983.JPG,Very Small,Very Small,0.9678719639778137,0.032082699239254,4.1795756260398775e-05,3.6037324662174797e-06
2025-09-05/IMG_0984.JPG,Small,Small,0.019437119364738464,0.9780458211898804,0.0025167064741253853,3.774648575927131e-07
2025-09-05/IMG_0985.JPG,Small,Small,0.0010178942466154695,0.9870197772979736,0.01196208968758583,2.6009647058344854e-07
2025-09-05/IMG_0988.JPG,Very Small,Very Small,0.9905840158462524,0.009413652122020721,2.1965224732412025e-06,1.6516437995051092e-07
2025-09-05/IMG_0989.JPG,Small,Small,0.002872130600735545,0.9925691485404968,0.004558606073260307,1.2624647638403985e-07
2025-09-05/IMG_0991.JPG,Medium,Medium,0.00014925167488399893,0.03734603524208069,0.9618602395057678,0.0006445111939683557
2025-09-05/IMG_0993.JPG,Small,Small,0.003280922072008252,0.9206156134605408,0.07609601318836212,7.430737241520546e-06
2025-09-05/IMG_0994.JPG,Medium,Medium,5.53468125872314e-05,0.04831944778561592,0.9515503644943237,7.487017865059897e-05
2025-09-05/IMG_0995.JPG,Small,Small,0.00034934323048219085,0.9747903347015381,0.02485973760485649,5.950357149231422e-07
2025-09-05/IMG_0996.JPG,Small,Small,0.010929211042821407,0.9808964729309082,0.008173828944563866,4.803040383194457e-07
2025-09-05/IMG_0997.JPG,Very Small,Very Small,0.9980024695396423,0.0019974587485194206,1.2096558066332364e-07,6.310164391010176e-09
2025-09-05/IMG_0998.JPG,Small,Small,0.019075730815529823,0.980292022228241,0.0006321163382381201,1.235593458659423e-07
2025-09-05/IMG_1000.JPG,Very Small,Very Small,0.9992486834526062,0.0007512687589041889,5.664130853233473e-08,1.885410227941975e-08
2025-09-05/IMG_1001.JPG,Small,Small,2.8110138373449445e-05,0.9751812815666199,0.024790575727820396,8.682476959620544e-09
2025-09-05/IMG_1002.JPG,Small,Small,0.004393861163407564,0.9039905071258545,0.09160558134317398,9.970070095732808e-06
2025-09-05/IMG_1004.JPG,Very Small,Very Small,0.9879898428916931,0.011580386199057102,0.00034051985130645335,8.927173621486872e-05
2025-09-05/IMG_1005.JPG,Very Small,Very Small,0.9818016886711121,0.017628630623221397,0.0005052158376201987,6.435970135498792e-05
2025-09-05/IMG_1006.JPG,Very Small,Very Small,0.9668575525283813,0.033136431127786636,6.000718258292181e-06,4.934620179142257e-08
2025-09-05/IMG_1007.JPG,Small,Small,0.0013850542018190026,0.7865420579910278,0.21206243336200714,1.0512610060686711e-05
2025-09-05/IMG_1008.JPG,Medium,Medium,9.018983109854162e-05,0.018331430852413177,0.9811381101608276,0.00044032817822881043
2025-09-05/IMG_1009.JPG,Very Small,Very Small,0.9973257780075073,0.0026724915951490402,1.0413943982712226e-06,6.802733309996256e-07
2025-09-05/IMG_1010.JPG,Very Small,Very Small,0.9412348866462708,0.05861901864409447,0.00014279456809163094,3.222725126761361e-06
2025-09-05/IMG_1011.JPG,Small,Small,0.08526516705751419,0.9106110334396362,0.004122801125049591,9.781753078641486e-07
2025-09-05/IMG_1013.JPG,Very Small,Very Small,0.9774353504180908,0.02252483367919922,3.813666626228951e-05,1.7687978015601402e-06
2025-09-05/IMG_1014.JPG,Medium,Medium,0.0002106267202179879,0.07830189168453217,0.9213367700576782,0.00015066169726196676
2025-09-05/IMG_1015.JPG,Small,Small,0.01248868927359581,0.9811893701553345,0.0063199931755661964,2.0417742234712932e-06
2025-09-05/IMG_1016.JPG,Small,Small,0.000203653602511622,0.8989481329917908,0.10084773600101471,4.969938345311675e-07
2025-09-05/IMG_1018.JPG,Small,Small,5.288578904583119e-06,0.9978970289230347,0.002097612712532282,3.8410519209719496e-10
2025-09-05/IMG_1019.JPG,Small,Small,0.00025444355560466647,0.927083432674408,0.07266192883253098,1.7891764514388342e-07
2025-09-05/IMG_1021.JPG,Small,Small,0.005188602022826672,0.9945418238639832,0.00026957623776979744,2.454004111029917e-08
2025-09-05/IMG_1022.JPG,Very Small,Very Small,0.9999361038208008,6.370064511429518e-05,1.0059046218202639e-07,1.981283936913769e-08
2025-09-05/IMG_1023.JPG,Small,Small,0.12713122367858887,0.8699435591697693,0.0029224157333374023,2.8483923415478785e-06
2025-09-05/IMG_1024.JPG,Very Small,Very Small,0.999643087387085,0.0003567081002984196,1.289011635208226e-07,3.040888429950428e-08
2025-09-05/IMG_1025.JPG,Very Small,Very Small,0.9926602244377136,0.007276550866663456,6.178650073707104e-05,1.4991778698458802e-06
2025-09-05/IMG_1026.JPG,Small,Small,0.013924353756010532,0.9808958768844604,0.005178576800972223,1.1496698562041274e-06
2025-09-05/IMG_1027.JPG,Very Small,Very Small,0.9992246627807617,0.0007737825508229434,1.1928557341889245e-06,3.262413770244166e-07
2025-09-05/IMG_1029.JPG,Very Small,Very Small,0.9987217783927917,0.001278040697798133,1.1769179764087312e-07,9.515882304356182e-09
2025-09-05/IMG_1032.JPG,Medium,Medium,0.0006220931536518037,0.06605078279972076,0.9324090480804443,0.0009181192144751549
2025-09-05/IMG_1034.JPG,Small,Small,0.013301268219947815,0.9082275629043579,0.07843826711177826,3.286967330495827e-05
2025-09-05/IMG_1035.JPG,Very Small,Very Small,0.9836179614067078,0.016379520297050476,2.404862470939406e-06,1.4580161966648575e-08
2025-09-05/IMG_1038.JPG,Small,Small,0.04417620599269867,0.9461684226989746,0.009651814587414265,3.6471617477218388e-06
2025-09-05/IMG_1039.JPG,Small,Small,0.025402767583727837,0.917277991771698,0.05728699639439583,3.2237734558293596e-05
2025-09-05/IMG_1040.JPG,Small,Small,0.0004972959286533296,0.9099932312965393,0.08950883150100708,6.799185712225153e-07
2025-09-05/IMG_1041.JPG,Small,Small,7.998849469004199e-05,0.9773748517036438,0.022545101121068,4.9008185953880457e-08
2025-09-05/IMG_1042.JPG,Medium,Medium,0.00031365302857011557,0.0304289311170578,0.9685959815979004,0.0006614765734411776
2025-09-05/IMG_1043.JPG,Small,Small,0.002082851016893983,0.8555576801300049,0.14234445989131927,1.50156829477055e-05
2025-09-05/IMG_1044.JPG,Small,Small,0.007202716078609228,0.9828937649726868,0.009902739897370338,7.871056482144922e-07
2025-09-05/IMG_1045.JPG,Medium,Medium,0.00012449682981241494,0.0844036340713501,0.915308952331543,0.00016290898201987147
2025-09-05/IMG_1046.JPG,Small,Small,0.04478762298822403,0.9427455067634583,0.012413516640663147,5.341181895346381e-05
2025-09-05/IMG_1047.JPG,Very Small,Very Small,0.9948797225952148,0.005105923395603895,1.366920696455054e-05,7.044728249638865e-07
2025-09-05/IMG_1050.JPG,Very Small,Very Small,0.9997764229774475,0.00022359516879078,5.065343700039193e-09,2.3282664685098098e-09
2025-09-05/IMG_1051.JPG,Very Small,Very Small,0.9984731078147888,0.001526584499515593,2.3502433066369122e-07,6.727384516125312e-08
2025-09-05/IMG_1052.JPG,Very Small,Very Small,0.9920742511749268,0.007862241938710213,5.971500650048256e-05,3.75818626707769e-06
2025-09-05/IMG_1053.JPG,Very Small,Very Small,0.9991852641105652,0.0008139536948874593,7.196654223662335e-07,3.502610823602481e-08
2025-09-05/IMG_1054.JPG,Medium,Medium,0.004899382125586271,0.15318715572357178,0.8390529155731201,0.002860468812286854
2025-09-05/IMG_1057.JPG,Small,Small,0.04300909489393234,0.9292483329772949,0.027732858434319496,9.740829227666836e-06
2025-09-05/IMG_1059.JPG,Small,Small,0.019700882956385612,0.970554769039154,0.009743176400661469,1.2123605301894713e-06
2025-09-05/IMG_1061.JPG,Very Small,Very Small,0.9815085530281067,0.01837659627199173,0.00010888496763072908,5.97953612668789e-06
2025-09-05/IMG_1062.JPG,Small,Small,0.005541693419218063,0.9420825242996216,0.05234745144844055,2.8311624191701412e-05
2025-09-05/IMG_1063.JPG,Very Small,Very Small,0.9860461354255676,0.01394262071698904,9.751899597176816e-06,1.4793849913985468e-06
2025-09-05/IMG_1065.JPG,Small,Small,0.0021706977859139442,0.8730118870735168,0.1248134896159172,3.999087311967742e-06
2025-09-05/IMG_1066.JPG,Medium,Medium,0.0003630823048297316,0.044027358293533325,0.9520899057388306,0.003519713878631592
2025-09-05/IMG_1067.JPG,Medium,Medium,0.0006354795186780393,0.06660785526037216,0.9316875338554382,0.0010691346833482385
2025-09-05/IMG_1069.JPG,Small,Small,0.00012252901797182858,0.6288467049598694,0.37102821469306946,2.5660549454187276e-06
2025-09-05/IMG_1071.JPG,Medium,Medium,0.0009644983219914138,0.036422982811927795,0.9580249190330505,0.0045876409858465195
2025-09-05/IMG_1072.JPG,Small,Small,0.17987807095050812,0.7130959630012512,0.1066330298781395,0.00039291256689466536
2025-09-05/IMG_1076.JPG,Small,Small,2.6869329303735867e-05,0.7079072594642639,0.29206565022468567,2.6107971962119336e-07
2025-09-05/IMG_1077.JPG,Small,Small,0.00013089459389448166,0.9991611242294312,0.0007079750066623092,2.393790943244767e-09
2025-09-05/IMG_1078.JPG,Small,Small,0.0002301950880791992,0.9979609251022339,0.0018088520737364888,2.0379404830350722e-09
2025-09-05/IMG_1079.JPG,Medium,Medium,1.1924626960535534e-05,0.040289025753736496,0.9596673846244812,3.1712334020994604e-05
2025-09-05/IMG_1081.JPG,Medium,Medium,8.794509631115943e-05,0.053388822823762894,0.9464864134788513,3.679294968605973e-05
2025-09-05/IMG_1082.JPG,Small,Small,0.00012302814866416156,0.9947915077209473,0.0050854734145104885,8.721804611866446e-09
2025-09-05/IMG_1084.JPG,Small,Small,0.00019570621952880174,0.9915677905082703,0.008236494846642017,2.9317234861991892e-08
2025-09-05/IMG_1085.JPG,Small,Small,0.00017940961697604507,0.9971147775650024,0.0027058313135057688,2.0741060424711577e-08
2025-09-05/IMG_1086.JPG,Medium,Medium,2.4698929337318987e-05,0.040798407047986984,0.9591431021690369,3.373928848304786e-05
2025-09-05/IMG_1087.JPG,Very Small,Very Small,0.9571842551231384,0.042805369943380356,1.0279478374286555e-05,1.0116885107436246e-07
2025-09-05/IMG_1091.JPG,Very Small,Very Small,0.9918410778045654,0.008148611523211002,8.584178431192413e-06,1.6652255681037786e-06
2025-09-05/IMG_1092.JPG,Very Small,Very Small,0.9894178509712219,0.010579576715826988,2.3088543912308523e-06,2.1087244306272623e-07
2025-09-05/IMG_1093.JPG,Medium,Medium,8.087995229288936e-05,0.03952593356370926,0.9603020548820496,9.107463847612962e-05
2025-09-05/IMG_1094.JPG,Medium,Medium,2.9772385460091755e-05,0.018228892236948013,0.9815106987953186,0.00023064653214532882
2025-09-05/IMG_1096.JPG,Small,Small,2.018719897023402e-05,0.978477954864502,0.021501852199435234,1.5286062193808903e-08
2025-09-05/IMG_1098.JPG,Small,Small,0.00020640595175791532,0.9479705095291138,0.05182259529829025,5.066768835604307e-07
2025-09-05/IMG_1100.JPG,Medium,Medium,0.00014556050882674754,0.10797817260026932,0.8916880488395691,0.00018826263840310276
2025-09-05/IMG_1101.JPG,Small,Small,0.0002521827118471265,0.9920692443847656,0.0076785217970609665,1.337401585033149e-07
2025-09-05/IMG_1102.JPG,Small,Small,0.0030665267258882523,0.9965772032737732,0.0003562751808203757,2.2273194844046884e-08
2025-09-05/IMG_1103.JPG,Very Small,Very Small,0.9614816308021545,0.0385117381811142,6.447953182942001e-06,2.1336148847694858e-07
2025-09-05/IMG_1104.JPG,Very Small,Very Small,0.9788182973861694,0.02117718756198883,4.446170351002365e-06,9.166251757619648e-09
2025-09-05/IMG_1106.JPG,Very Small,Very Small,0.9978585839271545,0.002139558782801032,1.4169030464472598e-06,4.656622536458599e-07
2025-09-05/IMG_1108.JPG,Small,Small,0.018961088731884956,0.950637936592102,0.030392559245228767,8.419217010668945e-06
2025-09-05/IMG_1109.JPG,Small,Small,0.0006725636776536703,0.9985300302505493,0.0007974040345288813,6.408582553518727e-09
2025-09-05/IMG_1111.JPG,Medium,Medium,2.267643139930442e-05,0.01740313693881035,0.9824787378311157,9.539888560539111e-05
2025-09-05/IMG_1113.JPG,Medium,Medium,0.00013416791625786573,0.022533414885401726,0.9770451784133911,0.00028722925344482064
2025-09-05/IMG_1114.JPG,Medium,Medium,0.00026932029868476093,0.013215657323598862,0.9845142960548401,0.0020007132552564144
2025-09-05/IMG_1116.JPG,Very Small,Very Small,0.9954894185066223,0.004506575409322977,3.457051207078621e-06,5.270466090223636e-07
2025-09-05/IMG_1118.JPG,Medium,Medium,1.644524854782503e-05,0.015438484027981758,0.9844554662704468,8.965619781520218e-05
2025-09-05/IMG_1119.JPG,Small,Small,0.007194343488663435,0.9925662279129028,0.00023929114104248583,6.481831604787658e-08
2025-09-05/IMG_1120.JPG,Very Small,Very Small,0.9981303811073303,0.001819772645831108,1.9250723198638298e-05,3.053231193916872e-05
2025-09-05/IMG_1122.JPG,Very Small,Very Small,0.9967897534370422,0.003206545952707529,2.460393488945556e-06,1.1880156307597645e-06
2025-09-05/IMG_1123.JPG,Very Small,Very Small,0.978333055973053,0.021605122834444046,4.978195283911191e-05,1.206900105898967e-05
2025-09-05/IMG_1124.JPG,Medium,Medium,2.7571115424507298e-05,0.03981953114271164,0.9601154923439026,3.738209852599539e-05
2025-09-05/IMG_1125.JPG,Medium,Medium,8.961823914432898e-05,0.0936688780784607,0.9061620235443115,7.948948768898845e-05
2025-09-05/IMG_1126.JPG,Small,Small,0.002665397245436907,0.9969398975372314,0.0003947674704249948,4.744779502630081e-08
2025-09-05/IMG_1127.JPG,Small,Small,0.00031544192461296916,0.8482018113136292,0.1514805257320404,2.2091019218350993e-06
2025-09-05/IMG_1129.JPG,Very Small,Very Small,0.9985673427581787,0.0014176309341564775,6.141674020909704e-06,8.810607141640503e-06
2025-09-05/IMG_1130.JPG,Small,Small,5.072719432064332e-05,0.9997522234916687,0.00019706771126948297,5.861215957025934e-10
2025-09-05/IMG_1131.JPG,Small,Small,0.00204325164668262,0.9978671073913574,8.963019354268909e-05,5.57561818936847e-09
2025-09-05/IMG_1132.JPG,Very Small,Very Small,0.999432384967804,0.0005630042287521064,2.238164142909227e-06,2.3530906219093595e-06
2025-09-05/IMG_1134.JPG,Small,Small,0.004508505575358868,0.9943395256996155,0.0011518917744979262,8.316169441968668e-08
2025-09-05/IMG_1135.JPG,Very Small,Very Small,0.9968798160552979,0.003119903849437833,2.8919225769641344e-07,3.052601726949433e-08
2025-09-05/IMG_1137.JPG,Small,Small,1.7488097000750713e-05,0.9080051183700562,0.0919773280620575,6.157902987524722e-08
2025-09-05/IMG_1139.JPG,Small,Small,9.603973012417555e-05,0.7496764659881592,0.25022485852241516,2.7160917852597777e-06
2025-09-05/IMG_1142.JPG,Medium,Medium,2.9555974833783694e-05,0.04428672790527344,0.955640435218811,4.329409057390876e-05
2025-09-05/IMG_1143.JPG,Very Small,Very Small,0.9988129138946533,0.001185836736112833,8.666578423799365e-07,4.2473996586522844e-07
2025-09-05/IMG_1144.JPG,Medium,Medium,0.0002990207285620272,0.03547699376940727,0.9637124538421631,0.0005114809609949589
2025-09-05/IMG_1145.JPG,Small,Small,0.0004977318458259106,0.9574834108352661,0.042018625885248184,2.367472404785076e-07
2025-09-05/IMG_1147.JPG,Very Small,Very Small,0.999962568283081,3.694924816954881e-05,1.4467104847426526e-07,3.76169708715679e-07
2025-09-05/IMG_1148.JPG,Medium,Medium,4.86052013002336e-05,0.0057711247354745865,0.992965579032898,0.0012146446388214827
2025-09-05/IMG_1149.JPG,Small,Small,0.0029177723918110132,0.9930242300033569,0.0040576281026005745,3.94179949125828e-07
2025-09-05/IMG_1150.JPG,Small,Small,9.190604760078713e-05,0.9991075396537781,0.0008005007985047996,4.957622756762703e-09
2025-09-05/IMG_1151.JPG,Small,Small,0.018924521282315254,0.9155294299125671,0.06553106755018234,1.4977823411754798e-05
2025-09-05/IMG_1152.JPG,Very Small,Very Small,0.9931311011314392,0.006863480433821678,4.8008810153987724e-06,6.028287202752836e-07
2025-09-05/IMG_1153.JPG,Medium,Medium,0.000579566927626729,0.08844663947820663,0.9100537300109863,0.0009200862841680646
2025-09-05/IMG_1154.JPG,Very Small,Very Small,0.9981239438056946,0.0018740809755399823,1.5672843574066064e-06,4.3398654270276893e-07
2025-09-05/IMG_1155.JPG,Small,Small,0.001287090010009706,0.9980894923210144,0.0006234258762560785,1.0581568510303896e-08
2025-09-05/IMG_1156.JPG,Small,Small,0.12179961800575256,0.8769441246986389,0.001251213368959725,4.989540229871636e-06
2025-09-05/IMG_1157.JPG,Small,Small,0.0048949155025184155,0.994728147983551,0.0003768372698687017,6.334598623425336e-08
2025-09-05/IMG_1158.JPG,Small,Small,0.00010885474330279976,0.8313169479370117,0.16857394576072693,2.770325124856754e-07
2025-09-05/IMG_1159.JPG,Medium,Medium,3.966921576648019e-05,0.05052018538117409,0.9493951797485352,4.4866781536256894e-05
2025-09-05/IMG_1160.JPG,Medium,Medium,9.307100845035166e-05,0.04438645392656326,0.9553344249725342,0.00018604360229801387
2025-09-05/IMG_1161.JPG,Small,Small,9.947098442353308e-05,0.9976826906204224,0.0022177682258188725,7.459807882526093e-09
2025-09-05/IMG_1162.JPG,Small,Small,0.00013374055561143905,0.9705358147621155,0.029330095276236534,3.2208271250055986e-07
2025-09-05/IMG_1163.JPG,Medium,Medium,0.0014048480661585927,0.06391071528196335,0.9314202070236206,0.0032642241567373276
2025-09-05/IMG_1166.JPG,Small,Small,0.11234777420759201,0.7299966812133789,0.1549290418624878,0.0027265120297670364
2025-09-05/IMG_1167.JPG,Very Small,Very Small,0.9993388056755066,0.0006549118552356958,2.609158173072501e-06,3.629961383921909e-06
2025-09-05/IMG_1169.JPG,Very Small,Very Small,0.9783732891082764,0.021238600835204124,0.0002586643386166543,0.00012942416651640087
2025-09-05/IMG_1170.JPG,Very Small,Very Small,0.9995729327201843,0.00041965674608945847,2.6999894089385634e-06,4.708631422545295e-06
2025-09-05/IMG_1171.JPG,Very Small,Very Small,0.9937200546264648,0.006115782540291548,8.866642747307196e-05,7.554676994914189e-05
2025-09-05/IMG_1172.JPG,Very Small,Very Small,0.9958051443099976,0.0038739670999348164,0.00010458963515702635,0.00021624774672091007
2025-09-05/IMG_1174.JPG,Very Small,Very Small,0.9886454343795776,0.010983309708535671,0.00020368013065308332,0.00016764484462328255
2025-09-05/IMG_1175.JPG,Very Small,Very Small,0.9987691044807434,0.0012075445847585797,8.587388947489671e-06,1.4730943803442642e-05
2025-09-05/IMG_1176.JPG,Very Small,Very Small,0.9921751618385315,0.00751155149191618,0.00016828670050017536,0.00014492783520836383
2025-09-05/IMG_1177.JPG,Medium,Medium,0.00016808148939162493,0.10008872300386429,0.8993358016014099,0.00040738790994510055
2025-09-05/IMG_1178.JPG,Medium,Medium,0.0009746361756697297,0.09073028713464737,0.9061251878738403,0.0021698465570807457
2025-09-05/IMG_1179.JPG,Small,Small,0.0009349650354124606,0.9518774747848511,0.047184936702251434,2.6648290258890484e-06
2025-09-05/IMG_1180.JPG,Small,Small,0.00015345994324889034,0.9113392233848572,0.08850615471601486,1.0908183867286425e-06
2025-09-05/IMG_1182.JPG,Very Small,Very Small,0.9965206384658813,0.0034448402002453804,1.8682148947846144e-05,1.5846688256715424e-05
2025-09-05/IMG_1184.JPG,Very Small,Very Small,0.9656400680541992,0.033886827528476715,0.00029450509464368224,0.00017869060684461147
2025-09-05/IMG_1185.JPG,Very Small,Very Small,0.8073793053627014,0.19138698279857635,0.0010877003660425544,0.00014598906273022294
2025-09-05/IMG_1186.JPG,Very Small,Very Small,0.996155321598053,0.002598175313323736,0.00022115217871032655,0.001025404897518456
2025-09-05/IMG_1187.JPG,Small,Small,8.977057586889714e-05,0.9991069436073303,0.0008032250334508717,1.6475437902840895e-08
2025-09-05/IMG_1188.JPG,Very Small,Very Small,0.9452136158943176,0.05362273007631302,0.0010488084517419338,0.00011487345182104036
2025-09-05/IMG_1189.JPG,Small,Small,0.0007788848597556353,0.9300865530967712,0.06912658363580704,7.946984624140896e-06
2025-09-05/IMG_1190.JPG,Very Small,Very Small,0.8032420873641968,0.1936851292848587,0.0030347632709890604,3.804718653555028e-05
2025-09-05/IMG_1191.JPG,Small,Small,0.00268916180357337,0.9966624975204468,0.0006481167511083186,2.811169395044999e-07
2025-09-05/IMG_1192.JPG,Small,Small,0.0006140019395388663,0.9602912664413452,0.03909078985452652,3.8825492083560675e-06
2025-09-05/IMG_1193.JPG,Very Small,Very Small,0.7872514128684998,0.212344229221344,0.00037531560519710183,2.905203655245714e-05
2025-09-05/IMG_1194.JPG,Small,Small,0.010781530290842056,0.976514458656311,0.012677600607275963,2.637427496665623e-05
2025-09-05/IMG_1195.JPG,Small,Small,0.0031523550860583782,0.996068000793457,0.0007794274133630097,2.884397076741152e-07
2025-09-05/IMG_1198.JPG,Very Small,Very Small,0.7453533411026001,0.25397565960884094,0.0006010988727211952,6.992596172494814e-05
2025-09-05/IMG_1200.JPG,Very Small,Very Small,0.9758403897285461,0.02405189722776413,5.907638114877045e-05,4.859541877522133e-05
2025-09-05/IMG_1202.JPG,Very Small,Very Small,0.9577374458312988,0.041649822145700455,0.0004111694870516658,0.0002016030775848776
2025-09-05/IMG_1203.JPG,Large,Large,0.0043375068344175816,0.00306753721088171,0.13862109184265137,0.8539738059043884
2025-09-05/IMG_1204.JPG,Medium,Medium,0.001975255785509944,0.008276719599962234,0.7858191132545471,0.2039289027452469
2025-09-05/IMG_1205.JPG,Medium,Medium,0.0013279017293825746,0.012018849141895771,0.9044003486633301,0.0822528675198555
2025-09-05/IMG_1206.JPG,Medium,Medium,0.0004100273363292217,0.02263842336833477,0.9681311845779419,0.008820295333862305
2025-09-05/IMG_1209.JPG,Very Small,Very Small,0.9337923526763916,0.0661497414112091,4.812194674741477e-05,9.755993232829496e-06
2025-09-05/IMG_1211.JPG,Small,Small,0.007435489445924759,0.9923232793807983,0.00024098154972307384,1.8469938822818222e-07
2025-09-05/IMG_1212.JPG,Small,Small,5.482045162352733e-05,0.9902912974357605,0.009653867222368717,2.0144220513884648e-08
2025-09-05/IMG_1214.JPG,Small,Small,0.02524675242602825,0.9735442399978638,0.0011987903853878379,1.0176014257012866e-05
2025-09-05/IMG_1215.JPG,Very Small,Very Small,0.9931601285934448,0.006794769782572985,3.038065551663749e-05,1.4672334145870991e-05
2025-09-05/IMG_1216.JPG,Medium,Medium,0.0005240400205366313,0.008537843823432922,0.9547253251075745,0.036212798207998276
2025-09-05/IMG_1217.JPG,Medium,Medium,0.0010083661181852221,0.008937675505876541,0.9464361667633057,0.043617721647024155
2025-09-05/IMG_1218.JPG,Medium,Medium,2.482459785824176e-05,0.11538776755332947,0.884570837020874,1.6582829630351625e-05
2025-09-05/IMG_1219.JPG,Medium,Medium,0.0006803171709179878,0.02149244211614132,0.9665611386299133,0.0112661924213171
2025-09-05/IMG_1220.JPG,Medium,Medium,0.0008862487156875432,0.05098411813378334,0.9456421136856079,0.0024875092785805464
2025-09-05/IMG_1221.JPG,Small,Small,0.00034952760324813426,0.8908548355102539,0.1087944358587265,1.1781428383983439e-06
2025-09-05/IMG_1223.JPG,Small,Small,2.3585473172715865e-05,0.6921119093894958,0.3078639805316925,5.657461201735714e-07
2025-09-05/IMG_1224.JPG,Small,Small,1.4038199651622563e-06,0.9421972036361694,0.057801343500614166,6.957614928637668e-09
2025-09-05/IMG_1225.JPG,Small,Small,0.007017833646386862,0.9886760711669922,0.004305666778236628,5.18109402491973e-07
2025-09-05/IMG_1226.JPG,Small,Small,3.973808998125605e-05,0.9992098808288574,0.000750404316931963,2.287936951006486e-09
2025-09-05/IMG_1227.JPG,Small,Small,1.88103222171776e-05,0.9924523234367371,0.007528888061642647,7.647515509745517e-09
2025-09-05/IMG_1228.JPG,Small,Small,0.005308808293193579,0.9945053458213806,0.00018574843124952167,9.253594157598855e-08
2025-09-05/IMG_1229.JPG,Small,Small,0.00013635076174978167,0.9951747059822083,0.00468899542465806,2.8057405287995607e-08
2025-09-05/IMG_1230.JPG,Small,Small,0.00030189435346983373,0.9940667152404785,0.005631281994283199,1.0398912309028674e-07
2025-09-05/IMG_1232.JPG,Small,Small,0.0013976739719510078,0.993008017539978,0.005593911278992891,3.227549711937172e-07
2025-09-05/IMG_1233.JPG,Small,Small,5.1477542001521215e-05,0.9601197838783264,0.03982849046587944,2.085300678800195e-07
2025-09-05/IMG_1235.JPG,Medium,Medium,4.1187031456502154e-05,0.11982188373804092,0.880054771900177,8.212576358346269e-05
2025-09-05/IMG_1237.JPG,Medium,Medium,0.00015762804832775146,0.05817265436053276,0.9413057565689087,0.0003638949419837445
2025-09-05/IMG_1239.JPG,Small,Small,0.00015672786685172468,0.9698194861412048,0.030023397877812386,3.2721277420932893e-07
2025-09-05/IMG_1240.JPG,Medium,Medium,0.0003634300082921982,0.020753296092152596,0.9701504707336426,0.008732890710234642
2025-09-05/IMG_1241.JPG,Medium,Medium,2.2471593183581717e-05,0.05927920341491699,0.9406465888023376,5.176326521905139e-05
2025-09-05/IMG_1246.JPG,Small,Small,1.497326411481481e-05,0.982521116733551,0.01746387593448162,2.7366708010845286e-08
2025-09-05/IMG_1247.JPG,Small,Small,0.006028724834322929,0.7969582676887512,0.19696326553821564,4.9740650865715e-05
2025-09-05/IMG_1248.JPG,Small,Small,0.00015356476069428027,0.9990173578262329,0.0008290773839689791,4.350702020872177e-09
2025-09-05/IMG_1251.JPG,Very Small,Very Small,0.9756734371185303,0.024307580664753914,1.830505243560765e-05,7.652394629076298e-07
2025-09-05/IMG_1252.JPG,Small,Small,0.0002702752244658768,0.8666009306907654,0.13312816619873047,5.79175889470207e-07
2025-09-05/IMG_1257.JPG,Small,Small,0.16068026423454285,0.8192333579063416,0.020039228722453117,4.716266266768798e-05
2025-09-05/IMG_1258.JPG,Medium,Medium,0.0011626706691458821,0.09507206827402115,0.9026681780815125,0.0010970995062962174
2025-09-05/IMG_1259.JPG,Very Small,Very Small,0.8222604393959045,0.17436550557613373,0.0032648697961121798,0.0001091548620024696
2025-09-05/IMG_1260.JPG,Small,Small,0.05784117057919502,0.9410709142684937,0.0010872030397877097,7.31775799067691e-07
2025-09-05/IMG_1261.JPG,Medium,Medium,0.010794226080179214,0.267421692609787,0.71892911195755,0.0028549525886774063
2025-09-05/IMG_1262.JPG,Very Small,Very Small,0.9311645030975342,0.0688231810927391,1.1594137504289392e-05,7.157659638323821e-07
2025-09-05/IMG_1263.JPG,Small,Small,0.005235729739069939,0.9590050578117371,0.03573324903845787,2.5942976208170876e-05
2025-09-05/IMG_1264.JPG,Small,Small,0.002268050564453006,0.9346689581871033,0.06305436044931412,8.740653356653638e-06
2025-09-05/IMG_1265.JPG,Small,Small,0.0015780995599925518,0.7707387208938599,0.22762112319469452,6.203001248650253e-05
2025-09-05/IMG_1266.JPG,Very Small,Very Small,0.996658205986023,0.0033346842974424362,5.616141606878955e-06,1.5311024981201626e-06
2025-09-05/IMG_1267.JPG,Small,Small,0.00035213411320000887,0.9911404252052307,0.008507371880114079,1.3178565438920486e-07
2025-09-05/IMG_1268.JPG,Small,Small,8.460066601401195e-05,0.754858136177063,0.24505704641342163,1.990038924759574e-07
2025-09-05/IMG_1269.JPG,Small,Small,0.010172300040721893,0.9821639060974121,0.0076635172590613365,2.4203959014812426e-07
2025-09-05/IMG_1270.JPG,Small,Small,0.00785025954246521,0.9913982152938843,0.0007514643366448581,3.1879654471822505e-08
2025-09-05/IMG_1272.JPG,Small,Small,0.04594608396291733,0.9535379409790039,0.0005152221419848502,7.825856869203562e-07
2025-09-05/IMG_1273.JPG,Very Small,Very Small,0.9991575479507446,0.0008415891788899899,4.996151119485148e-07,4.0365216591453645e-07
2025-09-05/IMG_1274.JPG,Very Small,Very Small,0.9991808533668518,0.0008185776532627642,3.397832983864646e-07,2.3376315994028118e-07
2025-09-05/IMG_1276.JPG,Medium,Medium,0.005673619918525219,0.15342523157596588,0.8397091031074524,0.001192073686979711
2025-09-05/IMG_1277.JPG,Small,Small,0.005845905747264624,0.9838242530822754,0.01032941322773695,4.3267476712571806e-07
2025-09-05/IMG_1278.JPG,Very Small,Very Small,0.9990878105163574,0.0009092451655305922,2.3507004698331002e-06,5.310031951921701e-07
2025-09-05/IMG_1279.JPG,Very Small,Very Small,0.8891976475715637,0.09658107161521912,0.013450661674141884,0.0007706265896558762
2025-09-05/IMG_1281.JPG,Small,Small,0.0011601893929764628,0.9316750168800354,0.06716263294219971,2.2468068436864996e-06
2025-09-05/IMG_1282.JPG,Small,Small,0.00015623882063664496,0.9450464248657227,0.05479729175567627,9.441242099228475e-08
2025-09-05/IMG_1283.JPG,Very Small,Very Small,0.9882728457450867,0.011722478084266186,4.175781668891432e-06,5.647539751407749e-07
2025-09-05/IMG_1284.JPG,Small,Small,0.013596685603260994,0.9812827110290527,0.005119374021887779,1.341654638054024e-06
2025-09-05/IMG_1285.JPG,Small,Small,0.46380364894866943,0.5264555215835571,0.00966951996088028,7.129560981411487e-05
2025-09-05/IMG_1286.JPG,Medium,Medium,0.0001068612837116234,0.07363573461771011,0.9260783195495605,0.00017906753055285662
2025-09-05/IMG_1287.JPG,Very Small,Very Small,0.9858972430229187,0.014095239341259003,7.038913736323593e-06,4.939967652717314e-07
2025-09-05/IMG_1288.JPG,Small,Small,0.00036604670458473265,0.7975429892539978,0.20208671689033508,4.306433311285218e-06
2025-09-05/IMG_1290.JPG,Small,Small,0.00048138221609406173,0.9281682372093201,0.07134339958429337,6.984028459555702e-06
2025-09-05/IMG_1292.JPG,Small,Small,1.4147765796224121e-05,0.9997184872627258,0.0002672873088158667,6.408901187526794e-11
2025-09-05/IMG_1294.JPG,Small,Small,0.00010916078463196754,0.9592510461807251,0.040639664977788925,1.2856095565894066e-07
2025-09-05/IMG_1295.JPG,Small,Small,0.0013198890956118703,0.9900788068771362,0.008600927889347076,3.901673437667341e-07
2025-09-05/IMG_1296.JPG,Very Small,Very Small,0.9975445866584778,0.0024522889871150255,2.8664485398621764e-06,1.8999018891463493e-07
2025-09-05/IMG_1298.JPG,Very Small,Very Small,0.9999436140060425,5.637307549477555e-05,1.1300583580009516e-08,3.2322973186893478e-09
2025-09-05/IMG_1299.JPG,Very Small,Very Small,0.9993839263916016,0.0006128657259978354,3.147291408822639e-06,1.0454137822080156e-07
2025-09-05/IMG_1300.JPG,Small,Small,0.0032404426019638777,0.9930328130722046,0.0037263615522533655,3.1918838772071467e-07
2025-09-05/IMG_1301.JPG,Very Small,Very Small,0.9994580149650574,0.0005418017972260714,7.475794205902275e-08,1.672895777460326e-08
2025-09-05/IMG_1302.JPG,Small,Small,0.0005182496970519423,0.9773331880569458,0.02214842662215233,1.2413160277446877e-07
2025-09-05/IMG_1303.JPG,Very Small,Very Small,0.9996647834777832,0.00033526093466207385,3.498755063446879e-08,4.552593857454212e-09
2025-09-05/IMG_1304.JPG,Very Small,Very Small,0.9981075525283813,0.0018888277700170875,3.6108106087340275e-06,7.6698263740127e-08
2025-09-05/IMG_1310.JPG,Very Small,Very Small,0.9954589605331421,0.004540381021797657,5.378005312195455e-07,6.42730242361722e-08
2025-09-05/IMG_1311.JPG,Small,Small,0.03766629472374916,0.9588456749916077,0.00348597951233387,2.0672837308666203e-06
2025-09-05/IMG_1312.JPG,Small,Small,0.026267120614647865,0.9711381793022156,0.002594105200842023,5.611437927655061e-07
2025-09-05/IMG_1316.JPG,Medium,Medium,2.2407606593333185e-05,0.03899261727929115,0.9609745144844055,1.039780181599781e-05
2025-09-05/IMG_1317.JPG,Small,Small,0.0007653558859601617,0.8785843253135681,0.12064334750175476,7.01396538715926e-06
2025-09-05/IMG_1318.JPG,Very Small,Very Small,0.8196197152137756,0.17852549254894257,0.001849954598583281,4.821519723918755e-06
2025-09-05/IMG_1319.JPG,Small,Small,6.351761112455279e-05,0.6730085611343384,0.32691970467567444,8.267774319392629e-06
2025-09-05/IMG_1320.JPG,Small,Small,0.048863474279642105,0.9482631683349609,0.0028623256366699934,1.1094826732005458e-05
2025-09-05/IMG_1323.JPG,Very Small,Very Small,0.9941520094871521,0.005847506690770388,5.090474815006019e-07,5.448492146342687e-08
2025-09-05/IMG_1324.JPG,Small,Small,0.02297486923635006,0.9630098938941956,0.014014103449881077,1.1247412885495578e-06
2025-09-05/IMG_1325.JPG,Very Small,Very Small,0.9925733804702759,0.007347390055656433,7.811599061824381e-05,1.1226463811908616e-06
2025-09-05/IMG_1327.JPG,Very Small,Very Small,0.9938881993293762,0.006099801044911146,1.119250646297587e-05,9.042422561833519e-07
2025-09-05/IMG_1329.JPG,Small,Small,0.00950642954558134,0.9589422345161438,0.03153478726744652,1.65645542438142e-05
2025-09-05/IMG_1330.JPG,Very Small,Very Small,0.9823473691940308,0.017583634704351425,5.0965161790372804e-05,1.8060523871099576e-05
2025-09-05/IMG_1331.JPG,Very Small,Very Small,0.9985679388046265,0.0014288520906120539,2.9174484552640934e-06,1.557414606168095e-07
2025-09-05/IMG_1332.JPG,Small,Small,0.006366217043250799,0.9086726903915405,0.0849205031991005,4.0638973587192595e-05
2025-09-05/IMG_1333.JPG,Small,Very Small,0.5689630508422852,0.4256671667098999,0.005179983098059893,0.00018979364540427923
2025-09-05/IMG_1334.JPG,Small,Small,0.02001490443944931,0.9696832895278931,0.01029401458799839,7.73063857195666e-06
2025-09-05/IMG_1335.JPG,Small,Small,0.0015705365221947432,0.9266895651817322,0.07173960655927658,3.7192268109720317e-07
2025-09-05/IMG_1336.JPG,Small,Small,0.0003799829864874482,0.7824264168739319,0.2171901911497116,3.4411852993798675e-06
2025-09-05/IMG_1337.JPG,Medium,Medium,0.0001298607385251671,0.03902910277247429,0.9606704711914062,0.00017054217460099608
2025-09-05/IMG_1339.JPG,Small,Small,0.0006388620822690427,0.9982231259346008,0.001137973042204976,3.6228982480679406e-08
2025-09-05/IMG_1340.JPG,Small,Small,0.0008151315851137042,0.941770076751709,0.057411838322877884,2.9308907869562972e-06
2025-09-05/IMG_1341.JPG,Medium,Medium,0.0005018218071199954,0.031266793608665466,0.965273916721344,0.002957426244392991
2025-09-05/IMG_1346.JPG,Small,Small,2.7679052436724305e-05,0.9985516667366028,0.001420672982931137,6.96142921086107e-10
2025-09-05/IMG_1347.JPG,Small,Small,0.019413353875279427,0.9805101156234741,7.659179391339421e-05,4.133142894602315e-08
2025-09-05/IMG_1348.JPG,Small,Small,0.0016550403088331223,0.9980613589286804,0.0002835553896147758,6.489245141239053e-09
2025-09-05/IMG_1349.JPG,Medium,Medium,2.175846202590037e-05,0.02227354794740677,0.9775984287261963,0.0001062531882780604
2025-09-05/IMG_1353.JPG,Very Small,Very Small,0.9292778372764587,0.0705920085310936,0.00012527406215667725,4.824030384042999e-06
2025-09-05/IMG_1354.JPG,Medium,Medium,1.3292846233525779e-05,0.042493999004364014,0.9574548006057739,3.7967849493725225e-05
2025-09-05/IMG_1355.JPG,Small,Small,0.018710961565375328,0.9634996056556702,0.01778218150138855,7.2046527748170774e-06
2025-09-05/IMG_1356.JPG,Medium,Medium,3.120738983852789e-05,0.03330298140645027,0.966529905796051,0.00013586570275947452
2025-09-05/IMG_1357.JPG,Small,Small,0.0018612620187923312,0.9759936928749084,0.02214115671813488,4.003195044788299e-06
2025-09-05/IMG_1358.JPG,Small,Small,0.00015704093675594777,0.8703256845474243,0.1295148879289627,2.4065800516837044e-06
2025-09-05/IMG_1360.JPG,Very Small,Very Small,0.9863444566726685,0.013637051917612553,1.588226223248057e-05,2.6397678993816953e-06
2025-09-05/IMG_1362.JPG,Medium,Medium,0.0001921254734043032,0.017232170328497887,0.9802736043930054,0.002302121138200164
2025-09-05/IMG_1364.JPG,Medium,Medium,3.5079581721220165e-05,0.006823452655225992,0.9920924305915833,0.001048957696184516
2025-09-05/IMG_1365.JPG,Small,Small,1.0180947356275283e-05,0.9742103815078735,0.025779439136385918,1.9770858727952145e-08
2025-09-05/IMG_1366.JPG,Very Small,Very Small,0.9983389377593994,0.0016530827851966023,4.308229108573869e-06,3.6644878491642885e-06
2025-09-05/IMG_1367.JPG,Small,Small,0.003853530390188098,0.9811113476753235,0.015030218288302422,4.8623742259223945e-06
2025-09-05/IMG_1368.JPG,Small,Small,0.0005907892482355237,0.9831663370132446,0.016242220997810364,7.462440407834947e-07
2025-09-05/IMG_1369.JPG,Small,Small,4.555095074465498e-05,0.9527284502983093,0.04722580313682556,1.7797685814002762e-07
2025-09-05/IMG_1371.JPG,Small,Small,0.0032850310672074556,0.9837238788604736,0.012990698218345642,3.0172947163009667e-07
2025-09-05/IMG_1372.JPG,Very Small,Very Small,0.9765927195549011,0.023392600938677788,1.430431439075619e-05,3.6748869547409413e-07
2025-09-05/IMG_1374.JPG,Small,Small,0.00015509221702814102,0.969926118850708,0.02991858869791031,2.3156201223173412e-07
2025-09-05/IMG_1375.JPG,Very Small,Very Small,0.9971939325332642,0.002790400292724371,8.355391400982626e-06,7.362630640272982e-06
2025-09-05/IMG_1376.JPG,Medium,Medium,0.0010487089166417718,0.009586670435965061,0.9221636056900024,0.06720097362995148
2025-09-05/IMG_1378.JPG,Small,Small,5.830745067214593e-06,0.9941297769546509,0.0058643752709031105,6.114709183435707e-09
2025-09-05/IMG_1379.JPG,Medium,Medium,1.9265871742391028e-05,0.023023657500743866,0.9768587946891785,9.829094778979197e-05
2025-09-05/IMG_1382.JPG,Medium,Medium,0.00012482787133194506,0.018584776669740677,0.9801965355873108,0.0010939151979982853
2025-09-05/IMG_1383.JPG,Medium,Medium,0.0001483358646510169,0.04119091108441353,0.9583844542503357,0.0002762997755780816
2025-09-05/IMG_1385.JPG,Very Small,Very Small,0.9755208492279053,0.024472670629620552,6.2824801716487855e-06,2.1492770940767514e-07
2025-09-05/IMG_1386.JPG,Small,Small,1.3516791113943327e-05,0.9953906536102295,0.0045957923866808414,5.036365546828847e-09
2025-09-05/IMG_1387.JPG,Medium,Medium,0.000984271988272667,0.006601347588002682,0.8714194893836975,0.12099491059780121
2025-09-05/IMG_1392.JPG,Very Small,Very Small,0.9874944090843201,0.012293422594666481,0.00016883494390640408,4.3353164073778316e-05
2025-09-05/IMG_1393.JPG,Medium,Medium,7.509479473810643e-05,0.016280610114336014,0.9821596741676331,0.0014846454141661525
2025-09-05/IMG_1395.JPG,Small,Small,0.0013128885766491294,0.997521698474884,0.0011654538102447987,4.5304364704179534e-08
2025-09-05/IMG_1396.JPG,Medium,Medium,0.00013655624934472144,0.4028823971748352,0.5969565510749817,2.4518139980500564e-05
2025-09-05/IMG_1397.JPG,Very Small,Very Small,0.9995643496513367,0.00043416666449047625,6.720215424138587e-07,7.422331123052572e-07
2025-09-05/IMG_1398.JPG,Very Small,Very Small,0.9971994161605835,0.002756561152637005,1.7422415112378076e-05,2.656008473422844e-05
2025-09-05/IMG_1399.JPG,Medium,Medium,7.431170615745941e-06,0.23879730701446533,0.7611914277076721,3.838507836917415e-06
2025-09-05/IMG_1400.JPG,Small,Small,7.501640538976062e-06,0.992730438709259,0.007262000814080238,2.0991610671927674e-09
2025-09-05/IMG_1401.JPG,Small,Small,0.0012689128052443266,0.9981001019477844,0.0006309907184913754,1.4692973948626786e-08
2025-09-05/IMG_1402.JPG,Small,Small,0.0003205014218110591,0.9990266561508179,0.0006528950179927051,1.1265332666710037e-08
2025-09-05/IMG_1403.JPG,Very Small,Very Small,0.980836808681488,0.019161304458975792,1.6231999779847683e-06,1.9363670844541048e-07
2025-09-05/IMG_1404.JPG,Small,Small,2.9119360078766476e-06,0.999561607837677,0.0004354104748927057,1.1660572507565803e-10
2025-09-05/IMG_1405.JPG,Medium,Medium,5.325083475327119e-05,0.020137660205364227,0.9790350198745728,0.0007741245208308101
2025-09-05/IMG_1406.JPG,Small,Small,0.0005484563880600035,0.9993665814399719,8.498782699462026e-05,4.282746157713291e-09
2025-09-05/IMG_1407.JPG,Small,Small,2.044032771664206e-05,0.9870042204856873,0.012975341640412807,3.088321420818829e-08
2025-09-05/IMG_1408.JPG,Medium,Medium,3.074900814681314e-05,0.011555267497897148,0.9881200790405273,0.00029390689451247454
2025-09-05/IMG_1409.JPG,Small,Small,0.00023593707010149956,0.9744823575019836,0.025281427428126335,3.981020029186766e-07
2025-09-05/IMG_1410.JPG,Medium,Medium,1.2724620319204405e-05,0.018253004178404808,0.9816508293151855,8.336405880982056e-05
2025-09-05/IMG_1413.JPG,Medium,Medium,0.0020511767361313105,0.007522745989263058,0.7702649235725403,0.22016121447086334
2025-09-05/IMG_1414.JPG,Very Small,Very Small,0.9943716526031494,0.005592962261289358,2.3007687559584156e-05,1.235521904163761e-05
2025-09-05/IMG_1416.JPG,Very Small,Very Small,0.9996919631958008,0.0003036267007701099,1.7224087969225366e-06,2.779886472126236e-06
2025-09-05/IMG_1417.JPG,Medium,Medium,0.0006342674023471773,0.006198533345013857,0.9271794557571411,0.065987728536129
2025-09-05/IMG_1418.JPG,Small,Small,0.0005275617586448789,0.9841922521591187,0.015279533341526985,6.733513941981073e-07
2025-09-05/IMG_1419.JPG,Small,Small,8.443398837698624e-05,0.9414066076278687,0.058508824557065964,1.674643499427475e-07
2025-09-05/IMG_1420.JPG,Small,Small,0.06728795170783997,0.8096028566360474,0.12287541478872299,0.00023379763297270983
2025-09-05/IMG_1421.JPG,Very Small,Very Small,0.9998103976249695,0.00018945799092762172,1.2829929119106964e-07,4.36306173412504e-08
2025-09-05/IMG_1422.JPG,Medium,Medium,0.00020808546105399728,0.031273141503334045,0.9674234390258789,0.0010953914606943727
2025-09-05/IMG_1423.JPG,Very Small,Very Small,0.9990803003311157,0.0009106781217269599,7.2413854468322825e-06,1.7011579984682612e-06
2025-09-05/IMG_1424.JPG,Small,Small,0.0061134579591453075,0.992901086807251,0.0009853887604549527,1.413376651271392e-07
2025-09-05/IMG_1425.JPG,Small,Small,0.0030518053099513054,0.9895736575126648,0.007373651955276728,8.168900080818275e-07
2025-09-05/IMG_1426.JPG,Small,Small,0.004942505154758692,0.9924716949462891,0.002585328184068203,4.6605410375377687e-07
2025-09-05/IMG_1429.JPG,Medium,Medium,0.00023958685051184148,0.02268626168370247,0.9736495018005371,0.003424597904086113
2025-09-05/IMG_1430.JPG,Small,Small,0.00011418828216847032,0.9990578293800354,0.0008279984467662871,1.8161945281036651e-09
2025-09-05/IMG_1431.JPG,Medium,Medium,0.00016913845320232213,0.10387779772281647,0.8954907655715942,0.000462326715933159
2025-09-05/IMG_1432.JPG,Medium,Medium,0.004190030973404646,0.06149773299694061,0.8972366452217102,0.03707557171583176
2025-09-05/IMG_1433.JPG,Small,Medium,0.00040053497650660574,0.3335757851600647,0.6658074259757996,0.00021619012113660574
2025-09-05/IMG_1434.JPG,Medium,Medium,0.0021898888517171144,0.049214642494916916,0.9301961064338684,0.018399329856038094
2025-09-05/IMG_1435.JPG,Small,Small,0.013018235564231873,0.6951234340667725,0.2906681299209595,0.0011901893885806203
2025-09-05/IMG_1436.JPG,Very Small,Very Small,0.9987492561340332,0.0012474909890443087,1.3747018101639696e-06,1.831916051742155e-06
2025-09-05/IMG_1437.JPG,Very Small,Very Small,0.9568661451339722,0.04282712936401367,0.0002432872715871781,6.345789006445557e-05
2025-09-05/IMG_1438.JPG,Very Small,Very Small,0.9817028641700745,0.01811956986784935,0.00010425455548102036,7.329328946070746e-05
2025-09-05/IMG_1440.JPG,Very Small,Very Small,0.9925163388252258,0.007316754199564457,8.207643986679614e-05,8.479625830659643e-05
2025-09-05/IMG_1441.JPG,Very Small,Very Small,0.9969845414161682,0.002990344539284706,1.2615900232049171e-05,1.2567195881274529e-05
2025-09-05/IMG_1442.JPG,Very Small,Very Small,0.9817907810211182,0.018162623047828674,3.7827947380719706e-05,8.767987310420722e-06
2025-09-05/IMG_1444.JPG,Very Small,Very Small,0.9969850182533264,0.0030012282077223063,6.428959750337526e-06,7.3579999479989056e-06
2025-09-05/IMG_1445.JPG,Very Small,Very Small,0.9789066910743713,0.020993666723370552,7.719470886513591e-05,2.2414138584281318e-05
2025-09-05/IMG_1446.JPG,Medium,Medium,0.00020341902563814074,0.03093700483441353,0.9652700424194336,0.0035894394386559725
2025-09-05/IMG_1447.JPG,Medium,Medium,0.0003299445379525423,0.04022955149412155,0.95548415184021,0.003956290427595377
2025-09-05/IMG_1448.JPG,Medium,Medium,0.00017655147530604154,0.06132156029343605,0.9376391172409058,0.0008626907947473228
2025-09-05/IMG_1450.JPG,Medium,Medium,0.00011919953976757824,0.0966159924864769,0.9028047323226929,0.0004600285610649735
2025-09-05/IMG_1451.JPG,Very Small,Very Small,0.9972973465919495,0.002568245865404606,4.57226051366888e-05,8.865958807291463e-05
2025-09-05/IMG_1452.JPG,Very Small,Very Small,0.8435709476470947,0.15324248373508453,0.0027282685041427612,0.0004583426925819367
2025-09-05/IMG_1453.JPG,Small,Small,0.09038599580526352,0.905063271522522,0.004489232785999775,6.154074071673676e-05
2025-09-05/IMG_1456.JPG,Small,Small,0.0016663616988807917,0.998060405254364,0.00027320432127453387,4.93875234042207e-08
2025-09-05/IMG_1458.JPG,Small,Small,0.0005935810622759163,0.9519813060760498,0.04741515591740608,9.933532055583782e-06
2025-09-05/IMG_1459.JPG,Very Small,Very Small,0.7843003273010254,0.21248362958431244,0.002982854377478361,0.00023315477301366627
2025-09-05/IMG_1460.JPG,Small,Small,0.02979433536529541,0.9601942896842957,0.009900403209030628,0.0001109704389818944
2025-09-05/IMG_1461.JPG,Medium,Medium,0.001274904003366828,0.054801132529973984,0.9131941795349121,0.030729854479432106
2025-09-05/IMG_1462.JPG,Small,Small,0.02837873063981533,0.9584853053092957,0.01299221534281969,0.0001437101309420541
2025-09-05/IMG_1464.JPG,Very Small,Small,0.4408003091812134,0.5559279918670654,0.0031195292249321938,0.00015217259351629764
2025-09-05/IMG_1466.JPG,Very Small,Very Small,0.8612541556358337,0.13845551013946533,0.00021259885397739708,7.770874799462035e-05
2025-09-05/IMG_1467.JPG,Small,Small,0.012394978664815426,0.9844339489936829,0.0031534857116639614,1.7637137716519646e-05
2025-09-05/IMG_1468.JPG,Very Small,Very Small,0.9905097484588623,0.009129415266215801,0.0001571761822560802,0.00020365069212857634
2025-09-05/IMG_1469.JPG,Very Small,Very Small,0.945593535900116,0.05419398099184036,0.000145736601552926,6.667969864793122e-05
2025-09-05/IMG_1470.JPG,Small,Small,0.020695030689239502,0.9764388799667358,0.0028390041552484035,2.7160689569427632e-05
2025-09-05/IMG_1472.JPG,Large,Large,0.002829732373356819,0.0023705782368779182,0.12098629027605057,0.8738133311271667
2025-09-05/IMG_1475.JPG,Medium,Medium,0.0016833948902785778,0.01617087423801422,0.845822274684906,0.1363234966993332
2025-09-05/IMG_1476.JPG,Small,Small,0.005378779023885727,0.9609032869338989,0.033647164702415466,7.083256059559062e-05
2025-09-05/IMG_1477.JPG,Small,Small,0.0013271941570565104,0.9768213629722595,0.0218293946236372,2.1993018890498206e-05
2025-09-05/IMG_1480.JPG,Small,Small,0.0007608474115841091,0.9839043617248535,0.015330314636230469,4.445395916263806e-06
2025-09-05/IMG_1481.JPG,Small,Small,0.0003760209074243903,0.9666959047317505,0.0329204685986042,7.619337338837795e-06
2025-09-05/IMG_1482.JPG,Small,Small,0.17358529567718506,0.8169010281562805,0.008025145158171654,0.0014884975971654058
2025-09-05/IMG_1483.JPG,Small,Small,0.0007617028313688934,0.9843204021453857,0.014909977093338966,7.903674486442469e-06
2025-09-05/IMG_1484.JPG,Very Small,Very Small,0.9172320365905762,0.0805601105093956,0.0015533181140199304,0.0006545269279740751
2025-09-05/IMG_1485.JPG,Medium,Medium,0.0026371232233941555,0.007325081154704094,0.5532407760620117,0.43679699301719666
2025-09-05/IMG_1486.JPG,Large,Large,0.0025286488234996796,0.0015794517239555717,0.08064649999141693,0.9152454733848572
2025-09-05/IMG_1487.JPG,Medium,Medium,0.0013273808872327209,0.01881132461130619,0.8816303610801697,0.09823095053434372
2025-09-05/IMG_1490.JPG,Medium,Medium,0.0001860290503827855,0.06808551400899887,0.9311326742172241,0.0005957381217740476
2025-09-05/IMG_1491.JPG,Small,Small,0.0005185242625884712,0.9928389191627502,0.006642560008913279,3.0092131453329785e-08
2025-09-05/IMG_1492.JPG,Small,Small,2.1790741811855696e-05,0.895562469959259,0.10441523045301437,5.236902325123083e-07
2025-09-05/IMG_1493.JPG,Small,Small,8.50842388899764e-06,0.9996566772460938,0.0003347843885421753,3.873930065623199e-10
2025-09-05/IMG_1495.JPG,Small,Small,8.44236565171741e-05,0.9049359560012817,0.09497841447591782,1.1564870874281041e-06
2025-09-05/IMG_1496.JPG,Medium,Medium,3.22851883538533e-05,0.04537871479988098,0.9544463753700256,0.0001426372182322666
2025-09-05/IMG_1498.JPG,Small,Small,0.00011866100976476446,0.9920061230659485,0.007874954491853714,2.5462853159297083e-07
2025-09-05/IMG_1500.JPG,Small,Small,0.00018427321629133075,0.9418256878852844,0.05798887461423874,1.1454022796897334e-06
2025-09-05/IMG_1501.JPG,Small,Small,0.00036627877852879465,0.9770141243934631,0.02261861227452755,1.01822388387518e-06
2025-09-05/IMG_1502.JPG,Small,Small,1.3800272427033633e-05,0.9909151196479797,0.009071056731045246,1.641651614647799e-08
2025-09-05/IMG_1505.JPG,Small,Small,3.1872468753135763e-06,0.9567744731903076,0.043222423642873764,1.8895574882549226e-08
2025-09-05/IMG_1506.JPG,Small,Small,8.331776189152151e-05,0.9322119355201721,0.0677032619714737,1.3976724630992976e-06
2025-09-05/IMG_1507.JPG,Small,Small,0.00039762340020388365,0.9378742575645447,0.06172028183937073,7.80947448220104e-06
2025-09-05/IMG_1508.JPG,Medium,Medium,0.000265309790847823,0.07671402394771576,0.9219938516616821,0.001026766374707222
2025-09-05/IMG_1510.JPG,Medium,Medium,0.0006870044162496924,0.020551122725009918,0.9404693841934204,0.038292448967695236
2025-09-05/IMG_1511.JPG,Small,Small,0.009693101979792118,0.9227017164230347,0.06760205328464508,3.1021486393001396e-06
2025-09-05/IMG_1512.JPG,Small,Small,0.002131012501195073,0.9892966151237488,0.008571484126150608,9.530570537208405e-07
2025-09-05/IMG_1513.JPG,Small,Small,0.03665069118142128,0.9517481327056885,0.011596119031310081,5.056534519098932e-06
2025-09-05/IMG_1514.JPG,Small,Small,0.009994899854063988,0.9877523183822632,0.002251917030662298,8.572357046432444e-07
2025-09-05/IMG_1515.JPG,Very Small,Very Small,0.9998787641525269,0.00012089986557839438,1.1668385013763327e-07,1.779789897682349e-07
2025-09-05/IMG_1516.JPG,Very Small,Very Small,0.9994660019874573,0.0005339130875654519,6.398560969955724e-08,1.3346094895894112e-08
2025-09-05/IMG_1517.JPG,Small,Small,0.011175846680998802,0.9884986281394958,0.000325405242620036,6.22360829538593e-08
2025-09-05/IMG_1518.JPG,Small,Small,0.03953715041279793,0.8834027647972107,0.07683895528316498,0.00022117809567134827
2025-09-05/IMG_1519.JPG,Small,Small,0.0011135278036817908,0.99779212474823,0.001094294129870832,5.4524338821693163e-08
2025-09-05/IMG_1520.JPG,Small,Small,0.023655859753489494,0.9733696579933167,0.0029737609438598156,7.035297358015669e-07
2025-09-05/IMG_1522.JPG,Very Small,Very Small,0.9979038238525391,0.002095693489536643,4.320442883454234e-07,1.1696887902701292e-08
2025-09-05/IMG_1523.JPG,Very Small,Very Small,0.9925388693809509,0.007460315711796284,8.66092420892528e-07,2.9407356549882024e-08
2025-09-05/IMG_1524.JPG,Small,Small,0.05639512464404106,0.8173588514328003,0.12577839195728302,0.0004675803065765649
2025-09-05/IMG_1525.JPG,Very Small,Very Small,0.9574529528617859,0.04246668145060539,7.669511978747323e-05,3.644227035692893e-06
2025-09-05/IMG_1527.JPG,Small,Small,0.020568041130900383,0.9779716730117798,0.0014573297230526805,2.8623574053199263e-06
2025-09-05/IMG_1528.JPG,Small,Small,0.06620620936155319,0.9252416491508484,0.008441598154604435,0.00011052293848479167
2025-09-05/IMG_1529.JPG,Small,Small,0.001113735605031252,0.986052393913269,0.012832717038691044,1.1999859452771489e-06
2025-09-05/IMG_1530.JPG,Small,Small,0.011312641203403473,0.9661046862602234,0.022565361112356186,1.730622534523718e-05
2025-09-05/IMG_1531.JPG,Small,Small,0.00017560177366249263,0.9494541883468628,0.05036943778395653,7.405505471069773e-07
2025-09-05/IMG_1532.JPG,Very Small,Very Small,0.999618411064148,0.0003813930961769074,6.82029224208236e-08,4.24810018273547e-08
2025-09-05/IMG_1533.JPG,Small,Small,0.00015607172099407762,0.9912125468254089,0.008631260134279728,7.64516627782541e-08
2025-09-05/IMG_1534.JPG,Small,Small,8.694770076544955e-05,0.9947368502616882,0.005176226608455181,2.101564078316187e-08
2025-09-05/IMG_1535.JPG,Small,Small,0.0006270429585129023,0.9945845007896423,0.004788306076079607,9.12539590558481e-08
2025-09-05/IMG_1536.JPG,Small,Small,0.005734491627663374,0.9930189251899719,0.001246406463906169,1.5012587084584084e-07
2025-09-05/IMG_1537.JPG,Very Small,Very Small,0.9877869486808777,0.012200535275042057,9.967410733224824e-06,2.4512933123332914e-06
2025-09-05/IMG_1538.JPG,Very Small,Very Small,0.9896357655525208,0.010357717052102089,5.0441558414604515e-06,1.419064574292861e-06
2025-09-05/IMG_1539.JPG,Very Small,Very Small,0.9994072914123535,0.0005919685354456306,4.218165088332171e-07,2.9381672561612504e-07
2025-09-05/IMG_1540.JPG,Very Small,Very Small,0.9998767375946045,0.00012323159899096936,1.586955455934458e-08,3.625979871912932e-08
2025-09-05/IMG_1541.JPG,Small,Small,0.0005671752733178437,0.9992715716362,0.00016123140812851489,1.978233798993756e-09
2025-09-05/IMG_1542.JPG,Small,Small,0.027836086228489876,0.9147164821624756,0.057397641241550446,4.977412027074024e-05
2025-09-05/IMG_1544.JPG,Very Small,Very Small,0.8784357309341431,0.10856904834508896,0.012580220587551594,0.0004150053719058633
2025-09-05/IMG_1545.JPG,Very Small,Very Small,0.9194203019142151,0.07422588765621185,0.004554285202175379,0.0017995941452682018
2025-09-05/IMG_1549.JPG,Very Small,Very Small,0.9972894191741943,0.002707432024180889,2.252777676403639e-06,9.072778084373567e-07
2025-09-05/IMG_1550.JPG,Very Small,Very Small,0.9452534317970276,0.054649610072374344,9.404472075402737e-05,2.8944643872819142e-06
2025-09-05/IMG_1551.JPG,Small,Small,0.010351668111979961,0.9603016972541809,0.029336493462324142,1.0204099453403614e-05
2025-09-05/IMG_1552.JPG,Medium,Medium,0.0036280578933656216,0.25114983320236206,0.7422946691513062,0.0029274767730385065
2025-09-05/IMG_1553.JPG,Very Small,Very Small,0.9679250717163086,0.03202516585588455,3.3621570764807984e-05,1.6185076674446464e-05
2025-09-05/IMG_1554.JPG,Small,Small,0.003951770253479481,0.9132096767425537,0.08282408118247986,1.4491799447569065e-05
2025-09-05/IMG_1555.JPG,Very Small,Very Small,0.975678563117981,0.02428823709487915,3.0325410989462398e-05,2.8951712920388673e-06
2025-09-05/IMG_1557.JPG,Very Small,Very Small,0.9966704249382019,0.003329099155962467,4.834570859202358e-07,4.85957194484854e-08
2025-09-05/IMG_1558.JPG,Small,Small,0.007298475597053766,0.9925415515899658,0.00015993918350432068,1.382656655835035e-08
2025-09-05/IMG_1559.JPG,Small,Small,0.0014336805325001478,0.9902410507202148,0.008325193077325821,1.3621455252632586e-07
2025-09-05/IMG_1560.JPG,Small,Small,0.003090557176619768,0.9916874766349792,0.005221386905759573,6.497543267869332e-07
2025-09-05/IMG_1562.JPG,Very Small,Very Small,0.9949665665626526,0.005032166372984648,1.2404505014274037e-06,9.942061041101624e-08
2025-09-05/IMG_1564.JPG,Very Small,Very Small,0.9986416697502136,0.0013576479395851493,4.4945639388060954e-07,2.3904505042082747e-07
2025-09-05/IMG_1565.JPG,Very Small,Very Small,0.9831788539886475,0.016708573326468468,0.00010698616097215563,5.508722551894607e-06
2025-09-05/IMG_1566.JPG,Small,Small,0.008012047037482262,0.981590986251831,0.010394124314188957,2.7620515083981445e-06
2025-09-05/IMG_1568.JPG,Small,Small,0.006824267562478781,0.9924446940422058,0.0007309524226002395,6.07023622478664e-08
2025-09-05/IMG_1569.JPG,Very Small,Very Small,0.9999830722808838,1.6912816136027686e-05,4.619023385998844e-09,1.6871395391859778e-09
2025-09-05/IMG_1570.JPG,Very Small,Very Small,0.9998353719711304,0.00016449195391032845,9.385244936765957e-08,3.866690434506381e-08
2025-09-05/IMG_1571.JPG,Small,Small,0.003139386186376214,0.9902045726776123,0.006655400153249502,6.56851284475124e-07
2025-09-05/IMG_1572.JPG,Medium,Medium,0.0005107774632051587,0.10294201970100403,0.8960736989974976,0.0004734581452794373
2025-09-05/IMG_1574.JPG,Small,Small,0.005542831029742956,0.983258068561554,0.011194446124136448,4.711484507424757e-06
2025-09-05/IMG_1576.JPG,Very Small,Very Small,0.9976032376289368,0.002396394731476903,2.947438417777448e-07,1.022334785716339e-07
2025-09-05/IMG_1577.JPG,Very Small,Very Small,0.959152102470398,0.04082683473825455,1.9667151718749665e-05,1.4558982002199627e-06
2025-09-05/IMG_1579.JPG,Small,Small,0.01280013844370842,0.8184295296669006,0.16871517896652222,5.5145133956102654e-05
2025-09-05/IMG_1580.JPG,Small,Small,0.004480885341763496,0.9934321641921997,0.0020868387073278427,7.647028610335838e-08
2025-09-05/IMG_1581.JPG,Small,Small,0.000401054770918563,0.9994627833366394,0.00013612928160000592,1.6188218543433663e-09
2025-09-05/IMG_1582.JPG,Medium,Medium,0.00029212379013188183,0.20803214609622955,0.791637122631073,3.869376450893469e-05
2025-09-05/IMG_1583.JPG,Small,Small,0.020469481125473976,0.9713315963745117,0.008194835856556892,4.066702331328997e-06
2025-09-05/IMG_1585.JPG,Medium,Medium,0.0019398985896259546,0.1564822793006897,0.8393571972846985,0.00222059921361506
2025-09-05/IMG_1586.JPG,Very Small,Very Small,0.9898186326026917,0.01017637737095356,3.672199909487972e-06,1.3162001550881541e-06
2025-09-05/IMG_1588.JPG,Very Small,Very Small,0.999056875705719,0.000942939193919301,9.913750176337999e-08,5.394764457378187e-08
2025-09-05/IMG_1589.JPG,Very Small,Very Small,0.9995334148406982,0.0004665878077503294,4.706391276698696e-09,2.931330511657393e-09
2025-09-05/IMG_1590.JPG,Small,Small,0.024743972346186638,0.9729617834091187,0.002293479163199663,7.659510288249294e-07
2025-09-05/IMG_1591.JPG,Very Small,Very Small,0.9991310238838196,0.0008635743288323283,4.103200353711145e-06,1.4238250969356159e-06
2025-09-05/IMG_1592.JPG,Small,Small,0.005036728456616402,0.9709243774414062,0.024037834256887436,9.983057225326775e-07
2025-09-05/IMG_1593.JPG,Very Small,Very Small,0.981338620185852,0.01847410947084427,0.00016987294657155871,1.7366677639074624e-05
2025-09-05/IMG_1595.JPG,Small,Small,0.005678151734173298,0.986573338508606,0.0077418191358447075,6.723287242493825e-06
2025-09-05/IMG_1596.JPG,Very Small,Very Small,0.9964731335639954,0.003526026615872979,7.700594437665131e-07,7.022669734624287e-08
2025-09-05/IMG_1597.JPG,Very Small,Very Small,0.9979898929595947,0.0020093622151762247,6.929968776603346e-07,5.729117802388828e-08
2025-09-05/IMG_1598.JPG,Small,Small,0.020187508314847946,0.9478244781494141,0.03192407637834549,6.397784454748034e-05
2025-09-05/IMG_1599.JPG,Small,Small,0.015442591160535812,0.9682809114456177,0.01626405119895935,1.2489485015976243e-05
2025-09-05/IMG_1600.JPG,Small,Small,0.055541329085826874,0.9376934170722961,0.006727909203618765,3.7283283745637164e-05
2025-09-05/IMG_1601.JPG,Small,Small,0.0015336904907599092,0.8737084865570068,0.1247282475233078,2.9619859560625628e-05
2025-09-05/IMG_1602.JPG,Medium,Medium,0.00015132210683077574,0.08377300202846527,0.915953516960144,0.00012221689394209534
2025-09-05/IMG_1603.JPG,Medium,Medium,0.0003869633364956826,0.06209724768996239,0.9358487725257874,0.0016669391188770533
2025-09-05/IMG_1604.JPG,Small,Small,0.004695188254117966,0.990281343460083,0.005021893419325352,1.4907294598742737e-06
2025-09-05/IMG_1605.JPG,Small,Small,0.008335570804774761,0.989990234375,0.0016732162330299616,9.234791491508076e-07
2025-09-05/IMG_1606.JPG,Small,Small,0.007121889851987362,0.8313997983932495,0.16131974756717682,0.00015859560517128557
2025-09-05/IMG_1607.JPG,Medium,Medium,0.0028953191358596087,0.058409735560417175,0.9130530953407288,0.025641772896051407
2025-09-05/IMG_1608.JPG,Small,Small,0.4537060260772705,0.5359766483306885,0.009923628531396389,0.00039372104220092297
2025-09-29/IMG_1672.JPG,Small,Small,0.004728046245872974,0.991958737373352,0.0033119742292910814,1.3013246871196316e-06
2025-09-29/IMG_1673.JPG,Small,Small,0.013858933933079243,0.9825918674468994,0.0035472118761390448,1.953258106368594e-06
2025-09-29/IMG_1674.JPG,Small,Small,4.726236511487514e-05,0.7905504703521729,0.20940148830413818,7.379985049738025e-07
2025-09-29/IMG_1675.JPG,Medium,Medium,0.0004548740980681032,0.11106214672327042,0.8880810141563416,0.0004019007901661098
2025-09-29/IMG_1677.JPG,Small,Small,0.00021957441640552133,0.9875084757804871,0.012271851301193237,7.705290272497223e-08
2025-09-29/IMG_1678.JPG,Small,Small,2.9328955861274153e-05,0.9942052960395813,0.005765361245721579,5.1164725789476506e-08
2025-09-29/IMG_1679.JPG,Medium,Medium,6.805425800848752e-05,0.020114386454224586,0.9792545437812805,0.0005630202940665185
2025-09-29/IMG_1681.JPG,Medium,Medium,0.0002662975457496941,0.004880855325609446,0.9801595211029053,0.01469331607222557
2025-09-29/IMG_1684.JPG,Medium,Medium,0.00017890626622829586,0.024121617898344994,0.9741048216819763,0.0015946060884743929
2025-09-29/IMG_1685.JPG,Very Small,Very Small,0.9879381060600281,0.011835092678666115,0.0001654407533351332,6.131228292360902e-05
2025-09-29/IMG_1688.JPG,Very Small,Very Small,0.9962916374206543,0.0037077153101563454,5.650307457472081e-07,4.451462842780529e-08
2025-09-29/IMG_1689.JPG,Very Small,Very Small,0.9627187848091125,0.03722111135721207,5.818183490191586e-05,1.922390538311447e-06
2025-09-29/IMG_1690.JPG,Medium,Medium,0.00018321166862733662,0.023102104663848877,0.9751200675964355,0.0015946339117363095
2025-09-29/IMG_1691.JPG,Medium,Medium,0.0013536972692236304,0.005112536251544952,0.901689350605011,0.09184437245130539
2025-09-29/IMG_1692.JPG,Medium,Medium,0.00019039626931771636,0.007503175176680088,0.9884828925132751,0.0038234801031649113
2025-09-29/IMG_1693.JPG,Medium,Medium,1.4019378795637749e-05,0.11927933245897293,0.880699098110199,7.490775715268683e-06
2025-09-29/IMG_1697.JPG,Medium,Medium,0.0009218798368237913,0.09859229624271393,0.8998545408248901,0.0006313043995760381
2025-09-29/IMG_1699.JPG,Medium,Medium,0.00017381709767505527,0.015880195423960686,0.9833207726478577,0.0006251710001379251
2025-09-29/IMG_1700.JPG,Small,Small,0.0002905581204686314,0.9264345169067383,0.07327407598495483,9.118209050029691e-07
2025-09-29/IMG_1701.JPG,Small,Small,0.006899075582623482,0.9864513874053955,0.0066480678506195545,1.3790552202408435e-06
2025-09-29/IMG_1702.JPG,Very Small,Very Small,0.9991551637649536,0.0008447332656942308,1.0509856451790256e-07,1.2520240844082764e-08
2025-09-29/IMG_1703.JPG,Very Small,Very Small,0.9796221256256104,0.020357072353363037,1.9347862689755857e-05,1.4178971241562977e-06
2025-09-29/IMG_1704.JPG,Medium,Medium,0.00015238297055475414,0.042159657925367355,0.9568606615066528,0.0008272275445051491
2025-09-29/IMG_1705.JPG,Very Small,Very Small,0.9946438074111938,0.0052008978091180325,7.24152268958278e-05,8.290650293929502e-05
2025-09-29/IMG_1706.JPG,Medium,Medium,0.0003230654983781278,0.03181298077106476,0.9666516780853271,0.001212275237776339
2025-09-29/IMG_1707.JPG,Small,Small,0.0049074431881308556,0.9753271341323853,0.019758690148591995,6.740655408066232e-06
2025-09-29/IMG_1708.JPG,Small,Small,0.0012277684872969985,0.9920017719268799,0.006769736763089895,7.45094325793616e-07
2025-09-29/IMG_1709.JPG,Small,Small,0.0001992611214518547,0.5980371832847595,0.4017607867717743,2.733884457484237e-06
2025-09-29/IMG_1710.JPG,Medium,Medium,0.0002689849934540689,0.010492642410099506,0.9870533347129822,0.002185048069804907
2025-09-29/IMG_1711.JPG,Very Small,Very Small,0.9945441484451294,0.005408709403127432,2.2919908587937243e-05,2.4234675947809592e-05
2025-09-29/IMG_1712.JPG,Small,Small,0.0006230504368431866,0.8559120893478394,0.14345209300518036,1.2762632650265004e-05
2025-09-29/IMG_1713.JPG,Medium,Medium,0.00026777092716656625,0.05303758755326271,0.9461575150489807,0.0005370708531700075
2025-09-29/IMG_1714.JPG,Medium,Medium,0.00012448635243345052,0.006339543964713812,0.9922665953636169,0.0012694053584709764
2025-09-29/IMG_1715.JPG,Very Small,Very Small,0.9943011999130249,0.005695249419659376,2.5411272872588597e-06,1.091564740818285e-06
2025-09-29/IMG_1716.JPG,Very Small,Very Small,0.9030284881591797,0.09695138037204742,1.9654880816233344e-05,4.07622223974613e-07
2025-09-29/IMG_1717.JPG,Medium,Medium,0.0001292537635890767,0.07784683257341385,0.9218377470970154,0.0001861861237557605
2025-09-29/IMG_1718.JPG,Small,Small,0.0015660178614780307,0.9936063289642334,0.004827029537409544,6.106002956585144e-07
2025-09-29/IMG_1719.JPG,Very Small,Very Small,0.9912281036376953,0.008745593018829823,1.7546677554491907e-05,8.83746542967856e-06
2025-09-29/IMG_1720.JPG,Small,Small,0.00943974032998085,0.9786656498908997,0.01188619527965784,8.359955245396122e-06
2025-09-29/IMG_1721.JPG,Very Small,Very Small,0.9546831250190735,0.04523126035928726,8.300633635371923e-05,2.6804204935615417e-06
2025-09-29/IMG_1722.JPG,Very Small,Very Small,0.9454154372215271,0.054319459944963455,0.00023652306117583066,2.8555101380334236e-05
2025-09-29/IMG_1723.JPG,Medium,Medium,5.06321266584564e-05,0.034594595432281494,0.9653037190437317,5.1034105126746e-05
2025-09-29/IMG_1725.JPG,Small,Small,0.0005256186705082655,0.9965248703956604,0.0029494587797671556,3.481371990687876e-08
2025-09-29/IMG_1726.JPG,Small,Small,0.000881953805219382,0.6882548928260803,0.3108328878879547,3.0250379495555535e-05
2025-09-29/IMG_1727.JPG,Very Small,Very Small,0.9925294518470764,0.007442866917699575,2.1415755327325314e-05,6.209771981957601e-06
2025-09-29/IMG_1728.JPG,Very Small,Very Small,0.9915546774864197,0.00841983500868082,1.8018741684500128e-05,7.532252766395686e-06
2025-09-29/IMG_1729.JPG,Very Small,Very Small,0.9998400211334229,0.00015940124285407364,4.0568329495727085e-07,2.2051654013921507e-07
2025-09-29/IMG_1731.JPG,Small,Small,0.00029198871925473213,0.9915136694908142,0.008194303140044212,1.4795904235143098e-07
2025-09-29/IMG_1732.JPG,Very Small,Very Small,0.9975899457931519,0.0023839978966861963,1.1696037290676031e-05,1.4462055332842283e-05
2025-09-29/IMG_1735.JPG,Very Small,Very Small,0.5625236630439758,0.4361790418624878,0.0012741321697831154,2.3174910893430933e-05
2025-09-29/IMG_1736.JPG,Very Small,Very Small,0.9967555403709412,0.003241498488932848,1.6833719200803898e-06,1.2563774589580134e-06
2025-09-29/IMG_1737.JPG,Small,Small,0.003618649672716856,0.9963571429252625,2.423118166916538e-05,4.782086282517639e-09
2025-09-29/IMG_1738.JPG,Medium,Medium,0.0001245543680852279,0.037428118288517,0.961821973323822,0.0006253616884350777
2025-09-29/IMG_1739.JPG,Small,Small,0.031119052320718765,0.9627199172973633,0.006132742390036583,2.822566057147924e-05
2025-09-29/IMG_1740.JPG,Small,Small,0.0014125038869678974,0.9949553608894348,0.0036317692138254642,3.0916035598238523e-07
2025-09-29/IMG_1742.JPG,Small,Small,0.0002562300069257617,0.9703502655029297,0.02939341962337494,6.086363413260187e-08
2025-09-29/IMG_1746.JPG,Medium,Medium,0.00017273571575060487,0.024320630356669426,0.9743860960006714,0.0011205114424228668
2025-09-29/IMG_1748.JPG,Very Small,Very Small,0.9999443292617798,5.567539847106673e-05,4.172087741949326e-08,4.500111216998448e-08
2025-09-29/IMG_1750.JPG,Medium,Medium,4.517638444667682e-05,0.019696276634931564,0.9796599745750427,0.0005985437892377377
2025-09-29/IMG_1751.JPG,Small,Small,0.0017589679919183254,0.9968692660331726,0.0013716818066313863,6.097960891793264e-08
2025-09-29/IMG_1752.JPG,Small,Small,2.189752194681205e-05,0.9937305450439453,0.006247602868825197,1.3521447073117088e-08
2025-09-29/IMG_1753.JPG,Small,Small,0.005385225173085928,0.9818468689918518,0.012766419909894466,1.576761064825405e-06
2025-09-29/IMG_1754.JPG,Very Small,Very Small,0.9962828755378723,0.0036067452747374773,6.548378587467596e-05,4.492585503612645e-05
2025-09-29/IMG_1755.JPG,Medium,Medium,0.00023112256894819438,0.023384355008602142,0.9738251566886902,0.0025593056343495846
2025-09-29/IMG_1757.JPG,Very Small,Very Small,0.986480712890625,0.013491625897586346,2.5928100512828678e-05,1.7195210375575698e-06
2025-09-29/IMG_1759.JPG,Very Small,Very Small,0.9605293273925781,0.03944551944732666,2.471670632075984e-05,4.13810425925476e-07
2025-09-29/IMG_1760.JPG,Very Small,Very Small,0.9323372840881348,0.06764598190784454,1.6141997548402287e-05,5.434588388197881e-07
2025-09-29/IMG_1761.JPG,Small,Small,0.0035257097333669662,0.9917516112327576,0.004721328150480986,1.3201886304159416e-06
2025-09-29/IMG_1763.JPG,Medium,Medium,0.0008395917830057442,0.1856289803981781,0.8129470348358154,0.0005843443796038628
2025-09-29/IMG_1764.JPG,Small,Small,0.0013695096131414175,0.9976215958595276,0.0010088494746014476,5.155947491175539e-08
2025-09-29/IMG_1768.JPG,Medium,Medium,0.00011388629354769364,0.03772467002272606,0.9614318013191223,0.0007296425173990428
2025-09-29/IMG_1769.JPG,Medium,Medium,0.00016651747864671052,0.07059729844331741,0.9288623332977295,0.0003737871302291751
2025-09-29/IMG_1770.JPG,Very Small,Very Small,0.9941808581352234,0.005434893537312746,0.00011580806312849745,0.000268416537437588
2025-09-29/IMG_1772.JPG,Very Small,Very Small,0.996738612651825,0.0031564664095640182,4.316637205192819e-05,6.173009023768827e-05
2025-09-29/IMG_1773.JPG,Very Small,Very Small,0.9955981373786926,0.003249647095799446,0.00033350472222082317,0.0008187129278667271
2025-09-29/IMG_1776.JPG,Very Small,Very Small,0.9934573769569397,0.006079117301851511,0.00021921200095675886,0.00024435375235043466
2025-09-29/IMG_1777.JPG,Very Small,Very Small,0.9898607730865479,0.0069181062281131744,0.0008651509415358305,0.002355968812480569
2025-09-29/IMG_1779.JPG,Very Small,Very Small,0.9899442195892334,0.009887030348181725,8.571174112148583e-05,8.30452045192942e-05
2025-09-29/IMG_1780.JPG,Small,Small,0.0003346051671542227,0.8579763174057007,0.14168475568294525,4.247190645401133e-06
2025-09-29/IMG_1781.JPG,Small,Small,0.0018983989721164107,0.7517929077148438,0.24627217650413513,3.6609661037800834e-05
2025-09-29/IMG_1784.JPG,Small,Small,0.0004889995907433331,0.833315908908844,0.16618536412715912,9.769760254130233e-06
2025-09-29/IMG_1785.JPG,Very Small,Very Small,0.9991177916526794,0.0008401343948207796,1.8962262402055785e-05,2.3120812329580076e-05
2025-09-29/IMG_1786.JPG,Very Small,Very Small,0.8689219355583191,0.12899638712406158,0.0017909461166709661,0.00029067829018458724
2025-09-29/IMG_1787.JPG,Very Small,Very Small,0.9819297194480896,0.017335478216409683,0.0004331991367507726,0.000301524210954085
2025-09-29/IMG_1788.JPG,Very Small,Very Small,0.9849032163619995,0.014822122640907764,0.00021656497847288847,5.79773259232752e-05
2025-09-29/IMG_1791.JPG,Very Small,Very Small,0.9597042798995972,0.03923900052905083,0.0006932364194653928,0.0003635412722360343
2025-09-29/IMG_1792.JPG,Small,Small,0.008787513710558414,0.9803133606910706,0.010875062085688114,2.4091934392345138e-05
2025-09-29/IMG_1793.JPG,Very Small,Very Small,0.9590840935707092,0.03884218633174896,0.0012537860311567783,0.00081997225061059
2025-09-29/IMG_1794.JPG,Very Small,Very Small,0.9395643472671509,0.05980857461690903,0.0004743854806292802,0.00015272536256816238
2025-09-29/IMG_1797.JPG,Small,Small,0.008497366681694984,0.9282448291778564,0.06322263181209564,3.5235181712778285e-05
2025-09-29/IMG_1799.JPG,Small,Small,0.01996489055454731,0.9704989790916443,0.009508890099823475,2.721713281061966e-05
2025-09-29/IMG_1800.JPG,Very Small,Very Small,0.9729102253913879,0.025821605697274208,0.0007184799178503454,0.0005496611702255905
2025-09-29/IMG_1801.JPG,Very Small,Very Small,0.9993206262588501,0.0006580656627193093,9.016573130793404e-06,1.2246365258761216e-05
2025-09-29/IMG_1802.JPG,Very Small,Very Small,0.9940434098243713,0.005195114761590958,0.00019115950271952897,0.0005703823990188539
2025-09-29/IMG_1803.JPG,Very Small,Very Small,0.9625762104988098,0.03734089806675911,6.906435010023415e-05,1.3799861335428432e-05
2025-09-29/IMG_1804.JPG,Very Small,Very Small,0.9903655052185059,0.009067464619874954,0.00025871407706290483,0.0003083327319473028
2025-09-29/IMG_1806.JPG,Very Small,Very Small,0.8678891062736511,0.13148286938667297,0.0005546562024392188,7.344866025960073e-05
2025-09-29/IMG_1809.JPG,Medium,Medium,0.00038126439903862774,0.008691883645951748,0.9764479994773865,0.014478910714387894
2025-09-29/IMG_1811.JPG,Medium,Medium,3.842492515104823e-05,0.03750459849834442,0.9622933864593506,0.00016358235734514892
2025-09-29/IMG_1815.JPG,Very Small,Very Small,0.8864014148712158,0.11245682835578918,0.001038724440149963,0.00010301938891643658
2025-09-29/IMG_1816.JPG,Very Small,Very Small,0.7723225355148315,0.21790412068367004,0.009028167463839054,0.0007451851270161569
2025-09-29/IMG_1817.JPG,Very Small,Very Small,0.9763438701629639,0.023326879367232323,0.00023271584359463304,9.658308408688754e-05
2025-09-29/IMG_1818.JPG,Very Small,Very Small,0.9280443787574768,0.07103267312049866,0.0007180109387263656,0.00020500550454016775
2025-09-29/IMG_1819.JPG,Small,Small,0.0798669308423996,0.9054440855979919,0.014611230231821537,7.767862553009763e-05
2025-09-29/IMG_1820.JPG,Very Small,Very Small,0.9599360823631287,0.03896632045507431,0.0007674798835068941,0.0003300925891380757
2025-09-29/IMG_1821.JPG,Very Small,Very Small,0.9574021100997925,0.0407891646027565,0.0009809145703911781,0.0008277319138869643
2025-09-29/IMG_1822.JPG,Very Small,Very Small,0.9549527764320374,0.042186468839645386,0.001389556098729372,0.0014712652191519737
2025-09-29/IMG_1824.JPG,Medium,Medium,0.00027334733749739826,0.018791602924466133,0.9788707494735718,0.0020644264295697212
2025-09-29/IMG_1825.JPG,Small,Small,0.00032298610312864184,0.7852531671524048,0.2144014686346054,2.2424339476856403e-05
2025-09-29/IMG_1826.JPG,Small,Small,0.0020423822570592165,0.9652813673019409,0.032657645642757416,1.860036536527332e-05
2025-09-29/IMG_1827.JPG,Medium,Medium,0.0003671706945169717,0.03340891748666763,0.9626284241676331,0.0035954639315605164
2025-09-29/IMG_1828.JPG,Small,Small,0.0012998158344998956,0.8404293060302734,0.15824492275714874,2.5983239538618363e-05
2025-09-29/IMG_1830.JPG,Small,Small,0.0022722685243934393,0.9892873764038086,0.008438754826784134,1.5137213722482556e-06
2025-09-29/IMG_1831.JPG,Small,Small,0.00041308245272375643,0.9995362758636475,5.0715218094410375e-05,1.3226801875987348e-09
2025-09-29/IMG_1832.JPG,Small,Small,0.0008908503805287182,0.9986118078231812,0.0004973557079210877,3.0202453871197577e-08
2025-09-29/IMG_1833.JPG,Small,Small,3.835039478872204e-06,0.9992122650146484,0.0007838397868908942,2.9424068737071707e-10
2025-09-29/IMG_1834.JPG,Small,Small,2.4533546820748597e-05,0.9982751607894897,0.0017003270331770182,2.8023476872363062e-09
2025-09-29/IMG_1835.JPG,Small,Small,2.3865395633038133e-06,0.9999371767044067,6.042334280209616e-05,1.3093309422784749e-11
2025-09-29/IMG_1836.JPG,Small,Small,0.0005563671002164483,0.9930877089500427,0.006355645135045052,2.759248900474631e-07
2025-09-29/IMG_1838.JPG,Small,Small,2.620257146190852e-05,0.991734504699707,0.00823926366865635,3.909521151257422e-09
2025-09-29/IMG_1840.JPG,Small,Small,1.6313371816067956e-05,0.9999511241912842,3.253196337027475e-05,2.4019678607212214e-11
2025-09-29/IMG_1841.JPG,Small,Small,0.00012955511920154095,0.9992691874504089,0.0006012440426275134,4.94249574600758e-09
2025-09-29/IMG_1843.JPG,Small,Small,0.00041269100620411336,0.9993698000907898,0.00021751892927568406,7.745807550918471e-09
2025-09-29/IMG_1844.JPG,Small,Small,9.035476978169754e-06,0.9904154539108276,0.009575488977134228,9.606575979148602e-09
2025-09-29/IMG_1845.JPG,Small,Small,5.873987538507208e-05,0.9872680306434631,0.012673278339207172,1.3639830598322078e-08
2025-09-29/IMG_1846.JPG,Small,Small,0.00017230547382496297,0.9851171970367432,0.014710343442857265,1.1189510473741393e-07
2025-09-29/IMG_1847.JPG,Medium,Medium,6.17739642621018e-05,0.10499553382396698,0.8947265148162842,0.00021614800789393485
2025-09-29/IMG_1848.JPG,Medium,Small,5.503808552020928e-06,0.8592148423194885,0.14077945053577423,1.782259744231851e-07
2025-09-29/IMG_1849.JPG,Small,Small,0.006028418894857168,0.7119972109794617,0.28185197710990906,0.0001224227307830006
2025-09-29/IMG_1850.JPG,Small,Small,0.02468711882829666,0.9732093214988708,0.002102617174386978,9.590460194885964e-07
2025-09-29/IMG_1854.JPG,Very Small,Very Small,0.9991996884346008,0.0007998381624929607,3.4838939200199093e-07,1.7785724537588976e-07
2025-09-29/IMG_1857.JPG,Very Small,Very Small,0.9996308088302612,0.000369198911357671,2.856037362164443e-08,3.517805380326422e-09
2025-09-29/IMG_1858.JPG,Small,Small,0.00973676797002554,0.9901416897773743,0.00012158512254245579,3.189723685181889e-08
2025-09-29/IMG_1859.JPG,Medium,Medium,8.66719929035753e-05,0.1523139625787735,0.8475449085235596,5.44524664292112e-05
2025-09-29/IMG_1861.JPG,Very Small,Very Small,0.9847077131271362,0.015277720056474209,1.2341256478975993e-05,2.243879862362519e-06
2025-09-29/IMG_1862.JPG,Small,Small,0.01842634752392769,0.7365602254867554,0.24483077228069305,0.0001826654770411551
2025-09-29/IMG_1865.JPG,Small,Small,0.0009450998622924089,0.9885188937187195,0.010535405948758125,5.389105126596405e-07
2025-09-29/IMG_1869.JPG,Small,Small,0.0018740923842415214,0.9926512837409973,0.005474017933011055,5.456533926917473e-07
2025-09-29/IMG_1870.JPG,Small,Small,0.013678270392119884,0.9857131242752075,0.0006081071915104985,5.049849391980388e-07
2025-09-29/IMG_1871.JPG,Small,Small,0.00025917947641573846,0.92162024974823,0.07812020182609558,3.204469294360024e-07
2025-09-29/IMG_1873.JPG,Small,Small,0.00017578908591531217,0.9841578006744385,0.015666231513023376,1.5472042491637694e-07
2025-09-29/IMG_1874.JPG,Small,Small,0.00021189352264627814,0.8014861941337585,0.19830065965652466,1.2460236575861927e-06
2025-09-29/IMG_1875.JPG,Small,Small,0.0008658842998556793,0.9961026906967163,0.003031370462849736,1.2001976301689865e-07
2025-09-29/IMG_1877.JPG,Very Small,Very Small,0.99605393409729,0.003945283591747284,6.619991381739965e-07,1.8958212777420158e-08
2025-09-29/IMG_1878.JPG,Small,Small,0.02735123410820961,0.9720700979232788,0.0005783771048299968,3.475843186606653e-07
2025-09-29/IMG_1879.JPG,Very Small,Very Small,0.9989092350006104,0.0010900967754423618,4.706526226527785e-07,1.3819634148148907e-07
2025-09-29/IMG_1880.JPG,Very Small,Very Small,0.9963783621788025,0.003615603083744645,4.987409738532733e-06,1.003215515993361e-06
2025-09-29/IMG_1881.JPG,Small,Small,0.0009730469319038093,0.9951693415641785,0.0038574833888560534,1.7079997860491858e-07
2025-09-29/IMG_1882.JPG,Small,Small,0.002066812478005886,0.9550849795341492,0.04284648597240448,1.6946057712630136e-06
2025-09-29/IMG_1883.JPG,Small,Small,0.0003259741060901433,0.9958881735801697,0.0037858563009649515,1.7653031036957145e-08
2025-09-29/IMG_1885.JPG,Very Small,Very Small,0.9858720898628235,0.013020556420087814,0.0009364804718643427,0.00017097423551604152
2025-09-29/IMG_1886.JPG,Very Small,Very Small,0.9984991550445557,0.001500721089541912,1.0727710275659774e-07,4.731152802861516e-09
2025-09-29/IMG_1889.JPG,Very Small,Very Small,0.9906533360481262,0.00932519230991602,1.4599459973396733e-05,6.781245701859007e-06
2025-09-29/IMG_1890.JPG,Small,Small,0.024747224524617195,0.9591066837310791,0.016141418367624283,4.6545142140530515e-06
2025-09-29/IMG_1891.JPG,Medium,Medium,0.00021070132788736373,0.02545180544257164,0.9733977913856506,0.000939644465688616
2025-09-29/IMG_1893.JPG,Very Small,Very Small,0.9514199495315552,0.04818933829665184,0.0003685693664010614,2.2139862267067656e-05
2025-09-29/IMG_1895.JPG,Small,Small,0.0018203970976173878,0.9458423852920532,0.05232960730791092,7.577457836305257e-06
2025-09-29/IMG_1897.JPG,Small,Small,0.008579800836741924,0.9746167063713074,0.016800876706838608,2.587726839919924e-06
2025-09-29/IMG_1898.JPG,Medium,Medium,0.0010840384056791663,0.016400212422013283,0.9426373243331909,0.03987843170762062
2025-09-29/IMG_1899.JPG,Medium,Medium,8.546547178411856e-06,0.024934072047472,0.9750281572341919,2.9131748306099325e-05
2025-09-29/IMG_1900.JPG,Medium,Medium,0.0006402748404070735,0.01708407513797283,0.9741072058677673,0.008168413303792477
2025-09-29/IMG_1901.JPG,Small,Small,9.334975038655102e-05,0.990319013595581,0.00958764087408781,3.0467333544947905e-08
2025-09-29/IMG_1902.JPG,Small,Small,0.05311247333884239,0.9078459143638611,0.038986578583717346,5.499288818100467e-05
2025-09-29/IMG_1903.JPG,Medium,Medium,0.0019070198759436607,0.04932353273034096,0.9292881488800049,0.0194812323898077
2025-09-29/IMG_1904.JPG,Very Small,Very Small,0.9927752017974854,0.007180670276284218,3.607773032854311e-05,8.042587069212459e-06
2025-09-29/IMG_1905.JPG,Medium,Large,0.008042899891734123,0.008531018160283566,0.2846171259880066,0.6988089084625244
2025-09-29/IMG_1906.JPG,Large,Large,0.005797963123768568,0.00242437026463449,0.04583068564534187,0.945946991443634
2025-09-29/IMG_1907.JPG,Very Small,Very Small,0.9821348190307617,0.0177200585603714,0.00012733717449009418,1.7726479200064205e-05
2025-09-29/IMG_1908.JPG,Large,Large,0.004057752899825573,0.0022560448851436377,0.08869080990552902,0.904995322227478
2025-09-29/IMG_1909.JPG,Very Small,Very Small,0.9915114045143127,0.008466259576380253,1.9908122339984402e-05,2.5192316570610274e-06
2025-09-29/IMG_1912.JPG,Small,Small,0.00218023918569088,0.997732400894165,8.734554285183549e-05,1.065942445421797e-08
2025-09-29/IMG_1914.JPG,Very Small,Very Small,0.9988954067230225,0.0011038304073736072,7.549475640189485e-07,3.9539184371051306e-08
2025-09-29/IMG_1915.JPG,Very Small,Very Small,0.9997854828834534,0.00021451781503856182,9.635328090951134e-09,1.6275969461077011e-09
2025-09-29/IMG_1916.JPG,Very Small,Very Small,0.999703586101532,0.0002962961734738201,6.014270326204496e-08,1.2523170944689355e-08
2025-09-29/IMG_1917.JPG,Very Small,Very Small,0.9994651675224304,0.0005348115810193121,3.899923228800617e-08,4.134778741615719e-09
2025-09-29/IMG_1919.JPG,Very Small,Very Small,0.9982866644859314,0.0017036902718245983,8.718223398318514e-06,8.883576469997934e-07
2025-09-29/IMG_1920.JPG,Very Small,Very Small,0.9932342171669006,0.006763898767530918,1.8246066701976815e-06,5.338389996722981e-08
2025-09-29/IMG_1921.JPG,Very Small,Very Small,0.9845022559165955,0.015486030839383602,1.118664295063354e-05,5.197246082389029e-07
2025-09-29/IMG_1922.JPG,Very Small,Very Small,0.9896887540817261,0.010309488512575626,1.6157171103259316e-06,1.2417009997989226e-07
2025-09-29/IMG_1923.JPG,Very Small,Very Small,0.9777104258537292,0.022262614220380783,2.1746827769675292e-05,5.1286278903717175e-06
2025-09-29/IMG_1924.JPG,Very Small,Very Small,0.9983347058296204,0.0016615386120975018,2.6349987365392735e-06,1.1594188435992692e-06
2025-09-29/IMG_1925.JPG,Small,Small,0.012286826968193054,0.9711786508560181,0.016528332605957985,6.203748398547759e-06
2025-09-29/IMG_1927.JPG,Very Small,Very Small,0.994739830493927,0.0052492315880954266,1.001211057882756e-05,9.500973305875959e-07
2025-09-29/IMG_1930.JPG,Very Small,Very Small,0.9997240900993347,0.0002757066977210343,8.290677300237803e-08,1.8429307857559252e-08
2025-09-29/IMG_1931.JPG,Very Small,Very Small,0.9995902180671692,0.0004093139723408967,3.165499435908714e-07,1.2170485774731787e-07
2025-09-29/IMG_1933.JPG,Very Small,Very Small,0.9957907795906067,0.0041693951934576035,3.545041545294225e-05,4.320009338698583e-06
2025-09-29/IMG_1934.JPG,Small,Small,0.1260366439819336,0.8736491799354553,0.00031318189576268196,1.0807433454829152e-06
2025-09-29/IMG_1935.JPG,Very Small,Very Small,0.9981531500816345,0.0018396209925413132,6.524256150441943e-06,6.935995315870969e-07
2025-09-29/IMG_1937.JPG,Very Small,Very Small,0.9990476965904236,0.0009521626634523273,1.6563350868636917e-07,7.83957965211357e-09
2025-09-29/IMG_1939.JPG,Very Small,Very Small,0.9923794269561768,0.007612468674778938,7.902740435383748e-06,2.3149603123329143e-07
2025-09-29/IMG_1940.JPG,Very Small,Very Small,0.9996192455291748,0.00038015423342585564,4.62227319530939e-07,1.1591554738288323e-07
2025-09-29/IMG_1941.JPG,Very Small,Very Small,0.9993497729301453,0.000649662222713232,4.6512823814737203e-07,3.9992706035718584e-08
2025-09-29/IMG_1942.JPG,Very Small,Very Small,0.9990424513816833,0.0009574799332767725,4.671687392487911e-08,1.4184683427842515e-09
2025-09-29/IMG_1944.JPG,Very Small,Very Small,0.9975939393043518,0.0024004976730793715,5.269455868983641e-06,3.6113468127041415e-07
2025-09-29/IMG_1946.JPG,Very Small,Very Small,0.9981217980384827,0.0018772270996123552,7.902428365014202e-07,1.0370773395607102e-07
2025-09-29/IMG_1947.JPG,Small,Small,0.005934337619692087,0.9936512112617493,0.00041435821913182735,7.509579091902197e-08
2025-09-29/IMG_1948.JPG,Very Small,Very Small,0.9996465444564819,0.00035339276655577123,5.2889408408418603e-08,6.110389083602286e-09
2025-09-29/IMG_1950.JPG,Very Small,Very Small,0.9910057783126831,0.008854319341480732,0.00012487966159824282,1.5012114999990445e-05
