image_filename,true_class,predicted_class,decision_very_small,decision_small,decision_medium,decision_large
2025-08-22/IMG_0119.JPG,Very Small,Very Small,3.3004592393766186,2.2843997563216814,1.19690741035853,-0.3141707167118887
2025-08-22/IMG_9896.JPG,Small,Small,2.2850237095090935,3.310253004240906,1.3020884932821255,-0.32222617544315724
2025-08-07/IMG_9607.JPG,Medium,Medium,-0.3025952880461901,1.1935471141643084,3.3104935112464777,1.7210027216060317
2025-09-05/IMG_1018.JPG,Small,Small,2.0733988364873612,3.2783503399832936,1.0186734980034278,-0.2812841576016728
2025-08-22/IMG_0157.JPG,Medium,Medium,0.7087453172622928,2.167070143454854,3.298064666814483,-0.23902324441736797
2025-09-05/IMG_1066.JPG,Medium,Small,0.7637354507038139,3.256681905855371,2.234542170874373,-0.2556118855480522
2025-09-29/IMG_1848.JPG,Medium,Small,0.7834016541309972,3.3025345979300695,2.303041651551265,-0.3157632161404708
2025-08-22/IMG_0237.JPG,Very Small,Small,2.2214034057487977,3.29557357928214,1.2819471566704315,-0.3128741770635348
2025-09-05/IMG_1052.JPG,Very Small,Very Small,3.245436208271936,2.192300141213607,1.088131455767545,-0.2728948083705137
2025-09-05/IMG_1449.JPG,Medium,Medium,0.7661882994980865,2.289397590687156,3.3086514784276244,-0.31454624252910507
2025-08-22/IMG_9840.JPG,Medium,Medium,-0.29888023453318857,0.8024958318273585,3.302342604746771,2.0905818568243775
2025-08-07/IMG_9408.JPG,Small,Small,2.254418988963916,3.295590236878839,1.2951694271626903,-0.31648970964550316
2025-08-22/IMG_0130.JPG,Very Small,Very Small,3.3084264957936678,2.2901917691436697,1.2944841291242728,-0.32129524575404766
2025-09-05/IMG_1605.JPG,Small,Small,2.118071593671511,3.2890368259504643,1.198611751662693,-0.2984212357789345
2025-08-22/IMG_9860.JPG,Large,Large,-0.3192450900037565,0.7936471744198476,2.3143675174722604,3.2950630759441357
2025-09-05/IMG_0844.JPG,Medium,Medium,0.718733970497068,2.2958484470413127,3.3084571744734013,-0.31235606088123435
2025-09-05/IMG_0801.JPG,Small,Small,-0.29255930887964404,3.2986375520719404,2.304499360380457,0.6923222690865584
2025-08-07/IMG_9132.JPG,Small,Small,2.139245850103628,3.287670336671617,1.1877326377365571,-0.2975166951829377
2025-09-05/IMG_0832.JPG,Very Small,Very Small,3.3153743580825994,2.290027496852926,1.2968363164273202,-0.32335065723574613
2025-09-29/IMG_1926.JPG,Very Small,Very Small,3.288049650330745,2.292251218015588,1.2284095865445717,-0.3133154104271591
2025-09-05/IMG_0879.JPG,Small,Small,2.194760665601751,3.3012920968095654,1.2706050638050446,-0.31265850176630583
2025-08-07/IMG_9112.JPG,Small,Small,2.2518317825276086,3.290887063411237,1.255782977189332,-0.3099271475077117
2025-09-05/IMG_0909.JPG,Small,Small,2.272650305140922,3.3140563130681775,1.2991479572939466,-0.32241708737744
2025-08-07/IMG_9423.JPG,Very Small,Very Small,3.2791075035817534,2.2505391378745223,1.2515597821541005,-0.30612128668170757
2025-09-29/IMG_1939.JPG,Very Small,Very Small,3.281297996589412,2.2863221075425075,1.0131949260521025,-0.3067466916421148
2025-09-05/IMG_1353.JPG,Very Small,Small,2.2253275702828215,3.296121610804359,1.2706074591256207,-0.31162930760582075
2025-09-29/IMG_1845.JPG,Small,Small,0.9586034215088972,3.3001808881568353,2.306046282189295,-0.31755690607947323
2025-08-22/IMG_0128.JPG,Very Small,Very Small,3.318474209951214,2.255985878689872,1.280969273242912,-0.3226180291794221
2025-08-07/IMG_9542.JPG,Large,Large,-0.279833030579456,0.77997850841595,2.2652540551821208,3.255378424676688
2025-08-22/IMG_0010.JPG,Small,Small,2.28204321986626,3.294983341016452,1.0906459333445997,-0.3104464173035804
2025-09-05/IMG_0946.JPG,Medium,Medium,-0.3011735305668028,2.2629287207541093,3.3034127400018534,0.7271601950300535
2025-08-22/IMG_0129.JPG,Very Small,Very Small,3.3095976518708845,2.2869070153506215,1.299626319233254,-0.3218835091770697
2025-09-29/IMG_1826.JPG,Small,Small,0.8104732397591696,3.293285592497915,2.3098230447405204,-0.31681832449084
2025-09-05/IMG_1327.JPG,Very Small,Very Small,3.2864286043519373,2.154813360790724,1.2894701476398542,-0.3104602905707364
2025-09-05/IMG_1455.JPG,Very Small,Very Small,3.3221670461323036,2.3053806146623033,0.7246943437315763,-0.3240823675483658
2025-09-29/IMG_1912.JPG,Small,Very Small,3.271680879972681,2.2759326251356033,1.227649359766401,-0.3063817090424567
2025-08-22/IMG_9807.JPG,Very Small,Very Small,3.2543487945389495,2.28927406457914,1.2904222983495783,-0.3143441050742713
2025-08-07/IMG_9151.JPG,Very Small,Very Small,3.261509221643843,2.2725228375450444,0.8733337383830596,-0.29416178109133145
2025-08-07/IMG_9133.JPG,Small,Small,2.246660491545144,3.2880081254858746,1.22890561122999,-0.3064345616652575
2025-09-29/IMG_1784.JPG,Small,Small,0.9144850934448832,3.2940853593594515,2.286756840534969,-0.31003084270853093
2025-09-29/IMG_1778.JPG,Very Small,Very Small,3.3182927097150423,2.2760036775961097,1.3194660945893002,-0.3266685325357905
2025-09-05/IMG_0887.JPG,Medium,Medium,-0.2892356113351446,2.263416540126636,3.28764054358396,0.7406798957187837
2025-08-07/IMG_9232.JPG,Small,Small,2.2539179616001377,3.3009890544568434,1.1425732080887356,-0.3099423823381377
2025-08-07/IMG_9534.JPG,Large,Large,-0.26630670518798155,0.8070009425426561,2.2247863465182984,3.2554073261075436
2025-08-22/IMG_0012.JPG,Very Small,Very Small,3.25026459272469,0.8807655380716016,1.9319193410382913,-0.22913945913801118
2025-08-22/IMG_0210.JPG,Small,Small,1.1409312099421847,3.293968042075801,2.292195832774314,-0.3128873062490126
2025-09-29/IMG_1875.JPG,Small,Small,2.249871871029533,3.2966344138325328,1.2678885367089776,-0.3127191927312477
2025-08-22/IMG_9752.JPG,Medium,Medium,-0.3062660130576584,2.2610014353443058,3.3059151855769806,0.7415593885068497
2025-08-22/IMG_0295.JPG,Medium,Medium,0.7559538773323092,2.2643156140675624,3.288163131844269,-0.2940061573430961
2025-09-29/IMG_1950.JPG,Very Small,Very Small,3.2382367031722588,2.26834544008448,1.252993059022288,-0.3024215836802749
2025-09-29/IMG_1705.JPG,Very Small,Very Small,3.312533938257609,2.3054956818912204,0.7923542792518738,-0.32018316577522293
2025-09-05/IMG_1255.JPG,Small,Small,0.821070270283636,3.2714074683806307,2.15406601930857,-0.26775986480264385
2025-08-22/IMG_0246.JPG,Small,Small,2.1926075260856623,3.2874381929546477,1.2935305177412035,-0.3125080989280712
2025-08-07/IMG_9193.JPG,Very Small,Very Small,3.3193904676598267,2.3051394658814424,1.1486919917594987,-0.32395298761540087
2025-08-22/IMG_9735.JPG,Very Small,Small,2.2134060727781155,3.288286668869262,1.2885702052511943,-0.31200109433031753
2025-08-22/IMG_9778.JPG,Small,Small,2.2187651368251933,3.290650336562967,1.306919559147045,-0.3177122370856418
2025-09-05/IMG_1183.JPG,Very Small,Very Small,3.312356658173056,2.2990778950214823,1.3169492566673435,-0.3257517927022487
2025-09-05/IMG_1130.JPG,Small,Small,0.7584047314745977,3.2845518090049715,2.312144227368993,-0.31572553785503926
2025-08-22/IMG_0269.JPG,Very Small,Very Small,3.2840076125945266,2.2738213818712874,1.2951997088912233,-0.3158814244746475
2025-09-05/IMG_1388.JPG,Small,Small,0.7323900915033118,3.294836721551043,2.3055849311349377,-0.31196542288230844
2025-09-05/IMG_1462.JPG,Small,Small,1.0530307340904912,3.304624836299138,2.282426495409699,-0.3141188935473455
2025-08-07/IMG_9674.JPG,Large,Large,-0.30692936511248897,0.6948306623234057,2.3054673998845328,3.30666190779783
2025-09-05/IMG_0970.JPG,Small,Small,1.027445159314551,3.287975867787644,2.2775530276599265,-0.30648317639068223
2025-08-22/IMG_9772.JPG,Medium,Medium,-0.2950097693073177,2.273653956980875,3.309540244525402,0.697255552776554
2025-09-05/IMG_1452.JPG,Very Small,Very Small,3.300365958150017,2.3010048143519986,1.3060127822579075,-0.3224481433774549
2025-08-07/IMG_9700.JPG,Large,Large,-0.28795047193064854,0.7257123140417263,2.2932142286244814,3.2621337130096175
2025-09-05/IMG_1469.JPG,Very Small,Very Small,3.301706253189794,2.3135212784658403,0.7438838950345356,-0.31887041022425455
2025-09-05/IMG_1165.JPG,Medium,Medium,0.7050589700636496,2.2975740583300723,3.311258864709689,-0.31215545766187436
2025-08-22/IMG_0083.JPG,Very Small,Very Small,3.2950915198556,2.2712799039885128,0.891845496948312,-0.3068948257208828
2025-08-22/IMG_0293.JPG,Small,Small,2.2736356748073603,3.294583593102725,1.248714730563755,-0.31266168361827035
2025-09-05/IMG_1361.JPG,Very Small,Very Small,3.307953043901016,2.306997340061466,1.2877794956523425,-0.32261792433603736
2025-09-05/IMG_1246.JPG,Small,Small,1.0255247431333043,3.2839513519972794,2.291312274904355,-0.3091183031407334
2025-09-05/IMG_1398.JPG,Very Small,Very Small,3.2856988128855558,2.298512394929824,1.283698079040947,-0.317673711400285
2025-09-29/IMG_1722.JPG,Very Small,Very Small,3.2806441506237203,2.307821088804975,1.250413573205705,-0.3177657253083197
2025-09-29/IMG_1807.JPG,Very Small,Very Small,3.3110651385414362,2.3048538706297594,0.772562575233452,-0.3191643882092673
2025-08-07/IMG_9547.JPG,Small,Small,-0.2058863229176374,3.2645646945351805,2.200243686487116,0.737045356904722
2025-09-05/IMG_0922.JPG,Very Small,Very Small,3.294383463212593,2.3037791158343075,1.2979579555739418,-0.3211051646434086
2025-08-07/IMG_9575.JPG,Large,Large,-0.28742791223894665,0.7615298625149604,2.2639269910558344,3.2775220079646985
2025-09-29/IMG_1783.JPG,Small,Small,1.8686884454241752,3.3033260637583823,1.2756499450626508,-0.3114569093898626
2025-08-07/IMG_9466.JPG,Very Small,Very Small,3.322109489907053,2.2940535833421016,1.254766571182382,-0.3250881192761412
2025-08-07/IMG_9187.JPG,Small,Small,2.2630278521089204,3.304182251054886,1.2961226201069511,-0.31892445748171705
2025-08-07/IMG_9509.JPG,Small,Small,1.8787453360079933,3.2512828897073707,0.8417522490276734,-0.20448230776423265
2025-09-05/IMG_1499.JPG,Small,Small,2.286637223258435,3.308634121373845,1.2686974683701324,-0.31932252480796547
2025-09-05/IMG_1348.JPG,Small,Small,1.158260177626237,3.299119893594949,2.2976142644776902,-0.3157698853796672
2025-08-07/IMG_9445.JPG,Small,Small,0.7160969519890639,3.29250383613957,2.3023442846817774,-0.3059593587795874
2025-08-22/IMG_9796.JPG,Very Small,Very Small,3.3115140788707613,2.3025737580306767,1.2560272809609696,-0.32160682547714586
2025-09-05/IMG_0998.JPG,Small,Small,2.24360161026182,3.2858807055824704,0.7579039595030108,-0.28629122108996785
2025-09-05/IMG_1602.JPG,Medium,Medium,0.7815031433759649,2.2522778516534667,3.2532137778283787,-0.27126217271435615
2025-08-07/IMG_9215.JPG,Small,Small,1.2536461314191552,3.3037616004170403,2.307415909257696,-0.32066696454262783
2025-08-22/IMG_0163.JPG,Very Small,Very Small,3.282997420062979,2.294974843115922,1.3040001020207357,-0.31982482285754915
2025-08-22/IMG_9894.JPG,Small,Small,2.230037793390493,3.3000234750578294,1.311658533454554,-0.32080806830879005
2025-09-05/IMG_1249.JPG,Very Small,Small,2.2723240211693514,3.2917721358925256,1.268630562484854,-0.3132961176107367
2025-09-05/IMG_0994.JPG,Medium,Medium,1.151632763294082,2.2627197924766778,3.279032464963186,-0.30216229504071096
2025-09-29/IMG_1836.JPG,Small,Small,2.2401420560912357,3.300661795330287,1.2951698409398376,-0.3170840963677291
2025-08-07/IMG_9425.JPG,Very Small,Very Small,3.315851256219575,2.3034523819295183,1.1304896592114448,-0.3221723054167098
2025-08-07/IMG_9140.JPG,Very Small,Very Small,3.278865412982882,2.2840714786291954,1.2670700051272465,-0.31239110757299715
2025-09-05/IMG_1057.JPG,Small,Small,2.2292075208862743,3.226822550664046,0.7871587398421374,-0.23981583762456612
2025-09-05/IMG_0825.JPG,Medium,Medium,-0.3016270641497519,2.2719455957397066,3.3047098044573358,0.7174624133339782
2025-09-05/IMG_1541.JPG,Small,Small,2.089252460915567,3.2977288671613,1.230401330619674,-0.3054770304236026
2025-08-07/IMG_9414.JPG,Large,Large,-0.30142417845749403,0.7409416007876888,2.2984329302457165,3.271411898478086
2025-09-05/IMG_0917.JPG,Medium,Medium,0.7027044606036495,2.2809988899006934,3.308374360976423,-0.30151151585758906
2025-08-07/IMG_9606.JPG,Medium,Medium,-0.30065356222811795,1.1352585377418338,3.2975796607174517,2.0541765931226155
2025-09-05/IMG_0829.JPG,Small,Small,0.7566924763418608,3.303135020874661,2.310368576823501,-0.3180781507802316
2025-09-29/IMG_1945.JPG,Very Small,Very Small,3.2796668697169236,2.289771619307487,1.2327105931114946,-0.31136866399694546
2025-09-29/IMG_1809.JPG,Medium,Medium,0.6902842942546594,2.2579483222207273,3.312767847194614,-0.28218018413747564
2025-09-05/IMG_1069.JPG,Small,Medium,1.2217652466443687,2.285180178794511,3.2991039979306573,-0.31444577818046804
2025-09-05/IMG_0888.JPG,Small,Small,2.185512192365525,3.291178245604825,1.2962329541881201,-0.31389349753266615
2025-08-22/IMG_9877.JPG,Small,Small,-0.29348363232409325,3.2911843587101317,2.3068665068583836,0.6941284617209145
2025-09-05/IMG_1460.JPG,Small,Small,2.217397599334774,3.301864189349122,1.2944283341929046,-0.3166961325913019
2025-08-22/IMG_9961.JPG,Very Small,Very Small,3.2655493478962154,2.268773653554908,0.9887451953301333,-0.29648389855544915
2025-08-22/IMG_9776.JPG,Small,Small,2.184567641959668,3.302333962079384,1.2988832970819684,-0.31720644554286026
2025-08-22/IMG_0023.JPG,Very Small,Very Small,3.2863591083629897,2.2732681085383715,0.814984330914607,-0.3012764551255276
2025-08-07/IMG_9260.JPG,Small,Small,0.7259755317792846,3.3039574762589585,2.311603843603707,-0.31751081965163525
2025-08-22/IMG_0092.JPG,Small,Small,2.2610144759774267,3.2874115322113098,1.2494931238151767,-0.309255080496484
2025-08-07/IMG_9513.JPG,Small,Small,2.0806604358456013,3.2907315725343205,1.0828385151980067,-0.29399886122739133
2025-09-29/IMG_1930.JPG,Very Small,Very Small,3.2919796075547905,2.289250584313899,1.1648018313220512,-0.3119657377664063
2025-08-07/IMG_9410.JPG,Very Small,Very Small,3.285383139342164,2.305858612880045,1.226487119471737,-0.31683476333738425
2025-09-05/IMG_1072.JPG,Small,Small,2.074546184098244,3.286685163909601,1.211759129281916,-0.29700493825373486
2025-09-05/IMG_1250.JPG,Very Small,Very Small,3.2827625264106626,2.2627822610624158,1.047603637359775,-0.3015350055693434
2025-09-05/IMG_1294.JPG,Small,Small,0.7941264904233971,3.28057394002111,2.1298373424659798,-0.2709209566186267
2025-08-22/IMG_0174.JPG,Small,Small,2.2639156008021684,3.3011335173468943,1.309247786483226,-0.3209846501682456
2025-09-05/IMG_1323.JPG,Very Small,Very Small,3.281893084277545,2.2819005348681314,0.8151382473940527,-0.3022267937582145
2025-08-07/IMG_9493.JPG,Medium,Medium,-0.2634974330040698,2.236264602590827,3.251836790591162,0.7878324482868444
2025-08-07/IMG_9660.JPG,Large,Large,-0.3044808218071796,1.1406593236226508,2.290727190743963,3.2499869432656348
2025-09-05/IMG_1476.JPG,Small,Small,-0.2872716473120914,3.303056434570533,2.2876895266230903,0.6967624538253051
2025-08-22/IMG_0134.JPG,Medium,Medium,0.7316764045418018,2.275795421138553,3.2981563433016188,-0.30046585058603587
2025-08-22/IMG_0046.JPG,Very Small,Very Small,3.2695314476439368,2.274029342224311,1.2522452371849133,-0.3076052648946019
2025-09-29/IMG_1871.JPG,Small,Very Small,3.276388886226234,2.2831024081933733,1.2338898277744645,-0.3092514492900917
2025-08-22/IMG_0199.JPG,Small,Small,0.8032844860381569,3.2991037555433445,2.2996548696607784,-0.3139487460837614
2025-09-05/IMG_1513.JPG,Small,Small,1.07496257047805,3.285120433697427,1.8674812290477856,-0.2823961540269855
2025-09-05/IMG_1491.JPG,Small,Small,0.7797782829140405,3.2937042357504405,2.2753916441393858,-0.30361731965291994
2025-09-29/IMG_1725.JPG,Small,Small,0.8169164565318621,3.3064095763463914,2.2840822175138182,-0.3136445903547959
2025-09-05/IMG_1262.JPG,Very Small,Very Small,3.265712154580303,2.268459546462744,1.1764050778562098,-0.3006270358442871
2025-09-05/IMG_1377.JPG,Small,Small,0.9186110530395881,3.303616063254402,2.0889140762695555,-0.30372359022538953
2025-09-29/IMG_1716.JPG,Very Small,Very Small,3.2838464457536753,2.3046699845608654,1.2462486752222113,-0.31682574774828093
2025-09-05/IMG_1095.JPG,Medium,Medium,-0.30118103559344805,2.2609015801375776,3.3128274014987404,0.6984424564279531
2025-09-05/IMG_1577.JPG,Very Small,Small,2.269499964882574,3.2940665883733478,1.0186602592231133,-0.3072308501774558
2025-08-22/IMG_9751.JPG,Medium,Medium,-0.3104713922225617,1.1159421738924487,3.306886008693912,2.1969040900767833
2025-09-05/IMG_1023.JPG,Small,Small,2.2508625481699607,3.2687077877928834,1.17212648682505,-0.2973653107780272
2025-08-07/IMG_9128.JPG,Medium,Small,2.191305018380441,3.2867094479135663,1.2535112104794242,-0.30477572559266236
2025-09-05/IMG_1532.JPG,Very Small,Very Small,3.293885074364305,2.301447278768933,1.2848024452864588,-0.31931138540310255
2025-08-07/IMG_9429.JPG,Small,Small,0.7172662664250724,3.2720342249236625,2.3101361863899084,-0.3081185019908824
2025-08-07/IMG_9402.JPG,Small,Small,-0.2731422301811289,3.284159284451231,2.3013424708465484,0.695253528401321
2025-09-29/IMG_1895.JPG,Small,Medium,-0.25066092199491075,2.184410806455124,3.278790777436124,0.7438672210024517
2025-09-05/IMG_0979.JPG,Medium,Small,0.9026278804476862,3.272130060182333,2.2575631972793535,-0.2938058021818861
2025-08-07/IMG_9451.JPG,Very Small,Very Small,3.3210457136743337,2.302123778744504,1.0295849954051972,-0.32430124743990596
2025-09-05/IMG_0806.JPG,Small,Small,0.7734962442259443,3.3095875300087823,2.2857446849061125,-0.31473401651508076
2025-08-07/IMG_9204.JPG,Very Small,Very Small,3.319281101636903,2.304954033802536,1.2537324020986782,-0.32448085310368907
2025-09-05/IMG_0860.JPG,Small,Small,1.8514581961371097,3.3020217624104755,1.3131133899583713,-0.32017226861081155
2025-08-22/IMG_0179.JPG,Very Small,Very Small,3.3150280177165508,2.3064712555957287,0.772361438869507,-0.32119666527134105
2025-08-07/IMG_9086.JPG,Small,Small,0.7605182513269728,3.281486602300978,2.2194301436918527,-0.2759012924209377
2025-09-05/IMG_1534.JPG,Small,Small,2.2121705136655954,3.2890740080567658,0.8219269644359893,-0.2923609251677347
2025-09-05/IMG_1065.JPG,Small,Very Small,3.2671362470092085,2.2651928241075616,0.7978162123650875,-0.2882010318663597
2025-09-29/IMG_1681.JPG,Medium,Medium,0.6906661474657191,2.265828100796349,3.318046081619181,-0.30739977707341604
2025-09-29/IMG_1786.JPG,Very Small,Very Small,3.3128120369533622,2.3078092593828488,0.7679563532783149,-0.3205187168835222
2025-08-07/IMG_9182.JPG,Very Small,Small,2.2551301659057272,3.294107748756346,1.2418013276701414,-0.310188352276412
2025-08-22/IMG_0213.JPG,Very Small,Very Small,3.319069223595697,2.244148878454968,1.2970074517426726,-0.3236101826210742
2025-09-05/IMG_0840.JPG,Very Small,Very Small,3.3126812804943944,2.303334440992316,1.2199693711908544,-0.32150979436604993
2025-08-22/IMG_0200.JPG,Small,Small,2.2659570091133454,3.293613321911333,1.3012030265164531,-0.3179821359873335
2025-08-22/IMG_0110.JPG,Very Small,Very Small,3.278022246908011,2.2814254951520034,1.2609523090094088,-0.3111899646749246
2025-09-05/IMG_1222.JPG,Small,Small,0.7761957563997315,3.2820495680934014,2.2882346123952764,-0.30260469417637065
2025-08-07/IMG_9604.JPG,Small,Small,1.7692919003814347,3.299800247160761,1.2850917028819508,-0.30882718459574804
2025-08-07/IMG_9211.JPG,Very Small,Very Small,3.3022291423371097,2.3044927682793483,1.3007485622123454,-0.32240587344467975
2025-09-05/IMG_1261.JPG,Medium,Small,0.912257444241773,3.2131294509055888,2.2562843096841743,-0.27528200442584844
2025-09-05/IMG_1270.JPG,Small,Small,1.162951790903878,3.2796712741846408,2.214469226454092,-0.2961824898275339
2025-08-07/IMG_9243.JPG,Very Small,Very Small,3.3142328290001517,2.3050183239877393,0.723437213244872,-0.3190592073538196
2025-09-05/IMG_1508.JPG,Medium,Medium,-0.3114456943313537,1.2683198269513247,3.3058117905278106,1.8325398087309537
2025-09-05/IMG_1475.JPG,Medium,Medium,-0.30478030218188634,2.248646820702211,3.308658380940039,0.724427960379852
2025-08-07/IMG_9506.JPG,Very Small,Very Small,3.2763880302736776,2.30294996927104,1.2925950144278473,-0.31884485746582003
2025-08-22/IMG_0070.JPG,Small,Small,0.961713558152319,3.2489249781868708,2.264187829766942,-0.28970356912888107
2025-09-05/IMG_1015.JPG,Small,Small,2.1526414035585217,3.283953827917895,0.8980913576763718,-0.2867448626555336
2025-08-22/IMG_9806.JPG,Medium,Medium,-0.3040251204351081,0.7982362424806011,3.299955893384377,2.2483015877617922
2025-09-05/IMG_0873.JPG,Small,Small,0.743512130545588,3.2752090840358137,2.2725511367202675,-0.28489212152916726
2025-08-07/IMG_9512.JPG,Small,Very Small,3.2789295798288984,2.2813714775436753,1.2509631269989132,-0.3104846942424561
2025-08-22/IMG_9841.JPG,Small,Small,-0.2881691594732262,3.2941756541633898,2.3050413802214997,0.69247839991647
2025-09-05/IMG_1536.JPG,Small,Small,2.2787873005154866,3.301351375520462,1.2148830358409546,-0.314118500509001
2025-08-22/IMG_0047.JPG,Very Small,Very Small,3.275127305755582,2.2761363637308345,1.2527613993623161,-0.30898766259902355
2025-08-07/IMG_9202.JPG,Small,Small,2.0307672836230073,3.2937395531265508,1.2971277330109148,-0.31340570731658424
2025-08-22/IMG_0197.JPG,Small,Small,2.198262178018085,3.287711315770259,1.2553980161901142,-0.30567379969207575
2025-09-05/IMG_1162.JPG,Small,Small,0.7192688564223891,3.2761128923784018,2.3068476756991165,-0.3057257565050583
2025-09-29/IMG_1684.JPG,Medium,Medium,0.7123709933841589,2.2850746822858428,3.3131255091669187,-0.3126412620239649
2025-09-05/IMG_1439.JPG,Very Small,Very Small,3.3072392213540915,2.302382815194082,1.303613022152221,-0.32315826949595255
2025-08-22/IMG_0177.JPG,Very Small,Very Small,3.28460871132647,2.3030500188678156,1.29648133710671,-0.31994296795722393
2025-09-05/IMG_1111.JPG,Medium,Medium,0.7377057252239807,2.2879588366674755,3.302401888368919,-0.30851426967387835
2025-09-29/IMG_1745.JPG,Small,Small,1.2386532824891492,3.29251499737237,2.2924796655871194,-0.31465511164049165
2025-08-07/IMG_9226.JPG,Small,Small,2.0439333590537285,3.2998468507303036,1.2179771075972738,-0.30554553723049604
2025-09-05/IMG_1207.JPG,Very Small,Very Small,3.250017701990098,2.292610911604275,1.3087772899202452,-0.31930458932295497
2025-09-05/IMG_1387.JPG,Medium,Medium,0.7252731130258478,1.9896137236740987,3.2979753265220304,-0.2625252683759652
2025-08-07/IMG_9562.JPG,Medium,Medium,0.8398854634782347,2.2371024856435753,3.289457154005126,-0.29685035494831746
2025-09-05/IMG_1492.JPG,Small,Small,0.7341127658553048,3.291288977753982,2.3003121734418697,-0.3078500188828321
2025-09-29/IMG_1777.JPG,Very Small,Very Small,3.3181607788328087,2.3055610534836246,0.7892164415365492,-0.32266731023404005
2025-09-29/IMG_1790.JPG,Small,Small,2.290452635502065,3.3111760109801134,1.0994794466313156,-0.3183472323944345
2025-09-05/IMG_1528.JPG,Small,Small,2.2788613067057537,3.3046008622344054,1.2667005728503655,-0.3172482776009375
2025-08-22/IMG_9969.JPG,Small,Small,2.2531177315621056,3.29062765079186,0.8505529014941743,-0.30048651107457364
2025-09-05/IMG_1341.JPG,Medium,Medium,-0.290417554568332,2.2607099964221087,3.2946198403859226,0.7280200758251495
2025-08-07/IMG_9688.JPG,Large,Large,-0.3002366632451102,0.7003191886646316,2.291330817703888,3.3056492792272674
2025-09-05/IMG_1575.JPG,Small,Very Small,3.291765211170384,2.2979509656041683,0.7700897041607158,-0.30988696881213545
2025-09-05/IMG_0830.JPG,Small,Small,0.7230638673308695,3.3025733404682884,2.316801266045526,-0.32004727830910323
2025-09-05/IMG_1020.JPG,Small,Small,0.7442219852647423,3.297385065192462,2.2798346178489113,-0.3035853881035863
2025-08-22/IMG_0153.JPG,Medium,Medium,0.7427429987635683,2.264018818092298,3.306890762960685,-0.307757955195213
2025-09-05/IMG_0826.JPG,Very Small,Very Small,3.3143064847504733,2.307228441018059,1.1879491304863834,-0.3224332755922588
2025-09-05/IMG_1046.JPG,Small,Very Small,3.2187559765026426,2.2538573094173975,1.0112704227601428,-0.2790301374243235
2025-08-07/IMG_9595.JPG,Medium,Medium,-0.28683430165162543,0.7877707048248219,3.3056128628967136,1.7478932748453901
2025-09-05/IMG_1025.JPG,Very Small,Very Small,3.2630068211407726,2.1944132702006804,1.2208616486414074,-0.29219613585501636
2025-08-07/IMG_9184.JPG,Medium,Medium,0.7213067710694159,2.2064017244483636,3.300664071341531,-0.2837952651813852
2025-08-22/IMG_9921.JPG,Very Small,Small,2.2761688248996643,3.283183307460987,0.9294918652143647,-0.30359685570582967
2025-09-29/IMG_1822.JPG,Very Small,Very Small,3.3014655541595315,2.3060538141129325,0.7880986414348409,-0.3166115214384795
2025-09-05/IMG_1134.JPG,Small,Small,-0.30571172773238037,3.3073829386994382,2.3136035880167993,0.6855287519869415
2025-08-22/IMG_9999.JPG,Very Small,Very Small,2.2116664095809195,2.2658899678401685,2.182583916085079,-0.29110349812104713
2025-08-07/IMG_9239.JPG,Small,Small,2.220767279054383,3.299276306702156,1.1677312621044589,-0.3072132799621238
2025-09-05/IMG_1608.JPG,Small,Small,2.2268227953831823,3.2922505236198867,0.859280850856454,-0.29829245538260035
2025-08-22/IMG_0223.JPG,Small,Small,0.7493987944083939,3.277391455076633,2.301843235348461,-0.306698278814938
2025-08-07/IMG_9616.JPG,Large,Large,-0.3108771709823767,0.7028693549523767,2.3061460623705767,3.3050620212348
2025-09-05/IMG_1489.JPG,Medium,Medium,-0.2949123463276195,0.8100899924672353,3.2971687998760584,2.1463617989448966
2025-08-22/IMG_9936.JPG,Very Small,Very Small,3.273521204338987,2.2880988729491802,1.1801227923267956,-0.30792232454277046
2025-09-05/IMG_1414.JPG,Very Small,Very Small,3.306966195851872,2.2955174751530385,1.2836875011393802,-0.32059652552388623
2025-08-07/IMG_9233.JPG,Very Small,Very Small,3.3067836718631067,2.30710024163177,0.7799345348259785,-0.3183982471742397
2025-08-07/IMG_9556.JPG,Very Small,Very Small,3.284372515647436,2.2942681288252276,1.3029599591231247,-0.31962461810488996
2025-08-07/IMG_9209.JPG,Very Small,Very Small,3.2975705629355816,2.309571091788312,1.3080989191884935,-0.32368771647186445
2025-09-05/IMG_1509.JPG,Medium,Medium,-0.31272852315095595,1.2569915930544882,3.3055210755903133,2.15078473903836
2025-08-22/IMG_9771.JPG,Very Small,Very Small,3.310432005673435,2.300755622534747,1.3083445924104453,-0.32410649166397987
2025-08-07/IMG_9590.JPG,Medium,Medium,-0.296744632617627,2.2751135637301383,3.288811457225336,0.747925711066922
2025-08-22/IMG_9766.JPG,Large,Large,-0.30376984638030624,0.7162576057984853,2.302830606929887,3.2861780435275003
2025-09-05/IMG_1221.JPG,Small,Small,0.7331041944191958,3.3009647367876,2.2694645906888677,-0.3015868163014783
2025-09-05/IMG_1380.JPG,Medium,Medium,-0.2974418825688686,2.2185979710769033,3.295615570374031,0.8024139932878325
2025-08-22/IMG_0035.JPG,Very Small,Small,2.2497234091141163,3.270845698375222,1.160094124107307,-0.29727889205582936
2025-09-05/IMG_1268.JPG,Small,Small,0.8030503896279637,3.278680480890167,2.044157836196479,-0.2640004042413503
2025-08-07/IMG_9434.JPG,Small,Small,1.977133515236352,3.287978083393894,1.2948848270171807,-0.31102983774295306
2025-09-29/IMG_1902.JPG,Small,Small,2.1596804853923737,3.2162063680827813,1.230322643133699,-0.2777903969392374
2025-08-07/IMG_9518.JPG,Small,Small,2.2900833195458503,3.2948359507838423,0.7504074815474322,-0.3064194636270303
2025-09-05/IMG_1407.JPG,Small,Small,2.1975376138109173,3.2898300678656622,1.2886741088610953,-0.3119395602868205
2025-09-29/IMG_1910.JPG,Small,Small,2.221203011611042,3.2499874020117168,0.7728301784339717,-0.24635373031283556
2025-09-05/IMG_1517.JPG,Small,Small,2.271203149328445,3.2944854923910984,0.7517521155253937,-0.3000928537195515
2025-08-07/IMG_9654.JPG,Large,Large,-0.30431455553011727,0.7112225502285373,2.299246047404151,3.297059022759682
2025-09-05/IMG_1561.JPG,Small,Small,2.2040323472336807,3.2953867269262407,0.7829598001929292,-0.29409880028369173
2025-09-05/IMG_1565.JPG,Very Small,Very Small,3.2439081811688486,1.106984188493165,2.214608786054333,-0.2778497451594792
2025-08-07/IMG_9476.JPG,Small,Small,0.7063143919229311,3.299917838508273,2.313453494187214,-0.31515360627594957
2025-09-29/IMG_1933.JPG,Very Small,Very Small,3.279839831491348,2.2932828211364242,1.223051797905795,-0.31193381793011854
2025-09-05/IMG_0882.JPG,Small,Small,0.8160793650439016,3.2910322886123446,2.2944869247727855,-0.309908430796006
2025-08-22/IMG_0279.JPG,Medium,Medium,0.7085684155196696,2.276822222485408,3.3018755321839106,-0.29429965126282487
2025-09-05/IMG_1298.JPG,Very Small,Very Small,3.2937403456188314,2.2825601733660843,0.894029442908967,-0.3086749662361474
2025-08-22/IMG_0168.JPG,Medium,Medium,0.6921442155917608,2.2753761886678268,3.3115447220017162,-0.29149131511428283
2025-09-05/IMG_1564.JPG,Very Small,Very Small,3.290803402632807,2.2891104542834046,1.283657217038461,-0.3167374702659366
2025-08-22/IMG_9947.JPG,Very Small,Very Small,3.303449998818258,2.27178497838707,0.8124970918275674,-0.30999805791634355
2025-08-22/IMG_9755.JPG,Small,Small,0.7319349965253457,3.2809951560622483,2.299933480940317,-0.30368208894506304
2025-09-05/IMG_1419.JPG,Small,Small,-0.2828040462221156,3.285609598695947,2.2987982390058526,0.6998677668463238
2025-09-05/IMG_0954.JPG,Small,Small,-0.2868373536742143,3.288475597648045,2.2858090594777023,0.7124807658494936
2025-08-07/IMG_9526.JPG,Medium,Medium,0.7670975970179984,2.235383423296669,3.235003593548171,-0.23738311513788785
2025-09-05/IMG_1198.JPG,Very Small,Very Small,3.292051216772148,2.302493553591046,1.3045971871668263,-0.32163039074251126
2025-08-07/IMG_9181.JPG,Small,Small,2.0578692256207924,3.2822091036730634,0.9181540012640577,-0.28128819504860747
2025-09-05/IMG_1139.JPG,Small,Small,1.0236355325501312,3.2888802738736547,2.294069191837577,-0.3112060736989699
2025-08-22/IMG_9913.JPG,Small,Small,2.272941751980208,3.292359138029151,1.1251840520815735,-0.3081877707222225
2025-08-07/IMG_9655.JPG,Large,Large,-0.30935430191592606,0.7631855705367823,2.3030417828487226,3.2808433687938363
2025-09-05/IMG_0823.JPG,Very Small,Very Small,3.2752406803167906,2.281280922325914,1.3064175888079628,-0.31853567554056644
2025-09-29/IMG_1898.JPG,Medium,Medium,0.7372713301583096,2.279359980622334,3.2956283604921395,-0.30095619565253584
2025-08-22/IMG_9779.JPG,Very Small,Very Small,3.3154143066921153,2.304647875934186,1.2710323269699861,-0.32340467843431003
2025-09-29/IMG_1906.JPG,Large,Large,0.7413270096944571,-0.30843107520945084,2.2887111804236713,3.301220913092631
2025-09-05/IMG_1218.JPG,Medium,Medium,0.7146352095852021,2.280158226619687,3.3145374384113135,-0.3137875396863095
2025-08-22/IMG_0054.JPG,Small,Small,2.244523042705062,3.2608274738366108,0.857478201068036,-0.2828567634421211
2025-09-05/IMG_1044.JPG,Small,Small,1.9098195809184704,3.2818310256630614,1.2296484980722204,-0.2932508906038319
2025-09-05/IMG_1409.JPG,Small,Small,0.7209392190663426,3.3011059459504692,2.3043498916004013,-0.31210481676159924
2025-08-22/IMG_9977.JPG,Very Small,Very Small,3.2974710520792145,2.2908245766670445,0.7690034109443153,-0.3093164372573156
2025-09-05/IMG_1145.JPG,Small,Small,0.7025005516793847,3.3061036670616493,2.307121143568218,-0.31204237456370326
2025-08-22/IMG_0227.JPG,Small,Small,0.8142277985905118,3.2957339937172754,2.3095555340447937,-0.31717182065647775
2025-08-22/IMG_9876.JPG,Medium,Medium,-0.2973257758881158,2.2725699558060226,3.307114283354911,0.7039445728765388
2025-08-22/IMG_9950.JPG,Small,Small,1.8745871688511784,3.2781701731220294,0.8817452393160979,-0.26516257577707875
2025-09-05/IMG_0874.JPG,Small,Small,2.2276397191371347,3.305928837305074,1.3024078177034886,-0.319499669695924
2025-08-07/IMG_9448.JPG,Very Small,Very Small,3.283798547943441,2.2989070499701856,1.3005728213969172,-0.31977584236594747
2025-08-22/IMG_9759.JPG,Medium,Medium,-0.3158003614838131,2.293684827688574,3.3146495880991003,0.7127311589146266
2025-09-29/IMG_1901.JPG,Small,Small,-0.2428737930147515,3.265031552795853,2.2377441169668266,0.737852839530991
2025-08-07/IMG_9426.JPG,Medium,Medium,0.7529365549669548,2.2559744673328224,3.308694438733542,-0.3094792096266406
2025-08-22/IMG_9790.JPG,Medium,Medium,-0.3053571885617645,1.253767289873803,3.30589842788752,1.742005584542091
2025-08-22/IMG_9739.JPG,Small,Small,1.7619483551500603,3.287059456259565,1.2601744171390352,-0.29298495386099427
2025-09-05/IMG_1463.JPG,Small,Small,0.8090185174312282,3.3036572791952703,2.311209233515713,-0.3194196963787002
2025-08-22/IMG_9851.JPG,Very Small,Very Small,3.2968594026240408,2.309853708584852,1.2109633552913384,-0.3194788688715995
2025-08-07/IMG_9691.JPG,Medium,Medium,-0.28814879223210677,1.047143373892932,3.3035087153960263,1.7338165083164248
2025-09-05/IMG_0939.JPG,Small,Small,0.7105579337636001,3.3086169949931614,2.3130318471328692,-0.3183930130573733
2025-09-29/IMG_1704.JPG,Medium,Medium,0.7154616523634321,2.2905200487507997,3.3018336907762786,-0.30443971541498743
2025-08-22/IMG_0094.JPG,Very Small,Very Small,3.3010003056467165,2.2635154260269568,1.1333204192648332,-0.31073486037968867
2025-08-22/IMG_0291.JPG,Small,Small,1.938960878611267,3.2774922748562494,1.273149518899464,-0.30091971992353306
2025-08-07/IMG_9656.JPG,Large,Large,-0.3049263122512789,0.7001281905137,2.297624715912974,3.3063669374496696
2025-08-22/IMG_0271.JPG,Small,Small,2.253835189680493,3.293121426548196,1.2909298022053377,-0.31516146273399664
2025-09-29/IMG_1823.JPG,Medium,Medium,0.7393891220101184,2.2924498127521753,3.301881016507724,-0.3098055726193883
2025-09-29/IMG_1680.JPG,Small,Small,0.734169227419889,3.2984655107528518,2.299903563694132,-0.31049130142183046
2025-08-22/IMG_9966.JPG,Very Small,Small,2.255229894959304,3.291750734792236,1.1501577773342881,-0.3057936957511151
2025-09-05/IMG_0796.JPG,Small,Very Small,3.2999075648152787,2.3108661276630293,1.2506307251478115,-0.3209137306069326
2025-08-22/IMG_9808.JPG,Very Small,Very Small,3.319513339687079,2.285178923356205,1.2946019908176416,-0.3244794151704749
2025-09-05/IMG_1448.JPG,Medium,Medium,0.8798827395640338,2.270692854616141,3.3095591365225294,-0.31458442882591087
2025-09-05/IMG_1288.JPG,Small,Small,0.7878138211718877,3.2942511625606548,2.2775675913148627,-0.30497648278883993
2025-08-22/IMG_9810.JPG,Large,Large,-0.2410438531439199,0.708786942520164,2.262626231847395,3.2843956603073754
2025-08-22/IMG_0222.JPG,Very Small,Very Small,3.31685770001394,2.2794347115079248,1.3075724842568048,-0.32441015090619585
2025-08-07/IMG_9449.JPG,Medium,Medium,-0.3046763013603527,2.268963666068544,3.30441687952311,0.7323601692784981
2025-08-07/IMG_9406.JPG,Medium,Medium,0.7509734555021513,2.2686929038623393,3.303327827133009,-0.30625945365545026
2025-09-05/IMG_1178.JPG,Medium,Medium,0.752978038179897,2.283508459687482,3.310295917077841,-0.31406253401131545
2025-08-07/IMG_9585.JPG,Large,Large,-0.2721853917264282,0.7727328390817616,2.202734374198748,3.278160395981215
2025-08-22/IMG_9818.JPG,Medium,Medium,-0.3083558722108663,0.7541010521510568,3.3066655297813496,2.2617761703164048
2025-08-07/IMG_9160.JPG,Small,Very Small,3.298433467165105,2.2908231425207277,0.915777519130771,-0.31257046356239837
2025-08-07/IMG_9485.JPG,Medium,Small,0.7409520047355073,3.286284509983933,2.274000517350047,-0.2927604269688687
2025-08-22/IMG_0039.JPG,Very Small,Very Small,3.276549510517992,2.277865199722209,1.187522147444287,-0.3059339736181149
2025-09-05/IMG_0867.JPG,Medium,Medium,-0.3128456043789872,1.1685258693587761,3.311370535850618,2.0218532336321706
2025-09-05/IMG_1096.JPG,Small,Small,-0.30724942576679876,3.2978767100608657,2.3129429826855765,0.6923680135891295
2025-08-07/IMG_9673.JPG,Large,Large,-0.27449069405141363,0.6969010066165886,2.299973468138206,3.283565531158483
2025-08-22/IMG_9829.JPG,Large,Large,0.7313395622796168,-0.2970735658316252,2.2915122882850882,3.2810588651231747
2025-09-05/IMG_0975.JPG,Very Small,Small,2.25800782458151,3.294746462517178,1.1148999734523122,-0.3068568181708808
2025-09-29/IMG_1693.JPG,Medium,Medium,0.7378496104888191,2.2988651162790106,3.3059654038106685,-0.3139170049604699
2025-08-07/IMG_9603.JPG,Medium,Medium,-0.30411367580788323,1.1996637334561742,3.302025471820251,1.8590314785156237
2025-09-29/IMG_1849.JPG,Small,Small,2.196013315691262,3.266151610622302,1.266607886491054,-0.3012347742653673
2025-08-07/IMG_9218.JPG,Small,Small,0.813890730114744,3.291441114884599,2.3017091944512322,-0.31279937997570567
2025-09-05/IMG_1504.JPG,Medium,Medium,0.6977016048679423,2.2776174436524226,3.308784982355151,-0.2955438455430191
2025-09-05/IMG_1320.JPG,Small,Very Small,3.278322751649718,2.2831079018324694,1.1194870566794184,-0.30613340978241876
2025-08-22/IMG_0300.JPG,Small,Small,2.25906814251821,3.3025425173610534,1.2446209902735534,-0.3138077517659943
2025-08-07/IMG_9505.JPG,Medium,Medium,0.7663933832202485,2.241770167847486,3.2892209431549664,-0.2908946125319039
2025-09-29/IMG_1839.JPG,Small,Small,0.7732387477030838,3.272856394754801,1.2071965061418453,0.7329805138201513
2025-08-07/IMG_9431.JPG,Very Small,Very Small,3.3125683984624077,2.3132483916096347,1.1472878533900366,-0.3230581308085014
2025-09-05/IMG_1555.JPG,Very Small,Very Small,3.2908511131521743,2.2958677590020664,0.7955424730218628,-0.309787866735328
2025-08-07/IMG_9228.JPG,Medium,Medium,0.7774636585690258,2.223553765284858,3.2853887588314743,-0.2855802695728576
2025-09-05/IMG_1231.JPG,Small,Small,-0.3120089096359382,3.3048044642460037,2.3017494565543397,0.7171224018831412
2025-09-05/IMG_1187.JPG,Small,Small,0.7253813418160626,3.3041615898418195,2.3147728794833125,-0.3192738211570249
2025-08-22/IMG_0226.JPG,Small,Small,0.730207409448389,3.295144129362151,2.3099606814203724,-0.3145478253496079
2025-09-29/IMG_1721.JPG,Very Small,Very Small,3.317652264799475,2.295288769890728,1.2821866207560044,-0.3236815436210048
2025-09-29/IMG_1788.JPG,Very Small,Very Small,3.2917489893895477,2.3099246539860685,0.8330732744818425,-0.31687441461431876
2025-09-29/IMG_1794.JPG,Very Small,Very Small,3.3093728563566445,2.3031610314747644,1.303875037307479,-0.32360804085610545
2025-08-22/IMG_9938.JPG,Very Small,Very Small,3.284927909468381,2.289107484355284,1.08499453822604,-0.30911838787932727
2025-08-22/IMG_0041.JPG,Small,Small,1.0947455289511379,3.2611573190561223,2.235661018043284,-0.2884594218168011
2025-08-22/IMG_0042.JPG,Medium,Small,2.2455793758769103,3.255589154008887,1.2554396893994344,-0.3011750784117665
2025-09-29/IMG_1881.JPG,Small,Small,2.24386594651349,3.28816622409803,1.2242535924279419,-0.30592470932003746
2025-09-05/IMG_1021.JPG,Small,Small,0.7779234743088359,3.27985584654213,1.8906211990688955,-0.24441323596929657
2025-09-05/IMG_1404.JPG,Small,Small,1.845559079783227,3.306453296703249,1.295797794193612,-0.31616707021259766
2025-08-22/IMG_9754.JPG,Very Small,Very Small,3.306533416479467,2.305918460343921,1.2978015242545657,-0.3229094889292701
2025-08-22/IMG_0091.JPG,Very Small,Very Small,3.2749239661601295,2.2802934736549836,1.1554495085012706,-0.3052402366088182
2025-09-05/IMG_1171.JPG,Very Small,Very Small,3.300864858016201,2.3044948191180263,1.3150935978296354,-0.32458445084790016
2025-09-29/IMG_1879.JPG,Very Small,Very Small,3.2913961881433758,2.288781826580678,0.7726890156967376,-0.30620303925674086
2025-08-22/IMG_9822.JPG,Large,Large,-0.31364791140082754,0.7010692890232164,2.30267164799368,3.312170463723093
2025-09-05/IMG_1091.JPG,Very Small,Very Small,3.297634814135549,2.272403546146541,1.3113849374752413,-0.3214266034698497
2025-09-05/IMG_1037.JPG,Small,Very Small,3.282674904551171,2.26123850840992,0.7843032790886755,-0.2935084321459017
2025-09-05/IMG_1045.JPG,Medium,Very Small,3.257623091510805,2.2827777995155056,1.2551452393653726,-0.3081939049933932
2025-09-05/IMG_1453.JPG,Small,Small,2.2877602389362153,3.3086845245966723,1.3035053972708057,-0.32222694883328096
2025-09-05/IMG_1589.JPG,Very Small,Very Small,3.281575018492288,2.271409863326606,0.7346029830043826,-0.2851402494653728
2025-09-05/IMG_1607.JPG,Medium,Medium,-0.2913467069027066,2.167258254118799,3.288321064305624,0.8928889772223066
2025-09-29/IMG_1679.JPG,Medium,Medium,0.7113422980842136,2.2876389588139205,3.3121369065625927,-0.3119102987446476
2025-09-05/IMG_1412.JPG,Medium,Medium,-0.31838821007757956,1.2757565738436603,3.311966292844599,2.218946786136917
2025-09-05/IMG_1352.JPG,Small,Small,2.0387942095705207,3.293577937401335,1.2363682147651684,-0.3029029933531241
2025-09-05/IMG_1410.JPG,Medium,Medium,0.7013808545207094,2.279524038858612,3.3118002853974318,-0.30572254592249576
2025-08-22/IMG_9996.JPG,Small,Small,2.231621887171452,3.280631014196621,1.112679803374906,-0.29675451250299234
2025-09-29/IMG_1793.JPG,Very Small,Very Small,3.3050015809622884,2.304501376242423,1.1478638287053644,-0.31891820112094
2025-09-29/IMG_1671.JPG,Small,Small,0.7045595128985397,3.3037506967485153,1.251583500245279,0.7175680062128215
2025-08-07/IMG_9489.JPG,Very Small,Very Small,3.2922482101769006,2.302502187145675,1.300516676219997,-0.32102515224825895
2025-09-05/IMG_1144.JPG,Medium,Medium,0.6937189981690519,2.287994973625361,3.3131095686226293,-0.30437952021905557
2025-08-07/IMG_9163.JPG,Very Small,Very Small,3.290404585979712,2.293312176241468,0.9559675704333663,-0.31102414935125455
2025-08-22/IMG_9889.JPG,Small,Small,0.8300974601558571,3.2670069565289315,2.2866049637614676,-0.3003935600082458
2025-08-22/IMG_0048.JPG,Small,Small,2.21893887011412,3.2814907270578857,1.2072071218026221,-0.2999548295073762
2025-09-05/IMG_1120.JPG,Very Small,Very Small,3.3160904099061836,2.254107266943201,1.3066872312450155,-0.3235434109446014
2025-09-05/IMG_1540.JPG,Very Small,Very Small,3.3058238123284096,2.303449858330172,1.2743290411878625,-0.3209513155412725
2025-09-29/IMG_1853.JPG,Very Small,Very Small,3.2985569860004613,2.29235372784544,1.2645756697588715,-0.31712624354592384
2025-08-22/IMG_0085.JPG,Very Small,Very Small,3.2830227115850517,2.27768965578296,0.9411213798136165,-0.30409734890515616
2025-08-07/IMG_9652.JPG,Large,Large,-0.28919165744392017,0.7466752586115586,2.2881944054240746,3.256405277139253
2025-09-05/IMG_0863.JPG,Small,Small,0.7068332316362689,3.29347273722173,2.3067085079526737,-0.30684329189329457
2025-08-22/IMG_0036.JPG,Small,Small,2.241992548249897,3.2771607021628095,0.9128848784719013,-0.29282919896902265
2025-08-22/IMG_9979.JPG,Very Small,Very Small,3.267274020487754,2.2533183559259347,1.2263161573201402,-0.3010543037472887
2025-08-22/IMG_0002.JPG,Very Small,Very Small,3.3055084436162168,2.3002121786724055,1.218443749985438,-0.31880589064359766
2025-08-22/IMG_9734.JPG,Very Small,Very Small,3.289083559749286,2.286275949737137,1.2452648461097053,-0.31300996218473304
2025-08-22/IMG_9882.JPG,Small,Small,1.934805210769288,3.302389268997999,1.2787849028393294,-0.312020139303992
2025-09-29/IMG_1952.JPG,Very Small,Small,2.2088331030087107,3.279268496987909,0.7973650551900292,-0.28035943259061313
2025-08-07/IMG_9538.JPG,Large,Large,-0.2886841402931851,0.7907453459572239,2.2723586773399598,3.2621891717567606
2025-09-05/IMG_1060.JPG,Very Small,Very Small,3.2961413331291842,2.2483823201914985,0.8034534747352181,-0.30143372372068694
2025-08-22/IMG_9940.JPG,Small,Small,2.2195748149476904,3.265475929118165,1.1997134047408193,-0.293351324330724
2025-08-22/IMG_0211.JPG,Small,Small,2.236660712912598,3.3003915917414743,1.2584102859703283,-0.3125207433924287
2025-09-05/IMG_0814.JPG,Small,Small,-0.30150966891647135,3.2924560015016486,2.3073888511394727,0.6983281467264739
2025-08-07/IMG_9468.JPG,Small,Small,0.8436412109563858,3.2917449455200796,2.298514186178174,-0.31210843318088927
2025-08-07/IMG_9598.JPG,Small,Small,-0.2790150318371825,3.2808003411349613,2.3062411858439438,0.6933072470891013
2025-09-05/IMG_1199.JPG,Very Small,Very Small,3.3048265484979447,2.305633037530509,0.7800067348533541,-0.31729665695839926
2025-09-05/IMG_1138.JPG,Small,Small,0.7089948201844909,3.307243221433851,2.3141933782701054,-0.3183969219538974
2025-09-29/IMG_1799.JPG,Small,Small,2.204536622427515,3.307457578987811,1.2060971583596891,-0.3126164417920672
2025-09-05/IMG_1359.JPG,Very Small,Very Small,3.2941383594849687,2.303290321432742,1.191562344038673,-0.3166256536007408
2025-08-22/IMG_9929.JPG,Very Small,Very Small,3.2416335594705257,0.8881077487016166,0.8183344739633938,0.8392017874516777
2025-09-29/IMG_1860.JPG,Very Small,Very Small,3.261003162312579,2.291548782509441,0.952689029465321,-0.30414609522874614
2025-08-07/IMG_9259.JPG,Small,Small,0.7261707154156054,3.2855074556227017,2.281076691569379,-0.29030393776005226
2025-09-05/IMG_1351.JPG,Medium,Small,0.8034018124714429,3.2896598433026103,2.2710428090428967,-0.30172535609448686
2025-08-07/IMG_9085.JPG,Very Small,Small,1.8445597367064916,3.2741399261411193,1.1845530287446222,-0.2777584456650249
2025-08-07/IMG_9148.JPG,Very Small,Very Small,3.2935811936710064,2.2934990287936636,1.2232912039888726,-0.3145882413977818
2025-09-05/IMG_0811.JPG,Medium,Medium,-0.30734134297948784,1.0469908686203406,3.3102146606874845,1.787527055106854
2025-08-22/IMG_9902.JPG,Small,Small,0.7494195831656794,3.295395435124789,2.306222323321466,-0.3137868446545706
2025-08-07/IMG_9135.JPG,Small,Small,1.8495615225226816,3.2848863296835313,1.1887371803825295,-0.2880625510142766
2025-09-29/IMG_1746.JPG,Medium,Medium,0.84581637988324,2.2685771598122124,3.3034025369791427,-0.31022317978490466
2025-08-07/IMG_9257.JPG,Small,Small,1.0940325073017394,3.2893472901974548,2.2740887250589457,-0.3068730553085473
2025-08-07/IMG_9544.JPG,Large,Large,-0.25151944470565496,0.7893274687440386,2.213938066028504,3.24999920763374
2025-09-05/IMG_1276.JPG,Medium,Small,1.2105587270998572,3.276646421050892,2.2188928288851173,-0.29827504810850664
2025-09-05/IMG_1456.JPG,Small,Small,2.2480293700437595,3.3033692697806742,1.296052257020055,-0.31816328205162997
2025-09-29/IMG_1838.JPG,Small,Small,0.9783109431672169,3.2981038610370446,2.289490233646153,-0.3124935501083148
2025-09-29/IMG_1925.JPG,Small,Very Small,3.2859727047525102,2.285966238122212,1.258479977007676,-0.3131662453975024
2025-09-05/IMG_1248.JPG,Small,Small,1.239884264886265,3.2842778242148274,2.242582909896795,-0.30563658304536495
2025-08-07/IMG_9639.JPG,Large,Large,-0.29918128562286683,0.69900480801213,2.292346870789398,3.305404864450986
2025-08-07/IMG_9217.JPG,Medium,Small,0.8815256353545079,3.284241783034337,2.2983021969191193,-0.3107405504195159
2025-09-05/IMG_1257.JPG,Small,Small,1.19620403459269,3.244617673314181,2.2361887734625365,-0.28958553259984776
2025-09-05/IMG_1364.JPG,Medium,Medium,-0.3164575770985783,2.2901446248325006,3.3120372017768083,0.7587945137626944
2025-09-05/IMG_1428.JPG,Medium,Medium,-0.3047228729318277,1.234180177060317,3.2979706262441986,1.9597898970201288
2025-08-07/IMG_9558.JPG,Small,Small,2.149790374108843,3.274893664458837,1.2284696911350141,-0.2950135395103535
2025-08-22/IMG_0186.JPG,Medium,Medium,0.7052505725867508,2.282196348975822,3.29897964837488,-0.2893709801268187
2025-09-05/IMG_1592.JPG,Small,Small,2.216196204185782,3.2529935284264435,1.2694251953676463,-0.3006872995045829
2025-08-07/IMG_9553.JPG,Large,Large,-0.24656537002209375,2.17630976679411,0.8128127763999325,3.249992969485972
2025-09-29/IMG_1737.JPG,Small,Small,2.287352644414898,3.311521329216678,1.2522357633079513,-0.31980618310908615
2025-08-22/IMG_0276.JPG,Small,Small,2.2453930341112827,3.2898818935973075,1.3051555885553074,-0.31767764539196913
2025-09-05/IMG_1578.JPG,Small,Small,2.254451991372353,3.2915762335414427,1.118845038297033,-0.3049947278760997
2025-08-22/IMG_9798.JPG,Medium,Medium,-0.3035039099401787,2.215359978854647,3.310643563247846,0.7192283420158883
2025-08-22/IMG_0078.JPG,Small,Small,2.0798117189985916,3.262892169908816,0.902765633382057,-0.26141763417336716
2025-09-05/IMG_0804.JPG,Medium,Medium,-0.31215548345961797,1.219394498937387,3.311990265891491,1.7855569898893875
2025-09-05/IMG_1493.JPG,Small,Small,2.1643725619771925,3.305552836878436,1.2705078357139468,-0.31404027529682516
2025-09-05/IMG_0942.JPG,Very Small,Very Small,3.2751798136928323,2.2969384116803093,1.20607896996262,-0.3118420540172887
2025-09-29/IMG_1852.JPG,Small,Small,2.2352174176577764,3.290580273686545,1.282579526013989,-0.3121850315338234
2025-09-29/IMG_1947.JPG,Small,Small,1.989641369580385,3.2834528850376605,1.2670130609402315,-0.3021126645280991
2025-08-07/IMG_9401.JPG,Small,Small,0.7770401277180821,3.285268377847618,2.3077908515759367,-0.31368522833296797
2025-08-22/IMG_0001.JPG,Very Small,Very Small,3.2842835043695424,2.286258039155867,1.2076096959052447,-0.31038910718589413
2025-09-29/IMG_1885.JPG,Very Small,Very Small,3.2500031378728136,0.8439539371804023,2.2549048456009477,-0.28100568974030105
2025-08-07/IMG_9545.JPG,Medium,Medium,-0.24681363966441947,0.7815879429073492,3.2762227860282893,1.9743372577432232
2025-09-05/IMG_1099.JPG,Small,Small,1.1327433202383292,3.2928515185583014,2.2830081445927277,-0.3103757058300011
2025-09-05/IMG_1170.JPG,Very Small,Very Small,3.3180849287336383,2.277564978907593,1.3079047544935314,-0.32477445785339737
2025-09-05/IMG_0875.JPG,Very Small,Very Small,3.309087333844698,2.30484583535328,1.3143656476906922,-0.3252077627273671
2025-09-29/IMG_1821.JPG,Very Small,Very Small,3.3044580131387704,2.3113105512347496,0.7797018585173882,-0.3192868846405705
2025-08-22/IMG_9941.JPG,Small,Small,2.2852847132645766,3.289199138244486,1.0861895953779563,-0.30924661058606845
2025-09-05/IMG_1357.JPG,Small,Small,2.3008566345110224,3.306959263702559,1.3057811236834347,-0.3232325340159549
2025-08-07/IMG_9454.JPG,Very Small,Very Small,3.3120795756449315,2.3047489249264106,1.2335650112126446,-0.3217132404616725
2025-09-29/IMG_1768.JPG,Medium,Medium,0.7556292623804883,2.281091161340304,3.298348574171009,-0.30592467408296103
2025-09-29/IMG_1819.JPG,Small,Small,0.7645525644376638,3.3066037229777634,2.2622460363244277,-0.30909850478758166
2025-09-05/IMG_0962.JPG,Medium,Medium,-0.3108568843208678,2.263589723581449,3.312032336761842,0.7262139483054649
2025-08-22/IMG_9833.JPG,Small,Small,-0.28590907507683244,3.2819473977330533,2.303470272287716,0.6980534853929417
2025-09-05/IMG_1595.JPG,Small,Very Small,3.2633417145828507,2.2911024666588444,0.8230671603419843,-0.3016606472061753
2025-09-05/IMG_0839.JPG,Small,Small,2.2216488667906824,3.30235398543172,1.3039797365464216,-0.318903473207262
2025-08-07/IMG_9403.JPG,Small,Small,-0.2818207347305732,3.2821303602229395,2.2974380297823216,0.7024113521116472
2025-09-05/IMG_1544.JPG,Very Small,Very Small,3.28582183982445,2.2737085774916475,0.9621633240307083,-0.3042930812955906
2025-09-29/IMG_1924.JPG,Very Small,Very Small,3.296739351076518,2.289323406828078,1.2410840958926221,-0.31511482705608
2025-09-05/IMG_1342.JPG,Very Small,Small,2.0731403496723657,3.2871244876195633,1.0600760915521958,-0.2901250951747189
2025-08-22/IMG_0292.JPG,Medium,Medium,0.8970439769590837,2.2409633779937908,3.293085706722309,-0.30141658379106684
2025-08-22/IMG_9786.JPG,Medium,Medium,0.7155573468697354,2.25550851159467,3.3080621705763416,-0.3020504568406454
2025-09-05/IMG_1416.JPG,Very Small,Very Small,3.3100309708924627,2.3068244099261825,1.2957469403638946,-0.3234560704835503
2025-08-07/IMG_9488.JPG,Small,Small,0.8443005746070579,3.2816708216155512,2.286424866452614,-0.3047985536521083
2025-09-05/IMG_1326.JPG,Medium,Small,0.8220381307208509,3.249608094142587,2.278549365929699,-0.2912478405152367
2025-08-22/IMG_0173.JPG,Very Small,Very Small,3.300916324976835,2.3013410965296304,1.2854383407845285,-0.32034372181454474
2025-09-05/IMG_0929.JPG,Large,Large,-0.3086150815851451,0.733315740885909,2.289475010954579,3.302714094621476
2025-08-22/IMG_0283.JPG,Very Small,Very Small,3.306848642515239,2.2978355788631077,1.3039468596637982,-0.3226902482755973
2025-08-22/IMG_9911.JPG,Small,Small,1.8040194134266434,3.285455882277685,1.1925712598783682,-0.28504823006846
2025-08-22/IMG_9866.JPG,Small,Small,0.7371768786268221,3.3024086493994758,2.291137086140424,-0.3094402263839033
2025-08-07/IMG_9517.JPG,Small,Small,2.2637798439745733,3.2939505195039693,1.2519871037011656,-0.31162362575302244
2025-09-05/IMG_1092.JPG,Very Small,Very Small,3.309276826347579,2.2880816413296734,1.3098023460418773,-0.3233497633230653
2025-08-22/IMG_9945.JPG,Very Small,Very Small,3.2768056651528257,2.2600366762321173,0.7797711186637247,-0.28887358296881716
2025-08-07/IMG_9671.JPG,Large,Large,-0.30407807595365666,0.8027198260164459,2.293415712876871,3.27265506588966
2025-09-29/IMG_1900.JPG,Medium,Medium,-0.29245412721243885,2.283642029182067,3.290715655451627,0.7189504972853634
2025-08-22/IMG_9801.JPG,Medium,Medium,0.7057761014438568,2.19502853172243,3.3110296904543013,-0.29559300426096724
2025-09-05/IMG_1507.JPG,Small,Small,2.303127079084268,3.3116938959568714,0.881512733119061,-0.31993984607448456
2025-08-07/IMG_9457.JPG,Small,Small,2.156588074089005,3.305351347983037,1.300738892153681,-0.3181990659330818
2025-09-05/IMG_1417.JPG,Medium,Medium,-0.3055963828722551,1.2351665841812856,3.299548932500615,1.9345320885261426
2025-09-05/IMG_1384.JPG,Medium,Medium,0.8140582427090035,2.139288505381925,3.302853790488705,-0.3012591173264078
2025-08-07/IMG_9213.JPG,Small,Small,0.769058551781958,3.3070228948775644,2.298669566609697,-0.3158170991138978
2025-08-07/IMG_9628.JPG,Large,Large,-0.3163769269718851,0.690087567770779,2.3185071321843274,3.3041136492488947
2025-08-22/IMG_9955.JPG,Very Small,Very Small,3.2828017215577634,2.2757215895671514,1.237300975518953,-0.30927192169690104
2025-08-07/IMG_9446.JPG,Medium,Medium,0.7305782983347759,2.239494893535249,3.3102591847727605,-0.3072567304168277
2025-09-05/IMG_1531.JPG,Small,Small,2.220207438628889,3.2921533833956134,1.2610452992999694,-0.30891743463535776
2025-09-29/IMG_1685.JPG,Very Small,Very Small,3.300652063441199,2.302032414901338,1.1315208581026581,-0.31707359522990564
2025-08-07/IMG_9107.JPG,Small,Small,2.249055803903424,3.2928933663723448,1.2020515186442857,-0.3071627030777394
2025-09-05/IMG_1586.JPG,Very Small,Very Small,3.273532509112488,2.2852299313174282,1.2215643824465587,-0.3086161941741095
2025-09-05/IMG_0869.JPG,Very Small,Very Small,3.308570741721734,2.3062680364063772,1.2956697301823388,-0.32311695136594026
2025-09-05/IMG_1188.JPG,Very Small,Very Small,3.297297133481934,2.290103688785968,1.3159506747605367,-0.323568733193582
2025-08-22/IMG_0218.JPG,Small,Small,2.130849613622231,3.307742661556515,1.225928563317253,-0.3122032906342766
2025-09-05/IMG_1567.JPG,Very Small,Very Small,3.303970330771122,2.2961418071316317,1.0271924023775167,-0.31615438390195383
2025-08-07/IMG_9494.JPG,Small,Small,2.1952782090907417,3.2916642877015683,1.3005346592002194,-0.3153900468463726
2025-08-22/IMG_9859.JPG,Large,Large,-0.3123016382538255,0.7908926050778324,2.300942684693368,3.2928868452535545
2025-08-07/IMG_9191.JPG,Small,Small,2.2638365813657546,3.3040149043492546,1.2940684927319788,-0.3186199815030674
2025-08-07/IMG_9635.JPG,Large,Large,-0.2888906101571306,0.699560288814604,2.297421956369585,3.293422053094331
2025-09-29/IMG_1816.JPG,Very Small,Very Small,3.29350976956252,2.3087232059321035,0.8177854239720328,-0.31642062260499004
2025-09-05/IMG_1112.JPG,Very Small,Very Small,3.316489427985784,2.2623865650680663,1.3097712324303694,-0.324234546890324
2025-08-22/IMG_9923.JPG,Small,Very Small,3.2747782045560334,2.2791201882651846,1.169013665178888,-0.3052508078674015
2025-08-07/IMG_9490.JPG,Medium,Medium,-0.3080134157853655,0.9096629507374467,3.304872903604395,2.2153167403725904
2025-09-05/IMG_1329.JPG,Small,Small,2.186457333946435,3.278425720423494,1.264695730746864,-0.30356269984218787
2025-08-07/IMG_9689.JPG,Large,Large,0.7290909765200309,-0.3021792324179824,2.2861691650969425,3.296179836025646
2025-09-05/IMG_1107.JPG,Medium,Medium,0.7012297840049323,1.2121936055553317,3.3103990697016883,0.7102867170226106
2025-09-05/IMG_1324.JPG,Small,Small,1.1226364951683416,3.266460380910374,2.234502755339123,-0.29134865109091135
2025-08-22/IMG_0113.JPG,Small,Very Small,3.2473199093774565,2.25917034273975,1.2169520792437842,-0.2972353202049976
2025-09-05/IMG_1296.JPG,Very Small,Very Small,3.280465284961126,2.287680450431246,0.8758560261847325,-0.30558567734829734
2025-08-07/IMG_9235.JPG,Medium,Medium,-0.30933629597919926,1.1829171786538828,3.305853907046221,2.1174777507726725
2025-08-07/IMG_9241.JPG,Very Small,Very Small,3.2855130231816494,2.3070503855455327,1.2986552712009374,-0.32110776288569615
2025-09-29/IMG_1817.JPG,Very Small,Very Small,3.309512402547563,2.3069752434451023,0.7482159765280885,-0.31855276225212753
2025-08-22/IMG_0055.JPG,Medium,Very Small,2.205383863906107,1.882002064638705,2.1926689662122874,-0.236064524689849
2025-08-07/IMG_9561.JPG,Medium,Small,0.870350955996696,3.2717747355104496,2.2890555301087754,-0.30385203203180833
2025-09-05/IMG_0834.JPG,Medium,Medium,-0.3017732583357626,0.8955772034656774,3.3080560177911296,1.7718518620029957
2025-08-22/IMG_9872.JPG,Large,Large,-0.3110367244303155,0.7235151802693858,2.306390820161637,3.2938457503683605
2025-09-29/IMG_1914.JPG,Very Small,Very Small,3.2942826431808903,2.2935457807141506,1.2616267253338855,-0.3162937690856302
2025-08-07/IMG_9420.JPG,Small,Small,2.2460494886300815,3.2880711846992097,1.2940787112276073,-0.3144743390194686
2025-08-07/IMG_9514.JPG,Small,Small,2.144046156275915,3.2877646448951743,1.1383383568448044,-0.29539160884499993
2025-09-29/IMG_1728.JPG,Very Small,Very Small,3.320729680690914,2.270040755412005,1.290701993316312,-0.324452231485763
2025-09-05/IMG_0905.JPG,Medium,Medium,-0.289421645501418,2.282119858502599,3.2955230725612576,0.7097682978558222
2025-08-22/IMG_9839.JPG,Medium,Medium,-0.30630303557712846,0.7810690655979726,3.305116130449847,2.236219786624897
2025-08-22/IMG_9922.JPG,Very Small,Very Small,3.290103218152236,2.2829797762409,1.0734122986042138,-0.30884688459676546
2025-08-07/IMG_9198.JPG,Medium,Medium,0.9185697275625755,2.281843472525395,3.3061200095191214,-0.3141755933841248
2025-09-05/IMG_1576.JPG,Very Small,Very Small,3.297616615285419,2.2929626532562413,0.7932024465210328,-0.3110445629382397
2025-08-07/IMG_9658.JPG,Large,Large,-0.2898612262456814,0.7740623814210337,2.2800558977895005,3.2595050370117695
2025-08-22/IMG_0259.JPG,Very Small,Very Small,3.3212555022572037,1.948326850575277,1.3087461245818441,-0.3249942668678885
2025-09-29/IMG_1800.JPG,Very Small,Very Small,3.298377940657708,2.3111861428150275,0.7678212642315321,-0.3176776298103
2025-09-05/IMG_1234.JPG,Small,Small,-0.3067738002900858,3.303978897381749,2.3002852384330374,0.7041562622729862
2025-09-05/IMG_1360.JPG,Very Small,Very Small,3.307868857396626,2.2979666651238717,1.232847296280199,-0.31934677868294997
2025-09-05/IMG_1087.JPG,Very Small,Very Small,3.3057125535724863,2.3059068223733235,1.31209267583941,-0.32454175511901356
2025-08-22/IMG_0182.JPG,Very Small,Very Small,3.295732048591096,2.297471830041974,1.2863998794458213,-0.3190039460753627
2025-09-05/IMG_1553.JPG,Very Small,Very Small,3.2878788950033084,2.2987275861029106,1.2066628286095502,-0.3143908840861551
2025-08-22/IMG_0097.JPG,Very Small,Very Small,3.3051320632010612,2.27574919605724,0.8903546426442125,-0.312652853055065
2025-08-07/IMG_9695.JPG,Small,Small,1.8628331332993358,3.295867155298684,1.2807001494793426,-0.3086982096740942
2025-08-07/IMG_9263.JPG,Small,Small,2.2540362528594287,3.2998162133756996,1.2743218742119398,-0.31460399357497665
2025-09-05/IMG_1278.JPG,Very Small,Very Small,3.2730628595321942,2.2109953024917415,1.2946640514356071,-0.31092500504419945
2025-08-22/IMG_0281.JPG,Medium,Medium,0.7101585069200831,2.2438941377506354,3.30725128250039,-0.2956380315083759
2025-08-07/IMG_9109.JPG,Small,Small,2.248449866772551,3.289064038884033,1.2472943191823505,-0.3083286524944309
2025-08-22/IMG_0025.JPG,Small,Small,2.2711039072957795,3.291222753866063,1.2763739706769015,-0.31386783488796427
2025-09-29/IMG_1905.JPG,Medium,Medium,1.1913657475649382,-0.3168427329722763,3.3080500012896703,2.2834455701850853
2025-08-22/IMG_0044.JPG,Very Small,Very Small,3.271384412559604,2.2902036335215263,1.2106335537662496,-0.3092242740479167
2025-09-05/IMG_1512.JPG,Small,Small,2.230793712812132,3.289550469541268,1.2079642166956392,-0.3044054806041324
2025-08-07/IMG_9432.JPG,Small,Small,1.8629081310691853,3.2958231500721116,1.2957524201543316,-0.3125747811518833
2025-09-29/IMG_1825.JPG,Small,Small,2.143212607965163,3.2837992412537877,1.2958152008077743,-0.31164216421748353
2025-08-22/IMG_0019.JPG,Very Small,Small,2.2719393118384765,3.2836127355556535,1.0521360321225615,-0.30388418705324266
2025-09-05/IMG_1333.JPG,Small,Small,2.2751999883481275,3.291533283581633,1.1323666635607872,-0.3083964221080346
2025-08-07/IMG_9180.JPG,Small,Very Small,3.2946304563469777,2.2910549318948434,1.2209093047262611,-0.3142440841701142
2025-08-22/IMG_9956.JPG,Small,Very Small,3.2811067857510308,2.1918560725762917,1.0813021719277702,-0.2919826330367822
2025-08-22/IMG_9844.JPG,Large,Large,0.7151064350421645,-0.3074774158188212,2.295259730887753,3.3030808555380378
2025-08-22/IMG_0118.JPG,Medium,Medium,0.7756635614539706,2.293171671847097,3.288343846386266,-0.3069844066526256
2025-09-05/IMG_0890.JPG,Small,Small,1.061808226098601,3.2890311094941156,2.300196516506266,-0.313505063886468
2025-08-07/IMG_9479.JPG,Medium,Medium,-0.3139281532323079,0.7944338122211897,3.3124209822751354,2.2466837686740955
2025-08-07/IMG_9645.JPG,Large,Large,-0.2786919164405863,0.713728131657444,2.2645428014753204,3.29335421680305
2025-09-05/IMG_1012.JPG,Small,Small,2.0759951508303764,3.2912754499978765,0.8544523802844832,-0.2885655133987005
2025-08-22/IMG_0267.JPG,Medium,Medium,0.7297448171007923,2.288074678323769,3.307088944699845,-0.3107830061537685
2025-09-05/IMG_1425.JPG,Small,Small,0.7488844044284572,3.297041551116275,2.3053536856905827,-0.3137760652876487
2025-09-05/IMG_1295.JPG,Small,Small,0.8329343498222138,3.260411744015817,2.1475749476789727,-0.2568941697873283
2025-08-07/IMG_9681.JPG,Large,Large,-0.2947839753045134,0.6993844737075448,2.294706605114082,3.300671052662758
2025-09-05/IMG_0807.JPG,Medium,Medium,0.7008925185205269,2.2976307874399606,3.3114567240946906,-0.31086266019529013
2025-09-29/IMG_1701.JPG,Small,Small,2.2770836817560243,3.307157226579845,1.312280996376794,-0.32307495881719817
2025-08-22/IMG_0193.JPG,Small,Small,1.1696211931043132,3.299201824424536,2.2706031284677306,-0.31128164773102235
2025-09-05/IMG_0845.JPG,Medium,Medium,0.7315037554287098,2.291732012452146,3.2969517457156456,-0.30563316083260295
2025-09-05/IMG_0800.JPG,Medium,Small,0.7165419827133892,3.2940807982297517,2.310775901866721,-0.31323580068493084
2025-09-05/IMG_1559.JPG,Small,Small,2.0580411535444045,3.296439055071961,1.1034064710630418,-0.2989527527732145
2025-09-05/IMG_1363.JPG,Medium,Medium,-0.31453923175198734,2.3068865219478853,3.313253813244627,0.6957317485928373
2025-09-05/IMG_0857.JPG,Very Small,Very Small,3.3062728590180788,2.3014808842483605,1.2937012204725196,-0.3219153436054016
2025-08-07/IMG_9216.JPG,Medium,Medium,1.1799593382421092,2.2609146471096286,3.306229108733308,-0.313810936430259
2025-09-05/IMG_0866.JPG,Medium,Medium,-0.3138256849870856,1.271117605142273,3.3106179192460212,1.7798639889126315
2025-09-29/IMG_1846.JPG,Small,Small,0.7513446805236565,3.306189472625922,2.309051852604693,-0.3182310041978003
2025-09-05/IMG_1484.JPG,Very Small,Very Small,3.2730661807817842,2.2944804598529043,1.2562936610489799,-0.3130539786702132
2025-08-22/IMG_9900.JPG,Small,Small,1.9546533234803447,3.31493602078024,1.1891778676045073,-0.316038380571741
2025-09-05/IMG_1312.JPG,Small,Small,0.8872399531230014,3.2875144642520135,2.248947593308593,-0.29901833048584425
2025-09-05/IMG_0963.JPG,Small,Small,1.9183251673550603,3.3101675706381792,1.274842121201646,-0.3155682196330963
2025-08-22/IMG_0030.JPG,Medium,Very Small,3.267689657789063,2.1534468123630397,0.815253219089451,-0.2622234160207741
2025-09-05/IMG_1098.JPG,Small,Small,0.7547260408304812,3.3039338906142453,2.3076095413178006,-0.3170818363892979
2025-08-22/IMG_9984.JPG,Very Small,Very Small,3.299857631423866,2.281121357544891,1.207267883982126,-0.3137091347127041
2025-09-29/IMG_1917.JPG,Very Small,Very Small,3.2794103715489475,2.2829517207536414,1.0649694940865135,-0.30564766501940993
2025-09-29/IMG_1797.JPG,Small,Small,2.2087349105374328,3.274962464413403,1.289876670985297,-0.3096192577976348
2025-09-05/IMG_1600.JPG,Small,Small,2.251793632180148,3.28988570968551,1.2540455356183173,-0.309462691706376
2025-08-22/IMG_0018.JPG,Small,Small,2.2011707604022672,3.264787333194983,0.8235282999079677,-0.2699625264000508
2025-08-22/IMG_9949.JPG,Small,Small,1.8793620172104764,3.256707584364947,0.9338904822093361,-0.23905331832221718
2025-09-05/IMG_1519.JPG,Small,Small,2.2510245811118565,3.293269468573738,0.8085955803639621,-0.300070676180163
2025-09-05/IMG_1403.JPG,Very Small,Very Small,3.3081293311169198,2.3040551985077613,1.2519247927057913,-0.32085129857419964
2025-09-05/IMG_1132.JPG,Very Small,Very Small,3.3130623006669175,2.2856398572462355,1.311070282407733,-0.3241771808014374
2025-09-05/IMG_0910.JPG,Very Small,Very Small,3.321802286747674,2.307131564947572,0.7418861437778562,-0.3243722243518724
2025-08-22/IMG_0207.JPG,Medium,Medium,0.7163479872795281,2.2776726060778594,3.300217813251098,-0.2976636610014345
2025-09-05/IMG_1119.JPG,Small,Small,2.2647722534410364,3.293406701390097,1.3101770854341723,-0.32031527363694823
2025-09-05/IMG_1523.JPG,Very Small,Small,2.252265397572762,3.2794827491563994,0.9797011658721769,-0.2972461872587246
2025-08-22/IMG_0235.JPG,Very Small,Very Small,3.277691620197645,2.2947939238544537,1.2948375123588616,-0.3176830090017406
2025-08-22/IMG_0154.JPG,Small,Small,0.7407623039828792,3.28195326472735,2.2934665172446294,-0.30112747015545605
2025-08-07/IMG_9422.JPG,Very Small,Very Small,3.2866543931780146,2.2971199586889606,1.3022336399320071,-0.32003399344866607
2025-08-07/IMG_9144.JPG,Very Small,Very Small,3.298016033224748,2.2807719209462096,0.7372461554957328,-0.30318713349707443
2025-09-29/IMG_1842.JPG,Small,Small,1.1909474802030582,3.3099611552609858,2.304335477602799,-0.32056102648477597
2025-08-07/IMG_9156.JPG,Medium,Small,0.8774562543351587,3.2697759284871406,2.2590454493044656,-0.292435019646117
2025-08-22/IMG_0053.JPG,Small,Small,2.2861931669852185,3.2917855989046707,0.8526865782181554,-0.3082746110243094
2025-09-29/IMG_1694.JPG,Very Small,Very Small,3.3061897192287244,2.3118167808458017,0.7930399689639421,-0.32007141296597297
2025-09-05/IMG_1470.JPG,Small,Small,2.2844930277514592,3.3111474269893852,1.104737839225215,-0.317689534330812
2025-08-22/IMG_9937.JPG,Small,Small,2.215418035464508,3.285953516283579,1.0312150075108897,-0.2961539938934089
2025-09-05/IMG_1310.JPG,Very Small,Very Small,3.288708782494001,2.279210352072983,0.897997682863837,-0.30598314458937986
2025-09-05/IMG_0912.JPG,Very Small,Very Small,3.305758279773822,2.285201335830333,1.3077788747960177,-0.3222435363897424
2025-09-29/IMG_1676.JPG,Medium,Medium,0.7044112769262221,2.30110091758436,3.2990191213192612,-0.3036361817492695
2025-08-07/IMG_9581.JPG,Medium,Medium,0.833225221539397,1.8946543247080097,3.2793998481147018,-0.2626682478655559
2025-09-05/IMG_0956.JPG,Small,Small,1.0754726128960814,3.2904869945909403,2.287373571083158,-0.3100642303562299
2025-09-05/IMG_1013.JPG,Very Small,Very Small,3.2850497794388875,2.2942670279781727,1.2504054339158028,-0.3142373961449525
2025-09-05/IMG_0836.JPG,Very Small,Very Small,3.278817025316232,2.297804709351585,1.2796439019119383,-0.31641717993057655
2025-09-29/IMG_1946.JPG,Very Small,Very Small,3.2780335247651324,2.2839967599417044,1.1430497374555904,-0.3067428912324339
2025-08-22/IMG_9881.JPG,Very Small,Very Small,3.2678586294237384,2.289543030251441,1.2949908232375567,-0.3161482183634088
2025-08-07/IMG_9249.JPG,Medium,Medium,-0.3003163732727421,2.257919808016849,3.3064550829972754,0.7162266749247533
2025-08-07/IMG_9165.JPG,Very Small,Small,2.2637697258753784,3.287733536558897,0.7778845283846337,-0.2967219289329725
2025-08-07/IMG_9675.JPG,Large,Large,-0.30033663640222813,0.698956264743684,2.2985774545610784,3.302567584892523
2025-08-22/IMG_0148.JPG,Small,Small,1.2466085378811345,3.287582783833554,2.30304614466642,-0.3167785903093254
2025-09-05/IMG_0955.JPG,Small,Small,0.7405486944028324,3.3075295107471883,2.30854979040227,-0.31808204070393303
2025-09-29/IMG_1904.JPG,Very Small,Very Small,2.1961545299385525,2.1917138217364225,2.2851259296096638,-0.29896273133950035
2025-08-07/IMG_9097.JPG,Small,Very Small,3.2713183913308637,2.2785427483666036,1.236316637231043,-0.307482826559408
2025-08-07/IMG_9714.JPG,Large,Large,-0.3053994959384025,0.6989640798938144,2.3017646113412495,3.3048304622022138
2025-09-05/IMG_1521.JPG,Small,Small,2.2294963811172948,3.2871377888553868,0.9482523619045338,-0.2972664623915611
2025-08-07/IMG_9646.JPG,Large,Large,-0.3013584794126182,0.7229267153573423,2.3018536099693914,3.2754719990311454
2025-09-29/IMG_1864.JPG,Small,Small,2.01409291159022,3.2708059150830673,0.7961815743473786,-0.24564711373930923
2025-09-29/IMG_1691.JPG,Medium,Medium,0.6964043490444102,2.210324785742343,3.319404052855813,-0.3117319656994653
2025-09-05/IMG_1163.JPG,Medium,Medium,0.8388519226705922,2.2475674422407717,3.307898967159725,-0.3111941731438238
2025-09-29/IMG_1803.JPG,Very Small,Very Small,3.3046836614675392,2.3093731065592507,0.7703055454282077,-0.31840603460342554
2025-08-22/IMG_0149.JPG,Medium,Medium,1.1586870180160633,2.278626181040369,3.307379161326014,-0.31564500491512554
2025-09-05/IMG_0889.JPG,Medium,Medium,0.7554576652651717,2.268985059893306,3.302335460047262,-0.3059647967454696
2025-08-22/IMG_9948.JPG,Very Small,Very Small,3.285030441126418,2.279270015112443,0.9218478391146249,-0.30498925628241796
2025-09-05/IMG_1263.JPG,Small,Small,2.1883992666438123,3.2811383082748202,1.2047499040226861,-0.2974081863083876
2025-09-05/IMG_1241.JPG,Medium,Medium,-0.31293219952418666,2.293453539397636,3.311229215927825,0.7136174220858484
2025-09-29/IMG_1715.JPG,Very Small,Very Small,3.310520977241711,2.3032911044958526,0.8396528308901623,-0.31931625872184455
2025-09-05/IMG_1083.JPG,Small,Small,0.7064834818420294,3.298552099281107,2.3100197194709784,-0.3118415970557528
2025-08-07/IMG_9192.JPG,Small,Small,1.2228467474226952,3.298904936046676,2.306955425951446,-0.3190490832900715
2025-09-05/IMG_1002.JPG,Small,Small,2.217613817347597,3.2849073291302306,1.1624152961351282,-0.2990190748823697
2025-09-05/IMG_1131.JPG,Small,Small,2.239361006212251,3.290405943520951,1.3118464020975535,-0.3199062788291748
2025-08-22/IMG_9813.JPG,Medium,Medium,-0.30703541432339077,1.0157455604043837,3.301520884896225,2.2274331134795764
2025-08-07/IMG_9094.JPG,Small,Very Small,3.2764936570443295,2.287549238199299,1.2705370133519955,-0.31307380491106274
2025-08-07/IMG_9633.JPG,Large,Large,-0.2877100792000121,0.7189415455082846,2.2957149859061716,3.2642034351506064
2025-09-05/IMG_1447.JPG,Medium,Medium,1.1410883316709834,2.271598445195235,3.301241820546251,-0.31185607544545674
2025-08-07/IMG_9599.JPG,Medium,Medium,-0.31103332580454573,1.2324641207114075,3.3061898803108267,2.088709550126141
2025-09-05/IMG_0897.JPG,Very Small,Very Small,3.295776365375272,2.300808308256873,1.3034666625058053,-0.32154837289981686
2025-09-29/IMG_1723.JPG,Medium,Medium,0.7205241043742642,2.2900147506120216,3.311144209537874,-0.3131656868648368
2025-08-22/IMG_9995.JPG,Very Small,Very Small,3.2722842291076284,2.2671054506839536,0.9255385617242862,-0.29712338871731625
2025-08-22/IMG_0102.JPG,Very Small,Very Small,3.3047265289203462,-0.30503385625775936,2.2548384510343245,0.7475724211765842
2025-08-07/IMG_9099.JPG,Very Small,Very Small,3.2696192027273856,2.2928419063178342,1.2731304018742082,-0.31372632755565655
2025-09-05/IMG_1518.JPG,Small,Small,2.2296232932958318,3.289084597258858,-0.264379419032248,0.723038538153729
2025-08-07/IMG_9559.JPG,Small,Small,2.2146884726541445,3.264831534229621,1.2802900521087297,-0.30546203254178395
2025-08-22/IMG_9944.JPG,Very Small,Very Small,3.2599212176875025,2.2399220419132284,1.1699111463337024,-0.2924271699099319
2025-08-22/IMG_0236.JPG,Very Small,Very Small,3.3081231918538094,2.2904890950669534,1.2874822680036437,-0.32064566392942906
2025-08-22/IMG_9774.JPG,Medium,Medium,0.7082938923233696,2.261749139837221,3.3114863836778183,-0.30533766002968565
2025-09-05/IMG_1330.JPG,Very Small,Very Small,3.280847898792249,2.2627354594468487,0.7586108562280023,-0.28857353015946413
2025-09-29/IMG_1677.JPG,Small,Small,0.7465450330761328,3.299098816299357,2.2962475060807725,-0.31042683262461407
2025-09-05/IMG_1376.JPG,Medium,Medium,-0.30089593700493267,0.7599568699036222,3.3033668112028343,2.2110433040323105
2025-08-22/IMG_0117.JPG,Very Small,Very Small,3.247965447788256,2.2913041635367977,1.21801740192198,-0.3071408104804787
2025-09-29/IMG_1760.JPG,Very Small,Very Small,3.306896244560548,2.3037025785895144,1.313332621943736,-0.32468076249999817
2025-09-29/IMG_1804.JPG,Very Small,Very Small,3.3171319356272613,2.3044729120133853,0.728863263711143,-0.32087918770306495
2025-08-22/IMG_9985.JPG,Very Small,Very Small,3.2857365601010717,2.2877710277396828,1.1934643389957258,-0.31066137113258363
2025-08-07/IMG_9124.JPG,Small,Small,2.034912249144168,3.2857529620270602,1.2188119614541066,-0.29643301113494
2025-08-07/IMG_9424.JPG,Small,Small,0.7378815651437409,3.28139144659893,2.301942646780788,-0.3063550581962114
2025-09-05/IMG_1435.JPG,Small,Small,2.0758193715902378,3.2978624965622174,1.278126896534136,-0.31070341468598467
2025-08-22/IMG_9899.JPG,Small,Small,2.2232643862055474,3.2978920939214436,1.3050077465582863,-0.31831937832474344
2025-08-22/IMG_0180.JPG,Small,Small,0.8493780783151211,3.2976953858933946,2.304130026636882,-0.3157368580963004
2025-09-05/IMG_1443.JPG,Very Small,Very Small,3.3079652323856035,2.307861292626578,1.1462527949290024,-0.32051669955093026
2025-09-29/IMG_1711.JPG,Very Small,Very Small,3.314915733797987,2.2785721070687717,1.305960378627367,-0.32363301477331324
2025-09-05/IMG_1010.JPG,Very Small,Small,2.244694245311049,3.291083103878815,1.2011131471063563,-0.3059460950643744
2025-09-05/IMG_1385.JPG,Very Small,Very Small,3.2761969877492736,2.3011818352051727,1.2774056519551296,-0.31680030249148
2025-08-07/IMG_9150.JPG,Very Small,Very Small,3.277856850035827,2.2763362059723873,1.1773591986351333,-0.30554144284129947
2025-08-07/IMG_9092.JPG,Medium,Small,2.2486985756326345,3.285243353256522,1.263936775685004,-0.30895484213580393
2025-08-22/IMG_9804.JPG,Very Small,Very Small,3.313234781316279,2.300209525084988,1.2591324534027175,-0.32189450259248903
2025-09-05/IMG_1299.JPG,Very Small,Small,2.239253138893673,3.210424196299351,1.200013768343002,-0.2839898384257746
2025-08-07/IMG_9625.JPG,Large,Large,-0.31235006387686426,0.8208668777030701,2.3030704874756407,3.2859360869299477
2025-09-05/IMG_1160.JPG,Medium,Medium,0.7141099993496562,2.2792979343587167,3.2973378471051773,-0.293666330967381
2025-08-07/IMG_9487.JPG,Small,Small,2.256362778983442,3.3017010609830124,1.2519003098193322,-0.31368129056113514
2025-09-29/IMG_1937.JPG,Very Small,Very Small,3.278410165978181,2.285568296707585,0.8147260457547498,-0.30245867424045286
2025-09-29/IMG_1835.JPG,Small,Small,2.130148386030392,3.299416309564045,1.2993088170459628,-0.31603107262056884
2025-08-22/IMG_9953.JPG,Very Small,Very Small,3.2724984796110355,2.274108608147153,1.1451236204134043,-0.3026923302166909
2025-08-22/IMG_9843.JPG,Large,Large,-0.2865119779531496,0.6975113660792254,2.2889172898028165,3.3013475296004278
2025-08-07/IMG_9125.JPG,Small,Small,2.1884428074177062,3.289357953079916,1.24489890540358,-0.30472068003172287
2025-09-05/IMG_1076.JPG,Small,Small,-0.29372130531727225,3.292409059895554,2.3013411186302175,0.699509413630317
2025-09-05/IMG_1506.JPG,Small,Small,0.7224568830012256,3.2960436880204886,2.303035355486335,-0.3094660218708634
2025-09-05/IMG_0821.JPG,Small,Small,0.7295909572583501,3.3033746181071484,2.309239587305145,-0.3163817963448491
2025-08-22/IMG_9744.JPG,Small,Small,2.292028369794469,3.2977834325905633,1.2413952511146145,-0.31585586499063145
2025-09-05/IMG_1211.JPG,Small,Small,0.7441715583312271,3.29619907326331,2.263845312998041,-0.29814420552839327
2025-08-22/IMG_9919.JPG,Very Small,Very Small,3.2879546382240354,2.2815112770287134,0.8741484561585211,-0.30594648427487037
2025-09-05/IMG_1355.JPG,Small,Small,2.2686006874878495,3.295712995251459,1.2869731796627697,-0.3159721529629237
2025-09-29/IMG_1782.JPG,Small,Small,0.7668989668102308,3.2880559890060734,2.2943017102376713,-0.306828894102357
2025-09-29/IMG_1717.JPG,Medium,Medium,0.7669237122894543,2.2838750498705536,3.3027812788767568,-0.31006438147899434
2025-09-29/IMG_1883.JPG,Small,Small,2.2426602951155923,3.2942094610520583,0.8585832592943857,-0.3014637508055945
2025-09-05/IMG_0818.JPG,Small,Small,0.8510775357979249,3.285683492043295,2.296186380539524,-0.3097949844252874
2025-09-05/IMG_1367.JPG,Small,Small,0.8125865998436655,3.2919544357589663,2.289303002613416,-0.30834923024966565
2025-08-07/IMG_9640.JPG,Large,Large,-0.27164945791580475,0.7206884595763137,2.2880329860351956,3.2542685382368206
2025-08-22/IMG_9787.JPG,Very Small,Very Small,3.316445215143312,2.3064133868140155,1.285002220589131,-0.32432846255016123
2025-09-05/IMG_1189.JPG,Small,Small,2.240693690378698,3.28624984459575,1.3117633610266408,-0.3195200583967228
2025-09-05/IMG_1524.JPG,Small,Small,1.0579234051126496,3.270892682902622,1.8626273995832394,-0.2645721833419235
2025-08-22/IMG_0229.JPG,Small,Small,2.2274880254316485,3.30079650945507,1.2979864016221734,-0.3173264583254607
2025-09-29/IMG_1805.JPG,Very Small,Very Small,3.3053336601678205,2.306182472132764,0.7617669528782804,-0.3172122917478734
2025-09-29/IMG_1754.JPG,Very Small,Very Small,3.3003783546813437,2.30689989479455,1.313678798125855,-0.3244880138938829
2025-08-07/IMG_9686.JPG,Medium,Medium,-0.2467010543431964,0.7296696755889149,3.28100789502455,2.212911413876211
2025-08-07/IMG_9634.JPG,Large,Large,-0.2985714555939175,0.7368546254467329,2.291989183547123,3.2802192121780287
2025-09-05/IMG_1472.JPG,Large,Large,-0.3046987373752909,0.8493010688201305,2.2981197366151136,3.2500006164972293
2025-08-07/IMG_9240.JPG,Very Small,Very Small,3.2939975926562908,2.3071930014395448,0.8058068223870827,-0.31563115921931995
2025-09-29/IMG_1766.JPG,Medium,Medium,0.8091488009898493,2.291267978215002,3.3124209395084314,-0.3178468985663406
2025-08-22/IMG_0136.JPG,Very Small,Very Small,3.314269188497514,2.303347195762041,1.1860710971265498,-0.32178516786563127
2025-09-29/IMG_1672.JPG,Small,Small,2.258837567437228,3.3107519511841756,1.1918052154685588,-0.3163188869572965
2025-08-07/IMG_9455.JPG,Small,Small,1.7937259682789843,3.289638943376792,1.2886834403200933,-0.3066042008446041
2025-08-22/IMG_9880.JPG,Small,Small,1.7762156385292105,3.2903683701105164,1.300582325580942,-0.3109518807217342
2025-08-07/IMG_9447.JPG,Very Small,Very Small,3.3169541495958397,2.3042137451517375,1.2884271255894395,-0.3243778061376249
2025-08-07/IMG_9469.JPG,Medium,Medium,-0.28953017527402924,1.2052237251069096,3.29549320881918,1.7543599189907504
2025-08-22/IMG_0203.JPG,Medium,Medium,0.7095192739074073,2.272712904799509,3.2885140002920643,-0.26870080898741133
2025-08-22/IMG_0107.JPG,Very Small,Very Small,3.2957775003723793,2.288176882987112,1.2127673452774048,-0.3137510108927733
2025-09-05/IMG_1302.JPG,Small,Small,2.228094126734104,3.2919235005613596,1.2482778192426398,-0.3079578029160413
2025-09-05/IMG_1173.JPG,Very Small,Very Small,3.3046919537248804,2.3011508295991745,1.3129057584780168,-0.3241540309588215
2025-09-29/IMG_1869.JPG,Small,Small,2.192167453327105,3.2914619808123273,1.232908945015912,-0.3046999605869373
2025-08-22/IMG_9781.JPG,Very Small,Very Small,3.3064209836948266,2.305185679808337,1.2756167069092361,-0.32143007809357177
2025-09-05/IMG_1196.JPG,Very Small,Very Small,3.307100217031386,2.3092357351742163,1.277591276413376,-0.3224112284811504
2025-08-07/IMG_9555.JPG,Medium,Medium,-0.29198653510184885,1.2129003800662983,3.272314382339235,2.151314703756792
2025-09-29/IMG_1678.JPG,Small,Small,0.6993262141917893,3.300836110605163,2.312315823188752,-0.31238316692390156
2025-08-07/IMG_9219.JPG,Medium,Medium,0.7780205309151165,2.2850081634527055,3.2965017015592046,-0.3076021468575715
2025-08-22/IMG_9930.JPG,Very Small,Small,2.247413029771392,3.2616636144062596,0.8783766188793686,-0.285413401475819
2025-08-07/IMG_9155.JPG,Small,Small,2.214110664546787,3.2866578815085568,1.1999719622581602,-0.3013952962127576
2025-09-05/IMG_1437.JPG,Very Small,Very Small,3.305273605557805,2.308485321974697,1.272231537668035,-0.3217390047351618
2025-08-22/IMG_0073.JPG,Small,Very Small,3.257315363854043,2.2553100924211127,1.1655432011788323,-0.2947699049732651
2025-09-29/IMG_1748.JPG,Very Small,Very Small,3.307054153262818,2.301771678648229,1.2794724001999576,-0.32118315033538103
2025-08-07/IMG_9690.JPG,Large,Large,-0.28915714215400967,0.7072225884568445,2.299701696408681,3.27638582692121
2025-08-22/IMG_9954.JPG,Very Small,Very Small,3.256452456377935,2.270208808955554,1.08137376951506,-0.2960445695877196
2025-09-05/IMG_0864.JPG,Small,Small,-0.303357119098591,3.2932982978410363,2.309801158678249,0.6959807042659196
2025-08-07/IMG_9162.JPG,Very Small,Very Small,3.2865817498550207,2.2879578897943045,1.225333493421558,-0.3119142206882544
2025-08-07/IMG_9237.JPG,Medium,Medium,-0.2796861513543279,0.7574213978028952,3.294430207901825,2.08043395429955
2025-09-05/IMG_1230.JPG,Small,Small,2.162549497950994,3.29294050032554,1.3065603439120153,-0.3171947479757416
2025-09-05/IMG_1580.JPG,Small,Small,0.7920670554493684,3.2723473024509793,1.9238104426553728,-0.23840142230301176
2025-09-05/IMG_0865.JPG,Very Small,Very Small,3.312174245629714,2.299606919668943,1.2501570007028668,-0.32127555513845685
2025-09-05/IMG_0945.JPG,Medium,Medium,0.7280843891266403,2.288218293297089,3.303161495957647,-0.3077101139697318
2025-08-07/IMG_9683.JPG,Large,Large,0.7123783561921199,-0.302450908168414,2.2907620064032206,3.300831114319071
2025-09-29/IMG_1724.JPG,Medium,Medium,0.7146851572211486,2.2964962676358756,3.3108266813857403,-0.31362989690446885
2025-09-05/IMG_1118.JPG,Medium,Medium,-0.31457559846102745,1.2733691546416286,3.314915058627874,1.7232944251578157
2025-09-05/IMG_1535.JPG,Small,Small,2.250726406706808,3.2942864340711964,1.2639373979536919,-0.3116535002805864
2025-09-05/IMG_0815.JPG,Very Small,Very Small,3.3136215170792584,2.29776207630553,1.3045079041472056,-0.3240340500235293
2025-08-07/IMG_9421.JPG,Small,Small,0.7938562685745272,3.2892748893422152,2.301844279882641,-0.3118703818402657
2025-09-29/IMG_1718.JPG,Small,Small,2.285445145436519,3.3038433433104135,1.3069617101809547,-0.3218008156283208
2025-09-05/IMG_1181.JPG,Medium,Medium,0.7402619900930227,2.29684092846013,3.3145171604899724,-0.3183992477979166
2025-08-22/IMG_9733.JPG,Small,Small,2.208197736570903,3.28509129762414,1.2855459868907488,-0.31042182236670646
2025-09-05/IMG_1080.JPG,Medium,Medium,-0.29912620424512126,1.2434936477903218,3.294643465972366,1.7958017885506894
2025-09-29/IMG_1729.JPG,Very Small,Very Small,3.321015578611152,2.2773696273216717,1.3005128673377682,-0.3252375533768134
2025-08-22/IMG_0022.JPG,Very Small,Very Small,3.2913567961510464,2.284761165715697,1.2345705081491039,-0.31273007888307575
2025-08-07/IMG_9709.JPG,Large,Large,0.7378631986559742,-0.30650131081741466,2.3001314936648507,3.2861539889044593
2025-08-22/IMG_9912.JPG,Small,Small,1.944241732193332,3.292312490263958,1.2044809681171185,-0.2982899308118451
2025-08-22/IMG_9763.JPG,Very Small,Very Small,3.2499918251184083,0.8411412983915458,2.30046272179694,-0.3060776849600399
2025-09-29/IMG_1742.JPG,Small,Small,2.0201782261780408,3.304773202956344,1.2797603380705014,-0.3136766461332143
2025-09-05/IMG_1208.JPG,Small,Small,2.269288347918334,3.2963189606796743,1.3157194798151055,-0.322627159572195
2025-08-07/IMG_9706.JPG,Large,Large,0.7670150744846966,-0.290187068275727,2.273336628517037,3.272634109734657
2025-09-05/IMG_1477.JPG,Small,Small,0.7333531523963837,3.3008313514509884,2.280340673020799,-0.30446693163631355
2025-09-05/IMG_1562.JPG,Very Small,Very Small,3.279838518879877,2.290972174280703,1.0813743453330766,-0.308500231159215
2025-09-05/IMG_0961.JPG,Small,Small,0.720448480191058,3.296660684879161,2.3019351529401924,-0.3086563623808264
2025-09-05/IMG_0872.JPG,Small,Small,0.8383442881433525,3.3014540304882654,2.3066256682802093,-0.31745675860953043
2025-09-05/IMG_0914.JPG,Small,Small,2.248372064297687,3.295230578832433,1.3083762444585112,-0.319460565104378
2025-09-29/IMG_1907.JPG,Very Small,Very Small,3.286688718534511,-0.24344281138750784,1.8557456774770105,0.7573674396377258
2025-08-22/IMG_0253.JPG,Medium,Medium,0.7069210429770709,2.284726720636968,3.301424791585429,-0.29639327575913776
2025-09-05/IMG_1093.JPG,Medium,Medium,0.7004563244464586,2.210775860517655,3.313762885508166,-0.29962020350444746
2025-08-22/IMG_0098.JPG,Very Small,Very Small,3.309541661648526,2.2866268295277297,1.1914179404787246,-0.3178266351975806
2025-08-07/IMG_9698.JPG,Large,Large,-0.29382244934897994,0.7288487122365801,2.290856387407069,3.277308137755859
2025-09-05/IMG_1214.JPG,Small,Small,0.7452338115959545,3.297919401996084,2.3164707633852366,-0.31996657416998925
2025-09-29/IMG_1916.JPG,Very Small,Very Small,3.2942202897593984,2.286982262652573,1.0776176011054368,-0.31113675340658214
2025-09-05/IMG_1184.JPG,Very Small,Very Small,3.2973719788618716,2.284202949000477,1.3162768549582973,-0.3234117517010708
2025-08-07/IMG_9532.JPG,Medium,Medium,-0.2891695636923575,1.0685093720027135,3.2911700422210743,1.872834705139403
2025-09-29/IMG_1876.JPG,Very Small,Very Small,3.276529840117865,2.252320675483849,0.8444578441283885,-0.2922212094649485
2025-09-05/IMG_1006.JPG,Very Small,Small,2.2199816723970613,3.29228498235134,1.2021188257160382,-0.30460160289809973
2025-09-05/IMG_1064.JPG,Very Small,Very Small,3.26158332421214,2.2520389228679045,0.8061012507172707,-0.2808851224416353
2025-09-05/IMG_1584.JPG,Very Small,Very Small,3.270409467162707,2.2700370507004703,1.2824438598872927,-0.3112784180358561
2025-09-05/IMG_1497.JPG,Small,Small,2.023707738416731,3.3040869902082357,1.2956832203378468,-0.3160867090772019
2025-09-05/IMG_1539.JPG,Very Small,Very Small,3.3053786026827963,2.3031624390488035,1.1579785103374556,-0.3187601887889236
2025-08-22/IMG_9986.JPG,Very Small,Very Small,3.2836474355845873,2.293950328563239,1.2583894612145352,-0.3144159443472883
2025-09-05/IMG_0822.JPG,Small,Small,0.8647746369745186,3.2980657082650864,2.303458549045051,-0.31572147011326757
2025-08-07/IMG_9172.JPG,Small,Very Small,3.2780757460568686,2.2855062841465044,0.8126631458999649,-0.3022351820169236
2025-09-05/IMG_1597.JPG,Very Small,Very Small,3.271885575599961,2.285233089738053,0.8514325721605198,-0.30173940218501216
2025-08-07/IMG_9548.JPG,Medium,Medium,-0.2588867378396917,0.7466406676962694,3.275675000330785,2.216959059930136
2025-08-22/IMG_9767.JPG,Small,Small,2.285004069411835,3.303438796699298,1.3035847062425283,-0.32110201296528484
2025-09-05/IMG_1100.JPG,Medium,Medium,0.720367569860341,2.287730015333639,3.316843141721642,-0.31769579335558
2025-09-29/IMG_1767.JPG,Small,Small,0.9240800252982325,3.2881910207345224,2.293647084058062,-0.31032632051183134
2025-09-05/IMG_1486.JPG,Large,Large,-0.2964112321800643,0.764754593785208,2.2937061137863592,3.250303088926889
2025-08-07/IMG_9515.JPG,Small,Small,2.1973305344597116,3.2876323154976483,1.1211132969735074,-0.2975503327634113
2025-09-05/IMG_0805.JPG,Medium,Medium,-0.3151601475416935,1.2807185266993124,3.3124126564290166,1.751559683248363
2025-09-29/IMG_1682.JPG,Small,Small,0.7430024050364883,3.3045741258986947,2.3019427871558884,-0.31465158266693755
2025-09-29/IMG_1780.JPG,Small,Small,2.08952802774713,3.302703382984496,1.2810126359375076,-0.3132781062322022
2025-08-07/IMG_9231.JPG,Small,Small,0.7941940373937476,3.2943708077204716,2.2704974373890496,-0.30369378321274937
2025-08-22/IMG_0109.JPG,Small,Small,2.287985569460261,3.2937643288545244,1.2325339152459729,-0.3138191591678429
2025-08-22/IMG_9742.JPG,Small,Very Small,3.280562462027734,2.2649398280252315,1.282778832394571,-0.3122147905413128
2025-09-29/IMG_1708.JPG,Small,Small,2.2150088910594694,3.3113324502518156,1.249072569945969,-0.3166030862104035
2025-08-22/IMG_0195.JPG,Small,Small,0.7592141563042036,3.2811996475273073,2.2884854085225035,-0.30073218734902946
2025-09-05/IMG_1494.JPG,Small,Small,2.259794243167784,3.30434258747834,1.255469189812544,-0.31512995503651015
2025-08-22/IMG_9967.JPG,Very Small,Small,2.2566018506953416,3.295640968593541,1.2029056813119394,-0.3090792190101305
2025-09-29/IMG_1764.JPG,Small,Small,2.300395921006838,3.3147109473991123,1.3103462374551924,-0.3251070846468385
2025-09-05/IMG_1598.JPG,Small,Very Small,3.287289896557851,2.294946041926191,1.1739865570052779,-0.3125193098900709
2025-09-05/IMG_0903.JPG,Small,Small,0.7236295696663047,3.3086190987942343,2.304829717465931,-0.3160891279549674
2025-09-05/IMG_0901.JPG,Medium,Medium,0.7102253365323361,2.281965570655845,3.311903102343443,-0.3101706941941141
2025-09-05/IMG_0813.JPG,Medium,Medium,0.706984076848531,2.295617568016479,3.306323125577496,-0.30751620228080906
2025-08-22/IMG_9993.JPG,Very Small,Small,2.1316523082349104,3.294086817094403,0.9115246302745511,-0.29538885106525464
2025-09-05/IMG_1408.JPG,Medium,Medium,0.7109171264962324,2.296027920307517,3.311199266256889,-0.31308482391169834
2025-09-05/IMG_0797.JPG,Small,Small,2.2811379882456775,3.303584481286304,1.3051097384755308,-0.3211686063856228
2025-08-07/IMG_9551.JPG,Medium,Medium,0.9215333442786129,-0.30681456166907306,3.2958643490899835,2.2664169198341955
2025-09-05/IMG_1572.JPG,Medium,Medium,-0.2736238368245365,2.270498771342777,3.2779760831282756,0.7246998032823577
2025-09-05/IMG_1394.JPG,Medium,Medium,0.7364399065586482,2.226165661887561,3.2720889342171615,-0.2450491219919999
2025-09-29/IMG_1923.JPG,Very Small,Very Small,3.2880604897349572,2.2814175871363602,1.2327803752409063,-0.31125597960578716
2025-08-22/IMG_0294.JPG,Medium,Medium,0.8386616096540072,2.2332069809582564,3.2860669121142476,-0.29385433712905834
2025-08-22/IMG_9775.JPG,Very Small,Very Small,3.2990937994564113,2.3049828442791096,1.275685571178863,-0.3201451565183173
2025-08-07/IMG_9159.JPG,Small,Very Small,3.2912158944155268,2.2939559692815483,1.243305247390442,-0.3148988214203015
2025-08-22/IMG_0262.JPG,Small,Small,1.046707574506826,3.3021469821951888,2.2995274664375738,-0.316422829522419
2025-08-07/IMG_9605.JPG,Small,Small,-0.2868032666564564,3.2845287552900846,2.3028171887483784,0.6981449428538156
2025-09-05/IMG_1000.JPG,Very Small,Very Small,3.29803826766834,2.2982334211355138,1.2411428582881958,-0.31711793567997604
2025-08-07/IMG_9685.JPG,Medium,Medium,-0.2856323841370853,0.7444608391111054,3.2998766658793834,2.0788135860545673
2025-08-22/IMG_0234.JPG,Very Small,Very Small,3.3136047177385946,2.2927894023196367,1.293802802934696,-0.32276801494146645
2025-09-29/IMG_1843.JPG,Small,Small,0.8075025579372113,3.3067325416686835,2.3078315237061604,-0.3189872233343988
2025-09-05/IMG_1526.JPG,Small,Small,0.79360032229956,3.269542051639608,-0.23338009901569431,1.9302884435217567
2025-09-05/IMG_1307.JPG,Small,Small,2.176088862219642,3.293799274846644,1.242231653155084,-0.30603398846119145
2025-08-22/IMG_0161.JPG,Small,Small,2.1613714181648302,3.2898523139828946,1.2996065134729207,-0.3142725626380373
2025-08-22/IMG_0138.JPG,Very Small,Very Small,3.316181760056132,2.303987581701559,1.184247996238302,-0.322590780109741
2025-08-22/IMG_9750.JPG,Medium,Medium,0.7076754442177429,2.176766218177657,3.3116319822522695,-0.29772345344192686
2025-08-22/IMG_9884.JPG,Medium,Medium,-0.2861858113457819,2.220889454886122,3.2996955172079696,0.7240991511139283
2025-08-22/IMG_9862.JPG,Very Small,Very Small,3.308610087986864,2.307170028427958,1.2093571622550097,-0.3209471778121689
2025-09-29/IMG_1719.JPG,Very Small,Very Small,3.3197190293555723,2.2386539701010317,1.3085276703248347,-0.3248822122481382
2025-09-05/IMG_0926.JPG,Small,Small,2.2473694712344097,3.3112900456336956,1.2663939024873478,-0.3181673316633599
2025-08-22/IMG_0121.JPG,Very Small,Very Small,3.3022801795740846,2.2982459974635843,1.2993547584527128,-0.32144745723444307
2025-09-05/IMG_1030.JPG,Very Small,Very Small,3.268713416250848,2.2450609682391565,1.1665184330850806,-0.2960175990008787
2025-08-22/IMG_0242.JPG,Very Small,Very Small,3.3138291602365983,2.256355038819494,1.3130027045445634,-0.32402655990824564
2025-09-05/IMG_1105.JPG,Medium,Medium,0.690977696844933,2.2948257783717496,3.3106757083437746,-0.2988155693848527
2025-08-22/IMG_9918.JPG,Very Small,Very Small,3.283175998789509,2.2812687897331108,1.0625418840859937,-0.30618676716051474
2025-09-05/IMG_1155.JPG,Small,Small,2.238124335749587,3.297362267991723,1.2656970377410546,-0.31209663184817416
2025-09-05/IMG_0931.JPG,Medium,Medium,-0.31596771648925526,2.295535571404767,3.312859439800957,0.7231184690358006
2025-08-22/IMG_9946.JPG,Very Small,Very Small,3.291984952374949,2.26784657676774,0.8045380625710283,-0.30227923689273184
2025-09-05/IMG_1289.JPG,Very Small,Very Small,3.2740991598316462,2.258985110635937,1.152801424075751,-0.2998566687758082
2025-09-05/IMG_1560.JPG,Small,Small,2.266408333042765,3.301269578631804,1.2461920104646933,-0.3139555818177876
2025-08-22/IMG_0050.JPG,Medium,Medium,2.077224925266345,-0.21234778514828193,3.255807634395563,0.7837888109964765
2025-09-29/IMG_1832.JPG,Small,Small,0.9070269380429771,3.3030348728120895,2.3065451539104416,-0.3182217616624595
2025-08-22/IMG_0089.JPG,Medium,Small,1.1462509346383198,3.2937097723871775,2.2910054803320956,-0.3125898252511752
2025-09-05/IMG_0981.JPG,Very Small,Small,1.9593993364716253,3.2907584538451817,1.2065169886954603,-0.2975645791034002
2025-08-22/IMG_0280.JPG,Medium,Medium,0.7315514831740135,2.2767051503750433,3.301040490150264,-0.30322531092526406
2025-08-07/IMG_9176.JPG,Medium,Medium,0.8867236129607983,2.2438495480732326,3.245216679883741,-0.2777145060631055
2025-09-05/IMG_1568.JPG,Small,Small,2.260098840995661,3.284508097586835,1.2010103732469104,-0.30531682952214334
2025-09-05/IMG_1457.JPG,Small,Small,1.1730896964896238,3.3001838567029225,2.3080480294019283,-0.3190385419799735
2025-09-05/IMG_1169.JPG,Very Small,Very Small,3.2968954644140505,2.295799275384769,1.3153733090779596,-0.3236962335302063
2025-09-05/IMG_1603.JPG,Medium,Small,0.8947696397423127,3.288523107728416,2.2271539427132008,-0.29677076128750196
2025-09-29/IMG_1892.JPG,Medium,Large,-0.2905162968216559,0.726343387298889,2.292756255123823,3.268682425398689
2025-08-07/IMG_9467.JPG,Medium,Medium,-0.28339043219329985,2.1807245491282905,3.2904326533316146,0.7682979408327432
2025-09-05/IMG_0983.JPG,Very Small,Very Small,3.2800520544794174,2.286086482452109,1.1254383072429874,-0.30752279864030135
2025-09-05/IMG_1277.JPG,Small,Small,0.7814450083076676,3.2935800005763345,2.2633152875952742,-0.3007862411451941
2025-09-29/IMG_1741.JPG,Small,Small,0.71949396955274,3.3032818242942863,2.301913950223394,-0.31167616140028126
2025-09-05/IMG_1400.JPG,Small,Small,0.7360303343816431,3.2987977614239514,2.304781097518401,-0.3131567517284636
2025-08-07/IMG_9167.JPG,Very Small,Very Small,3.3102765607123885,-0.30006222661791143,2.043199442680686,0.7263262004355353
2025-09-05/IMG_1055.JPG,Very Small,Very Small,3.2945401951672206,2.2708758062446615,1.2096287912154546,-0.3105399664282978
2025-09-05/IMG_1346.JPG,Small,Small,2.2140492747252636,3.2901265362901904,1.2752740368557196,-0.3099424107151706
2025-09-29/IMG_1713.JPG,Medium,Medium,0.8527647478743854,2.282863280608353,3.3025573162924555,-0.3120263879256111
2025-08-22/IMG_9972.JPG,Very Small,Small,2.26052516619071,3.2873031158149657,1.1664027700978221,-0.30512466577128833
2025-08-22/IMG_9736.JPG,Medium,Medium,0.7597919886712617,2.1883434023255974,3.295559590639624,-0.28914855526595834
2025-08-22/IMG_0051.JPG,Very Small,Very Small,3.2646955657422136,2.245775129937366,1.2435365177914566,-0.30120633163305316
2025-08-07/IMG_9088.JPG,Small,Small,2.219283007830179,3.289848078658882,1.2842345537139472,-0.3116561548721354
2025-09-05/IMG_1441.JPG,Very Small,Very Small,3.3074274801238976,2.3056314808722336,1.300711762538616,-0.323268368716202
2025-09-29/IMG_1951.JPG,Small,Small,2.1694358273689907,3.2848920199671903,0.7879642202432966,-0.2792813853550567
2025-09-05/IMG_1017.JPG,Very Small,Small,2.2392294242408495,3.287643321553803,1.0307395750948827,-0.2997964687634997
2025-09-05/IMG_1125.JPG,Medium,Small,0.7402310739306155,3.3009781936488953,2.313753885624733,-0.31871076178490376
2025-09-05/IMG_0982.JPG,Small,Small,2.211160471080222,3.2749058106199573,1.1809931385408483,-0.29467045219702864
2025-08-22/IMG_0214.JPG,Medium,Medium,0.7201011850758596,2.289762861602315,3.2881006468472944,-0.29537508565281195
2025-08-22/IMG_0252.JPG,Small,Small,2.2902617021297593,3.2950308245375384,1.305218259920851,-0.32065796926414636
2025-09-05/IMG_1585.JPG,Medium,Small,2.235351445308902,3.279448578323014,1.1409664098445274,-0.2975711408255646
2025-08-22/IMG_0074.JPG,Very Small,Very Small,3.2634612030998866,2.2530021781856067,1.1933102489137701,-0.297493618583416
2025-08-07/IMG_9584.JPG,Medium,Medium,-0.29018726295905006,0.9783452064518807,3.28886801765868,2.0766648794794222
2025-08-07/IMG_9522.JPG,Small,Very Small,3.271652977956365,2.28444535928944,1.2338033647162505,-0.30877222238733426
2025-09-29/IMG_1674.JPG,Small,Small,0.8205316737821526,3.3034010285799935,2.293568216210444,-0.31412368945009567
2025-09-05/IMG_1293.JPG,Small,Small,0.8263026544578151,3.273145820922415,2.197074706385201,-0.2768025443097181
2025-09-05/IMG_1205.JPG,Medium,Medium,-0.3194691028292524,1.2973391996056405,3.3117801115173773,2.0801031080255887
2025-08-07/IMG_9262.JPG,Small,Small,1.1174824860181025,3.2932334308803264,2.3019474103123523,-0.3152932000029012
2025-09-05/IMG_1442.JPG,Very Small,Very Small,3.298424803979814,2.303243520434867,1.309646850457586,-0.3231394772707995
2025-09-29/IMG_1870.JPG,Small,Small,2.2035969511461784,3.2892112758094734,1.2065600980366518,-0.30233561533833986
2025-09-05/IMG_0953.JPG,Small,Small,0.7604395404761177,3.306482872993781,2.3087482002288584,-0.3184643807283238
2025-09-05/IMG_1109.JPG,Small,Small,1.8056056866293806,3.29216298320166,1.313609287719145,-0.3185822128717856
2025-09-05/IMG_1007.JPG,Small,Small,0.863317271435371,3.288756811639816,2.2386752479408902,-0.2975071045307212
2025-08-22/IMG_0043.JPG,Small,Very Small,2.2438460370290025,2.254937550540391,2.2488869616446276,-0.2997451707533118
2025-08-07/IMG_9608.JPG,Large,Large,-0.30082919698317895,0.6859321510791684,2.301260138578951,3.313913191812123
2025-09-05/IMG_1569.JPG,Very Small,Very Small,3.2773960116589627,2.2794281245110324,0.7306932829536035,-0.28527889031774184
2025-08-22/IMG_0278.JPG,Small,Small,0.9066913208752906,3.3027873159365386,2.2860151082515303,-0.3132145356322471
2025-08-22/IMG_9782.JPG,Very Small,Very Small,3.310913232126459,2.3041424019131975,1.3012441348054966,-0.3237200913977791
2025-08-07/IMG_9214.JPG,Small,Small,1.1130572636672509,3.3018453011302418,2.297715700849772,-0.3162023710904507
2025-08-22/IMG_9939.JPG,Small,Small,2.2695972835732308,3.2888353016843315,0.9625645499148702,-0.30458371273196994
2025-08-22/IMG_0183.JPG,Small,Small,0.724852896024963,3.288423708757452,2.2998806950388198,-0.3047404628496759
2025-08-22/IMG_9960.JPG,Very Small,Very Small,3.2728919519258075,2.267454439784939,1.2101755073534908,-0.303785987324492
2025-09-05/IMG_0913.JPG,Small,Small,0.7596533920915121,3.3000734533519984,2.31177269869029,-0.3181109776699732
2025-09-29/IMG_1700.JPG,Small,Small,0.8800405768450053,3.2972134795459977,2.3011667347423,-0.3148446517732628
2025-09-05/IMG_1399.JPG,Medium,Medium,-0.3105962951107657,2.2779391267332683,3.3086734833272464,0.735051739565735
2025-08-07/IMG_9411.JPG,Small,Small,2.1543464026488315,3.301023174907637,1.2951763104447882,-0.31571048434107046
2025-09-05/IMG_0991.JPG,Medium,Medium,1.19334943932968,2.277063978287093,3.292108922205562,-0.3101706086123842
2025-08-22/IMG_0124.JPG,Very Small,Very Small,3.2910000388165948,2.3068662290340782,1.2744791064051935,-0.3195204064329679
2025-08-07/IMG_9636.JPG,Large,Large,0.7181082296270559,-0.30358228919073443,2.29903317897747,3.2914877973883634
2025-09-05/IMG_1172.JPG,Very Small,Very Small,3.3150099497285677,2.2785865753281573,1.3104636344950873,-0.32428904141471854
2025-09-05/IMG_1014.JPG,Medium,Small,1.2379154482979224,3.28215161725504,2.289378566199972,-0.3119516962626106
2025-08-07/IMG_9460.JPG,Small,Small,-0.2584515653157076,3.293102652149601,2.289062334182697,0.6960004241901969
2025-09-05/IMG_1167.JPG,Very Small,Very Small,3.303561048339062,2.3048248438762795,1.3125418313718755,-0.32430497673849545
2025-09-05/IMG_1210.JPG,Very Small,Very Small,3.3048657564720205,2.301496560413867,1.3101659476443877,-0.32369032047422497
2025-08-22/IMG_0038.JPG,Small,Very Small,3.268522165324382,2.228920192484298,0.8054836635595285,-0.2771631805507056
2025-09-05/IMG_1466.JPG,Very Small,Very Small,3.2972973236087255,2.3111020757762955,0.8532332469762391,-0.31849030893730085
2025-09-05/IMG_1239.JPG,Small,Small,-0.3159741534170457,3.3107305794806527,2.306452175467579,0.7086186643346383
2025-08-22/IMG_9873.JPG,Medium,Medium,-0.305420249416599,0.7684668535976136,3.3061263463172756,2.2208903170922816
2025-09-05/IMG_1016.JPG,Small,Small,1.0144370917329537,3.282946227455033,2.2552616864201203,-0.2997660480928631
2025-08-22/IMG_0251.JPG,Very Small,Very Small,3.3176146549710435,2.2897163339683413,1.3030122179077885,-0.32452475813857873
2025-08-07/IMG_9147.JPG,Small,Small,2.2724557007033637,3.2924155677384164,1.2573152092703197,-0.3125088565424531
2025-09-29/IMG_1787.JPG,Very Small,Very Small,3.312631630958239,2.3101940087183213,0.7594120691045376,-0.32094781785334126
2025-09-05/IMG_1201.JPG,Very Small,Very Small,3.284939708435871,2.3078215210570776,1.2645222078486307,-0.3187121552168002
2025-09-05/IMG_1019.JPG,Small,Small,0.9351438343823644,3.282945387712026,2.2433744895374925,-0.29661924352321106
2025-09-05/IMG_1500.JPG,Small,Small,-0.29243071061478665,3.2979134182151784,2.3060308449169917,0.691412347469962
2025-09-29/IMG_1747.JPG,Very Small,Very Small,3.3144119525747895,2.307579132182051,0.7854008445049279,-0.32132228904167187
2025-09-05/IMG_0820.JPG,Medium,Small,0.6910892098820878,3.3098383309363704,2.3156710245861145,-0.3161612953138873
2025-08-22/IMG_0287.JPG,Medium,Medium,0.7330914353432894,2.1272989140175382,3.2914979373963926,-0.26035201471838
2025-08-22/IMG_9861.JPG,Small,Small,0.7374001385037181,3.275739182181563,2.2987773321531395,-0.3022425080560353
2025-09-05/IMG_1336.JPG,Small,Small,0.7584034779771189,3.2712976592789103,2.1944756845295093,-0.25282210308662756
2025-09-29/IMG_1712.JPG,Small,Small,1.9777925525166773,3.3044053547238987,1.2906297612360538,-0.3150757366044449
2025-09-05/IMG_1204.JPG,Medium,Medium,-0.31878523604742354,1.226175675402475,3.312319632627723,2.2772086311348674
2025-08-07/IMG_9200.JPG,Small,Small,0.7565397658182074,3.297158447652942,2.309196260501143,-0.31607610472507286
2025-09-05/IMG_0947.JPG,Medium,Medium,-0.29111646719537043,2.2171207727347713,3.3015260311988777,0.7278024669755476
2025-08-07/IMG_9679.JPG,Large,Large,-0.3121988625086211,0.6923231059024859,2.311238731830937,3.308962532896799
2025-09-05/IMG_1051.JPG,Very Small,Small,2.2610220780852988,3.2874108379523097,1.1928761794591332,-0.3061035806751966
2025-08-07/IMG_9701.JPG,Medium,Medium,-0.30314522864398624,0.790421284991735,3.3051984877028406,2.156749228970001
2025-08-07/IMG_9693.JPG,Medium,Medium,-0.2981236478508414,2.0713002529875566,3.3070698768584323,0.7407915006710559
2025-09-05/IMG_1371.JPG,Small,Small,2.182054882741289,3.2890022312185456,1.298585768058548,-0.3140828871378557
2025-08-22/IMG_9805.JPG,Medium,Medium,-0.309353237235015,1.2019327704033684,3.3111579005676113,1.7575425853397286
2025-09-05/IMG_1253.JPG,Small,Small,0.8510028645773928,3.292733177478361,2.2907343158220157,-0.3099033181081855
2025-09-05/IMG_0936.JPG,Small,Small,2.1911444191371783,3.302191383031993,1.288535229628519,-0.31530436711792376
2025-08-22/IMG_0169.JPG,Medium,Medium,-0.30349160496504646,1.0994134357467922,3.3056721444269193,1.8112467848648948
2025-08-07/IMG_9530.JPG,Small,Small,2.0493553974013277,3.282074591326405,1.0568953284715255,-0.2849018248624133
2025-09-05/IMG_1297.JPG,Small,Very Small,3.276017149552615,2.2849459183474217,1.150277461908829,-0.30672090140139674
2025-09-05/IMG_1516.JPG,Very Small,Very Small,3.293468891858202,2.289582040646384,0.7277869498432012,-0.30166802194882886
2025-08-07/IMG_9245.JPG,Medium,Medium,-0.29290353818295134,2.207176664708176,3.3044198688447364,0.7229147586825391
2025-09-05/IMG_1606.JPG,Small,Small,0.7542734311031644,3.2835946289911626,2.2907201438441094,-0.3022362304144297
2025-08-22/IMG_0027.JPG,Small,Small,2.2593069211491716,3.2585404299732796,1.182405681849038,-0.29697582558812297
2025-09-05/IMG_0919.JPG,Small,Small,0.7678921089524663,3.3007878144700538,2.3023584821365928,-0.31451211105229065
2025-09-05/IMG_1149.JPG,Small,Small,2.282921498673042,3.3051490418464953,1.3048142476774138,-0.32148240943637796
2025-09-05/IMG_0808.JPG,Very Small,Very Small,3.2681898747537983,2.293735279800422,1.3076042413486215,-0.31972252305252896
2025-09-05/IMG_1146.JPG,Very Small,Very Small,3.297496301540796,2.279647405994314,1.3074056808889771,-0.320691078268164
2025-09-05/IMG_1034.JPG,Small,Very Small,3.2736017603436243,2.284534460000093,1.2398510010440853,-0.30948465777806944
2025-09-05/IMG_1468.JPG,Very Small,Very Small,3.289401062735535,2.307920119137684,1.3132796810697234,-0.3238974257056729
2025-09-29/IMG_1851.JPG,Small,Small,2.1642370230558,3.2714107079098795,1.1729973128536642,-0.28849003741411566
2025-08-22/IMG_9973.JPG,Very Small,Very Small,3.2612886545154622,2.2697592020291175,0.8021527545077716,-0.2883472815314303
2025-09-05/IMG_1582.JPG,Medium,Medium,0.7750859177315942,2.28028090349453,3.2833788561776625,-0.29959975050714766
2025-09-05/IMG_0854.JPG,Small,Small,-0.3047801332152153,3.296132370390834,2.311075027246681,0.6938511217234191
2025-08-22/IMG_9770.JPG,Medium,Medium,0.6950030530956699,2.2864859587605895,3.3105785358860413,-0.3000026387841537
2025-08-07/IMG_9609.JPG,Large,Large,-0.31149749960395584,0.6994944421037499,2.301304908249593,3.3111288872763955
2025-08-22/IMG_9942.JPG,Small,Small,2.245674100188177,3.276959511599067,1.151007987555934,-0.2984064521083692
2025-09-05/IMG_1454.JPG,Small,Small,2.245288675976425,3.308991659080468,1.2913929451987314,-0.31910515100604014
2025-09-29/IMG_1919.JPG,Very Small,Small,2.25529712964727,3.2837831211361443,1.2919756148458301,-0.3137926934155588
2025-09-05/IMG_1122.JPG,Very Small,Very Small,3.3037448785934767,2.2763842230585505,1.307139899708887,-0.3213621613593692
2025-08-07/IMG_9611.JPG,Large,Large,-0.3088889424425713,0.7200889477242114,2.298280786169631,3.3011783356287348
2025-09-05/IMG_1154.JPG,Very Small,Very Small,3.2882369968816403,2.2805843545191746,1.3097457777563588,-0.3204347177232388
2025-08-22/IMG_0056.JPG,Small,Small,2.1737954288679466,3.246797055489342,0.8946633950060146,-0.25891706677424375
2025-08-22/IMG_0261.JPG,Medium,Medium,0.6950768463874947,2.2827636325120437,3.3086783189916855,-0.293549338975766
2025-08-07/IMG_9130.JPG,Small,Small,2.250822288641132,3.2891643186098403,0.9031241215586898,-0.30057952921960057
2025-08-22/IMG_0166.JPG,Very Small,Very Small,3.3049144152684082,2.3017812618528106,1.207424033493576,-0.3188034533874273
2025-09-05/IMG_1267.JPG,Small,Small,0.7419567874104667,3.281307831541963,2.277480976498406,-0.29139359539446563
2025-08-07/IMG_9711.JPG,Large,Large,-0.29979245593830767,0.7002028070009003,2.299913798271005,3.2996750008815887
2025-09-29/IMG_1922.JPG,Very Small,Very Small,3.285260191512133,2.287137651579311,1.2774874257359206,-0.3149357943257059
2025-08-22/IMG_0099.JPG,Very Small,Very Small,3.2772021814118046,2.279272106711684,0.9053464063617281,-0.30220323290305745
2025-09-05/IMG_1265.JPG,Small,Small,0.9553478185289953,3.296293113430642,2.2889794791151505,-0.31163175863038
2025-09-05/IMG_1226.JPG,Small,Small,0.6983154992695325,3.3056109654877335,2.311545878225108,-0.3134815012718562
2025-08-07/IMG_9145.JPG,Small,Small,2.2604379640806096,3.2872341777565923,1.192111165028853,-0.3059298454148398
2025-08-22/IMG_0090.JPG,Small,Small,1.9823995175506819,3.292137815041058,1.2687178448601666,-0.30599854335457144
2025-09-05/IMG_1596.JPG,Very Small,Very Small,3.286302297229132,2.2956197043951834,1.0985165841925046,-0.3116115842843054
2025-09-05/IMG_1008.JPG,Medium,Small,0.7886785809082748,3.2863451533750703,2.2856316968689843,-0.3039644717047657
2025-08-07/IMG_9583.JPG,Medium,Medium,-0.29402346638405136,2.113623381008016,3.2914687219497645,1.0001030379062745
2025-09-05/IMG_1424.JPG,Small,Small,0.7568636466377663,3.290783869865659,2.3018613091431415,-0.31070350485287873
2025-09-29/IMG_1801.JPG,Very Small,Very Small,3.315403565788101,2.310530359734895,0.7377841118834492,-0.3216464283623525
2025-09-05/IMG_1356.JPG,Medium,Medium,0.7519675723800905,2.28839142814211,3.2886011928837773,-0.3029225139796354
2025-09-05/IMG_0935.JPG,Small,Small,2.2928291034169592,3.3088084506089452,1.2682387091055918,-0.3199689850537022
2025-09-05/IMG_0892.JPG,Very Small,Very Small,3.2996179516213493,2.3023129027050544,1.3065338875383712,-0.3226049945651754
2025-08-22/IMG_0247.JPG,Small,Small,2.2261704999045184,3.276249743535851,1.3020904188223794,-0.31441437049680415
2025-08-07/IMG_9638.JPG,Large,Large,-0.30546502666977177,0.6955634416253647,2.3021423483098395,3.3073109448681626
2025-09-05/IMG_1487.JPG,Medium,Medium,0.7021462000429972,2.284968772533924,3.3050059290887996,-0.29735245221933215
2025-09-29/IMG_1789.JPG,Very Small,Very Small,3.3209066821802473,2.2834599654342362,1.2908038828049149,-0.32486134914344794
2025-09-05/IMG_1123.JPG,Very Small,Very Small,3.315203769320602,2.2733895715221455,1.312519415900271,-0.32455259222478566
2025-08-22/IMG_0020.JPG,Small,Very Small,3.2829162612528062,2.29238208265201,1.237277460865976,-0.31278444689275475
2025-09-29/IMG_1941.JPG,Very Small,Small,2.20344572229273,3.281763040051268,1.210943623441319,-0.2991576769384562
2025-08-07/IMG_9441.JPG,Very Small,Very Small,3.3033415235884545,2.2983409557156236,1.3057853524542953,-0.32248974434114647
2025-08-22/IMG_9865.JPG,Very Small,Very Small,3.308644481824673,2.289299491549238,1.30220443282639,-0.32213993907451355
2025-09-05/IMG_1505.JPG,Small,Small,2.2441471219775,3.3087933031329584,1.2955336870003453,-0.3195245193884316
2025-08-22/IMG_0071.JPG,Very Small,Small,1.991219605614098,3.2354093576462963,1.1961806713348344,-0.2639947632846789
2025-09-05/IMG_1501.JPG,Small,Small,2.2251327567765795,3.3047535459531923,1.2446828346412318,-0.3131362545921776
2025-08-22/IMG_0164.JPG,Very Small,Very Small,3.3034015781902046,2.304485951209799,1.20058792459864,-0.31896711521091453
2025-09-05/IMG_1077.JPG,Small,Small,2.173084525437029,3.2966868172397175,1.3117870728823937,-0.3198088148200039
2025-08-07/IMG_9458.JPG,Small,Small,1.7866982545534624,3.3027510019529904,1.2841204460989903,-0.31095564053889924
2025-08-22/IMG_0241.JPG,Very Small,Very Small,3.3200119946074116,2.2823688814301413,1.3079768799946474,-0.32552856141691605
2025-09-29/IMG_1762.JPG,Small,Small,2.262825565705201,3.302846886899285,1.3008615664597376,-0.31940193037700276
2025-08-07/IMG_9528.JPG,Medium,Medium,0.7264312894182905,2.257952844828085,3.254106787392588,-0.2241124432115134
2025-08-22/IMG_0255.JPG,Very Small,Very Small,3.3105327720803825,2.298637796368276,1.2915521246211314,-0.32229762370601533
2025-09-05/IMG_1273.JPG,Very Small,Very Small,3.300492223008587,2.289880038357827,1.0772733975623117,-0.31386603289100035
2025-09-05/IMG_1287.JPG,Very Small,Small,2.2487016524067105,3.2857514790871316,1.2315963993427972,-0.3060568319537506
2025-09-05/IMG_0972.JPG,Small,Small,2.2253429036013044,3.2902451124682575,1.2538551890947685,-0.30772537090916985
2025-09-29/IMG_1815.JPG,Very Small,Very Small,3.2713385879216075,2.308483497235389,1.0989271832226768,-0.31503112425731694
2025-08-22/IMG_0225.JPG,Very Small,Very Small,3.317775367483959,2.288665366470647,1.2949647765500694,-0.323963560280663
2025-09-29/IMG_1765.JPG,Medium,Medium,0.730008836452077,2.264209653443886,3.2981396642978593,-0.29642445594002825
2025-09-05/IMG_1438.JPG,Very Small,Very Small,3.310814836745513,2.3096415583584116,1.2753529422616647,-0.3231150597263209
2025-09-29/IMG_1740.JPG,Small,Small,2.2858811555808938,3.3095065390535607,1.2612716067328298,-0.3192330175172838
2025-09-05/IMG_0973.JPG,Very Small,Very Small,3.2919812825510917,2.295410915373193,1.2646401916331838,-0.3164156414165734
2025-09-05/IMG_1283.JPG,Very Small,Very Small,3.262014607649516,2.2741878723571967,0.776703683940105,-0.287548261856605
2025-09-29/IMG_1709.JPG,Small,Small,2.047421249675492,3.3077998342516253,1.2967562214234425,-0.317708654766751
2025-09-05/IMG_1224.JPG,Small,Small,-0.3085493887913399,3.2981332463379056,2.3089338854003914,0.7010961755828125
2025-08-22/IMG_9760.JPG,Small,Small,-0.28959128630215447,3.295027168570022,2.2977466323911484,0.6985701445225909
2025-09-05/IMG_1549.JPG,Very Small,Very Small,3.2918880326841475,2.3002472167895003,1.126507610834906,-0.3145318645425911
2025-08-22/IMG_9832.JPG,Large,Large,-0.29969697027518905,0.6907982815705567,2.3050460818611773,3.305414044217683
2025-09-05/IMG_1490.JPG,Medium,Medium,0.7958578446457628,2.241054014885147,3.2927730476980894,-0.29729840944878644
2025-09-05/IMG_1113.JPG,Medium,Medium,-0.3100658963290534,2.27644151323643,3.3150750887865774,0.7007167803286851
2025-09-29/IMG_1873.JPG,Small,Small,2.2512814151569973,3.280004080557232,1.24887644805943,-0.30614405322585825
2025-08-22/IMG_9738.JPG,Medium,Medium,0.7967129141512614,2.2254569941190114,3.2828249488389263,-0.28655844817690046
2025-09-05/IMG_0951.JPG,Small,Small,0.728747384304796,3.2985764534459845,2.3030948119390846,-0.3114675816887462
2025-08-07/IMG_9400.JPG,Medium,Medium,-0.2896752508108798,2.1841650709247036,3.300032779570939,0.7389831638210491
2025-09-05/IMG_1440.JPG,Very Small,Very Small,3.3011643159915707,2.305149260987933,1.3057051418755716,-0.32299867195494747
2025-08-07/IMG_9157.JPG,Small,Very Small,3.2784836179507963,2.2894238561229088,1.2573950405768062,-0.3125753983275297
2025-09-05/IMG_1137.JPG,Small,Medium,0.693483867047277,2.295348922285069,3.3134216472270523,-0.30786137183750434
2025-09-05/IMG_1197.JPG,Very Small,Very Small,3.308972125403456,2.2982121581355592,1.305400604022291,-0.32326507211157657
2025-08-22/IMG_9886.JPG,Small,Small,0.9271180409724273,3.2685860093154795,2.302025132038421,-0.31036894184527747
2025-08-07/IMG_9713.JPG,Large,Large,-0.2969288491660105,0.7207228148178765,2.2969413913605363,3.279249507742055
2025-08-22/IMG_9991.JPG,Very Small,Very Small,3.29919300390373,2.293197144457601,1.0398279949091216,-0.31395842043640304
2025-09-05/IMG_1084.JPG,Small,Small,0.8503077260726224,3.2859761432616255,2.305748799335216,-0.31407401246574845
2025-08-22/IMG_0217.JPG,Small,Small,2.1525584261105357,3.2952119832669453,1.270823672739203,-0.30938771173407653
2025-09-05/IMG_1581.JPG,Small,Small,2.1600760954761187,3.2886153143339194,1.2438035026398082,-0.30330652812218906
2025-08-22/IMG_9878.JPG,Very Small,Very Small,3.304490827776884,2.2967203827936764,1.2982069149563193,-0.3214923426336429
2025-08-07/IMG_9715.JPG,Medium,Medium,-0.28589991269866843,2.2336883522961624,3.293324202536928,0.7383628642289359
2025-08-22/IMG_9748.JPG,Very Small,Very Small,3.307184942244418,2.27714799068196,1.3082220994095723,-0.322205446443237
2025-08-22/IMG_9864.JPG,Medium,Medium,-0.3066664086725151,2.2664090327892166,3.3055958428135903,0.7407686994138506
2025-08-22/IMG_9892.JPG,Small,Small,2.2262878171673584,3.3014941593147644,1.2796903882836999,-0.3146037430291397
2025-09-05/IMG_1121.JPG,Very Small,Very Small,3.2754775542808026,2.274145777667224,1.3106234359042503,-0.3194855005399143
2025-09-29/IMG_1863.JPG,Very Small,Very Small,3.257982451039999,2.2801673108827294,1.0543526151862839,-0.2996232643467899
2025-08-07/IMG_9118.JPG,Very Small,Very Small,3.2285662537190354,2.257095749251654,1.1651809951632641,-0.2891028883149215
2025-09-05/IMG_1482.JPG,Small,Small,2.294517222620513,3.307304343873456,1.2869734884191617,-0.3207943987596483
2025-08-07/IMG_9462.JPG,Very Small,Very Small,3.317769458369295,2.30337663531716,1.2563571592093412,-0.32377528783664705
2025-08-22/IMG_0233.JPG,Small,Small,2.258671412856425,3.303409749556022,1.2999586472261015,-0.3192040492380346
2025-08-22/IMG_9883.JPG,Very Small,Very Small,3.2609870499120617,2.30466002033216,1.2811704050465826,-0.3171700840137028
2025-08-22/IMG_0005.JPG,Very Small,Very Small,3.28866818636603,2.279445276925477,1.2448635663433028,-0.3117112935553001
2025-08-07/IMG_9138.JPG,Very Small,Very Small,3.290188887913083,2.2855435385209657,1.2521973614264676,-0.3135030463495269
2025-08-22/IMG_9792.JPG,Very Small,Very Small,3.3194009812569005,2.3050922369785045,1.2712651979841327,-0.32480790116145003
2025-09-05/IMG_1546.JPG,Very Small,Very Small,3.2897719451922085,2.304393168756565,1.2486142370723876,-0.3175390076648196
2025-08-07/IMG_9105.JPG,Small,Small,2.2602008542379926,3.293686419702084,1.2426214556387034,-0.31056485696885877
2025-08-07/IMG_9678.JPG,Large,Large,-0.31341878986812133,0.7284112353165162,2.310314169643781,3.289794970308957
2025-08-07/IMG_9254.JPG,Small,Small,2.287484613880618,3.3156215225093004,1.3039724385113747,-0.3239285850912452
2025-08-07/IMG_9450.JPG,Small,Small,-0.28303887733716243,3.2877862123317336,2.298701477215417,0.6989794271278719
2025-09-05/IMG_1430.JPG,Small,Small,2.266978566614576,3.30367847848538,1.306176905444765,-0.3207729639653366
2025-09-05/IMG_1086.JPG,Medium,Medium,-0.3101482818888506,2.266653056388046,3.3078255919637245,0.7570051161392697
2025-09-29/IMG_1890.JPG,Small,Small,1.9847225332104685,3.282737785065114,1.2648850123846045,-0.3013128865124488
2025-09-29/IMG_1862.JPG,Small,Small,2.2523338844935594,3.281259535760509,1.1746240456127053,-0.30193626495585624
2025-08-22/IMG_9800.JPG,Small,Small,-0.294705027805072,3.2941409354607787,2.3037032964822934,0.696627475285711
2025-08-07/IMG_9264.JPG,Small,Small,0.8695825113607747,3.2868323376407855,2.295951861027478,-0.31025356155422257
2025-09-05/IMG_1078.JPG,Small,Small,-0.2893853677193917,3.2988945596566697,2.311733328681233,0.6856856148879446
2025-09-29/IMG_1899.JPG,Medium,Medium,1.0376098808274723,2.2731372619503625,3.2959886540862873,-0.30880639291881135
2025-09-05/IMG_1266.JPG,Very Small,Very Small,3.278123748870946,2.2851195382536353,0.8477858706835314,-0.3033326041964403
2025-08-22/IMG_9983.JPG,Very Small,Very Small,3.2987653912611,2.290669965891835,1.0935224939303714,-0.3135461653026724
2025-08-07/IMG_9491.JPG,Small,Small,0.737148962962366,3.275739098097033,2.308119128505287,-0.30998797784812426
2025-08-22/IMG_0045.JPG,Small,Small,2.206090014957927,3.2843592978350147,1.180372507044714,-0.2986298647796147
2025-09-05/IMG_1209.JPG,Very Small,Very Small,3.305342859308036,2.3043486573631484,1.2869887855233975,-0.321678992820903
2025-08-07/IMG_9641.JPG,Large,Large,-0.276652818371875,0.7265679387951671,2.28471770264568,3.2606978053364815
2025-09-05/IMG_1366.JPG,Very Small,Very Small,3.3173387397984277,2.2905536147995047,1.2868759193140638,-0.3234735180789298
2025-09-05/IMG_1140.JPG,Medium,Medium,0.7022778227790856,2.277612511353754,3.310548219573267,-0.30370706465130815
2025-08-07/IMG_9136.JPG,Very Small,Small,2.2224045052538317,3.287245791466302,1.1693872963419698,-0.30087865082085163
2025-09-05/IMG_1530.JPG,Small,Small,2.25857187348497,3.2935557718646757,1.2836091148980366,-0.3143315363902938
2025-08-07/IMG_9473.JPG,Very Small,Very Small,3.305351719418818,2.3047841692761923,1.2765057198226468,-0.3211918304778618
2025-09-05/IMG_1213.JPG,Small,Small,2.150728315281144,3.3086848935829005,1.3098705280558791,-0.3212366766245504
2025-08-07/IMG_9464.JPG,Medium,Medium,-0.3097947896720063,1.2376810428462313,3.3055810218735475,1.9164134586144241
2025-08-22/IMG_0250.JPG,Very Small,Very Small,3.3008851020979453,2.291893149122532,1.3045241857377652,-0.32138028749238146
2025-09-05/IMG_1358.JPG,Small,Small,2.2756078691979313,3.299517901420814,1.2461226382042823,-0.3142355719494233
2025-09-29/IMG_1738.JPG,Medium,Medium,0.7118475931607459,2.3035608143953907,3.306406685129177,-0.31275411839945794
2025-09-05/IMG_1579.JPG,Small,Small,2.243483422492139,3.2725098160225725,1.2100465551418176,-0.2996427115488585
2025-09-29/IMG_1755.JPG,Medium,Medium,0.768800582101875,2.305770505268825,3.3062104001636823,-0.31755021836910463
2025-08-07/IMG_9110.JPG,Small,Very Small,3.2586518763488717,2.2842242268873947,1.2455886436019048,-0.3077903716847583
2025-08-07/IMG_9170.JPG,Very Small,Very Small,3.286949411521108,2.2767328845420423,1.236465793959993,-0.31037136569982865
2025-08-07/IMG_9474.JPG,Small,Small,-0.25135693607108794,3.272556463534415,2.3066654270143276,0.6906168972107547
2025-08-22/IMG_0245.JPG,Small,Small,2.198546460605559,3.3053505995665615,1.2727622174871058,-0.31469920102634835
2025-08-07/IMG_9694.JPG,Medium,Medium,-0.3108139058517217,1.1172821162237292,3.307047740741142,2.204032726616325
2025-08-07/IMG_9199.JPG,Small,Small,0.7194444832467556,3.2876838966814166,2.308493160682486,-0.3101938036022014
2025-08-22/IMG_9987.JPG,Very Small,Very Small,3.2789484176632464,2.2876351386977665,0.9811666583751328,-0.3063722543703996
2025-09-29/IMG_1896.JPG,Medium,Medium,-0.29813117767709674,1.1569901801825946,3.289679126901346,2.161785843193994
2025-08-22/IMG_0008.JPG,Very Small,Very Small,3.3005710955436043,2.2830833387383516,1.1862575860213393,-0.31381072465485316
2025-08-22/IMG_0112.JPG,Small,Very Small,3.2866030609508052,2.2857162712553807,1.2047121056417214,-0.3106961189261591
2025-09-05/IMG_1533.JPG,Small,Small,1.1888989897037243,3.2993095360183817,2.2984923391257257,-0.31638894126544265
2025-08-22/IMG_9797.JPG,Small,Small,0.7228480010985158,3.3005911445403657,2.2966200698901793,-0.30832097855885426
2025-08-07/IMG_9708.JPG,Large,Large,0.7104862121467506,-0.30971842569109825,2.3083765306247352,3.2934891454983894
2025-09-05/IMG_1465.JPG,Very Small,Very Small,3.3189026103465227,2.3115377456425454,0.8248373831375705,-0.32414681432866915
2025-09-05/IMG_1271.JPG,Very Small,Very Small,3.284229730827626,2.2397733409661127,1.1538789639655795,-0.30068121142607734
2025-09-05/IMG_1035.JPG,Very Small,Very Small,3.2737872994519823,2.28252745227308,1.2063535320362229,-0.3072589098072031
2025-09-05/IMG_1488.JPG,Medium,Medium,-0.2908376866792241,2.22975131230101,3.2869413762913386,0.7969119122279211
2025-09-05/IMG_1587.JPG,Very Small,Very Small,3.2935210956395125,2.2980646645242926,0.7955722472356284,-0.3114582285244125
2025-09-05/IMG_1321.JPG,Very Small,Very Small,3.2898625105524144,2.2850354599526415,1.1734114231408064,-0.3105863289568786
2025-08-07/IMG_9579.JPG,Medium,Medium,-0.297635991312218,0.9198436536574233,3.2947359083962136,2.1681705314405377
2025-09-29/IMG_1918.JPG,Very Small,Very Small,3.2861180144990993,2.2813714462375003,1.2727332488020067,-0.31369702468735006
2025-08-07/IMG_9154.JPG,Small,Small,2.1327786950473073,3.288626084786718,1.1093142720684437,-0.29460038978686315
2025-09-05/IMG_1108.JPG,Small,Small,0.880079149228694,3.306289365254883,2.2446933103510744,-0.31038315503041397
2025-08-07/IMG_9508.JPG,Small,Small,1.8907915487028135,3.289040373331308,1.1760881594623886,-0.2924747285089377
2025-08-22/IMG_0088.JPG,Small,Small,2.27439321374782,3.2912164133542876,1.2728739270587246,-0.3138210705280057
2025-09-05/IMG_1082.JPG,Small,Small,0.74860872620225,3.2812114884921715,2.300889604133817,-0.3068815719904261
2025-09-05/IMG_1332.JPG,Small,Small,0.7678754832996881,3.2646976047713716,2.180364947880038,-0.24425764387693508
2025-08-22/IMG_9906.JPG,Small,Small,1.834525925439655,3.3148425309807372,1.227369503195296,-0.3159603845595755
2025-08-22/IMG_0146.JPG,Small,Small,0.7471163735837212,3.2930565024233185,2.282254866195038,-0.3020596486144098
2025-08-07/IMG_9475.JPG,Small,Small,0.892552779068658,3.291610207386824,2.3069603416117324,-0.31592934463156297
2025-09-05/IMG_1227.JPG,Small,Small,-0.30787932600022605,3.3020959586948417,2.310088736090674,0.6946409337698728
2025-08-07/IMG_9127.JPG,Very Small,Very Small,3.2630137018561878,2.2927345609065677,1.264558671517373,-0.31223286152157054
2025-08-22/IMG_0049.JPG,Small,Small,2.2280339698544016,3.2713134657141607,0.8988866581584795,-0.2864165573448254
2025-09-05/IMG_1258.JPG,Medium,Medium,1.099744771681313,1.950755721174842,3.2309932016112404,-0.23838772829948368
2025-08-07/IMG_9510.JPG,Small,Small,2.2537690942302055,3.292431897395156,1.2459572518523463,-0.30978300865101405
2025-09-05/IMG_0891.JPG,Very Small,Very Small,3.3085477867553603,2.3102282878852485,1.2989983956590534,-0.3239657867095734
2025-09-29/IMG_1877.JPG,Very Small,Very Small,3.2552440174182786,2.2653967703454136,0.8653170482064364,-0.2888720799669925
2025-08-07/IMG_9412.JPG,Small,Small,0.7280611301974798,3.259124262133672,2.2984832645266455,-0.2946959588704141
2025-08-07/IMG_9704.JPG,Large,Large,-0.27547094941647793,0.706606954283513,2.287325085304248,3.2847531567793347
2025-09-29/IMG_1710.JPG,Medium,Medium,0.6974511773485499,2.3047546344470224,3.3104970151988913,-0.3117337193582042
2025-09-05/IMG_1429.JPG,Medium,Medium,-0.3152054972832839,1.2512482030169085,3.31343552502225,1.804114576217463
2025-09-05/IMG_1503.JPG,Medium,Small,0.7294322856100195,3.287253426865889,2.296215031589939,-0.30276167202304327
2025-08-22/IMG_9988.JPG,Small,Small,2.2775571421549077,3.293827090367822,1.141834780773661,-0.3097835432375965
2025-09-05/IMG_1252.JPG,Small,Small,0.7682754968786386,3.2742304628898173,2.263701865048358,-0.2866900424081307
2025-09-29/IMG_1697.JPG,Medium,Small,0.8002432212980308,3.292991676713218,2.2987139305675255,-0.31168243745614344
2025-09-05/IMG_1389.JPG,Very Small,Very Small,3.3130803598023806,2.2985323980368904,1.2408531388495094,-0.3212740186268244
2025-08-07/IMG_9168.JPG,Small,Small,2.249029111459105,3.290426984662932,0.7561729440993346,-0.29165967874823473
2025-09-05/IMG_0952.JPG,Small,Small,0.879397164586726,3.290331857623152,2.276335647805112,-0.3056315849118065
2025-09-05/IMG_0906.JPG,Very Small,Very Small,3.303821754773981,2.305958829526284,1.3031502389710579,-0.3230818098655537
2025-08-22/IMG_0239.JPG,Small,Small,2.2145387461505335,3.2980873639272885,1.2877318945803968,-0.314364862701529
2025-09-05/IMG_1485.JPG,Medium,Medium,-0.3026641340237118,2.215211660097441,3.3017775573823624,0.799121145910391
2025-08-22/IMG_9838.JPG,Medium,Medium,-0.29670481574064095,1.0952947104730475,3.3011477012564634,1.7921429907426651
2025-08-07/IMG_9188.JPG,Small,Small,0.72256966696851,3.2961637232731835,2.311541914834061,-0.3151201206584967
2025-08-07/IMG_9256.JPG,Small,Small,2.1528433988982876,3.3094719287882697,1.2341939469989216,-0.31392940832151056
2025-09-05/IMG_0809.JPG,Very Small,Very Small,3.276081623559943,2.3012343698588387,1.2911261224542865,-0.31825333739716516
2025-09-29/IMG_1775.JPG,Very Small,Very Small,3.316240129671651,2.3109501066793325,0.7696424950024973,-0.32263449349285744
2025-09-05/IMG_1001.JPG,Small,Small,2.197009393427292,3.276940104840096,1.2533408038763494,-0.301656951008483
2025-09-05/IMG_0965.JPG,Small,Small,2.256792285329992,3.3087214221069585,1.2436100874436573,-0.31633838143035997
2025-09-05/IMG_1445.JPG,Very Small,Very Small,3.3066196645306833,2.304556636367762,1.3008116905024991,-0.3230169413058891
2025-08-22/IMG_9768.JPG,Small,Small,1.7626283437053647,3.295102840799997,1.310585904763634,-0.31658216180664117
2025-09-05/IMG_1496.JPG,Medium,Medium,-0.29989888830872,2.2663687368500076,3.297291787601947,0.7449767526157567
2025-08-22/IMG_0028.JPG,Small,Very Small,3.2951239932852965,2.2968353910346693,0.9194689318174081,-0.3131780390254886
2025-09-05/IMG_0932.JPG,Medium,Medium,-0.3085246199469635,2.2682900333587246,3.310974959960663,0.7171923150791205
2025-08-22/IMG_9965.JPG,Small,Small,2.245811592403558,3.284394653514053,0.7733952386034164,-0.2888689390776259
2025-08-22/IMG_9850.JPG,Medium,Medium,-0.29748736814423987,0.7488717774949304,3.304806769605593,2.1336045823491814
2025-08-22/IMG_9830.JPG,Large,Large,0.7294545046540635,-0.31602040399953,2.3094200353133183,3.301955089505723
2025-08-07/IMG_9174.JPG,Small,Small,2.246952847493215,3.271015965017161,0.7375223780874827,-0.2593162313737917
2025-09-29/IMG_1903.JPG,Medium,Medium,0.828737077395754,2.209667988709856,3.289576562941826,-0.2929615712387499
2025-09-05/IMG_0996.JPG,Small,Small,1.2148230679990697,3.284427265114408,2.247033626366318,-0.3043251011256394
2025-09-05/IMG_1542.JPG,Small,Very Small,3.2825531265647583,2.299758139890531,1.213830736179674,-0.31404493078130197
2025-09-29/IMG_1911.JPG,Large,Large,-0.2826198439123394,0.6999612820654076,2.291921342843532,3.2942798499886803
2025-09-29/IMG_1857.JPG,Very Small,Very Small,3.283345247824245,2.2895677977986644,1.159911364060311,-0.30987021358406697
2025-08-22/IMG_0156.JPG,Medium,Medium,0.7020109559266453,2.2462192884171985,3.3056687898587076,-0.28160949069658664
2025-08-22/IMG_9885.JPG,Medium,Medium,-0.28643237523842185,0.7164346071194669,3.307886224064764,1.9242385252102503
2025-09-29/IMG_1868.JPG,Very Small,Small,2.2491051905856567,3.2772361503153133,0.8793890600095059,-0.29332975038836445
2025-09-05/IMG_1279.JPG,Very Small,Very Small,3.249055727108944,1.1452719335388377,2.287779750750517,-0.3031538839920483
2025-09-29/IMG_1763.JPG,Medium,Medium,0.8879790990822292,2.2988883984570485,3.303997028355576,-0.31626872033080183
2025-09-05/IMG_1274.JPG,Very Small,Very Small,3.301800760794442,2.2872713090500216,1.2076942625436415,-0.315277056857458
2025-09-05/IMG_1254.JPG,Small,Small,0.8650369254582609,3.2537568584795027,2.1696257935529526,-0.259986769633917
2025-08-07/IMG_9212.JPG,Very Small,Very Small,3.317017075621035,2.3107194647523954,1.15615926332093,-0.323823415706961
2025-08-07/IMG_9596.JPG,Medium,Medium,-0.29943843877823156,0.8251544779112422,3.3047060317763712,1.8620139863269944
2025-09-05/IMG_1220.JPG,Medium,Medium,-0.29800871129679657,2.2387101980092674,3.3113564889131295,0.7026873706075224
2025-09-05/IMG_0843.JPG,Very Small,Very Small,3.3166403692926494,2.301775336728232,1.2934888891267504,-0.32429915641796153
2025-08-22/IMG_0013.JPG,Very Small,Very Small,3.2724466209590974,1.1479982799000767,2.0506668562078856,-0.28167327973345013
2025-08-07/IMG_9106.JPG,Very Small,Very Small,3.2846752799345142,2.296110312179771,1.2302689518322234,-0.31377126949951206
2025-08-22/IMG_0115.JPG,Very Small,Very Small,3.29623767674968,2.291005593869343,1.2150428558899833,-0.3144783116106078
2025-09-05/IMG_0798.JPG,Small,Small,0.7714729984112665,3.3003995890020494,2.306699359975539,-0.3162008389032833
2025-08-22/IMG_0142.JPG,Very Small,Very Small,3.3120794570808068,2.3072465495517838,1.1898419517156238,-0.3217529447091186
2025-08-07/IMG_9206.JPG,Very Small,Very Small,3.3014745813858553,2.308541023708443,1.2925625644496388,-0.3222531254178727
2025-08-22/IMG_0060.JPG,Very Small,Very Small,3.2723215676576127,2.273749088063741,1.2260410874478713,-0.30593125270768096
2025-08-22/IMG_9920.JPG,Very Small,Very Small,3.2989736491323343,2.2944253998331563,0.9781280701956924,-0.31395157452138406
2025-09-05/IMG_1286.JPG,Medium,Small,0.7435770156321106,3.283347759371736,2.251314202569622,-0.2812388706921807
2025-09-05/IMG_1309.JPG,Small,Small,2.2651945436585423,3.2915652459022384,1.071287774180416,-0.3058862790034032
2025-08-22/IMG_0133.JPG,Small,Small,0.765280259135392,3.293300540688484,2.2877220001112932,-0.30613229838756056
2025-09-05/IMG_0940.JPG,Very Small,Very Small,3.269649860838128,2.3010229316537623,1.270359142390445,-0.3156442268701333
2025-08-22/IMG_9871.JPG,Large,Large,-0.30308337370234,0.7307363967080429,2.299549814363841,3.280883005950936
2025-09-05/IMG_0948.JPG,Medium,Medium,0.734381235959009,2.274898458542032,3.2980618051271615,-0.30075651711969364
2025-08-22/IMG_0178.JPG,Very Small,Very Small,3.313099568238188,2.301656452009154,1.1988992399407084,-0.3212017825775785
2025-09-29/IMG_1913.JPG,Very Small,Very Small,3.2857014494150114,2.2888174444711753,1.191075098576556,-0.3108552102045264
2025-08-22/IMG_0286.JPG,Very Small,Very Small,3.3127806395288,2.2858682746025316,1.2734786578104642,-0.32090026743904104
2025-08-22/IMG_9837.JPG,Medium,Medium,0.7310416862786113,2.2323308770730947,3.302345968328812,-0.2957929649133884
2025-09-05/IMG_1322.JPG,Very Small,Very Small,3.290787662497353,2.2827053093739265,1.169569761148925,-0.3102718923145304
2025-08-22/IMG_9974.JPG,Very Small,Very Small,3.2701457650353323,2.2797212549564128,0.8846672553584496,-0.29987874659489344
2025-09-05/IMG_1467.JPG,Small,Small,2.110228293376746,3.310639652810421,1.2364562264755337,-0.31441890093041036
2025-08-07/IMG_9433.JPG,Small,Small,0.7120647705586374,3.297055118119841,2.3036690538731603,-0.30785431372052474
2025-08-07/IMG_9115.JPG,Small,Small,2.218584604020595,3.292147940183122,1.2239684743663357,-0.3056622822741177
2025-08-22/IMG_0061.JPG,Medium,Very Small,3.2763072768758796,2.276006232950786,1.2082885269089518,-0.3062893005367814
2025-08-22/IMG_0176.JPG,Very Small,Very Small,3.2958802936010483,1.2387126937514206,2.313872960290079,-0.3212348659805119
2025-08-07/IMG_9705.JPG,Large,Large,-0.28477870285148293,0.7310710478045028,2.2918768904103635,3.2500038134153306
2025-09-05/IMG_0900.JPG,Very Small,Very Small,3.3060362607049623,2.305422579725755,1.2975225874771907,-0.32273865714943073
2025-08-22/IMG_0011.JPG,Very Small,Small,2.188247050915944,3.2812322110602867,1.177192110503363,-0.29558374272021487
2025-08-07/IMG_9589.JPG,Medium,Medium,-0.28742972110696063,0.7920057699958751,3.2847629094270685,2.2243352459333665
2025-08-07/IMG_9571.JPG,Large,Large,-0.2997807090577989,0.7707422245385436,2.283629078098793,3.2815019496665334
2025-09-29/IMG_1811.JPG,Medium,Small,0.8365668933816433,3.2864090600851936,2.3177205464598427,-0.32075079009519825
2025-08-07/IMG_9117.JPG,Small,Small,0.7395685375433882,3.282366521424896,2.2354774735992002,-0.27130880634428656
2025-08-07/IMG_9108.JPG,Small,Small,2.2055720870553928,3.2887441623029496,1.214144260690296,-0.30269992680900804
2025-08-07/IMG_9397.JPG,Small,Small,2.287741935326834,3.308302815706642,1.2747524372623755,-0.3196263672926375
2025-09-29/IMG_1792.JPG,Small,Small,2.289643837580533,3.3082162102648276,1.066655323253828,-0.3167913147583426
2025-09-05/IMG_0968.JPG,Medium,Medium,-0.2987790203818233,2.2648553472691977,3.3042355736563858,0.7165912985451437
2025-09-29/IMG_1781.JPG,Small,Small,0.7312162016364144,3.2988989518179626,2.299875959407472,-0.3103117724764536
2025-08-07/IMG_9659.JPG,Large,Large,-0.3013885102240494,0.7024314011639284,2.2933093707769485,3.3041613352780583
2025-09-05/IMG_1094.JPG,Medium,Medium,0.7696394194423362,2.257601970413931,3.315009094944867,-0.31611148875118733
2025-09-29/IMG_1692.JPG,Medium,Medium,0.7050345903263102,2.2843507827046676,3.3128898480841316,-0.3102212089787168
2025-09-05/IMG_1195.JPG,Small,Small,-0.2968706079264175,3.2982408250532886,2.3163933286511664,0.683304853188001
2025-09-05/IMG_1179.JPG,Small,Small,0.7139453270093257,3.3046129839240717,2.312396074896739,-0.3170543960740506
2025-08-07/IMG_9139.JPG,Small,Very Small,3.2627745561289454,2.2771879430063073,1.2596517291578564,-0.30805232931480786
2025-08-22/IMG_0216.JPG,Small,Small,0.7595049541198237,3.2922029794886094,2.2984606300731687,-0.30964633327224295
2025-08-22/IMG_9835.JPG,Medium,Medium,-0.30393344770511543,0.7796530590974673,3.3097570436026906,1.8468100408169685
2025-09-05/IMG_0852.JPG,Small,Medium,0.7036436969035493,2.291857580193869,3.3054081108424147,-0.30291654147800906
2025-08-07/IMG_9101.JPG,Medium,Small,2.1307299665308506,3.2860890948812895,1.2101474623591026,-0.29789768369836633
2025-09-05/IMG_0816.JPG,Small,Small,-0.2876414672237963,3.283593597556737,2.3000118690508375,0.7020904733954653
2025-09-05/IMG_1338.JPG,Small,Small,2.0523008251819945,3.2809663942595093,1.16996347965197,-0.28942632113849587
2025-09-05/IMG_1304.JPG,Very Small,Very Small,3.280953844954103,2.277964599521474,0.783191503029762,-0.29833197003997974
2025-09-05/IMG_0992.JPG,Very Small,Very Small,3.2852731987141683,2.2928304813951197,0.7930395128317845,-0.30672611994487065
2025-08-22/IMG_9958.JPG,Very Small,Medium,1.0274405269662308,2.206697130496293,3.2243585155034777,-0.2636089601118625
2025-08-07/IMG_9578.JPG,Large,Large,-0.2878193770257511,0.7575543211251381,2.2893004862438575,3.235901236074821
2025-08-07/IMG_9699.JPG,Medium,Medium,-0.2988177727953188,0.9319033090909961,3.3004567754609067,1.9388383411692007
2025-08-22/IMG_9764.JPG,Medium,Medium,0.792776525343451,2.2105865579086634,3.309967453262283,-0.3100854700186575
2025-09-05/IMG_1420.JPG,Small,Small,0.7692358344099866,3.280609138334146,2.3002542407970967,-0.3079833008380274
2025-09-05/IMG_0964.JPG,Small,Medium,-0.3090555224848633,2.2764528812808766,3.308188272696077,0.7285474757519437
2025-09-05/IMG_1502.JPG,Small,Small,1.8898216484527752,3.2980630794655044,1.2953355914991576,-0.31340851621572685
2025-09-05/IMG_1397.JPG,Very Small,Very Small,3.3162088228843567,2.3000186540530763,1.2718104012496343,-0.32319820468033106
2025-08-07/IMG_9574.JPG,Large,Large,-0.2905453616310016,0.8292706382695847,2.2689859467110844,3.261804205618116
2025-09-05/IMG_1203.JPG,Large,Large,-0.31636358316756835,0.7880081955190731,2.3117926134179134,3.2851310020043734
2025-08-22/IMG_0058.JPG,Small,Small,2.2627507589056397,3.287999501562305,1.2147208872904895,-0.3074649326227036
2025-09-05/IMG_1005.JPG,Very Small,Very Small,3.2412056689433304,1.2320090904993246,2.2906449199184187,-0.30712058036531037
2025-09-05/IMG_1362.JPG,Medium,Medium,-0.295685016744935,2.2620150358070927,3.2989742695942725,0.7270369669358687
2025-09-05/IMG_1106.JPG,Very Small,Very Small,3.31220891664348,2.301353301764756,1.292995386337192,-0.32306625062995364
2025-09-05/IMG_0949.JPG,Small,Small,0.7573622996809839,3.285881793470673,2.2870103919171876,-0.3017235928541274
2025-09-05/IMG_1164.JPG,Small,Small,0.7415562487983883,3.299128043476896,2.308165587218737,-0.3153527819636479
2025-08-07/IMG_9440.JPG,Very Small,Very Small,3.263614582828363,2.2995579922485896,1.3021310883329715,-0.31904756163006176
2025-08-22/IMG_0290.JPG,Medium,Medium,0.7360607224357616,2.2246877074112303,3.28698210077477,-0.2722391834354951
2025-09-29/IMG_1758.JPG,Small,Small,0.8210171004650925,3.3092220002769857,2.3140573098265538,-0.32182233374714125
2025-08-07/IMG_9116.JPG,Small,Small,2.2489042012411673,3.2796285667770584,1.1481929399120483,-0.29985030919701255
2025-08-22/IMG_0032.JPG,Very Small,Very Small,3.2945392758080136,2.2711386324206915,1.0644630125481327,-0.3080648232797957
2025-08-22/IMG_0007.JPG,Small,Very Small,3.2845762036050528,2.2830610421928856,1.14203064168152,-0.3080991680942134
2025-08-07/IMG_9236.JPG,Medium,Medium,0.7174165310714535,2.2545283234860922,3.299595093514898,-0.28913447755810756
2025-08-22/IMG_9975.JPG,Small,Small,2.207356333599511,3.2824422157401743,0.8407591426970306,-0.28755349668790703
2025-08-07/IMG_9615.JPG,Large,Large,-0.3177121305258216,1.2744353095710501,2.306979098395174,3.2670752273288435
2025-09-05/IMG_1411.JPG,Very Small,Very Small,3.3056468461500055,2.3025006534739507,1.288860056494633,-0.3215737789102265
2025-09-05/IMG_1225.JPG,Small,Small,-0.31225706086703203,3.311277107537875,2.309503541319677,0.6917568471650812
2025-08-22/IMG_9915.JPG,Small,Small,2.133249660114734,3.286766430959949,0.8567966058586145,-0.2861920465370135
2025-09-05/IMG_1228.JPG,Small,Small,0.6950856097353615,3.312666958293454,2.3118447607150574,-0.3165931058745572
2025-09-05/IMG_1115.JPG,Medium,Medium,0.7076970893649348,2.3001744491621134,3.3159056660333577,-0.31750195567756073
2025-08-07/IMG_9247.JPG,Medium,Small,-0.28368263881956624,3.2694519124726282,2.2884018886478694,0.722943101783952
2025-09-05/IMG_1386.JPG,Small,Small,0.7268837109934045,3.300079335158771,2.302542406587069,-0.31156679498273837
2025-08-07/IMG_9141.JPG,Very Small,Very Small,3.307908417229511,2.288814437563947,0.739984650722141,-0.31256690689942507
2025-09-05/IMG_1269.JPG,Small,Small,0.7409431114242672,3.2956501812606267,2.239559275945515,-0.29120637692149065
2025-09-29/IMG_1731.JPG,Small,Small,2.2578532507312317,3.301751982478234,1.2817805905291584,-0.3161837324366779
2025-08-22/IMG_9753.JPG,Medium,Medium,0.7054120193760387,2.27914057572963,3.305796497477939,-0.2988006764621117
2025-08-22/IMG_9897.JPG,Small,Small,1.990401564943628,3.300122264248437,1.2989462781726315,-0.3155087224147597
2025-08-22/IMG_0254.JPG,Small,Small,2.243921380525165,3.303568278403159,1.2935331628133586,-0.31768538744271735
2025-09-05/IMG_0848.JPG,Very Small,Very Small,3.3171409903067293,2.3047330046418995,1.2714964406134919,-0.32397825327291724
2025-08-07/IMG_9178.JPG,Small,Very Small,3.278690695237877,2.2895240501029526,1.1884057734928093,-0.30953907078950005
2025-09-05/IMG_0925.JPG,Very Small,Very Small,3.285161214295729,2.3114487165951694,1.2876511305900413,-0.3211890774968611
2025-09-29/IMG_1887.JPG,Small,Small,0.7615742248250125,3.2814303684491946,2.275327072034397,-0.2948268781349007
2025-09-05/IMG_1143.JPG,Very Small,Very Small,3.3083350963387277,2.291796149980068,1.2992593656380096,-0.32189503001348074
2025-09-05/IMG_1133.JPG,Small,Small,0.7071655829231163,3.2894303427752583,2.310299671511726,-0.3092370603182324
2025-09-05/IMG_0835.JPG,Medium,Medium,0.6957533159131586,2.301338043194985,3.31425699052365,-0.31304751226017846
2025-08-22/IMG_9907.JPG,Small,Small,-0.29125449494721517,3.269709848402345,2.3042824029017335,0.7045815635372011
2025-09-05/IMG_1068.JPG,Small,Small,2.1992748657712253,3.27081702444055,1.2337964388020692,-0.2969720556317591
2025-08-22/IMG_9815.JPG,Large,Large,-0.3116060282939115,0.6967856258952064,2.3049152221243805,3.3106256138027415
2025-08-22/IMG_9925.JPG,Very Small,Very Small,3.2835981895297417,2.265032816887585,0.8019683585226565,-0.29677934212848534
2025-09-05/IMG_1558.JPG,Small,Very Small,3.2735192049746633,2.2958449236505136,0.7566430500456294,-0.3023537673541504
2025-09-05/IMG_1557.JPG,Very Small,Very Small,3.279577096577607,2.2959767695045694,0.7870299716485022,-0.30635251646438677
2025-08-22/IMG_9904.JPG,Small,Small,1.8111203830252551,3.313968309244475,1.194270973514464,-0.314068434700911
2025-08-22/IMG_0189.JPG,Small,Small,0.7079732047510863,3.297470692632308,2.2968212311910925,-0.3011408040529257
2025-08-07/IMG_9248.JPG,Small,Small,0.7502068442931398,3.3050750563610656,2.2733373659433966,-0.30838657005911285
2025-08-22/IMG_0029.JPG,Small,Small,2.2737911832259354,3.264445994266795,0.8336051259606114,-0.2938404993088982
2025-08-07/IMG_9543.JPG,Small,Small,-0.2260902819536357,3.2305072600044262,2.2535983670093245,0.743933906402872
2025-09-29/IMG_1940.JPG,Very Small,Very Small,3.2741000208263826,2.277593906822977,0.9315026969794559,-0.30112419869132717
2025-08-22/IMG_0123.JPG,Small,Small,0.8101165513853318,3.2848812161774417,2.298434350724536,-0.309704953565113
2025-09-05/IMG_1053.JPG,Very Small,Very Small,3.2499900767044396,0.8629590997867769,1.1619139827597342,0.7451732919840708
2025-08-07/IMG_9194.JPG,Small,Small,0.8206542217456886,3.3044089908254595,2.30423059653036,-0.31731794666467417
2025-08-22/IMG_9803.JPG,Medium,Medium,-0.3065559709987388,2.2712224758862085,3.3072162567435566,0.7253369922346552
2025-09-29/IMG_1908.JPG,Large,Large,0.7128647974022155,2.283577135712215,-0.23766686128068862,3.250006121650361
