image_filename,true_class,predicted_class,probability_very_small,probability_small,probability_medium,probability_large
2025-08-07/IMG_9086.JPG,Small,Small,0.06255820262199424,0.7774575051589484,0.15112591222313787,0.008858379995919513
2025-08-07/IMG_9089.JPG,Very Small,Very Small,0.805000640917181,0.18276617272482507,0.012164524747007913,6.866161098585776e-05
2025-08-07/IMG_9090.JPG,Very Small,Very Small,0.5632533662403006,0.4002157724224581,0.036377592754585235,0.00015326858265612351
2025-08-07/IMG_9091.JPG,Small,Small,0.14385415749578995,0.7553362817116573,0.0995343260462059,0.0012752347463472625
2025-08-07/IMG_9093.JPG,Small,Small,0.2085004375244501,0.7572257432688283,0.03303745071743604,0.0012363684892854416
2025-08-07/IMG_9097.JPG,Small,Small,0.16583703136616706,0.7637264045962123,0.07028628576195572,0.0001502782756649096
2025-08-07/IMG_9098.JPG,Medium,Small,0.16175810433760157,0.5189067171588594,0.3168548973967057,0.0024802811068332154
2025-08-07/IMG_9100.JPG,Small,Small,0.07942280269729796,0.7451287083162895,0.16695926546455114,0.008489223521861931
2025-08-07/IMG_9101.JPG,Medium,Small,0.15008076622766728,0.47132771677206287,0.37318430232978894,0.00540721467048087
2025-08-07/IMG_9103.JPG,Small,Small,0.12322417371989905,0.7881510851637527,0.0855587419742985,0.0030659991420499124
2025-08-07/IMG_9104.JPG,Small,Small,0.09916728776896704,0.837576674120701,0.06117298672542315,0.002083051384908607
2025-08-07/IMG_9105.JPG,Small,Small,0.12100088952306223,0.8097728310126817,0.06895762674767887,0.00026865271657735445
2025-08-07/IMG_9106.JPG,Very Small,Very Small,0.6578976138749506,0.3027679669588019,0.0389825114402423,0.00035190772600543534
2025-08-07/IMG_9107.JPG,Small,Small,0.12582168712296196,0.818099984533434,0.05587514001502928,0.00020318832857496252
2025-08-07/IMG_9108.JPG,Small,Small,0.10023794650345391,0.7762842783589962,0.12190694669779767,0.0015708284397522678
2025-08-07/IMG_9109.JPG,Small,Small,0.16464253282878688,0.7463930370537851,0.08876124178885325,0.00020318832857496252
2025-08-07/IMG_9110.JPG,Small,Small,0.18962840783864593,0.7489837081805474,0.06106436450209312,0.0003235194787134712
2025-08-07/IMG_9111.JPG,Very Small,Very Small,0.6281248306241902,0.3420854098521569,0.02868635637615561,0.0011034031474970356
2025-08-07/IMG_9113.JPG,Very Small,Very Small,0.5816336451288654,0.3440573255743801,0.07417532243689992,0.00013370685985463602
2025-08-07/IMG_9114.JPG,Very Small,Very Small,0.5607842932654639,0.344048933940233,0.09202444808849754,0.0031423247058054854
2025-08-07/IMG_9115.JPG,Small,Small,0.11645209390655469,0.7575558982236725,0.12256106666993206,0.003430941199840981
2025-08-07/IMG_9116.JPG,Small,Small,0.12304344137043366,0.7625217623500266,0.10374980674009399,0.010684989539445957
2025-08-07/IMG_9117.JPG,Small,Small,0.09108203953093742,0.7368819876739062,0.1507520228778217,0.021283949917334476
2025-08-07/IMG_9118.JPG,Very Small,Very Small,0.3709246550877508,0.3377403693139947,0.24413960953703462,0.047195366061219726
2025-08-07/IMG_9120.JPG,Small,Small,0.1262602129108023,0.7326383375925675,0.13729126657174337,0.0038101829248871955
2025-08-07/IMG_9121.JPG,Small,Small,0.09409819688094326,0.8134047967105581,0.09152711185983928,0.0009698945486591894
2025-08-07/IMG_9122.JPG,Medium,Medium,0.0646477467523954,0.4324802463570929,0.49555280264131446,0.007319204249197377
2025-08-07/IMG_9124.JPG,Small,Small,0.07550900098844965,0.7864124348669932,0.13641547877641555,0.001663085368141602
2025-08-07/IMG_9125.JPG,Small,Small,0.11932456919611549,0.8067085362944705,0.07317160402375951,0.0007952904856545969
2025-08-07/IMG_9126.JPG,Small,Small,0.09385848729020753,0.8346708564346457,0.07006837898977442,0.0014022772853723232
2025-08-07/IMG_9127.JPG,Very Small,Very Small,0.5527892160109267,0.3878175309514091,0.058474220971849816,0.0009190320658147893
2025-08-07/IMG_9128.JPG,Medium,Small,0.17386664721752354,0.5173104473880333,0.3064856590035319,0.0023372463909113474
2025-08-07/IMG_9129.JPG,Very Small,Very Small,0.5530680790040622,0.3940537264598858,0.05141885460100235,0.0014593399350496103
2025-08-07/IMG_9131.JPG,Very Small,Very Small,0.5947531584343119,0.354176950417695,0.049783771414926715,0.0012861197330665361
2025-08-07/IMG_9132.JPG,Small,Small,0.08190021865712578,0.8149448848255048,0.10207092723511307,0.001083969282256604
2025-08-07/IMG_9133.JPG,Small,Small,0.09971449821393791,0.825837084465619,0.07353603788624699,0.0009123794341961678
2025-08-07/IMG_9134.JPG,Small,Small,0.10457356756845873,0.8058969696327412,0.08906152371312395,0.00046793908567607583
2025-08-07/IMG_9136.JPG,Very Small,Very Small,0.48124379528810635,0.4266583008605727,0.09170739231437232,0.0003905115369490024
2025-08-07/IMG_9137.JPG,Small,Small,0.14853665214685707,0.7525186008602268,0.09746855749670104,0.00147618949621502
2025-08-07/IMG_9139.JPG,Small,Small,0.30751673829333837,0.6415545965025111,0.049552293864847614,0.0013763713393027102
2025-08-07/IMG_9140.JPG,Very Small,Small,0.462466600386212,0.48946062000337665,0.04643417175902732,0.0016386078513839588
2025-08-07/IMG_9141.JPG,Very Small,Very Small,0.7862618839419074,0.19781278376400485,0.01568723705599239,0.0002380952380952381
2025-08-07/IMG_9143.JPG,Very Small,Very Small,0.6159970047126802,0.348868307964037,0.03317922136788456,0.001955465955398434
2025-08-07/IMG_9144.JPG,Very Small,Very Small,0.8048759743607062,0.18302723541292001,0.012096790226373364,0.0
2025-08-07/IMG_9145.JPG,Small,Small,0.2468260715671399,0.7080722222344733,0.044588746583545696,0.0005129596148414067
2025-08-07/IMG_9146.JPG,Medium,Small,0.07558524356949432,0.4702862107563443,0.4445244554241583,0.00960409025000311
2025-08-07/IMG_9147.JPG,Small,Small,0.16285143149556375,0.7494368547071768,0.08724827632633567,0.0004634374709237469
2025-08-07/IMG_9148.JPG,Very Small,Very Small,0.5690515443120857,0.3951177068836288,0.03556610107458502,0.00026464772970087705
2025-08-07/IMG_9149.JPG,Small,Small,0.232174009579748,0.729403578143305,0.038082851775119365,0.0003395605018272715
2025-08-07/IMG_9150.JPG,Very Small,Very Small,0.6956846278867301,0.25659940627772065,0.04137761241295336,0.006338353422596033
2025-08-07/IMG_9153.JPG,Small,Small,0.08590580445204367,0.7752369902963427,0.12406814651549444,0.014789058736119536
2025-08-07/IMG_9155.JPG,Small,Small,0.09551391697530348,0.7921603009212943,0.10940606835426699,0.0029197137491354507
2025-08-07/IMG_9157.JPG,Small,Small,0.1041262080509608,0.7786061188181588,0.11336539584550803,0.0039022772853723234
2025-08-07/IMG_9159.JPG,Small,Small,0.3581696149465787,0.6137586262203086,0.02802731438866836,4.4444444444444447e-05
2025-08-07/IMG_9160.JPG,Small,Small,0.21136103376454193,0.7553486396723347,0.03302567883342234,0.00026464772970087705
2025-08-07/IMG_9161.JPG,Very Small,Very Small,0.8185530923351446,0.17077851641413383,0.010668391250721394,0.0
2025-08-07/IMG_9162.JPG,Very Small,Very Small,0.7521736256193624,0.22026191671646383,0.024637144067523598,0.0029273135966499807
2025-08-07/IMG_9164.JPG,Very Small,Very Small,0.6327095306539324,0.3420239671247637,0.02517630795673446,9.019426456984274e-05
2025-08-07/IMG_9165.JPG,Very Small,Very Small,0.6262957612305432,0.318671556539104,0.05482976654871369,0.00020291568163908588
2025-08-07/IMG_9166.JPG,Small,Small,0.19363928520497353,0.6688882011115583,0.10778094594306391,0.02969156774040459
2025-08-07/IMG_9167.JPG,Very Small,Very Small,0.4860392681986407,0.2048890298866102,0.21091567951886853,0.09815602239588088
2025-08-07/IMG_9168.JPG,Small,Small,0.08392285040885905,0.7518090986576147,0.15378532008720816,0.010482730846318726
2025-08-07/IMG_9170.JPG,Very Small,Very Small,0.7477719033655923,0.20861286836643061,0.04306347071070816,0.000551757557268886
2025-08-07/IMG_9171.JPG,Very Small,Very Small,0.5143468438035316,0.4087805593480767,0.07281056147006636,0.00406203537832562
2025-08-07/IMG_9172.JPG,Small,Small,0.17717909959537986,0.7659604025743193,0.056327477546434065,0.0005330202838664504
2025-08-07/IMG_9175.JPG,Small,Small,0.1049518015185367,0.7520271391914727,0.13771898983920935,0.005302069450781476
2025-08-07/IMG_9176.JPG,Medium,Small,0.10994963242850993,0.5235490349778794,0.3605965166247029,0.005904815968907933
2025-08-07/IMG_9177.JPG,Medium,Medium,0.06443250954080149,0.44016202593928017,0.4835736867800344,0.01183177773988367
2025-08-07/IMG_9179.JPG,Small,Small,0.25224207704415863,0.6877599890618321,0.05828621345230431,0.0017117204417052792
2025-08-07/IMG_9181.JPG,Small,Small,0.05672432786984848,0.7593146649676088,0.14580146986538856,0.03815953729715422
2025-08-07/IMG_9182.JPG,Very Small,Small,0.25287811760977774,0.541548955370515,0.2023659709046236,0.0032069561150839597
2025-08-07/IMG_9183.JPG,Small,Small,0.22032158757727965,0.7495494400532188,0.030100961165019893,2.8011204481792714e-05
2025-08-07/IMG_9184.JPG,Medium,Medium,0.022124034450045165,0.08943862564313665,0.882684234770723,0.005753105136095325
2025-08-07/IMG_9185.JPG,Very Small,Very Small,0.7816374360978429,0.19713518937050223,0.019560707864988213,0.0016666666666666668
2025-08-07/IMG_9186.JPG,Small,Small,0.015425165054751657,0.9428784224171509,0.04169641252809735,0.0
2025-08-07/IMG_9187.JPG,Small,Small,0.08474017518227289,0.8611327813227274,0.053907800725794645,0.00021924276920482334
2025-08-07/IMG_9188.JPG,Small,Small,0.10451861120146272,0.8191667494378879,0.07374636959834943,0.002568269762299613
2025-08-07/IMG_9189.JPG,Very Small,Very Small,0.7430182977382803,0.2491903096327633,0.007791392628956396,0.0
2025-08-07/IMG_9190.JPG,Very Small,Very Small,0.9656666666666667,0.034333333333333334,0.0,0.0
2025-08-07/IMG_9192.JPG,Small,Small,0.1773863832002808,0.754833097959723,0.06702057246013902,0.0007599463798568337
2025-08-07/IMG_9193.JPG,Very Small,Very Small,0.9645555555555556,0.03155555555555555,0.0038888888888888883,0.0
2025-08-07/IMG_9195.JPG,Very Small,Very Small,0.9426837421837422,0.05135329485329485,0.0059629629629629624,0.0
2025-08-07/IMG_9198.JPG,Medium,Small,0.09870061856175742,0.4561820904159977,0.44245598585011064,0.0026613051721345433
2025-08-07/IMG_9200.JPG,Small,Small,0.0765409589274258,0.8119356295514069,0.10835096269720537,0.0031724488239616537
2025-08-07/IMG_9203.JPG,Very Small,Very Small,0.9593869338546758,0.037555206442303216,0.002842805939580133,0.00021505376344086021
2025-08-07/IMG_9204.JPG,Very Small,Very Small,0.9977777777777778,0.0022222222222222222,0.0,0.0
2025-08-07/IMG_9206.JPG,Very Small,Very Small,0.9722524666269882,0.025117978886431594,0.0024145007231393236,0.00021505376344086021
2025-08-07/IMG_9207.JPG,Very Small,Very Small,1.0,0.0,0.0,0.0
2025-08-07/IMG_9211.JPG,Very Small,Very Small,0.9670436507936508,0.030341630591630586,0.002614718614718615,0.0
2025-08-07/IMG_9212.JPG,Very Small,Very Small,0.9753888888888889,0.0235,0.0011111111111111111,0.0
2025-08-07/IMG_9213.JPG,Small,Small,0.06349971763168902,0.8726066335621291,0.06377150837064964,0.00012214043553209806
2025-08-07/IMG_9217.JPG,Medium,Small,0.06666406865216629,0.5733828550613097,0.35638245969186266,0.0035706165946615236
2025-08-07/IMG_9218.JPG,Small,Small,0.14403392954424138,0.7886069531490352,0.06666122947186838,0.0006978878348550159
2025-08-07/IMG_9219.JPG,Medium,Medium,0.06329795717478719,0.4124544506457777,0.5173591945618569,0.006888397617578166
2025-08-07/IMG_9220.JPG,Small,Small,0.06230668096890742,0.4724985184803745,0.45024315169060314,0.014951648860114967
2025-08-07/IMG_9221.JPG,Small,Small,0.02611893514920544,0.7392884811297358,0.2295501000609282,0.005042483660130719
2025-08-07/IMG_9222.JPG,Medium,Medium,0.028734194134673784,0.20637844665783522,0.7613422215763531,0.003545137631137863
2025-08-07/IMG_9223.JPG,Medium,Medium,0.043635966050435085,0.11560397308134852,0.821084854973613,0.01967520589460328
2025-08-07/IMG_9224.JPG,Medium,Medium,0.04576317602496932,0.12170831133940031,0.8162328506094346,0.01629566202619582
2025-08-07/IMG_9225.JPG,Small,Small,0.18265044936947755,0.7942407481011727,0.02310880252934979,0.0
2025-08-07/IMG_9226.JPG,Small,Small,0.24362190733243366,0.7484811066126855,0.00789698605488079,0.0
2025-08-07/IMG_9227.JPG,Very Small,Very Small,0.8156575751411076,0.18035660568757117,0.00398581917132127,0.0
2025-08-07/IMG_9228.JPG,Medium,Medium,0.023150776003078192,0.23922096445942093,0.730458224856962,0.00717003468053888
2025-08-07/IMG_9229.JPG,Small,Small,0.016156135584082198,0.9200702524570283,0.0616307548160324,0.0021428571428571425
2025-08-07/IMG_9230.JPG,Very Small,Very Small,0.9119761904761905,0.08802380952380952,0.0,0.0
2025-08-07/IMG_9231.JPG,Small,Small,0.043936898183465314,0.8779789158356687,0.078084185980866,0.0
2025-08-07/IMG_9232.JPG,Small,Small,0.12714978499715165,0.8255626359737155,0.046811388552942076,0.0004761904761904762
2025-08-07/IMG_9233.JPG,Very Small,Very Small,0.8449048630563337,0.1545599517584812,0.0005351851851851851,0.0
2025-08-07/IMG_9234.JPG,Medium,Medium,0.019096619568150713,0.3168365109622146,0.6601171413025055,0.0039497281671289205
2025-08-07/IMG_9235.JPG,Medium,Medium,0.0022154644730460436,0.032639831000364744,0.88090389006956,0.08424081445702936
2025-08-07/IMG_9236.JPG,Medium,Medium,0.03295329722331581,0.11951734942420154,0.841614553577514,0.005914799774968612
2025-08-07/IMG_9237.JPG,Medium,Medium,0.09446222820721596,0.13036103597608228,0.6734347789289479,0.10174195688775377
2025-08-07/IMG_9239.JPG,Small,Small,0.16146525524624705,0.8166118961857022,0.02081173745693954,0.0011111111111111111
2025-08-07/IMG_9240.JPG,Very Small,Very Small,0.8448448412698412,0.15080515873015876,0.004350000000000001,0.0
2025-08-07/IMG_9241.JPG,Very Small,Very Small,0.9594444444444442,0.03888888888888889,0.0016666666666666668,0.0
2025-08-07/IMG_9242.JPG,Small,Small,0.2719109516214778,0.7196520467836258,0.008437001594896331,0.0
2025-08-07/IMG_9243.JPG,Very Small,Very Small,0.9291746031746031,0.07082539682539682,0.0,0.0
2025-08-07/IMG_9244.JPG,Very Small,Very Small,0.9582777777777778,0.041722222222222216,0.0,0.0
2025-08-07/IMG_9245.JPG,Medium,Medium,0.003523409511918398,0.04236774859817339,0.9323739366666202,0.021734905223287918
2025-08-07/IMG_9247.JPG,Medium,Medium,0.034771438534309196,0.29261757312756254,0.6695311205312797,0.0030798678068484717
2025-08-07/IMG_9248.JPG,Small,Small,0.06461485112293451,0.8637583360200476,0.06816898969002275,0.003457823166995304
2025-08-07/IMG_9249.JPG,Medium,Medium,0.008115905260458562,0.09221981080801632,0.8963650880866343,0.0032991958448906427
2025-08-07/IMG_9250.JPG,Small,Small,0.06787242025557283,0.85623491631618,0.0708210836474952,0.005071579780751918
2025-08-07/IMG_9251.JPG,Medium,Medium,0.016150229665516044,0.23522114378458805,0.6817858693236805,0.06684275722621523
2025-08-07/IMG_9252.JPG,Small,Small,0.027299221685891096,0.5455885179303611,0.413460959533584,0.013651300850164005
2025-08-07/IMG_9253.JPG,Small,Small,0.03315877183185345,0.8578084689356704,0.10697591592839593,0.0020568433040798555
2025-08-07/IMG_9254.JPG,Small,Small,0.3693423606507006,0.6142921815112719,0.016297430627143242,6.802721088435374e-05
2025-08-07/IMG_9255.JPG,Small,Small,0.06432893311472229,0.8687852145412752,0.06552964906998145,0.0013562032740204518
2025-08-07/IMG_9256.JPG,Small,Small,0.29135814654033526,0.6640732242137584,0.04352875417024625,0.001039875075660116
2025-08-07/IMG_9257.JPG,Small,Small,0.07215860614425922,0.8368361807207865,0.08796788765325846,0.003037325481695455
2025-08-07/IMG_9258.JPG,Small,Small,0.0346624166391466,0.9079223780807073,0.057365454036364734,4.9751243781094526e-05
2025-08-07/IMG_9259.JPG,Small,Small,0.02603147844442872,0.8032384806132402,0.1652495557253395,0.005480485216991328
2025-08-07/IMG_9261.JPG,Small,Small,0.13913243347837984,0.7696877889563704,0.09044488250709218,0.0007348950581574653
2025-08-07/IMG_9262.JPG,Small,Small,0.04439020398734771,0.7745854116929477,0.1756185154150459,0.0054058689046582505
2025-08-07/IMG_9263.JPG,Small,Small,0.04791035890406093,0.8772357800380487,0.07146582878676286,0.003388032271127309
2025-08-07/IMG_9264.JPG,Small,Small,0.07375050880981378,0.7506774043240281,0.17167479791701964,0.0038972889491384667
2025-08-07/IMG_9397.JPG,Small,Small,0.31926398491278607,0.6543748210913493,0.02633318279138291,2.8011204481792714e-05
2025-08-07/IMG_9398.JPG,Very Small,Very Small,0.7554301769527527,0.23082089605070852,0.01374892699653872,0.0
2025-08-07/IMG_9399.JPG,Small,Small,0.019473857485451742,0.8854222489107573,0.09172990986395346,0.0033739837398373985
2025-08-07/IMG_9402.JPG,Small,Small,0.023206943963783196,0.8935383788720694,0.08111182002129028,0.0021428571428571425
2025-08-07/IMG_9403.JPG,Small,Small,0.04598474562177994,0.8392850994140356,0.1081428533768827,0.006587301587301587
2025-08-07/IMG_9404.JPG,Medium,Medium,0.004984291404994523,0.05515764131469548,0.9136103314319667,0.026247735848343202
2025-08-07/IMG_9405.JPG,Small,Small,0.031241421767664104,0.7782345016298792,0.18761537853203333,0.0029086980704231377
2025-08-07/IMG_9406.JPG,Medium,Medium,0.03935358415449921,0.2509165017550282,0.7008228717864036,0.008907042304068928
2025-08-07/IMG_9410.JPG,Very Small,Very Small,0.8375584801068675,0.14661087386421343,0.01583064602891905,0.0
2025-08-07/IMG_9411.JPG,Small,Small,0.05041235990782333,0.8955253973589866,0.05406224273319023,0.0
2025-08-07/IMG_9412.JPG,Small,Medium,0.048917492277963236,0.39086233103659207,0.544433104312934,0.015787072372510737
2025-08-07/IMG_9413.JPG,Medium,Medium,0.019620482555925228,0.07416721459096086,0.865175332962888,0.041036969890226045
2025-08-07/IMG_9414.JPG,Large,Large,0.014810590351960275,0.044124777453955,0.35808439101593226,0.5829802411781524
2025-08-07/IMG_9416.JPG,Very Small,Very Small,0.9863888888888888,0.0125,0.0011111111111111111,0.0
2025-08-07/IMG_9417.JPG,Small,Small,0.04575683977785589,0.8776947247872101,0.07651543213460409,3.3003300330033e-05
2025-08-07/IMG_9418.JPG,Small,Small,0.02147099450280075,0.6920292573259178,0.2841784590560959,0.002321289115185622
2025-08-07/IMG_9419.JPG,Medium,Small,0.08056136550491623,0.46468342889691067,0.454483813516436,0.0002713920817369093
2025-08-07/IMG_9420.JPG,Small,Small,0.06805232730905893,0.7945712541323461,0.13718197411415028,0.00019444444444444446
2025-08-07/IMG_9421.JPG,Small,Small,0.0516189095383152,0.9135996334517539,0.03469525011337931,8.620689655172413e-05
2025-08-07/IMG_9422.JPG,Very Small,Very Small,0.5113735043222412,0.4495609419461092,0.03901580248786826,4.9751243781094526e-05
2025-08-07/IMG_9424.JPG,Small,Small,0.02814171516180989,0.7811924184170981,0.1897067469242367,0.0009591194968553459
2025-08-07/IMG_9426.JPG,Medium,Medium,0.03688086348331149,0.3292391074078759,0.6316248844116075,0.0022551446972054533
2025-08-07/IMG_9427.JPG,Small,Small,0.05473775840973328,0.893506567348129,0.051755674242137874,0.0
2025-08-07/IMG_9429.JPG,Small,Small,0.07780566977630649,0.8437321870540725,0.07842913986929084,3.3003300330033e-05
2025-08-07/IMG_9430.JPG,Medium,Small,0.050336802722485086,0.5444588827292821,0.4035785061224619,0.00162580842577048
2025-08-07/IMG_9431.JPG,Very Small,Very Small,0.792839719950831,0.18827139116028005,0.018888888888888886,0.0
2025-08-07/IMG_9432.JPG,Small,Small,0.04565925413010696,0.9182439696204925,0.03609677624940078,0.0
2025-08-07/IMG_9433.JPG,Small,Small,0.016827885371676565,0.7316228438209843,0.24627826967782696,0.005271001129512209
2025-08-07/IMG_9434.JPG,Small,Small,0.05843533612968761,0.8930216615415765,0.048323759559531124,0.00021924276920482334
2025-08-07/IMG_9435.JPG,Very Small,Very Small,0.9204523359921872,0.06964222204555767,0.009905441962255143,0.0
2025-08-07/IMG_9437.JPG,Medium,Small,0.12282232259849887,0.493245690292652,0.3810738380156578,0.002858149093191335
2025-08-07/IMG_9438.JPG,Very Small,Very Small,0.8242077698673325,0.15617442549439414,0.01939053191100067,0.00022727272727272725
2025-08-07/IMG_9439.JPG,Very Small,Very Small,1.0,0.0,0.0,0.0
2025-08-07/IMG_9440.JPG,Very Small,Very Small,0.6119002207765112,0.33618766794132027,0.05191211128216846,0.0
2025-08-07/IMG_9441.JPG,Very Small,Very Small,0.9742777777777779,0.022722222222222224,0.003,0.0
2025-08-07/IMG_9443.JPG,Medium,Medium,0.019220275476157105,0.11495485902593941,0.8503307660345917,0.015494099463311865
2025-08-07/IMG_9444.JPG,Medium,Medium,0.02990621950712472,0.19464289008840774,0.763386311487704,0.012064578916763604
2025-08-07/IMG_9445.JPG,Small,Small,0.019606619676580582,0.9303704893025828,0.05002289102083644,0.0
2025-08-07/IMG_9447.JPG,Very Small,Very Small,1.0,0.0,0.0,0.0
2025-08-07/IMG_9448.JPG,Very Small,Very Small,0.8768971490569709,0.10857498765782848,0.014527863285200962,0.0
2025-08-07/IMG_9449.JPG,Medium,Medium,0.04482605372298116,0.2164676715761844,0.7319415688184813,0.006764705882352941
2025-08-07/IMG_9450.JPG,Small,Small,0.016996129331337456,0.911527980119173,0.0714758905494893,0.0
2025-08-07/IMG_9451.JPG,Very Small,Very Small,0.9672222222222223,0.03277777777777778,0.0,0.0
2025-08-07/IMG_9452.JPG,Small,Small,0.03687346698260649,0.5760405817588294,0.3749873565895994,0.012098594668964631
2025-08-07/IMG_9453.JPG,Small,Small,0.07576829121332022,0.8949112581391903,0.02932045064748948,0.0
2025-08-07/IMG_9454.JPG,Very Small,Very Small,0.9477720588235293,0.051120798319327726,0.001107142857142857,0.0
2025-08-07/IMG_9455.JPG,Small,Small,0.04608586858717013,0.856051043053468,0.09783507715487996,2.8011204481792714e-05
2025-08-07/IMG_9456.JPG,Medium,Medium,0.010635531006287075,0.06486339947316692,0.9186006977285252,0.005900371792020515
2025-08-07/IMG_9457.JPG,Small,Small,0.31133739066133614,0.6770465689851363,0.011616040353527696,0.0
2025-08-07/IMG_9459.JPG,Small,Small,0.04806691002662089,0.9156557505319718,0.036249328236925824,2.8011204481792714e-05
2025-08-07/IMG_9460.JPG,Small,Small,0.023986065022797053,0.9496666448398461,0.02634729013735644,0.0
2025-08-07/IMG_9461.JPG,Small,Small,0.05002427775896804,0.9039532121244437,0.04585301859116454,0.00016949152542372882
2025-08-07/IMG_9462.JPG,Very Small,Very Small,0.9728333333333332,0.02411111111111111,0.0030555555555555553,0.0
2025-08-07/IMG_9463.JPG,Medium,Medium,0.018526292734542905,0.34202848834879734,0.6391527352565288,0.0002924836601307189
2025-08-07/IMG_9466.JPG,Very Small,Very Small,0.9988888888888887,0.0011111111111111111,0.0,0.0
2025-08-07/IMG_9467.JPG,Medium,Medium,0.03356711242318856,0.09757867152689521,0.8404867738688203,0.02836744218109588
2025-08-07/IMG_9470.JPG,Medium,Medium,0.029075367439933605,0.2241680649610895,0.740829158500097,0.005927409098879735
2025-08-07/IMG_9472.JPG,Medium,Medium,0.006778722315553352,0.03442350714721613,0.9394092385741506,0.019388531963079755
2025-08-07/IMG_9473.JPG,Very Small,Very Small,0.895209672164535,0.08967460885341973,0.015115718982045223,0.0
2025-08-07/IMG_9474.JPG,Small,Small,0.0635592014815971,0.8331040138959357,0.10333678462246722,0.0
2025-08-07/IMG_9475.JPG,Small,Small,0.0880515996762243,0.8422963095866032,0.06926388618323448,0.00038820455393803657
2025-08-07/IMG_9477.JPG,Medium,Medium,0.007249947198575405,0.0565065803031534,0.9235001358559327,0.012743336642338357
2025-08-07/IMG_9478.JPG,Medium,Medium,0.0037908579990813887,0.020040489044770845,0.9181105497814711,0.058058103174676766
2025-08-07/IMG_9479.JPG,Medium,Medium,0.003264761513768717,0.034936101109704146,0.9506438220593941,0.011155315317133149
2025-08-07/IMG_9485.JPG,Medium,Medium,0.05107406641209552,0.29442008119088486,0.6444297022174256,0.010076150179594161
2025-08-07/IMG_9486.JPG,Small,Small,0.1138601524877231,0.7978233897674862,0.08754382930464252,0.0007726284401475895
2025-08-07/IMG_9487.JPG,Small,Small,0.13100650820349102,0.8212640088442835,0.046276021753853765,0.001453461198371652
2025-08-07/IMG_9488.JPG,Small,Small,0.03318090591294011,0.8662473970727171,0.09970856895777412,0.000863128056567922
2025-08-07/IMG_9489.JPG,Very Small,Very Small,0.6364903726697541,0.3143446125840036,0.04911871844994609,4.6296296296296294e-05
2025-08-07/IMG_9492.JPG,Small,Small,0.10358206022628984,0.8176191756092529,0.07806372765141929,0.000735036513037976
2025-08-07/IMG_9493.JPG,Medium,Medium,0.032413075642405094,0.1992044743746944,0.7348097312278123,0.033572718755087994
2025-08-07/IMG_9495.JPG,Small,Small,0.04173827618478488,0.4880335988639031,0.44411126191901784,0.026116863032294615
2025-08-07/IMG_9502.JPG,Small,Small,0.18268181008098752,0.7344845944921282,0.07830252935917531,0.0045310660677093
2025-08-07/IMG_9503.JPG,Medium,Medium,0.07076414087054682,0.3325210232818555,0.5910611438098515,0.005653692037745783
2025-08-07/IMG_9504.JPG,Small,Small,0.1797078200874894,0.7688766737826428,0.050937971478139214,0.0004775346517282001
2025-08-07/IMG_9505.JPG,Medium,Medium,0.03661408716646226,0.1788857021940339,0.7581294634117718,0.026370747227732135
2025-08-07/IMG_9506.JPG,Very Small,Very Small,0.7299440881267947,0.2398352948031473,0.029929872145395702,0.0002907449246623214
2025-08-07/IMG_9507.JPG,Small,Small,0.10314482138355946,0.7306131893039793,0.15807906594763896,0.008162923364822744
2025-08-07/IMG_9509.JPG,Small,Small,0.09084912530270021,0.7522540890132035,0.14474681277305573,0.01214997291104089
2025-08-07/IMG_9512.JPG,Small,Small,0.2504856088549605,0.6980080081015552,0.0505045169210532,0.0010018661224305988
2025-08-07/IMG_9513.JPG,Small,Small,0.12005438332163475,0.820506632942671,0.05900804873038358,0.00043093500531058354
2025-08-07/IMG_9514.JPG,Small,Small,0.1147769881052785,0.8229047147848971,0.062072547289698694,0.0002457498201253983
2025-08-07/IMG_9515.JPG,Small,Small,0.17710912639982113,0.793139035489358,0.028717199401806427,0.001034638709014287
2025-08-07/IMG_9516.JPG,Small,Small,0.3302801670800428,0.6520452876014342,0.01767454531852281,0.0
2025-08-07/IMG_9517.JPG,Small,Small,0.1806667747442767,0.7845695109823431,0.034536482971773315,0.0002272313016068798
2025-08-07/IMG_9519.JPG,Small,Small,0.14066659978593404,0.8176542153355122,0.04161700993765536,6.217494089834515e-05
2025-08-07/IMG_9522.JPG,Small,Small,0.2316714532022614,0.7321917191789912,0.0357389869981442,0.00039784062060329553
2025-08-07/IMG_9523.JPG,Small,Small,0.1566274150005264,0.7907332070909677,0.05229413418453857,0.0003452437239671282
2025-08-07/IMG_9524.JPG,Medium,Medium,0.05677191927235655,0.4075205040868653,0.503872617868976,0.03183495877180215
2025-08-07/IMG_9525.JPG,Medium,Medium,0.08015152481437207,0.23080691084870555,0.6471726731039784,0.041868891232944044
2025-08-07/IMG_9528.JPG,Medium,Medium,0.0425482909083707,0.2927322808164265,0.6232291424793279,0.04149028579587465
2025-08-07/IMG_9529.JPG,Medium,Medium,0.0503537952967705,0.3055230124338573,0.6156480400577166,0.02847515221165582
2025-08-07/IMG_9530.JPG,Small,Small,0.06072022741079015,0.6098857213988892,0.3048416883487714,0.024552362841549408
2025-08-07/IMG_9531.JPG,Medium,Medium,0.14458542661710902,0.4039049263321101,0.4476681169828183,0.0038415300679627107
2025-08-07/IMG_9532.JPG,Medium,Medium,0.017968571596839334,0.12543055399991654,0.7766913476630507,0.07990952674019285
2025-08-07/IMG_9534.JPG,Large,Large,0.012585248085248085,0.01491282109565434,0.11146378518435791,0.8610381456347396
2025-08-07/IMG_9536.JPG,Very Small,Medium,0.2777122432191686,0.16508084734755382,0.49662097301369934,0.06058593641957806
2025-08-07/IMG_9537.JPG,Medium,Medium,0.1096922537368953,0.21849045907375256,0.6283815553198729,0.04343573186947879
2025-08-07/IMG_9538.JPG,Large,Large,0.017722275598397782,0.08582032910580857,0.31941068348767027,0.5770467118081233
2025-08-07/IMG_9539.JPG,Large,Large,0.0008864130313011136,0.038895803483181175,0.16107895593863,0.7991388275468876
2025-08-07/IMG_9541.JPG,Medium,Medium,0.01695720293253308,0.07671454426875879,0.8103763207815683,0.09595193201713945
2025-08-07/IMG_9542.JPG,Large,Large,0.03335821567018477,0.09739044497898165,0.32817703478252824,0.5410743045683051
2025-08-07/IMG_9543.JPG,Small,Medium,0.06053967581451997,0.41030116684456114,0.4849191233294409,0.04424003401147822
2025-08-07/IMG_9544.JPG,Large,Medium,0.06413764484893368,0.27468939226899347,0.4293977900139346,0.23177517286813862
2025-08-07/IMG_9545.JPG,Medium,Medium,0.03824349734794222,0.14230497749371213,0.7330487007105116,0.08640282444783362
2025-08-07/IMG_9546.JPG,Medium,Medium,0.08204895563498617,0.22689596483230942,0.6062423000597801,0.08481277947292426
2025-08-07/IMG_9547.JPG,Small,Small,0.15598111017935914,0.6899824407741426,0.14226528243760833,0.011771166608890627
2025-08-07/IMG_9548.JPG,Medium,Medium,0.06381802410658688,0.18220177860999823,0.6705013062698053,0.08347889101360925
2025-08-07/IMG_9550.JPG,Small,Small,0.09051318703418619,0.5878286526293472,0.29579919282793915,0.025858967508527834
2025-08-07/IMG_9551.JPG,Medium,Large,0.007287804446629858,0.022073842404304957,0.44860970271439177,0.5220286504346734
2025-08-07/IMG_9553.JPG,Large,Small,0.15721164322575928,0.4969258904905158,0.14395250518629862,0.20190996109742637
2025-08-07/IMG_9555.JPG,Medium,Medium,0.04020939566967246,0.12182624229577257,0.7534482056164389,0.08451615641811595
2025-08-07/IMG_9556.JPG,Very Small,Very Small,0.626760563089476,0.3205437201355956,0.05212097580081633,0.0005747409741119763
2025-08-07/IMG_9558.JPG,Small,Small,0.07667697749555918,0.5543671723106122,0.3430223278466607,0.025933522347167934
2025-08-07/IMG_9559.JPG,Small,Small,0.1566100327657144,0.5841287863936905,0.23979003205351057,0.019471148787084898
2025-08-07/IMG_9561.JPG,Medium,Medium,0.10844957824064054,0.36676960931552655,0.5224953467305803,0.002285465713252525
2025-08-07/IMG_9562.JPG,Medium,Medium,0.04244035384693295,0.17369354457138242,0.7525355872570161,0.03133051432466841
2025-08-07/IMG_9564.JPG,Very Small,Small,0.38963370120172724,0.439728793638353,0.16657375286973491,0.004063752290184933
2025-08-07/IMG_9571.JPG,Large,Large,0.0056545289733300995,0.028998166940646677,0.09235002648840909,0.872997277597614
2025-08-07/IMG_9574.JPG,Large,Large,0.010591052169819475,0.03637157133385662,0.20666080180158056,0.7463765746947432
2025-08-07/IMG_9575.JPG,Large,Large,0.004371486871458047,0.01771128461862029,0.08558893067546557,0.892328297834456
2025-08-07/IMG_9576.JPG,Medium,Medium,0.042315857910738254,0.08643996687686384,0.777068851223155,0.09417532398924225
2025-08-07/IMG_9578.JPG,Large,Large,0.00902605774108947,0.04452640728652208,0.22231415903198737,0.7241333759404007
2025-08-07/IMG_9579.JPG,Medium,Medium,0.010686487195879425,0.06051182572116062,0.8074664821516901,0.1213352049312695
2025-08-07/IMG_9581.JPG,Medium,Medium,0.02162164389487791,0.10261455487980449,0.7902422027291273,0.08552159849618995
2025-08-07/IMG_9583.JPG,Medium,Medium,0.05414027766658536,0.15910150860161104,0.6718215855451755,0.11493662818662817
2025-08-07/IMG_9584.JPG,Medium,Medium,0.028609512853754494,0.08066003652266533,0.7346364286166718,0.1560940220069083
2025-08-07/IMG_9585.JPG,Large,Large,0.040515926501174325,0.0997931070522971,0.2774322559653747,0.5822587104811536
2025-08-07/IMG_9586.JPG,Medium,Medium,0.02909172497647371,0.07945382842418587,0.8433149089008365,0.04813953769850346
2025-08-07/IMG_9589.JPG,Medium,Medium,0.005885229818646304,0.011860771581710682,0.5612228543937356,0.42103114420590726
2025-08-07/IMG_9590.JPG,Medium,Medium,0.0568936206178048,0.24983138211495126,0.6485480675488656,0.04472692971837827
2025-08-07/IMG_9593.JPG,Small,Small,0.06617432348029341,0.7792216216390302,0.15336713475287486,0.001236920127801595
2025-08-07/IMG_9594.JPG,Large,Large,0.019524150721544307,0.019716877919159104,0.10922028647431037,0.8515386848849863
2025-08-07/IMG_9595.JPG,Medium,Medium,0.013384565122813467,0.052881618516784336,0.8824922516425227,0.05124156471787906
2025-08-07/IMG_9597.JPG,Medium,Medium,0.015259146605494238,0.09117856961150063,0.7689862806373318,0.12457600314567317
2025-08-07/IMG_9598.JPG,Small,Small,0.06040054142739121,0.7136839609048498,0.21063771988998128,0.015277777777777777
2025-08-07/IMG_9599.JPG,Medium,Medium,0.011029149696405002,0.08605263523879515,0.8428843604853447,0.06003385457945496
2025-08-07/IMG_9600.JPG,Medium,Medium,0.043985155471295674,0.16818071061468398,0.7620495445296774,0.02578458938434307
2025-08-07/IMG_9601.JPG,Very Small,Very Small,0.7870979398851738,0.18581104356636274,0.027091016548463357,0.0
2025-08-07/IMG_9602.JPG,Small,Small,0.17293986864030428,0.7647097543398726,0.06235037701982289,0.0
2025-08-07/IMG_9603.JPG,Medium,Medium,0.04427890874779443,0.15638598664444894,0.7700048967670445,0.029330207840712046
2025-08-07/IMG_9607.JPG,Medium,Medium,0.026929783498144767,0.11916065435513223,0.8409484961201695,0.012961066026553473
2025-08-07/IMG_9608.JPG,Large,Large,0.011993746022560033,0.013896241705229363,0.08944187067768757,0.8846681415945234
2025-08-07/IMG_9609.JPG,Large,Large,0.0002564102564102564,0.0037619855808962315,0.016914015421897004,0.9790675887407967
2025-08-07/IMG_9610.JPG,Large,Large,0.0025,0.004438663897482805,0.013638858876098255,0.9794224772264191
2025-08-07/IMG_9611.JPG,Large,Large,0.0024095388903442893,0.0034243983044862404,0.046225739639553044,0.9479403231656166
2025-08-07/IMG_9614.JPG,Medium,Medium,0.004598697888994985,0.04050452665109011,0.8038313438354012,0.15106543162451339
2025-08-07/IMG_9615.JPG,Large,Medium,0.044480047190686024,0.26373961218384356,0.3925085593794967,0.2992717812459735
2025-08-07/IMG_9616.JPG,Large,Large,0.0,0.0005219972308161382,0.0005833033205427019,0.9988946994486412
2025-08-07/IMG_9623.JPG,Large,Large,0.0,0.002299775008593916,0.006138858876098258,0.9915613661153079
2025-08-07/IMG_9625.JPG,Large,Large,0.004779960740566109,0.039237769742426924,0.22513354514057965,0.7308487243764273
2025-08-07/IMG_9628.JPG,Large,Large,0.0037777777777777775,0.009307471264367815,0.07730404153531331,0.9096107094225412
2025-08-07/IMG_9629.JPG,Medium,Medium,0.01866625964429049,0.03199926156031683,0.7271850038639902,0.22214947493140252
2025-08-07/IMG_9633.JPG,Large,Large,0.016349811793532794,0.041527708997384435,0.1743057419804372,0.7678167372286456
2025-08-07/IMG_9634.JPG,Large,Large,0.003232164734709264,0.009458957947741537,0.10334363552661366,0.8839652417909356
2025-08-07/IMG_9635.JPG,Large,Large,0.0002564102564102564,0.0005219972308161382,0.0005833033205427019,0.9986382891922309
2025-08-07/IMG_9636.JPG,Large,Large,0.001923076923076923,0.0049300952490059,0.06660583086861442,0.9265409969593029
2025-08-07/IMG_9637.JPG,Large,Large,0.0003333333333333334,0.002188663897482805,0.004472192209431591,0.9930058105597523
2025-08-07/IMG_9638.JPG,Large,Large,0.0035897435897435897,0.002969777788688439,0.00828847429635588,0.9851520043252122
2025-08-07/IMG_9639.JPG,Large,Large,0.035387723387723384,0.01029782036480866,0.18091259246214073,0.773401863785327
2025-08-07/IMG_9640.JPG,Large,Large,0.006210234210234211,0.006373096692007343,0.03308068208856367,0.9543359870091951
2025-08-07/IMG_9641.JPG,Large,Large,0.0001087386552578485,0.005612185454273744,0.1342137842419931,0.8600652916484754
2025-08-07/IMG_9643.JPG,Large,Large,0.0,0.0006886638974828048,0.012083303320542704,0.9872280327819745
2025-08-07/IMG_9645.JPG,Large,Large,0.0006267806267806268,0.0033275527863716936,0.019027747764987148,0.9770179188218606
2025-08-07/IMG_9646.JPG,Large,Large,0.0014469282392391757,0.007408924302155266,0.09995488595887604,0.8911892614997293
2025-08-07/IMG_9652.JPG,Large,Large,0.01383440951916829,0.01333691848159265,0.18259221578938148,0.7902364562098574
2025-08-07/IMG_9654.JPG,Large,Large,0.019150639029106787,0.011926859222090313,0.06677854787701169,0.9021439538717914
2025-08-07/IMG_9655.JPG,Large,Large,0.062156077917522895,0.03423979789272,0.21855926220819774,0.6850448619815596
2025-08-07/IMG_9656.JPG,Large,Large,0.0,0.006271997230816138,0.01547219220943159,0.9782558105597523
2025-08-07/IMG_9658.JPG,Large,Large,0.008839223144973362,0.01882763099171868,0.31260470806218005,0.6597284378011282
2025-08-07/IMG_9659.JPG,Large,Large,0.0,0.001271997230816138,0.011138858876098256,0.9875891438930857
2025-08-07/IMG_9660.JPG,Large,Large,0.01322008992474279,0.06422046950384831,0.3074401546927636,0.6151192858786455
2025-08-07/IMG_9669.JPG,Medium,Medium,0.07817346164855245,0.30411100001237446,0.6097129173091625,0.008002621029910577
2025-08-07/IMG_9671.JPG,Large,Large,0.011050048548990667,0.038941172736694445,0.21939044892490633,0.7306183297894084
2025-08-07/IMG_9672.JPG,Medium,Medium,0.006640203204735407,0.037498550162614434,0.7741665344737655,0.18169471215888439
2025-08-07/IMG_9673.JPG,Large,Large,0.0,0.0005219972308161382,0.03697219220943159,0.9625058105597523
2025-08-07/IMG_9674.JPG,Large,Large,0.02229884319481716,0.03976103689852407,0.27127487264363404,0.6666652472630248
2025-08-07/IMG_9675.JPG,Large,Large,0.004166666666666667,0.0011767591355780428,0.01680959058341533,0.97784698361434
2025-08-07/IMG_9678.JPG,Large,Large,0.05067953942374814,0.1439630966008303,0.1695981776821336,0.6357591862932881
2025-08-07/IMG_9679.JPG,Large,Large,0.0,0.002188663897482805,0.007249969987209367,0.9905613661153079
2025-08-07/IMG_9681.JPG,Large,Large,0.0,0.0003692878712102268,0.034289251693157746,0.9653414604356321
2025-08-07/IMG_9683.JPG,Large,Large,0.014055776281111045,0.020387792954766733,0.056939281381948086,0.9086171493821746
2025-08-07/IMG_9685.JPG,Medium,Medium,0.011491281812348129,0.010085759626415126,0.7131222913281796,0.2653006672330572
2025-08-07/IMG_9686.JPG,Medium,Medium,0.012787034592784808,0.022815557285640237,0.5897077477986199,0.3746896603229548
2025-08-07/IMG_9687.JPG,Large,Large,0.0016666666666666668,0.00459342580224471,0.022188241592147637,0.971551665938941
2025-08-07/IMG_9688.JPG,Large,Large,0.020630761914781016,0.016435284030336752,0.08851512619934092,0.8744188278555415
2025-08-07/IMG_9689.JPG,Large,Large,0.0,0.00028595453787689346,0.05939799215904106,0.940316053303082
2025-08-07/IMG_9693.JPG,Medium,Medium,0.00905632188204175,0.0364864442449629,0.9263774860489526,0.028079747824042604
2025-08-07/IMG_9694.JPG,Medium,Medium,0.009884440033879775,0.07590945361420774,0.7567162507518916,0.1574898556000209
2025-08-07/IMG_9695.JPG,Small,Small,0.027905959606443105,0.9126858787490985,0.05881556905186573,0.0005925925925925926
2025-08-07/IMG_9696.JPG,Large,Large,0.009261869694948988,0.06609130200439886,0.0955377604874451,0.8291090678132071
2025-08-07/IMG_9697.JPG,Large,Large,0.01481045751633987,0.017777752827628508,0.11768682843507773,0.849724961220954
2025-08-07/IMG_9698.JPG,Large,Large,0.011873578876123406,0.06967232742790204,0.10145714451380572,0.8169969491821688
2025-08-07/IMG_9700.JPG,Large,Large,0.004953019867061201,0.00831062411825576,0.3718568095651188,0.6148795464495646
2025-08-07/IMG_9701.JPG,Medium,Medium,0.007131577825675898,0.014402526996077138,0.8645868416579258,0.11387905352032118
2025-08-07/IMG_9702.JPG,Large,Large,0.0008765802284043165,0.0016190835616003258,0.05522652347121207,0.9422778127387833
2025-08-07/IMG_9704.JPG,Large,Large,0.04421224992366709,0.1305067462582347,0.17886392316590286,0.6464170806521953
2025-08-07/IMG_9705.JPG,Large,Large,0.015004518780696191,0.06718694845947626,0.274318711812044,0.6434898209477835
2025-08-07/IMG_9706.JPG,Large,Large,0.022172726045972768,0.044076710800149285,0.12258527405023822,0.8111652891036397
2025-08-07/IMG_9707.JPG,Medium,Medium,0.01422427072205457,0.06810458287270556,0.8448310329275917,0.07284011347764788
2025-08-07/IMG_9709.JPG,Large,Large,0.017222222222222222,0.026025132027054382,0.029027747764987146,0.9277248979857364
2025-08-07/IMG_9710.JPG,Large,Large,0.0019215686274509805,0.015445549985251246,0.06475523505619991,0.9178776463310979
2025-08-07/IMG_9711.JPG,Large,Large,0.0033333333333333335,0.0024570071694558406,0.04387570098136142,0.9503339585158495
2025-08-07/IMG_9712.JPG,Large,Large,0.009648036914010387,0.023297873123366487,0.08752733954279915,0.8795267504198241
2025-08-07/IMG_9713.JPG,Large,Large,0.004250683253227782,0.019039586979944224,0.0859405770611769,0.8907691527056513
2025-08-07/IMG_9714.JPG,Large,Large,0.0,0.00445262120454356,0.10439799215904107,0.8911493866364155
2025-08-07/IMG_9715.JPG,Medium,Medium,0.027041499862332993,0.1435787299160026,0.7554793463950513,0.07390042382661306
2025-08-07/IMG_9716.JPG,Medium,Medium,0.004428438021932395,0.031052357827663534,0.8338042546599702,0.13071494949043364
2025-08-07/IMG_9717.JPG,Large,Large,0.003907203907203906,0.0018730966920073426,0.01719179319967478,0.977027906201114
2025-09-05/IMG_0795.JPG,Small,Small,0.1471622075005683,0.7398748702748116,0.11238289885840186,0.0005800233662180234
2025-09-05/IMG_0797.JPG,Small,Small,0.09261997459518995,0.8832021835759104,0.024177841828899267,0.0
2025-09-05/IMG_0798.JPG,Small,Small,0.018966670176758408,0.8941792693710363,0.08667862185571391,0.00017543859649122806
2025-09-05/IMG_0801.JPG,Small,Small,0.02499780081664951,0.9148571192170774,0.060145079966273156,0.0
2025-09-05/IMG_0804.JPG,Medium,Medium,0.010136980550887043,0.058461045644926664,0.8634398320753346,0.06796214172885134
2025-09-05/IMG_0805.JPG,Medium,Medium,0.0070859304725516496,0.08708458230101365,0.8893442429211817,0.016485244305252812
2025-09-05/IMG_0806.JPG,Small,Small,0.2425763644442427,0.7048093246496667,0.049711746611199384,0.0029025642948910272
2025-09-05/IMG_0808.JPG,Very Small,Very Small,0.7558193611239056,0.19568398093539555,0.048496657940698844,0.0
2025-09-05/IMG_0809.JPG,Very Small,Very Small,0.6585851371564269,0.2963445335328425,0.045070329310730725,0.0
2025-09-05/IMG_0811.JPG,Medium,Medium,0.019022016665550097,0.07766643329473474,0.8914946454084743,0.011816904631240677
2025-09-05/IMG_0812.JPG,Medium,Medium,0.011946192939847415,0.09034301813507571,0.8870688638302596,0.01064192509481704
2025-09-05/IMG_0813.JPG,Medium,Medium,0.011803960392815014,0.11532982229631744,0.8609453384606699,0.011920878850197499
2025-09-05/IMG_0814.JPG,Small,Small,0.01598859013750485,0.7802009659369511,0.2006401032479158,0.003170340677628017
2025-09-05/IMG_0818.JPG,Small,Small,0.022286065419907918,0.7150313427424864,0.2464937798400102,0.016188811997595875
2025-09-05/IMG_0820.JPG,Medium,Small,0.03261364507887048,0.6825900724520545,0.28479628246907507,0.0
2025-09-05/IMG_0821.JPG,Small,Small,0.11376433264223211,0.807827809464025,0.07840785789374302,0.0
2025-09-05/IMG_0822.JPG,Small,Small,0.07059760178682871,0.861095763425166,0.06817067664767233,0.00013595814033281865
2025-09-05/IMG_0823.JPG,Very Small,Very Small,0.5286627468624263,0.3860728343402324,0.08507394260686503,0.00019047619047619048
2025-09-05/IMG_0824.JPG,Very Small,Small,0.3590609896570685,0.5575889274492606,0.08321412475333823,0.00013595814033281865
2025-09-05/IMG_0825.JPG,Medium,Medium,0.018918338456476703,0.10035045431974443,0.8673891631518806,0.013342044071898188
2025-09-05/IMG_0827.JPG,Medium,Medium,0.015847654882686614,0.06482652755276473,0.9104122531240069,0.008913564440541593
2025-09-05/IMG_0828.JPG,Small,Small,0.05432782829852929,0.8734234214719697,0.07127435122556877,0.0009743990039322738
2025-09-05/IMG_0829.JPG,Small,Small,0.040708022954696776,0.9212484145305395,0.03804356251476366,0.0
2025-09-05/IMG_0830.JPG,Small,Small,0.28766396169515657,0.676840873426838,0.03549516487800546,0.0
2025-09-05/IMG_0832.JPG,Very Small,Very Small,0.985,0.013888888888888886,0.0011111111111111111,0.0
2025-09-05/IMG_0833.JPG,Small,Small,0.026578727168841843,0.5106104307984247,0.45008312927465777,0.012727712758076031
2025-09-05/IMG_0834.JPG,Medium,Medium,0.014993688938953132,0.11993495143319595,0.8408344008839729,0.02423695874387789
2025-09-05/IMG_0836.JPG,Very Small,Very Small,0.8854619363499959,0.100590973702914,0.013947089947089947,0.0
2025-09-05/IMG_0838.JPG,Medium,Medium,0.03403793151413448,0.13763429869795962,0.8077404940482624,0.020587275739643602
2025-09-05/IMG_0839.JPG,Small,Small,0.06974363224480934,0.8816302380757403,0.04840509744950059,0.00022103222994962674
2025-09-05/IMG_0840.JPG,Very Small,Very Small,0.965595238095238,0.02857142857142857,0.005833333333333333,0.0
2025-09-05/IMG_0842.JPG,Very Small,Very Small,0.9233245656848598,0.06549808483999661,0.01117734947514359,0.0
2025-09-05/IMG_0843.JPG,Very Small,Very Small,0.9858333333333333,0.012499999999999999,0.0016666666666666668,0.0
2025-09-05/IMG_0846.JPG,Small,Small,0.023896268025043684,0.932135493671528,0.04396823830342817,0.0
2025-09-05/IMG_0847.JPG,Medium,Medium,0.00574284387235911,0.0764549342001429,0.9048715384590322,0.012930683468465395
2025-09-05/IMG_0848.JPG,Very Small,Very Small,0.9966666666666667,0.0033333333333333335,0.0,0.0
2025-09-05/IMG_0849.JPG,Very Small,Very Small,0.6147730204726123,0.32767645270477774,0.056957934230017125,0.0005925925925925926
2025-09-05/IMG_0851.JPG,Medium,Medium,0.009534866648800428,0.12205040066215124,0.8472594842037979,0.021155248485250345
2025-09-05/IMG_0852.JPG,Small,Small,0.014078949627280716,0.6115769981027707,0.36854202198196195,0.00580203028798707
2025-09-05/IMG_0853.JPG,Very Small,Very Small,0.9966666666666667,0.0033333333333333335,0.0,0.0
2025-09-05/IMG_0854.JPG,Small,Small,0.02312725168588121,0.8553349898196961,0.12107341000167296,0.00046434849274951915
2025-09-05/IMG_0856.JPG,Small,Small,0.013730384366469268,0.9364681114702194,0.049801504163311305,0.0
2025-09-05/IMG_0857.JPG,Very Small,Very Small,0.9941666666666666,0.005833333333333334,0.0,0.0
2025-09-05/IMG_0858.JPG,Small,Small,0.017332968323199752,0.9208101284882795,0.06185690318852069,0.0
2025-09-05/IMG_0861.JPG,Small,Small,0.09955526155796131,0.8214711755874952,0.07535861527722265,0.0036149475773207124
2025-09-05/IMG_0862.JPG,Medium,Medium,0.06273349506312513,0.43161693595593126,0.505075510926672,0.0005740580542716282
2025-09-05/IMG_0863.JPG,Small,Small,0.034631151874659725,0.8335204611730367,0.12977946501440896,0.002068921937894294
2025-09-05/IMG_0865.JPG,Very Small,Very Small,0.969674603174603,0.03032539682539683,0.0,0.0
2025-09-05/IMG_0866.JPG,Medium,Medium,0.009950665726732111,0.1543466435334873,0.8205453927499331,0.015157297989847643
2025-09-05/IMG_0868.JPG,Very Small,Very Small,0.992111111111111,0.006777777777777779,0.0011111111111111111,0.0
2025-09-05/IMG_0869.JPG,Very Small,Very Small,0.9769949494949496,0.02103535353535354,0.00196969696969697,0.0
2025-09-05/IMG_0871.JPG,Medium,Medium,0.029816843623879208,0.10149847130761336,0.7410163969431435,0.12766828812536388
2025-09-05/IMG_0872.JPG,Small,Small,0.16632012968344648,0.7781186186709966,0.05543837901683072,0.00012287262872628726
2025-09-05/IMG_0874.JPG,Small,Small,0.100052022549759,0.8155386065779333,0.08417370724972273,0.00023566362258469687
2025-09-05/IMG_0875.JPG,Very Small,Very Small,0.8972476406008503,0.10113083162137187,0.0016215277777777777,0.0
2025-09-05/IMG_0876.JPG,Medium,Medium,0.01763345989696819,0.11667192149081816,0.838087052700142,0.027607565912071717
2025-09-05/IMG_0878.JPG,Very Small,Very Small,0.8406858435504637,0.14434057270113182,0.014932933341900403,4.065040650406504e-05
2025-09-05/IMG_0880.JPG,Very Small,Very Small,0.605106771518895,0.36482133682608187,0.029486444278872016,0.0005854473761511096
2025-09-05/IMG_0882.JPG,Small,Small,0.05383399373162501,0.7340668112763499,0.20817469334385608,0.003924501648169053
2025-09-05/IMG_0884.JPG,Medium,Medium,0.014658759426211011,0.1323694861693212,0.8307022411424179,0.022269513262049637
2025-09-05/IMG_0885.JPG,Small,Small,0.1069661706184967,0.8125744912229096,0.07820631619932707,0.0022530219592661986
2025-09-05/IMG_0887.JPG,Medium,Medium,0.08206787697177913,0.22105451653606958,0.6715539884317214,0.025323618060429685
2025-09-05/IMG_0888.JPG,Small,Small,0.12467431032838339,0.7772989330880669,0.0975528980093871,0.00047385857416252543
2025-09-05/IMG_0891.JPG,Very Small,Very Small,0.9611666666666667,0.03716666666666667,0.0016666666666666668,0.0
2025-09-05/IMG_0892.JPG,Very Small,Very Small,0.9500976800976801,0.040902319902319906,0.009000000000000001,0.0
2025-09-05/IMG_0893.JPG,Very Small,Very Small,1.0,0.0,0.0,0.0
2025-09-05/IMG_0894.JPG,Very Small,Very Small,0.9685634920634919,0.031436507936507936,0.0,0.0
2025-09-05/IMG_0895.JPG,Very Small,Very Small,1.0,0.0,0.0,0.0
2025-09-05/IMG_0896.JPG,Very Small,Very Small,0.9866666666666667,0.013333333333333334,0.0,0.0
2025-09-05/IMG_0897.JPG,Very Small,Very Small,0.9165179426525252,0.07626631872555785,0.007215738621917112,0.0
2025-09-05/IMG_0900.JPG,Very Small,Very Small,0.9932222222222221,0.0067777777777777775,0.0,0.0
2025-09-05/IMG_0901.JPG,Medium,Medium,0.02377062409577219,0.3082103204609304,0.6598523915745595,0.008166663868737812
2025-09-05/IMG_0902.JPG,Medium,Medium,0.04310501119154117,0.15839720811719557,0.7778158594957358,0.02068192119552754
2025-09-05/IMG_0903.JPG,Small,Small,0.058076443191105366,0.8459470692447162,0.09592673632039732,4.9751243781094526e-05
2025-09-05/IMG_0904.JPG,Small,Small,0.0374413485239045,0.9147067851987726,0.047802115033541745,4.9751243781094526e-05
2025-09-05/IMG_0905.JPG,Medium,Medium,0.06471727551162389,0.31003817419734786,0.6102611687963304,0.014983381494697951
2025-09-05/IMG_0906.JPG,Very Small,Very Small,0.9966666666666667,0.0016666666666666668,0.0016666666666666668,0.0
2025-09-05/IMG_0907.JPG,Very Small,Very Small,0.9922727272727273,0.007424242424242425,0.00030303030303030303,0.0
2025-09-05/IMG_0908.JPG,Very Small,Very Small,1.0,0.0,0.0,0.0
2025-09-05/IMG_0910.JPG,Very Small,Very Small,0.9538888888888889,0.04611111111111111,0.0,0.0
2025-09-05/IMG_0911.JPG,Small,Small,0.025949839977913013,0.9461820431493354,0.027868116872751578,0.0
2025-09-05/IMG_0912.JPG,Very Small,Very Small,0.9052944565278618,0.08544084824082182,0.009264695231316351,0.0
2025-09-05/IMG_0913.JPG,Small,Small,0.06820459495901995,0.820589410593625,0.11001212879213246,0.0011938656552222386
2025-09-05/IMG_0914.JPG,Small,Small,0.11393146973946505,0.7936405582027147,0.09237822081403924,4.9751243781094526e-05
2025-09-05/IMG_0915.JPG,Small,Small,0.3157221173246853,0.6659763068776221,0.018273564593210844,2.8011204481792714e-05
2025-09-05/IMG_0921.JPG,Very Small,Very Small,0.9916666666666667,0.008333333333333333,0.0,0.0
2025-09-05/IMG_0922.JPG,Very Small,Very Small,0.9518333333333332,0.04594444444444445,0.0022222222222222222,0.0
2025-09-05/IMG_0923.JPG,Small,Small,0.1079965086757755,0.8624746888125111,0.02905261203552271,0.0004761904761904762
2025-09-05/IMG_0929.JPG,Large,Large,0.0692006497190783,0.13374509025732315,0.2752780462013264,0.5217762138222724
2025-09-05/IMG_0930.JPG,Medium,Medium,0.008038991955067938,0.04910845895235653,0.9297613186030117,0.013091230489563874
2025-09-05/IMG_0932.JPG,Medium,Medium,0.010660615736815987,0.08671573271033013,0.8913932661282509,0.011230385424602802
2025-09-05/IMG_0934.JPG,Very Small,Very Small,0.47992058059160836,0.38496872049774516,0.13511069891064648,0.0
2025-09-05/IMG_0935.JPG,Small,Small,0.39372233337738277,0.578064762812484,0.028212903810133375,0.0
2025-09-05/IMG_0936.JPG,Small,Small,0.2864044256311003,0.6995650607348602,0.014030513634039635,0.0
2025-09-05/IMG_0937.JPG,Very Small,Very Small,0.9249047619047621,0.07509523809523809,0.0,0.0
2025-09-05/IMG_0939.JPG,Small,Small,0.06388443862275602,0.8028454975624133,0.133094625218339,0.00017543859649122806
2025-09-05/IMG_0940.JPG,Very Small,Very Small,0.6825074826813271,0.26092171459461605,0.056570802724056804,0.0
2025-09-05/IMG_0941.JPG,Small,Small,0.05690844659322008,0.8911267065714283,0.05196484683535156,0.0
2025-09-05/IMG_0942.JPG,Very Small,Very Small,0.4702945416561144,0.3616630616187737,0.16206624763566035,0.005976149089451333
2025-09-05/IMG_0943.JPG,Medium,Medium,0.007212821344287724,0.06640205771544481,0.8993997978472631,0.026985323093004658
2025-09-05/IMG_0944.JPG,Medium,Medium,0.03962822049818304,0.15089193066728418,0.7547744056075931,0.05470544322693943
2025-09-05/IMG_0946.JPG,Medium,Medium,0.012927076627481007,0.157415288588789,0.8279261819203745,0.0017314528633552207
2025-09-05/IMG_0947.JPG,Medium,Medium,0.016116512784989198,0.0842884174367391,0.8765777150684166,0.023017354709854772
2025-09-05/IMG_0948.JPG,Medium,Medium,0.03217978366711396,0.16114347613357963,0.7890112270759876,0.017665513123318707
2025-09-05/IMG_0949.JPG,Small,Small,0.053545717217261646,0.6025148216841242,0.32698974818816384,0.016949712910450717
2025-09-05/IMG_0951.JPG,Small,Small,0.04835308617815703,0.8141460702627848,0.13725664787083228,0.000244195688225539
2025-09-05/IMG_0953.JPG,Small,Small,0.02804223959398458,0.9235548881504078,0.04835312101182661,4.9751243781094526e-05
2025-09-05/IMG_0954.JPG,Small,Small,0.03558725387614133,0.6482914419419226,0.3059799333549662,0.010141370826969916
2025-09-05/IMG_0956.JPG,Small,Small,0.07667935788139883,0.8369406380113591,0.08545849245525394,0.0009215116519878242
2025-09-05/IMG_0957.JPG,Very Small,Very Small,0.5678368676417825,0.37152193077808837,0.05803771337633673,0.002603488203792155
2025-09-05/IMG_0959.JPG,Small,Small,0.013944338769127533,0.939980036621094,0.04585638184057298,0.00021924276920482334
2025-09-05/IMG_0960.JPG,Small,Small,0.02577278110649845,0.8753608736601755,0.09678454901022514,0.002081796223100571
2025-09-05/IMG_0963.JPG,Small,Small,0.07571450702955339,0.8548127039335291,0.06692303779313648,0.0025497512437810945
2025-09-05/IMG_0964.JPG,Small,Medium,0.012794794206544207,0.33679774004052737,0.6345566433047026,0.015850822448225898
2025-09-05/IMG_0968.JPG,Medium,Medium,0.012151675131215522,0.09969452952202816,0.8742732647680278,0.013880530578728213
2025-09-05/IMG_0969.JPG,Small,Small,0.0892055811244111,0.39592901955828963,0.306898721972251,0.20796667734504845
2025-09-05/IMG_0971.JPG,Small,Small,0.13604338913618028,0.7165085657464002,0.14603110636743208,0.0014169387499875423
2025-09-05/IMG_0973.JPG,Very Small,Very Small,0.8947369127556012,0.09618465165429578,0.009078435590102678,0.0
2025-09-05/IMG_0975.JPG,Very Small,Very Small,0.5097744500699353,0.4223765156900895,0.06534021892472658,0.0025088153152487383
2025-09-05/IMG_0976.JPG,Medium,Small,0.1627629299522801,0.5001704344389113,0.33675614876508847,0.00031048684372056564
2025-09-05/IMG_0977.JPG,Small,Small,0.20194504032862853,0.7280867078159998,0.06877322287794527,0.0011950289774263429
2025-09-05/IMG_0978.JPG,Small,Small,0.40109983281360506,0.5665267892527304,0.03232209588238269,5.1282051282051286e-05
2025-09-05/IMG_0979.JPG,Medium,Small,0.11996043968123668,0.6574591548998969,0.22090770245332947,0.001672702965536764
2025-09-05/IMG_0980.JPG,Very Small,Small,0.45706854871393193,0.48261808131753164,0.05945939722192833,0.0008539727466080652
2025-09-05/IMG_0981.JPG,Very Small,Small,0.41577409537638815,0.5050044636425837,0.07802094645600327,0.001200494525024902
2025-09-05/IMG_0982.JPG,Small,Small,0.10782511156416892,0.7828121087110672,0.10829870508943516,0.0010640746353287934
2025-09-05/IMG_0983.JPG,Very Small,Very Small,0.6701522792917314,0.27800170914514927,0.05184601156311953,0.0
2025-09-05/IMG_0984.JPG,Small,Small,0.20818798896552657,0.6948936537276178,0.0926317343419384,0.004286622964917383
2025-09-05/IMG_0985.JPG,Small,Small,0.09446291290544143,0.8418800856190464,0.06196971694519828,0.0016872845303134802
2025-09-05/IMG_0988.JPG,Very Small,Very Small,0.7039499041999423,0.24640493074560932,0.0489813383013099,0.0006638267531383929
2025-09-05/IMG_0989.JPG,Small,Small,0.12410905698295027,0.8156637664028097,0.0578016824155297,0.002425494198710085
2025-09-05/IMG_0991.JPG,Medium,Small,0.08784817293426564,0.5490080603974945,0.3616554654218585,0.0014883012463813132
2025-09-05/IMG_0993.JPG,Small,Small,0.10537409779829594,0.7675302336358154,0.12646250654975197,0.0006331620161366593
2025-09-05/IMG_0994.JPG,Medium,Small,0.11579998538527861,0.613462125037368,0.2702864329875728,0.00045145658978007014
2025-09-05/IMG_0995.JPG,Small,Small,0.16965935023354056,0.7704751481235378,0.05976847789070372,9.702375221774471e-05
2025-09-05/IMG_0996.JPG,Small,Small,0.11037730026199206,0.8314281739247124,0.05819452581329576,0.0
2025-09-05/IMG_0997.JPG,Very Small,Very Small,0.9294443253482484,0.06035798971066764,0.010197684941083807,0.0
2025-09-05/IMG_0998.JPG,Small,Small,0.25653241518235215,0.6874191917074215,0.05331985225354383,0.002728540856682312
2025-09-05/IMG_1000.JPG,Very Small,Very Small,0.847594997267215,0.14695127624009136,0.005453726492693602,0.0
2025-09-05/IMG_1001.JPG,Small,Small,0.10873450462831066,0.8255192317493879,0.06148967974434154,0.004256583877959515
2025-09-05/IMG_1002.JPG,Small,Small,0.13364500285491565,0.8088696683823225,0.05509291954107271,0.002392409221689074
2025-09-05/IMG_1004.JPG,Very Small,Very Small,0.35115665235922716,0.2968968379827805,0.30487709268481406,0.04706941697317857
2025-09-05/IMG_1005.JPG,Very Small,Small,0.3054324702086413,0.4324092395187349,0.2406389579111864,0.021519332361437892
2025-09-05/IMG_1006.JPG,Very Small,Small,0.40721175575468915,0.4884311310509659,0.09786502351308793,0.006492089681256971
2025-09-05/IMG_1007.JPG,Small,Small,0.08881637302843656,0.7148327273896585,0.19135234539872853,0.004998554183176746
2025-09-05/IMG_1008.JPG,Medium,Small,0.10470069669097318,0.45360010240340237,0.4297111538907121,0.011988047014912387
2025-09-05/IMG_1009.JPG,Very Small,Very Small,0.6625340268616219,0.26588708609448225,0.07015225887880729,0.0014266281650886744
2025-09-05/IMG_1010.JPG,Very Small,Small,0.41880267352262746,0.5307627819762456,0.04971895802311096,0.0007155864780157394
2025-09-05/IMG_1011.JPG,Small,Small,0.1156743332762952,0.7911389417669251,0.0911575562563196,0.0020291687004602445
2025-09-05/IMG_1013.JPG,Very Small,Very Small,0.7998143169662666,0.1630797550933089,0.03634377966217911,0.0007621482782451059
2025-09-05/IMG_1014.JPG,Medium,Small,0.2837211431279501,0.43033534300257287,0.285374596255929,0.0005689176135481156
2025-09-05/IMG_1015.JPG,Small,Small,0.13468139433012147,0.7349078937750784,0.11860975192714825,0.011800959967651948
2025-09-05/IMG_1016.JPG,Small,Small,0.0938206052131442,0.7848440910732242,0.11651372922111954,0.004821574492512612
2025-09-05/IMG_1018.JPG,Small,Small,0.1473768764443498,0.7729987659967135,0.07617709312389073,0.003447264435046436
2025-09-05/IMG_1019.JPG,Small,Small,0.05957909068991453,0.48785993976408243,0.4224041540996499,0.0301568154463531
2025-09-05/IMG_1021.JPG,Small,Small,0.13880741771421046,0.7893492412262751,0.06975464305888468,0.002088698000629516
2025-09-05/IMG_1022.JPG,Very Small,Very Small,0.6625834329606545,0.27925976907572186,0.05778165970319108,0.0003751382604323781
2025-09-05/IMG_1023.JPG,Small,Small,0.24554765495626882,0.6785419110661448,0.07329858153912061,0.0026118524384655195
2025-09-05/IMG_1024.JPG,Very Small,Very Small,0.7325771515081415,0.22174522124688076,0.04454128562684042,0.0011363416181373058
2025-09-05/IMG_1025.JPG,Very Small,Very Small,0.5639373724693034,0.32437570848780195,0.10863466106691784,0.0030522579759766793
2025-09-05/IMG_1026.JPG,Small,Small,0.25476421264620236,0.6860754632621333,0.05634124310798545,0.0028190809836785608
2025-09-05/IMG_1027.JPG,Very Small,Very Small,0.8567782445358318,0.13183201674328476,0.011389738720883263,0.0
2025-09-05/IMG_1029.JPG,Very Small,Very Small,0.8959248391319535,0.07993897660955808,0.024136184258488194,0.0
2025-09-05/IMG_1032.JPG,Medium,Medium,0.049686208211092514,0.17588728094222092,0.7292587532382943,0.045167757608392235
2025-09-05/IMG_1034.JPG,Small,Small,0.385950944037258,0.5309919158808029,0.08175973219524083,0.0012974078866984525
2025-09-05/IMG_1035.JPG,Very Small,Very Small,0.6788036937212572,0.28094257811417156,0.04012595038679335,0.0001277777777777778
2025-09-05/IMG_1038.JPG,Small,Small,0.18564119335792162,0.7236059436944264,0.08957747140079139,0.001175391546860563
2025-09-05/IMG_1039.JPG,Small,Small,0.12280115199065977,0.6874717016254036,0.1811853801205754,0.008541766263361622
2025-09-05/IMG_1040.JPG,Small,Small,0.06696971690344601,0.7370660882322949,0.18868077877744424,0.007283416086815125
2025-09-05/IMG_1041.JPG,Small,Small,0.0964721155388556,0.8006785625026612,0.09802854411172646,0.004820777846756799
2025-09-05/IMG_1042.JPG,Medium,Medium,0.0391045967685302,0.207784933615438,0.7260309883093654,0.027079481306666296
2025-09-05/IMG_1043.JPG,Small,Small,0.052381068636531795,0.8301264508125202,0.10830141391631586,0.009191066634631997
2025-09-05/IMG_1044.JPG,Small,Small,0.12382584267420181,0.7939662491259715,0.07591623086846187,0.006291677331365159
2025-09-05/IMG_1045.JPG,Medium,Small,0.35669654762574227,0.3673474112422648,0.27585604113199325,9.999999999999999e-05
2025-09-05/IMG_1046.JPG,Small,Small,0.12426075629327964,0.804409595219639,0.06815531569137287,0.0031743327957084325
2025-09-05/IMG_1047.JPG,Very Small,Very Small,0.8673526410995063,0.11022521493187157,0.022422143968622226,0.0
2025-09-05/IMG_1050.JPG,Very Small,Very Small,0.7501656216756354,0.21139598876701346,0.0347878894885143,0.003650500068836645
2025-09-05/IMG_1051.JPG,Very Small,Very Small,0.47624341782710966,0.46810785296294305,0.0525065750059387,0.0031421542040086367
2025-09-05/IMG_1052.JPG,Very Small,Small,0.37928870966668515,0.5390553761918665,0.07413620924899521,0.007519704892453498
2025-09-05/IMG_1053.JPG,Very Small,Very Small,0.4318699353841132,0.2787643218408306,0.2509987477895987,0.03836699498545767
2025-09-05/IMG_1054.JPG,Medium,Medium,0.22740736842417944,0.28688390164345134,0.4483494076331959,0.03735932229917354
2025-09-05/IMG_1057.JPG,Small,Small,0.15636420520230898,0.6869312919372241,0.12497341568558179,0.0317310871748858
2025-09-05/IMG_1059.JPG,Small,Small,0.19126716412666583,0.7533034832829957,0.053528897988731325,0.0019004546016069567
2025-09-05/IMG_1061.JPG,Very Small,Small,0.3979047666907173,0.5173425964149355,0.08165213373342928,0.0031005031609181565
2025-09-05/IMG_1062.JPG,Small,Small,0.13416326722858563,0.7860411189424092,0.07638790590369424,0.0034077079253110204
2025-09-05/IMG_1063.JPG,Very Small,Very Small,0.6398679086350558,0.2684853737217636,0.09109178523323565,0.0005549324099448375
2025-09-05/IMG_1065.JPG,Small,Small,0.1745182825820121,0.76323121258417,0.05871727857937135,0.003533226254446847
2025-09-05/IMG_1066.JPG,Medium,Small,0.15758686918028297,0.4201522418874993,0.3890116317982497,0.03324925713396829
2025-09-05/IMG_1067.JPG,Medium,Medium,0.0586667190541754,0.27188707428921466,0.6285626717290359,0.04088353492757392
2025-09-05/IMG_1069.JPG,Small,Small,0.21102552899397972,0.5979436297999821,0.18465750546342177,0.006373335742616457
2025-09-05/IMG_1071.JPG,Medium,Medium,0.02736052318668071,0.1480642327889222,0.7930126617525581,0.03156258227183875
2025-09-05/IMG_1072.JPG,Small,Small,0.06830565340131688,0.7696959609958541,0.15468668000710786,0.007311705595721413
2025-09-05/IMG_1076.JPG,Small,Small,0.05113906459380345,0.7439026834271766,0.1999656039211429,0.004992648057877091
2025-09-05/IMG_1077.JPG,Small,Small,0.06854845698290213,0.7828933434447328,0.1485251962720347,3.3003300330033e-05
2025-09-05/IMG_1078.JPG,Small,Small,0.02366060139384839,0.9437761119860886,0.0325632866200627,0.0
2025-09-05/IMG_1079.JPG,Medium,Medium,0.0109430593038079,0.07433147308581228,0.9032091560959985,0.011516311514381082
2025-09-05/IMG_1081.JPG,Medium,Medium,0.011968633394551042,0.14899156550308884,0.8271915145494105,0.011848286552949262
2025-09-05/IMG_1082.JPG,Small,Small,0.04445312410746315,0.6292045600947721,0.3148943400507133,0.011447975747052058
2025-09-05/IMG_1084.JPG,Small,Small,0.043031180662805514,0.5756273194659475,0.3673251681494935,0.014016331721753745
2025-09-05/IMG_1085.JPG,Small,Medium,0.011906025996815074,0.46701929699940714,0.4867384132308095,0.03433626377296824
2025-09-05/IMG_1086.JPG,Medium,Medium,0.0388848808452206,0.12858047147222554,0.7574766265363363,0.07505802114621764
2025-09-05/IMG_1087.JPG,Very Small,Very Small,0.8369352048030001,0.16091484671887674,0.0021499484781230182,0.0
2025-09-05/IMG_1091.JPG,Very Small,Very Small,0.7325582260323324,0.2274410550173236,0.040000718950343836,0.0
2025-09-05/IMG_1092.JPG,Very Small,Very Small,0.9975,0.0025,0.0,0.0
2025-09-05/IMG_1093.JPG,Medium,Medium,0.007945673344981054,0.12273812523500574,0.8538814325484827,0.015434768871530325
2025-09-05/IMG_1094.JPG,Medium,Medium,0.0559815282206436,0.4547115088378542,0.4882815329611946,0.0010254299803076268
2025-09-05/IMG_1096.JPG,Small,Small,0.01503353991845826,0.8312438115807205,0.15041975068497387,0.003302897815847344
2025-09-05/IMG_1098.JPG,Small,Small,0.05487546215334629,0.8297788671787222,0.11491170118402681,0.0004339694839049122
2025-09-05/IMG_1100.JPG,Medium,Small,0.056222403748062685,0.5135970961382568,0.4298576417408869,0.00032285837279380107
2025-09-05/IMG_1101.JPG,Small,Small,0.043044657013873715,0.9136870036540352,0.043268339332090955,0.0
2025-09-05/IMG_1102.JPG,Small,Small,0.07141413991487361,0.8100982428160682,0.11807855199971246,0.00040906526934552523
2025-09-05/IMG_1103.JPG,Very Small,Very Small,0.530347084571885,0.36607220129753837,0.09920224467443552,0.004378469456141017
2025-09-05/IMG_1104.JPG,Very Small,Small,0.3977014896784445,0.45829699308009236,0.14224864367824475,0.0017528735632183908
2025-09-05/IMG_1106.JPG,Very Small,Very Small,0.9933333333333333,0.006666666666666667,0.0,0.0
2025-09-05/IMG_1108.JPG,Small,Small,0.1393880209750384,0.8111056212737676,0.04921253910319186,0.00029381864800227006
2025-09-05/IMG_1109.JPG,Small,Small,0.07220327570957918,0.8513126231579617,0.0764841011324591,0.0
2025-09-05/IMG_1111.JPG,Medium,Small,0.0676840528926156,0.48792977924481934,0.40866651480407723,0.03571965305848799
2025-09-05/IMG_1113.JPG,Medium,Medium,0.016856649709616464,0.31220575525434835,0.6638566471656024,0.007080947870432888
2025-09-05/IMG_1114.JPG,Medium,Medium,0.006685487456127651,0.14234177868338424,0.8422048363331588,0.008767897527329321
2025-09-05/IMG_1116.JPG,Very Small,Very Small,0.9922222222222221,0.007777777777777777,0.0,0.0
2025-09-05/IMG_1118.JPG,Medium,Medium,0.012650353261199095,0.14135742501162799,0.8214830462482083,0.024509175478964553
2025-09-05/IMG_1119.JPG,Small,Small,0.24225308942716006,0.63045200783604,0.12729490273680005,0.0
2025-09-05/IMG_1120.JPG,Very Small,Very Small,0.985,0.010555555555555556,0.0044444444444444444,0.0
2025-09-05/IMG_1122.JPG,Very Small,Very Small,0.9484685356927124,0.043000035532814555,0.008531428774473227,0.0
2025-09-05/IMG_1123.JPG,Very Small,Very Small,0.9808333333333333,0.019166666666666665,0.0,0.0
2025-09-05/IMG_1124.JPG,Medium,Small,0.044156315541143056,0.5027264387971296,0.45111454539170043,0.002002700270027003
2025-09-05/IMG_1125.JPG,Medium,Small,0.10454911086034983,0.4726918429833775,0.4225074636209697,0.0002515825353027106
2025-09-05/IMG_1126.JPG,Small,Small,0.059419023087017846,0.8920795304406494,0.048501446472332524,0.0
2025-09-05/IMG_1127.JPG,Small,Small,0.00613786165424908,0.5491169354704338,0.42006281835398734,0.02468238452132987
2025-09-05/IMG_1129.JPG,Very Small,Very Small,0.859037419814683,0.10511496340042313,0.035629037549921375,0.0002185792349726776
2025-09-05/IMG_1130.JPG,Small,Small,0.04884532908039762,0.7934501148987629,0.1573418623744255,0.0003626936464138217
2025-09-05/IMG_1131.JPG,Small,Small,0.07827073916742154,0.7461659142044081,0.17524048825537653,0.00032285837279380107
2025-09-05/IMG_1132.JPG,Very Small,Very Small,0.9702777777777779,0.02638888888888889,0.0033333333333333335,0.0
2025-09-05/IMG_1134.JPG,Small,Small,0.024054670226137095,0.9090472535644147,0.06689807620944815,0.0
2025-09-05/IMG_1135.JPG,Very Small,Very Small,0.9916666666666667,0.008333333333333333,0.0,0.0
2025-09-05/IMG_1137.JPG,Small,Small,0.024404837625688326,0.7730317718721716,0.20043380180980946,0.0021295886923304464
2025-09-05/IMG_1139.JPG,Small,Small,0.04017781674048438,0.732908190690097,0.2206243513719764,0.006289641197442001
2025-09-05/IMG_1142.JPG,Medium,Medium,0.009535369417028023,0.08357467576150589,0.898078325419962,0.00881162940150391
2025-09-05/IMG_1143.JPG,Very Small,Very Small,0.9913888888888888,0.0075,0.0011111111111111111,0.0
2025-09-05/IMG_1144.JPG,Medium,Medium,0.057132179260254407,0.39745655002140085,0.5419352098571455,0.0034760608611991337
2025-09-05/IMG_1145.JPG,Small,Small,0.10441786320435639,0.6813553292814826,0.21369118318392025,0.0005356243302406096
2025-09-05/IMG_1147.JPG,Very Small,Very Small,1.0,0.0,0.0,0.0
2025-09-05/IMG_1148.JPG,Medium,Medium,0.045537153522489,0.23270656718805938,0.6938152060731217,0.02794107321632983
2025-09-05/IMG_1149.JPG,Small,Small,0.26166127998784844,0.7200075547015565,0.01814683674317147,0.00018432856742360527
2025-09-05/IMG_1150.JPG,Small,Small,0.17634556381950975,0.740799411704618,0.0791892715734332,0.0036657529024393446
2025-09-05/IMG_1151.JPG,Small,Small,0.15318776804016915,0.6568195057459489,0.18250252822399463,0.007490197989887454
2025-09-05/IMG_1152.JPG,Very Small,Very Small,0.8016885223835466,0.18965938492063336,0.00865209269582001,0.0
2025-09-05/IMG_1153.JPG,Medium,Medium,0.033888411359993785,0.23383856530598593,0.7047414379907888,0.02753158534323153
2025-09-05/IMG_1154.JPG,Very Small,Very Small,0.7791022348146978,0.19945329619240185,0.021051807092143496,0.0003926619007569386
2025-09-05/IMG_1155.JPG,Small,Small,0.049929757834227366,0.7991732890850763,0.14582569749967433,0.005071255581022431
2025-09-05/IMG_1156.JPG,Small,Small,0.07843596851122794,0.8147325185937985,0.10456612473074214,0.0022653881642314684
2025-09-05/IMG_1157.JPG,Small,Small,0.344471170694341,0.642426120667274,0.012918380070961338,0.00018432856742360527
2025-09-05/IMG_1158.JPG,Small,Small,0.04858380596558543,0.4748071951396304,0.4528659776618008,0.02374302123298351
2025-09-05/IMG_1159.JPG,Medium,Medium,0.049233672562556535,0.21377286879178006,0.7097454095283522,0.027248049117311202
2025-09-05/IMG_1160.JPG,Medium,Medium,0.02912030861052426,0.22734652634263422,0.7199164499621766,0.023616715084664525
2025-09-05/IMG_1161.JPG,Small,Small,0.15366775481714373,0.7919684910585217,0.053953590241723776,0.00041016388261069114
2025-09-05/IMG_1162.JPG,Small,Small,0.04596975535850025,0.6767461570777143,0.26126986145691444,0.016014226106871546
2025-09-05/IMG_1163.JPG,Medium,Medium,0.0455357035851873,0.3293459462345257,0.6099617994400326,0.015156550740254161
2025-09-05/IMG_1166.JPG,Small,Small,0.073260084312583,0.8149362389791509,0.11144336515195154,0.00036031155631440035
2025-09-05/IMG_1167.JPG,Very Small,Very Small,0.960611111111111,0.035500000000000004,0.0038888888888888883,0.0
2025-09-05/IMG_1169.JPG,Very Small,Very Small,0.9371825396825397,0.04654761904761905,0.016269841269841268,0.0
2025-09-05/IMG_1170.JPG,Very Small,Very Small,1.0,0.0,0.0,0.0
2025-09-05/IMG_1171.JPG,Very Small,Very Small,0.9850797101449276,0.008983695652173914,0.005936594202898551,0.0
2025-09-05/IMG_1172.JPG,Very Small,Very Small,1.0,0.0,0.0,0.0
2025-09-05/IMG_1174.JPG,Very Small,Very Small,0.9856746031746032,0.014325396825396824,0.0,0.0
2025-09-05/IMG_1175.JPG,Very Small,Very Small,0.9966666666666667,0.0033333333333333335,0.0,0.0
2025-09-05/IMG_1176.JPG,Very Small,Very Small,0.9818968253968253,0.0181031746031746,0.0,0.0
2025-09-05/IMG_1177.JPG,Medium,Medium,0.05537774307348718,0.38965476289105705,0.5523096198107724,0.002657874224683382
2025-09-05/IMG_1178.JPG,Medium,Medium,0.020301984865587718,0.2777689723575666,0.6917470586725909,0.010181984104254506
2025-09-05/IMG_1179.JPG,Small,Small,0.03817095987692973,0.8332158406994327,0.12802409626885072,0.0005891031547868499
2025-09-05/IMG_1180.JPG,Small,Small,0.03867863065699878,0.7793674105262681,0.1789513491246305,0.0030026096921027
2025-09-05/IMG_1182.JPG,Very Small,Very Small,0.964563492063492,0.03314484126984127,0.0022916666666666667,0.0
2025-09-05/IMG_1184.JPG,Very Small,Very Small,0.9658888888888888,0.028555555555555556,0.005555555555555555,0.0
2025-09-05/IMG_1185.JPG,Very Small,Very Small,0.8818505929119037,0.10029738032697862,0.017852026761117672,0.0
2025-09-05/IMG_1186.JPG,Very Small,Very Small,0.9153571428571428,0.08264285714285714,0.002,0.0
2025-09-05/IMG_1187.JPG,Small,Small,0.03259697339216993,0.8777390482988937,0.08961049948438994,5.347882454624028e-05
2025-09-05/IMG_1188.JPG,Very Small,Very Small,0.5041924529316504,0.3996095914164966,0.09601362708442926,0.00018432856742360527
2025-09-05/IMG_1189.JPG,Small,Small,0.0647996741109202,0.8620920456799112,0.07309225456814297,1.6025641025641026e-05
2025-09-05/IMG_1190.JPG,Very Small,Very Small,0.6864319485583867,0.289866700753568,0.023550557037251164,0.0001507936507936508
2025-09-05/IMG_1191.JPG,Small,Small,0.19955703191942722,0.7458285092869421,0.05457700561011026,3.745318352059925e-05
2025-09-05/IMG_1192.JPG,Small,Small,0.02521950417113175,0.7834195535708308,0.19021873637888767,0.001142205879149869
2025-09-05/IMG_1193.JPG,Very Small,Very Small,0.5332626866841301,0.3779177497611589,0.08493067466582258,0.0038888888888888883
2025-09-05/IMG_1194.JPG,Small,Small,0.10008772952021425,0.8015823220523921,0.09788038955298452,0.0004495588744089494
2025-09-05/IMG_1195.JPG,Small,Small,0.03896323975836337,0.842362695203343,0.11867406503829353,0.0
2025-09-05/IMG_1198.JPG,Very Small,Very Small,0.9491666666666667,0.04416666666666667,0.006666666666666666,0.0
2025-09-05/IMG_1200.JPG,Very Small,Very Small,0.9863888888888888,0.0125,0.0011111111111111111,0.0
2025-09-05/IMG_1202.JPG,Very Small,Very Small,0.8855582010582013,0.08956084656084656,0.02488095238095238,0.0
2025-09-05/IMG_1203.JPG,Large,Large,0.04036157434469347,0.09095313867238836,0.3429589964108032,0.5257262905721151
2025-09-05/IMG_1204.JPG,Medium,Medium,0.010636176172356094,0.0981139217451831,0.8430151990370423,0.0482347030454188
2025-09-05/IMG_1205.JPG,Medium,Medium,0.010418186979011555,0.14005472549403983,0.8341555929668074,0.015371494560141266
2025-09-05/IMG_1206.JPG,Medium,Medium,0.01130788544662749,0.1175734396574906,0.8549824439829276,0.016136230912954023
2025-09-05/IMG_1209.JPG,Very Small,Very Small,0.9709999999999999,0.028999999999999998,0.0,0.0
2025-09-05/IMG_1211.JPG,Small,Small,0.051455573347868884,0.5357454417066194,0.10301409200811781,0.30978489293739414
2025-09-05/IMG_1212.JPG,Small,Small,0.09521351578125142,0.8738118507404598,0.03097463347828862,0.0
2025-09-05/IMG_1214.JPG,Small,Small,0.09813484327551696,0.839351603877468,0.06251355284701489,0.0
2025-09-05/IMG_1215.JPG,Very Small,Very Small,0.5057445711216417,0.23063095899408803,0.2054856473549839,0.058138822529286475
2025-09-05/IMG_1216.JPG,Medium,Medium,0.010920810763291716,0.06445895509821725,0.8432411506025029,0.08137908353598787
2025-09-05/IMG_1217.JPG,Medium,Medium,0.021836749448854203,0.05845531609605881,0.8449217663010217,0.07478616815406519
2025-09-05/IMG_1218.JPG,Medium,Medium,0.11569485912179069,0.4165308861630048,0.467451396342411,0.00032285837279380107
2025-09-05/IMG_1219.JPG,Medium,Medium,0.006717666867505144,0.07026109600216572,0.912968474417756,0.010052762712573098
2025-09-05/IMG_1220.JPG,Medium,Medium,0.025255091720492645,0.10825325239521334,0.8539173913112402,0.012574264573053889
2025-09-05/IMG_1221.JPG,Small,Small,0.051525004398243486,0.5013413577882758,0.43261698222098666,0.014516655592494408
2025-09-05/IMG_1223.JPG,Small,Medium,0.03331351970722193,0.3949769547415906,0.5315424556737695,0.040167069877417895
2025-09-05/IMG_1224.JPG,Small,Small,0.01481723005933414,0.5674297135955633,0.40558860328878255,0.01216445305632034
2025-09-05/IMG_1225.JPG,Small,Small,0.01722237584052747,0.5077162039553771,0.45915717634262704,0.015904243861468433
2025-09-05/IMG_1226.JPG,Small,Small,0.04986835851207785,0.8279776977180177,0.1218045847955454,0.0003493589743589744
2025-09-05/IMG_1227.JPG,Small,Small,0.0356343202324662,0.8081541886960731,0.15489216674349454,0.0013193243279661963
2025-09-05/IMG_1228.JPG,Small,Small,0.05224575051420543,0.8347190677366882,0.11242063869607882,0.0006145430530272569
2025-09-05/IMG_1229.JPG,Small,Small,0.049343378253048235,0.6830555864098522,0.2556665940126067,0.011934441324493611
2025-09-05/IMG_1230.JPG,Small,Small,0.11963080297263548,0.7499082475078831,0.12088335092975008,0.009577598589731251
2025-09-05/IMG_1232.JPG,Small,Small,0.053014562310285354,0.7361593274227043,0.20729352593021394,0.0035325843367965634
2025-09-05/IMG_1233.JPG,Small,Small,0.02394313712321903,0.5545964099525804,0.4032607180563177,0.01819973486788276
2025-09-05/IMG_1235.JPG,Medium,Medium,0.010427297652558174,0.10539802717381735,0.8661646409696867,0.018010034203937673
2025-09-05/IMG_1237.JPG,Medium,Medium,0.02423110863312191,0.27247467546668896,0.6820729010902429,0.021221314809946306
2025-09-05/IMG_1239.JPG,Small,Small,0.03643811638771645,0.779273581660335,0.18061169076176806,0.0036766111901805534
2025-09-05/IMG_1240.JPG,Medium,Medium,0.008494644482983389,0.06412557071832514,0.9141749404078063,0.013204844390884903
2025-09-05/IMG_1241.JPG,Medium,Medium,0.01312096508840931,0.13424731799334405,0.8338579679004877,0.018773749017758846
2025-09-05/IMG_1246.JPG,Small,Small,0.2665233308939869,0.6772221636071746,0.05516767734804926,0.0010868281507890713
2025-09-05/IMG_1247.JPG,Small,Small,0.14380750850419222,0.7762429339330327,0.07994955756277507,0.0
2025-09-05/IMG_1248.JPG,Small,Small,0.24515251271408986,0.7312264056699044,0.023621081616006054,0.0
2025-09-05/IMG_1251.JPG,Very Small,Very Small,0.6295656997703755,0.27018932594234374,0.09653835484109728,0.003706619446183478
2025-09-05/IMG_1252.JPG,Small,Small,0.24195314019547032,0.6870948664725518,0.06958378268957366,0.0013682106424041907
2025-09-05/IMG_1257.JPG,Small,Small,0.1666716535351774,0.7573680249959035,0.07438031453345435,0.0015800069354647277
2025-09-05/IMG_1258.JPG,Medium,Small,0.3125997849004039,0.34963293589289984,0.332845275709016,0.004922003497680581
2025-09-05/IMG_1259.JPG,Very Small,Very Small,0.7157394153019292,0.22270182631929256,0.061273404843424736,0.00028535353535353534
2025-09-05/IMG_1260.JPG,Small,Small,0.24606950589342366,0.6680566807630303,0.08427998027602895,0.001593833067517278
2025-09-05/IMG_1261.JPG,Medium,Small,0.16726991676267683,0.5507199120690794,0.27823112636419883,0.003779044804044982
2025-09-05/IMG_1262.JPG,Very Small,Very Small,0.695411107556794,0.2765817444961843,0.028007147947021985,0.0
2025-09-05/IMG_1263.JPG,Small,Small,0.1236865215211778,0.8180404186187252,0.05780056712524206,0.00047249273485496483
2025-09-05/IMG_1264.JPG,Small,Small,0.09137139729230918,0.8564589421639458,0.051956503140433374,0.00021315740331220208
2025-09-05/IMG_1265.JPG,Small,Small,0.17423346289651148,0.787753296591859,0.03789329684936183,0.00011994366226790905
2025-09-05/IMG_1266.JPG,Very Small,Very Small,0.7993475062244303,0.17383735530860575,0.026815138466964015,0.0
2025-09-05/IMG_1267.JPG,Small,Small,0.1200967227375357,0.819706894034852,0.05968893162143662,0.0005074516061755314
2025-09-05/IMG_1268.JPG,Small,Small,0.11634865815177065,0.8185577586142863,0.06278057055029004,0.0023130126836531173
2025-09-05/IMG_1269.JPG,Small,Small,0.11570720462402609,0.7964788122221115,0.08726746313244639,0.0005465200214161304
2025-09-05/IMG_1270.JPG,Small,Small,0.2124583286789738,0.6746954979417547,0.11284617337927157,0.0
2025-09-05/IMG_1272.JPG,Small,Small,0.34408355694379833,0.6384459229467472,0.01747052010945458,0.0
2025-09-05/IMG_1273.JPG,Very Small,Very Small,0.7945652007537483,0.19713369257787028,0.008301106668381282,0.0
2025-09-05/IMG_1274.JPG,Very Small,Very Small,0.8555587647751706,0.14040064544005493,0.004040589784774416,0.0
2025-09-05/IMG_1276.JPG,Medium,Small,0.18657273597082405,0.49402930007761353,0.3193979639515627,0.0
2025-09-05/IMG_1277.JPG,Small,Small,0.09134553922543392,0.8872120490317349,0.021414400538349292,2.8011204481792714e-05
2025-09-05/IMG_1278.JPG,Very Small,Very Small,0.6141488455955222,0.27096246316307526,0.10834742347986498,0.006541267761537408
2025-09-05/IMG_1279.JPG,Very Small,Very Small,0.4568573750923801,0.443800527928807,0.0972197481824645,0.0021223487963483193
2025-09-05/IMG_1281.JPG,Small,Small,0.09225046426637257,0.8601257103827014,0.047335576372522496,0.00028824897840377717
2025-09-05/IMG_1282.JPG,Small,Small,0.09272955342094086,0.826463019612164,0.08027920270034707,0.000528224266547747
2025-09-05/IMG_1283.JPG,Very Small,Very Small,0.7769210738363078,0.19679628598322593,0.02628264018046608,0.0
2025-09-05/IMG_1284.JPG,Small,Small,0.2158191682650973,0.7663679981127867,0.01774172251100523,7.111111111111112e-05
2025-09-05/IMG_1285.JPG,Small,Small,0.19396533688632478,0.7556802154148069,0.04989017918444522,0.00046426851442331313
2025-09-05/IMG_1286.JPG,Medium,Medium,0.10034546307560213,0.40158905453817395,0.4942436633669097,0.0038218190193139026
2025-09-05/IMG_1287.JPG,Very Small,Very Small,0.7926319777621994,0.18050062053552204,0.026867401702278415,0.0
2025-09-05/IMG_1288.JPG,Small,Small,0.13518690201435446,0.8354698420652854,0.029343255920360214,0.0
2025-09-05/IMG_1290.JPG,Small,Small,0.17696588791905615,0.7669757580709026,0.051926393794626206,0.004131960215415506
2025-09-05/IMG_1292.JPG,Small,Small,0.05919145230295431,0.9114066691115396,0.029237439130912157,0.00016443945459425336
2025-09-05/IMG_1294.JPG,Small,Small,0.12184397982330758,0.8167014940289014,0.06099522268976364,0.0004593034580273833
2025-09-05/IMG_1295.JPG,Small,Small,0.10042307161702996,0.8545813148734315,0.04475849598454352,0.00023711752499528394
2025-09-05/IMG_1296.JPG,Very Small,Very Small,0.7397461819793164,0.22797369962201647,0.03225210719418504,2.8011204481792714e-05
2025-09-05/IMG_1298.JPG,Very Small,Very Small,0.8815851514927986,0.11358278144969958,0.004832067057501689,0.0
2025-09-05/IMG_1299.JPG,Very Small,Small,0.39156544412919936,0.5142423447917958,0.08422346941878085,0.009968741660223894
2025-09-05/IMG_1300.JPG,Small,Small,0.2708403331585097,0.6978007089698051,0.03082861247254407,0.0005303453991415689
2025-09-05/IMG_1301.JPG,Very Small,Very Small,0.9085471081751094,0.08856389481078146,0.0028889970141087397,0.0
2025-09-05/IMG_1302.JPG,Small,Small,0.15715062929756993,0.8250832708671595,0.01776609983527104,0.0
2025-09-05/IMG_1303.JPG,Very Small,Very Small,0.897082689903955,0.09286297958901647,0.01005433050702844,0.0
2025-09-05/IMG_1304.JPG,Very Small,Very Small,0.7047411386193156,0.26459389906892694,0.029831628978424084,0.0008333333333333334
2025-09-05/IMG_1310.JPG,Very Small,Very Small,0.8743227846057997,0.10499097448505235,0.020686240909147644,0.0
2025-09-05/IMG_1311.JPG,Small,Small,0.1606246170348953,0.8205025176092753,0.01887286535582966,0.0
2025-09-05/IMG_1312.JPG,Small,Small,0.11923691709897248,0.8124559741156985,0.06664044211866231,0.0016666666666666668
2025-09-05/IMG_1316.JPG,Medium,Medium,0.11299184756823422,0.37620837232960913,0.49090856553776047,0.019891214564396
2025-09-05/IMG_1317.JPG,Small,Small,0.08445717826103083,0.4889580046280653,0.39071414603446797,0.03587067107643611
2025-09-05/IMG_1318.JPG,Very Small,Very Small,0.6453056339171928,0.34009353978329643,0.014572815095028387,2.8011204481792714e-05
2025-09-05/IMG_1319.JPG,Small,Small,0.1495631225522673,0.8049903891361575,0.044812829029762045,0.0006336592818132459
2025-09-05/IMG_1320.JPG,Small,Small,0.4223686874728454,0.5660477730200922,0.011305761729284752,0.0002777777777777778
2025-09-05/IMG_1323.JPG,Very Small,Very Small,0.7918972839479087,0.19844639594900987,0.009378542325303557,0.0002777777777777778
2025-09-05/IMG_1324.JPG,Small,Small,0.0621503938294836,0.9099351846535266,0.027529611692025332,0.00038480982496462375
2025-09-05/IMG_1325.JPG,Very Small,Very Small,0.521951566621543,0.38126257851950196,0.07916259164889618,0.01762326321005892
2025-09-05/IMG_1327.JPG,Very Small,Very Small,0.7121784115856483,0.23240484618084134,0.053063737890491826,0.0023530043430183686
2025-09-05/IMG_1329.JPG,Small,Small,0.10946414734052569,0.8502491780984498,0.04008242404030357,0.00020425052072110895
2025-09-05/IMG_1330.JPG,Very Small,Very Small,0.8054162162270039,0.1511794773911134,0.043404306381882654,0.0
2025-09-05/IMG_1331.JPG,Very Small,Very Small,0.583823946870279,0.395848120041393,0.02029992188384596,2.8011204481792714e-05
2025-09-05/IMG_1332.JPG,Small,Small,0.13962322437900426,0.7420229202595839,0.1121730063117102,0.006180849049702311
2025-09-05/IMG_1333.JPG,Small,Small,0.38125190355985816,0.6107252728047163,0.007982173228921615,4.065040650406504e-05
2025-09-05/IMG_1334.JPG,Small,Small,0.35549216671131023,0.6252094588174653,0.019270363266742616,2.8011204481792714e-05
2025-09-05/IMG_1335.JPG,Small,Small,0.09708494888273288,0.8418076641498463,0.05959172596878508,0.001515660998635642
2025-09-05/IMG_1336.JPG,Small,Small,0.11720396858884792,0.7490599014288025,0.12600509003509716,0.0077310399472528615
2025-09-05/IMG_1337.JPG,Medium,Medium,0.11785589645007155,0.4261749363110651,0.45063462447880054,0.005334542760062583
2025-09-05/IMG_1339.JPG,Small,Small,0.11881082955359258,0.7333098861516554,0.1379182766764087,0.009961007618344097
2025-09-05/IMG_1340.JPG,Small,Small,0.09034083760764336,0.5557943885927883,0.31691151031027875,0.03695326348928965
2025-09-05/IMG_1341.JPG,Medium,Medium,0.052043731481484654,0.2432253878000759,0.6532898830631566,0.0514409976552829
2025-09-05/IMG_1346.JPG,Small,Small,0.229698898856745,0.7103045197489738,0.05936856207060983,0.0006280193236714976
2025-09-05/IMG_1347.JPG,Small,Small,0.3295874785201694,0.6321015110976268,0.038311010382203886,0.0
2025-09-05/IMG_1348.JPG,Small,Small,0.10871522165953358,0.768980830571969,0.12215369833539064,0.00015024943310657597
2025-09-05/IMG_1349.JPG,Medium,Medium,0.1368648128790234,0.42545401588386644,0.4373949623985759,0.0002862088385344199
2025-09-05/IMG_1353.JPG,Very Small,Small,0.35239045550011644,0.5638358706055862,0.0777847529035615,0.005988920990736407
2025-09-05/IMG_1354.JPG,Medium,Medium,0.2861786091542681,0.2781576927090419,0.433363956534623,0.0022997416020671835
2025-09-05/IMG_1355.JPG,Small,Small,0.21613969565768798,0.6782427325321526,0.10557483676742425,4.2735042735042735e-05
2025-09-05/IMG_1356.JPG,Medium,Medium,0.13357051970428385,0.41347783568444496,0.4466905717648926,0.006261072846378751
2025-09-05/IMG_1357.JPG,Small,Small,0.3797296146717429,0.608270385328257,0.011999999999999999,0.0
2025-09-05/IMG_1358.JPG,Small,Small,0.2977844896585304,0.5794962150776418,0.12271929526382777,0.0
2025-09-05/IMG_1360.JPG,Very Small,Very Small,0.6293546918238856,0.3276048548302176,0.04304045334589664,0.0
2025-09-05/IMG_1362.JPG,Medium,Medium,0.0417365354999179,0.0791917500111132,0.8693423017033528,0.009729412785616258
2025-09-05/IMG_1364.JPG,Medium,Medium,0.014980276108406451,0.12728259661631133,0.837766510877665,0.019970616397617096
2025-09-05/IMG_1365.JPG,Small,Small,0.01076379346615125,0.6622449667296435,0.3206852065629028,0.00630603324130277
2025-09-05/IMG_1366.JPG,Very Small,Very Small,0.9708333333333333,0.029166666666666667,0.0,0.0
2025-09-05/IMG_1367.JPG,Small,Small,0.037913311323476404,0.8900174489026202,0.07206923977390334,0.0
2025-09-05/IMG_1368.JPG,Small,Small,0.06669783202867312,0.7703205644036135,0.14751833038497672,0.015463273182736522
2025-09-05/IMG_1369.JPG,Small,Small,0.019832766050467052,0.6023691853932992,0.3620196188512248,0.015778429705008996
2025-09-05/IMG_1371.JPG,Small,Small,0.06181146884879421,0.8775733402077195,0.06014885515102526,0.0004663357924606372
2025-09-05/IMG_1372.JPG,Very Small,Medium,0.3169336517294292,0.21414880106689618,0.44604722543243774,0.022870321771237125
2025-09-05/IMG_1374.JPG,Small,Small,0.0695190852563711,0.7676540799740115,0.15942547422539977,0.003401360544217687
2025-09-05/IMG_1375.JPG,Very Small,Very Small,0.9915555555555556,0.008444444444444444,0.0,0.0
2025-09-05/IMG_1376.JPG,Medium,Medium,0.05617349203670127,0.048995675133475976,0.7803504969559425,0.11448033587388037
2025-09-05/IMG_1378.JPG,Small,Small,0.01631306132528529,0.9482696690622271,0.035417269612487395,0.0
2025-09-05/IMG_1379.JPG,Medium,Medium,0.025732143645823973,0.32837899102272655,0.6243236888510932,0.02156517648035595
2025-09-05/IMG_1382.JPG,Medium,Medium,0.0070167387267821265,0.031024788036295926,0.9535802535225332,0.008378219714388888
2025-09-05/IMG_1383.JPG,Medium,Medium,0.025543851984571646,0.2415113896322912,0.7321001731757085,0.0008445852074284236
2025-09-05/IMG_1385.JPG,Very Small,Very Small,0.7562148120411653,0.22500745821680287,0.018777729742031964,0.0
2025-09-05/IMG_1386.JPG,Small,Small,0.017387381359119613,0.9084196147753194,0.07419300386556085,0.0
2025-09-05/IMG_1387.JPG,Medium,Medium,0.12135694536277918,0.07062697422281856,0.6387681099504012,0.16924797046400092
2025-09-05/IMG_1392.JPG,Very Small,Very Small,0.614887144767395,0.3080583966923709,0.06847962408322476,0.008574834457009184
2025-09-05/IMG_1393.JPG,Medium,Medium,0.046345004620657396,0.41093955910090485,0.5403066145665513,0.0024088217118866623
2025-09-05/IMG_1395.JPG,Small,Small,0.04080046593868847,0.9165854898499295,0.04261404421138177,0.0
2025-09-05/IMG_1396.JPG,Medium,Medium,0.017651104301601175,0.11167766373622796,0.8557839885389069,0.014887243423263878
2025-09-05/IMG_1397.JPG,Very Small,Very Small,0.9966666666666667,0.0033333333333333335,0.0,0.0
2025-09-05/IMG_1398.JPG,Very Small,Very Small,0.9226896968242791,0.06703900899824812,0.010271294177472667,0.0
2025-09-05/IMG_1399.JPG,Medium,Medium,0.02778447036447032,0.1060921781483542,0.858971921090604,0.007151430396571267
2025-09-05/IMG_1400.JPG,Small,Small,0.026875633992813407,0.8328872846070638,0.13999361559274676,0.00024346580737558178
2025-09-05/IMG_1401.JPG,Small,Small,0.10437304115472036,0.8229124797402123,0.06757781868364626,0.005136660421420668
2025-09-05/IMG_1402.JPG,Small,Small,0.016802470270778923,0.9465758335286677,0.03662169620055315,0.0
2025-09-05/IMG_1403.JPG,Very Small,Very Small,0.954512138188609,0.04548786181139123,0.0,0.0
2025-09-05/IMG_1404.JPG,Small,Small,0.04162107722177171,0.9100037118000173,0.04837521097821108,0.0
2025-09-05/IMG_1405.JPG,Medium,Medium,0.014216503678407296,0.3078656412678193,0.6687633747998413,0.00915448025393225
2025-09-05/IMG_1406.JPG,Small,Small,0.2845200155286783,0.6613972656100109,0.05408271886131077,0.0
2025-09-05/IMG_1407.JPG,Small,Small,0.02838246586467413,0.7448557506343393,0.22010248803326168,0.006659295467725179
2025-09-05/IMG_1408.JPG,Medium,Medium,0.03143969097779091,0.4447258704273086,0.5208133335334297,0.003021105061470644
2025-09-05/IMG_1409.JPG,Small,Small,0.01368283441302445,0.9293072443351923,0.057009921251783134,0.0
2025-09-05/IMG_1410.JPG,Medium,Medium,0.011611412311375652,0.08249390846580319,0.8866613735531992,0.01923330566962189
2025-09-05/IMG_1413.JPG,Medium,Medium,0.00670636338087829,0.028600532238100353,0.927571473523704,0.03712163085731736
2025-09-05/IMG_1414.JPG,Very Small,Very Small,0.9605873015873015,0.03496825396825397,0.0044444444444444444,0.0
2025-09-05/IMG_1416.JPG,Very Small,Very Small,0.9705000000000001,0.02783333333333334,0.0016666666666666668,0.0
2025-09-05/IMG_1417.JPG,Medium,Medium,0.010644472514814563,0.04963369571936614,0.9223588297055143,0.017363002060304854
2025-09-05/IMG_1418.JPG,Small,Small,0.02537753548779494,0.8827961178014951,0.09174359216659839,8.275454411112753e-05
2025-09-05/IMG_1419.JPG,Small,Small,0.034520718994146764,0.8680866471322228,0.0968880824944753,0.0005045513791550651
2025-09-05/IMG_1420.JPG,Small,Small,0.058221537527895925,0.7726691087997751,0.16793864063678066,0.0011707130355480002
2025-09-05/IMG_1421.JPG,Very Small,Very Small,0.917472222222222,0.0765479797979798,0.00597979797979798,0.0
2025-09-05/IMG_1422.JPG,Medium,Medium,0.027577917135948104,0.27541976084036235,0.6874112487443342,0.009591073279355199
2025-09-05/IMG_1423.JPG,Very Small,Very Small,0.6978353415067058,0.2786271855992434,0.02183534523447611,0.0017021276595744679
2025-09-05/IMG_1424.JPG,Small,Small,0.0603001268083795,0.909964589031458,0.029735284160162627,0.0
2025-09-05/IMG_1425.JPG,Small,Small,0.03703547549806145,0.901125549496876,0.06157732951201959,0.0002616454930429522
2025-09-05/IMG_1426.JPG,Small,Small,0.09509918292108559,0.8821929079544407,0.022707909124473864,0.0
2025-09-05/IMG_1429.JPG,Medium,Medium,0.0076432110145086335,0.0514243221483618,0.9305886321192692,0.010343834717860293
2025-09-05/IMG_1430.JPG,Small,Small,0.26195728359031256,0.6998579854458579,0.038116703752945694,6.802721088435374e-05
2025-09-05/IMG_1431.JPG,Medium,Medium,0.04979671479661891,0.24792100817143062,0.6877269672366874,0.014555309795262658
2025-09-05/IMG_1432.JPG,Medium,Medium,0.18274580077887,0.31087616626048825,0.505178515676751,0.0011995172838906853
2025-09-05/IMG_1433.JPG,Small,Small,0.04874652145376919,0.6679849187875038,0.2679343017810237,0.015334257977703375
2025-09-05/IMG_1434.JPG,Medium,Medium,0.08987708684685268,0.22259682915893034,0.6814889432492561,0.006037140744960462
2025-09-05/IMG_1435.JPG,Small,Small,0.06024196907875463,0.727172208404782,0.20333555067998907,0.009250271836474245
2025-09-05/IMG_1436.JPG,Very Small,Very Small,0.823038129388418,0.15055748144456785,0.026404389167014118,0.0
2025-09-05/IMG_1437.JPG,Very Small,Very Small,0.802865163551252,0.17952203920714385,0.01742846867418057,0.00018432856742360527
2025-09-05/IMG_1438.JPG,Very Small,Very Small,0.915192204410231,0.07622616493270502,0.008581630657064106,0.0
2025-09-05/IMG_1440.JPG,Very Small,Very Small,0.934500373740331,0.06402489151709495,0.0014747347425740865,0.0
2025-09-05/IMG_1441.JPG,Very Small,Very Small,0.8849264243348237,0.10359983579131822,0.011473739873857799,0.0
2025-09-05/IMG_1442.JPG,Very Small,Very Small,0.8949062473718525,0.08079335406142565,0.02425974816021761,4.065040650406504e-05
2025-09-05/IMG_1444.JPG,Very Small,Very Small,0.8759346953889191,0.10845149276594677,0.015613811845134173,0.0
2025-09-05/IMG_1445.JPG,Very Small,Very Small,0.9346863369763645,0.06241804871206677,0.002895614311568556,0.0
2025-09-05/IMG_1446.JPG,Medium,Medium,0.03313400957317628,0.12990952965013952,0.8053121238348965,0.03164433694178763
2025-09-05/IMG_1447.JPG,Medium,Medium,0.05581872771054531,0.292703982492945,0.639211071520569,0.012266218275941114
2025-09-05/IMG_1448.JPG,Medium,Medium,0.10422850807410128,0.3731816718543688,0.5173940273659666,0.00519579270556356
2025-09-05/IMG_1450.JPG,Medium,Medium,0.06232271409464348,0.26396826976920523,0.6675325395347779,0.006176476601373461
2025-09-05/IMG_1451.JPG,Very Small,Very Small,0.8463179324282738,0.14360321447404048,0.010078853097685843,0.0
2025-09-05/IMG_1452.JPG,Very Small,Very Small,0.771705669797578,0.22202963359170383,0.006264696610718295,0.0
2025-09-05/IMG_1453.JPG,Small,Small,0.36216004202819446,0.6114780577824172,0.026333888984906677,2.8011204481792714e-05
2025-09-05/IMG_1456.JPG,Small,Small,0.10542030920004358,0.8155040926242969,0.07876102586617657,0.00031457230948276314
2025-09-05/IMG_1458.JPG,Small,Small,0.17576474051719476,0.6787704470200936,0.14131441922922353,0.004150393233488272
2025-09-05/IMG_1459.JPG,Very Small,Very Small,0.7480943945265115,0.2340000434430481,0.017721233463016798,0.00018432856742360527
2025-09-05/IMG_1460.JPG,Small,Small,0.1349722914211988,0.7913051920005711,0.07336299251026603,0.0003595240679639334
2025-09-05/IMG_1461.JPG,Medium,Medium,0.03254832723236322,0.29890827031435213,0.6671031765695938,0.001440225883690607
2025-09-05/IMG_1462.JPG,Small,Small,0.18255280401923127,0.7793601317404022,0.03808706424036646,0.0
2025-09-05/IMG_1464.JPG,Very Small,Very Small,0.4449910745320354,0.39722369880680203,0.15738933337725283,0.00039589328390967173
2025-09-05/IMG_1466.JPG,Very Small,Very Small,0.9261666666666667,0.07383333333333333,0.0,0.0
2025-09-05/IMG_1467.JPG,Small,Small,0.32559026073937275,0.6603309848758822,0.014078754384745226,0.0
2025-09-05/IMG_1468.JPG,Very Small,Very Small,0.911900966183575,0.07367391304347827,0.01442512077294686,0.0
2025-09-05/IMG_1469.JPG,Very Small,Very Small,0.9696904761904761,0.03011904761904762,0.00019047619047619048,0.0
2025-09-05/IMG_1470.JPG,Small,Small,0.15766937781592258,0.8066165821962504,0.03571403998782703,0.0
2025-09-05/IMG_1472.JPG,Large,Large,0.07618902614487214,0.07176175319376035,0.2548659884067385,0.5971832322546288
2025-09-05/IMG_1475.JPG,Medium,Medium,0.010747323348713658,0.03276726098319595,0.9421947944916792,0.014290621176411023
2025-09-05/IMG_1476.JPG,Small,Small,0.06037373689640757,0.8988212436309216,0.04080501947267055,0.0
2025-09-05/IMG_1477.JPG,Small,Small,0.04375359994950132,0.8191555939059744,0.12004634798291089,0.017044458161613263
2025-09-05/IMG_1480.JPG,Small,Small,0.027573247680639325,0.70227613395608,0.23687083676429382,0.03327978159898711
2025-09-05/IMG_1481.JPG,Small,Small,0.03275964755313621,0.6753992082400712,0.2507785916167272,0.0410625525900658
2025-09-05/IMG_1482.JPG,Small,Small,0.23614430874845652,0.7145941783348927,0.049261512916650776,0.0
2025-09-05/IMG_1483.JPG,Small,Small,0.17979217248795007,0.7794352142627036,0.04077261324934635,0.0
2025-09-05/IMG_1484.JPG,Very Small,Very Small,0.737607623181834,0.24325231746960255,0.016640059348563416,0.0025
2025-09-05/IMG_1485.JPG,Medium,Medium,0.03420940169220419,0.0815921028307416,0.8107792534431694,0.07341924203388453
2025-09-05/IMG_1486.JPG,Large,Large,0.14178332596348325,0.06270445099544841,0.23426338117330392,0.5612488418677644
2025-09-05/IMG_1487.JPG,Medium,Medium,0.04153881568653913,0.1834994092298585,0.7564684972624977,0.018493277821104732
2025-09-05/IMG_1490.JPG,Medium,Medium,0.04553395015604727,0.1442947909268917,0.7919316564437358,0.01823960247332537
2025-09-05/IMG_1491.JPG,Small,Small,0.07652499873144357,0.47059023441699616,0.4220538280304347,0.03083093882112553
2025-09-05/IMG_1492.JPG,Small,Small,0.08593816607992594,0.631941791565026,0.27901872256288396,0.0031013197921641077
2025-09-05/IMG_1493.JPG,Small,Small,0.03743410428230117,0.9074725249310146,0.05504361954290263,4.9751243781094526e-05
2025-09-05/IMG_1495.JPG,Small,Small,0.056495787816045584,0.806124902644407,0.1354448157355398,0.0019344938040078308
2025-09-05/IMG_1496.JPG,Medium,Medium,0.08139621812121242,0.14153248508506944,0.7408575115708991,0.03621378522281896
2025-09-05/IMG_1498.JPG,Small,Small,0.06927440221152939,0.871018964389827,0.05970663339864334,0.0
2025-09-05/IMG_1500.JPG,Small,Small,0.020205898530590193,0.9241662530950162,0.05554164147784167,8.620689655172413e-05
2025-09-05/IMG_1501.JPG,Small,Small,0.08864184125132996,0.8309111343064856,0.0786613300225727,0.0017856944196118162
2025-09-05/IMG_1502.JPG,Small,Small,0.0412890201758379,0.8824162112851114,0.07626176523872026,3.3003300330033e-05
2025-09-05/IMG_1505.JPG,Small,Small,0.10617934514424349,0.7320719972653668,0.15980788070558286,0.0019407768848067357
2025-09-05/IMG_1506.JPG,Small,Small,0.03540197612949616,0.7743061771319082,0.18989287045116576,0.00039897628742967245
2025-09-05/IMG_1507.JPG,Small,Small,0.1517711674261796,0.7784828849545327,0.06957087821891438,0.00017506940037335174
2025-09-05/IMG_1508.JPG,Medium,Medium,0.013846986299813183,0.226778899657969,0.7506252528397803,0.00874886120243731
2025-09-05/IMG_1510.JPG,Medium,Medium,0.013247786494139335,0.049518220835614114,0.9214367402443037,0.015797252425943237
2025-09-05/IMG_1511.JPG,Small,Small,0.22987468155475058,0.689168123862976,0.06945898632039367,0.011498208261879942
2025-09-05/IMG_1512.JPG,Small,Small,0.29569374666554565,0.6421134347171552,0.059044413652729694,0.003148404964569161
2025-09-05/IMG_1513.JPG,Small,Small,0.1690730620466273,0.773563223290744,0.0569487050511724,0.0004150096114564969
2025-09-05/IMG_1514.JPG,Small,Small,0.47026628808342913,0.491743310990949,0.037990400925621816,0.0
2025-09-05/IMG_1515.JPG,Very Small,Very Small,0.7974492935076627,0.17850872142584068,0.024041985066496605,0.0
2025-09-05/IMG_1516.JPG,Very Small,Very Small,0.8558624980872666,0.1264844499795938,0.017140231420318813,0.0005128205128205128
2025-09-05/IMG_1517.JPG,Small,Small,0.29886432745180197,0.6600384626188031,0.04001427983419779,0.0010829300951968647
2025-09-05/IMG_1518.JPG,Small,Small,0.2356282360441241,0.6753451850907224,0.0878977372575885,0.0011288416075650118
2025-09-05/IMG_1519.JPG,Small,Small,0.24608651986162447,0.705786580391328,0.04768294877407012,0.00044395097297771394
2025-09-05/IMG_1520.JPG,Small,Small,0.3264180412755578,0.6377247782523173,0.03585718047212504,0.0
2025-09-05/IMG_1522.JPG,Very Small,Very Small,0.8528888826489427,0.13245960098302328,0.014651516368033975,0.0
2025-09-05/IMG_1523.JPG,Very Small,Very Small,0.6871174863106921,0.27019392141103166,0.039408559861790524,0.0032800324164860427
2025-09-05/IMG_1524.JPG,Small,Small,0.14848806250291974,0.7817383827996303,0.06804335521292937,0.0017301994845210363
2025-09-05/IMG_1525.JPG,Very Small,Very Small,0.7334517617533399,0.22788940590801982,0.03827606493078458,0.0003827674078556642
2025-09-05/IMG_1527.JPG,Small,Small,0.17685903258691288,0.7697901787709046,0.052535555394660614,0.0008152332475216639
2025-09-05/IMG_1528.JPG,Small,Small,0.3229305137641364,0.635311668303594,0.0414021233499737,0.0003556945822957454
2025-09-05/IMG_1529.JPG,Small,Small,0.20110248636180286,0.7441050827844263,0.05460669158519797,0.000185739268572711
2025-09-05/IMG_1530.JPG,Small,Small,0.2537068173577571,0.6733019249817671,0.07266500315984568,0.0003262545006300788
2025-09-05/IMG_1531.JPG,Small,Small,0.06579912821168896,0.7381220753117498,0.19101521907581426,0.005063577400747359
2025-09-05/IMG_1532.JPG,Very Small,Very Small,0.8106111317305779,0.17679775255904467,0.012563104505895342,2.8011204481792714e-05
2025-09-05/IMG_1533.JPG,Small,Small,0.20845018626710746,0.7211926817470921,0.07027073987836059,8.639210743975847e-05
2025-09-05/IMG_1534.JPG,Small,Small,0.21723694105612437,0.7110187095283558,0.07069568373797601,0.0010486656775438806
2025-09-05/IMG_1535.JPG,Small,Small,0.17352811694689657,0.7324198550898161,0.09307080764524174,0.0009812203180454586
2025-09-05/IMG_1536.JPG,Small,Small,0.403795508263812,0.5745210840619476,0.021683407674240495,0.0
2025-09-05/IMG_1537.JPG,Very Small,Very Small,0.8081170014457909,0.16070068817964428,0.03118231037456494,0.0
2025-09-05/IMG_1538.JPG,Very Small,Very Small,0.6977809995375613,0.25811910054681236,0.044035797351524096,6.41025641025641e-05
2025-09-05/IMG_1539.JPG,Very Small,Very Small,0.9145354657000104,0.0815425966025147,0.003921937697474928,0.0
2025-09-05/IMG_1540.JPG,Very Small,Very Small,0.9148830301160401,0.08046748175634559,0.004649488127614213,0.0
2025-09-05/IMG_1541.JPG,Small,Small,0.17578677127596404,0.7756524419811747,0.04765031573696834,0.0009104710058929548
2025-09-05/IMG_1542.JPG,Small,Small,0.3218587566258104,0.6134225938036806,0.06386758574072161,0.0008510638297872339
2025-09-05/IMG_1544.JPG,Very Small,Very Small,0.45652608097418257,0.43303923308782166,0.09197899045510588,0.018455695482889604
2025-09-05/IMG_1545.JPG,Very Small,Small,0.3483276475813218,0.5411634772946204,0.10038030407624458,0.010128571047813482
2025-09-05/IMG_1549.JPG,Very Small,Very Small,0.6058685307673493,0.35927529632718497,0.03481043120453013,4.574170093569342e-05
2025-09-05/IMG_1550.JPG,Very Small,Very Small,0.530001470812448,0.4358650687674387,0.03261108233516511,0.001522378084948191
2025-09-05/IMG_1551.JPG,Small,Small,0.16277893261174975,0.7604060852428479,0.0761942399267412,0.0006207422186611624
2025-09-05/IMG_1552.JPG,Medium,Small,0.164287743320335,0.615511430454592,0.21584888710699565,0.004351939118077385
2025-09-05/IMG_1553.JPG,Very Small,Very Small,0.6251683238574278,0.33599379561970455,0.03786352234610199,0.0009743581767657916
2025-09-05/IMG_1554.JPG,Small,Small,0.22685822283600945,0.7010985733043839,0.07079576097777424,0.0012474428818324136
2025-09-05/IMG_1555.JPG,Very Small,Very Small,0.5671126693955347,0.3913069863211129,0.041268496139839676,0.0003118481435127242
2025-09-05/IMG_1557.JPG,Very Small,Very Small,0.6437377619788609,0.3219778720200855,0.03399310220899472,0.0002912637920585036
2025-09-05/IMG_1558.JPG,Small,Small,0.3240347834385968,0.6345193362262214,0.04109958738700664,0.00034629294817474006
2025-09-05/IMG_1559.JPG,Small,Small,0.15482664812615415,0.7791167965240662,0.06305537413533259,0.0030011812144475083
2025-09-05/IMG_1560.JPG,Small,Small,0.175653034055281,0.7744317039799976,0.04971524241229412,0.0002000195524271672
2025-09-05/IMG_1562.JPG,Very Small,Very Small,0.6386728717985655,0.3159711383186429,0.044358058386933095,0.0009979314958586045
2025-09-05/IMG_1564.JPG,Very Small,Very Small,0.4653636222918423,0.33510922407618743,0.1890073621771459,0.01051979145482453
2025-09-05/IMG_1565.JPG,Very Small,Medium,0.3132272991506272,0.24589455818021624,0.3550971501496676,0.0857809925194894
2025-09-05/IMG_1566.JPG,Small,Small,0.15143536504341573,0.7064067236600543,0.138754140777094,0.0034037705194365168
2025-09-05/IMG_1568.JPG,Small,Small,0.17066748976528914,0.634481764196569,0.18287507145590268,0.011975674582239299
2025-09-05/IMG_1569.JPG,Very Small,Very Small,0.6936266277507722,0.241475007055144,0.06466557959158001,0.00023278560250391235
2025-09-05/IMG_1570.JPG,Very Small,Very Small,0.38526287220572536,0.27283555071966736,0.2836769957116798,0.05822458136292768
2025-09-05/IMG_1571.JPG,Small,Small,0.058957620239114036,0.6262861527138891,0.30169811535307645,0.013058111693920791
2025-09-05/IMG_1572.JPG,Medium,Medium,0.03247204413316288,0.20173313366604198,0.7427090457974515,0.02308577640334385
2025-09-05/IMG_1574.JPG,Small,Small,0.09775947048128714,0.7353040985186129,0.15806436616110964,0.008872064838990867
2025-09-05/IMG_1576.JPG,Very Small,Very Small,0.9044955861428341,0.0804483950420773,0.015056018815088557,0.0
2025-09-05/IMG_1577.JPG,Very Small,Very Small,0.5668543615533341,0.37569120891551516,0.05632847058745625,0.0011259589436943714
2025-09-05/IMG_1579.JPG,Small,Small,0.20835131577736346,0.6639194595147285,0.11492928699663073,0.012799937711277663
2025-09-05/IMG_1580.JPG,Small,Small,0.07294006550926363,0.7064118177900699,0.2006027933250413,0.020045323375625947
2025-09-05/IMG_1581.JPG,Small,Small,0.10131997161995109,0.7440547730931232,0.1501017331281542,0.004523522158771884
2025-09-05/IMG_1582.JPG,Medium,Medium,0.04449885875996462,0.29259638366632484,0.6458936371064161,0.01701112046729435
2025-09-05/IMG_1583.JPG,Small,Small,0.05988536824009893,0.5361445778039315,0.38084120266039145,0.023128851295578116
2025-09-05/IMG_1585.JPG,Medium,Small,0.14060023047431794,0.5027303093822758,0.3531589394873091,0.0035105206560968917
2025-09-05/IMG_1586.JPG,Very Small,Very Small,0.48405439630328495,0.3916815444206818,0.12101402045708573,0.0032500388189475155
2025-09-05/IMG_1588.JPG,Very Small,Very Small,0.8614809979561306,0.09755566382810664,0.04096333821576228,0.0
2025-09-05/IMG_1589.JPG,Very Small,Very Small,0.6689408469159456,0.2931140903668258,0.034411470559022724,0.003533592158206156
2025-09-05/IMG_1590.JPG,Small,Small,0.24663538660188394,0.6796967202827554,0.07217509669027525,0.0014927964250848413
2025-09-05/IMG_1591.JPG,Very Small,Very Small,0.5544459020652373,0.26153415274230807,0.14988094243674027,0.03413900275571464
2025-09-05/IMG_1592.JPG,Small,Small,0.24429733939152767,0.540179070992146,0.18401547121876682,0.03150811839755966
2025-09-05/IMG_1593.JPG,Very Small,Very Small,0.7420503195317408,0.20596392903566973,0.04568725674873184,0.006298494683857548
2025-09-05/IMG_1595.JPG,Small,Small,0.2132512844064296,0.7333246432940325,0.05319603342343889,0.00022803887609866477
2025-09-05/IMG_1596.JPG,Very Small,Very Small,0.7856554071330673,0.16196543125135895,0.052379161615573606,0.0
2025-09-05/IMG_1597.JPG,Very Small,Very Small,0.5030709805735956,0.4384461459894115,0.05799592682909961,0.0004869466078935485
2025-09-05/IMG_1598.JPG,Small,Small,0.3034909183263093,0.6503963511349242,0.04586584111750137,0.0002468894212649994
2025-09-05/IMG_1599.JPG,Small,Small,0.13171267979367338,0.6969737938388766,0.16328956429821634,0.008023962069233824
2025-09-05/IMG_1600.JPG,Small,Small,0.0990849622469373,0.7364784965361774,0.15695450892504426,0.007482032291841634
2025-09-05/IMG_1601.JPG,Small,Small,0.11859051017475934,0.7927494349470576,0.0854260859665868,0.003233968911596253
2025-09-05/IMG_1602.JPG,Medium,Medium,0.06847478152292397,0.36214547691966703,0.5467327056291529,0.02264703592825601
2025-09-05/IMG_1603.JPG,Medium,Small,0.08710785753849999,0.5584813802058441,0.3480051561821202,0.0064056060735357655
2025-09-05/IMG_1604.JPG,Small,Small,0.07897605918757009,0.7688439559676978,0.14955445804549905,0.002625526799233259
2025-09-05/IMG_1605.JPG,Small,Small,0.08733407004973728,0.7658423849087135,0.14293282324282497,0.0038907217987248204
2025-09-05/IMG_1606.JPG,Small,Small,0.0629061475041872,0.7701597265377027,0.16121839055311876,0.0057157354049914835
2025-09-05/IMG_1607.JPG,Medium,Medium,0.03255471467180023,0.1465742869665689,0.7651950760336034,0.055675922328027594
2025-09-05/IMG_1608.JPG,Small,Small,0.12955860260346072,0.7292425841608434,0.1376115876467364,0.003587225588959792
2025-09-29/IMG_1672.JPG,Small,Small,0.1964679904933629,0.7725242037533425,0.030287660262081986,0.000720145491212907
2025-09-29/IMG_1673.JPG,Small,Small,0.19230809281562608,0.7701223798709715,0.03737193407741515,0.0001975932359873844
2025-09-29/IMG_1674.JPG,Small,Small,0.02236602542337168,0.6660372826201081,0.3051801123542066,0.006416579602313823
2025-09-29/IMG_1675.JPG,Medium,Medium,0.033412216319654894,0.21451137499811013,0.7157700444642859,0.036306364217948736
2025-09-29/IMG_1677.JPG,Small,Small,0.019200209125522612,0.5635940299975815,0.3906229271023689,0.026582833774526887
2025-09-29/IMG_1678.JPG,Small,Small,0.05622868567223459,0.8740822750217887,0.06968903930597671,0.0
2025-09-29/IMG_1679.JPG,Medium,Medium,0.006279848671791882,0.16656289233175148,0.8188630578674899,0.008294201128966935
2025-09-29/IMG_1681.JPG,Medium,Medium,0.007259623050192818,0.07709667303026196,0.8830177879060865,0.03262591601345879
2025-09-29/IMG_1684.JPG,Medium,Medium,0.012767624140716808,0.11768294797040454,0.8563252876516206,0.013224140237258061
2025-09-29/IMG_1685.JPG,Very Small,Very Small,0.857668702870308,0.10575072266831813,0.03376200439120561,0.0028185700701685358
2025-09-29/IMG_1688.JPG,Very Small,Very Small,0.8726746031746031,0.0919722222222222,0.0353531746031746,0.0
2025-09-29/IMG_1689.JPG,Very Small,Very Small,0.5128368312803409,0.45411586166748996,0.032885067351535464,0.00016223970063384904
2025-09-29/IMG_1690.JPG,Medium,Medium,0.01740634917606717,0.1432881777277194,0.8183312363866302,0.020974236709582993
2025-09-29/IMG_1691.JPG,Medium,Medium,0.0131105976740841,0.058144229308664905,0.899543601285176,0.02920157173207496
2025-09-29/IMG_1692.JPG,Medium,Medium,0.017451319372166985,0.15998056174890873,0.8080144001739239,0.014553718705000386
2025-09-29/IMG_1693.JPG,Medium,Medium,0.01810512754205467,0.32540024254202754,0.6461616738553805,0.010332956060537316
2025-09-29/IMG_1697.JPG,Medium,Medium,0.02680307365330053,0.44117104413348956,0.5246489926193514,0.007376889593858612
2025-09-29/IMG_1699.JPG,Medium,Medium,0.05279032237345676,0.20760160658538304,0.7304261070502934,0.00918196399086692
2025-09-29/IMG_1700.JPG,Small,Small,0.02160376057254686,0.6508959565710075,0.3207064564942373,0.006793826362208275
2025-09-29/IMG_1701.JPG,Small,Small,0.3545486890898853,0.5961934834647896,0.049257827445325184,0.0
2025-09-29/IMG_1702.JPG,Very Small,Small,0.36455744788653394,0.5083227002074306,0.12640691451378797,0.0007129373922474989
2025-09-29/IMG_1703.JPG,Very Small,Very Small,0.7463507581161013,0.23887868003957835,0.014479816919658113,0.0002907449246623214
2025-09-29/IMG_1704.JPG,Medium,Medium,0.012732379445536244,0.1986395007127628,0.7645043460864105,0.024123773755290245
2025-09-29/IMG_1705.JPG,Very Small,Very Small,0.9379949802156886,0.04829432796041216,0.012599580712788262,0.0011111111111111111
2025-09-29/IMG_1706.JPG,Medium,Medium,0.01592784621156762,0.15662325644165567,0.8056219516540288,0.021826945692747304
2025-09-29/IMG_1707.JPG,Small,Small,0.056437146744710384,0.8811145163801697,0.06215451822711799,0.00029381864800227006
2025-09-29/IMG_1708.JPG,Small,Small,0.1024426139505745,0.8565945566939959,0.04091380041407358,4.9028941355674033e-05
2025-09-29/IMG_1709.JPG,Small,Small,0.0435560487628494,0.7364470132240828,0.21551485576735735,0.00448208224571057
2025-09-29/IMG_1710.JPG,Medium,Medium,0.005969677864076456,0.07198480056100687,0.9114070042741241,0.010638517300792906
2025-09-29/IMG_1711.JPG,Very Small,Very Small,0.9816666666666665,0.016666666666666666,0.0016666666666666668,0.0
2025-09-29/IMG_1712.JPG,Small,Small,0.2431066151278397,0.6581385824515436,0.09099339451232835,0.007761407908288517
2025-09-29/IMG_1713.JPG,Medium,Medium,0.05863648991177275,0.30073979992312977,0.6227609680061706,0.017862742158926873
2025-09-29/IMG_1714.JPG,Medium,Medium,0.011581024169900091,0.0681603457910707,0.9061332307722147,0.01412539926681441
2025-09-29/IMG_1715.JPG,Very Small,Very Small,0.9219309967546908,0.05880292940686711,0.017723113874429666,0.0015429599640125954
2025-09-29/IMG_1716.JPG,Very Small,Very Small,0.5242941027350653,0.43750672678566055,0.03620775775256751,0.001991412726706844
2025-09-29/IMG_1717.JPG,Medium,Medium,0.02136127518838252,0.14628659503661573,0.8146048303753071,0.017747299399694553
2025-09-29/IMG_1718.JPG,Small,Small,0.11650891939976607,0.8242785307467689,0.05909064509155994,0.00012190476190476191
2025-09-29/IMG_1719.JPG,Very Small,Very Small,0.9375,0.04972222222222222,0.012777777777777779,0.0
2025-09-29/IMG_1720.JPG,Small,Small,0.20940979428095566,0.6655276818891557,0.12150782489209486,0.0035546989377939755
2025-09-29/IMG_1721.JPG,Very Small,Very Small,0.966111111111111,0.033888888888888885,0.0,0.0
2025-09-29/IMG_1722.JPG,Very Small,Very Small,0.6312782438731086,0.33523290367785435,0.03305075823987572,0.00043809420916162485
2025-09-29/IMG_1723.JPG,Medium,Medium,0.011997049336788645,0.13338211094413685,0.8406177219043556,0.014003117814718807
2025-09-29/IMG_1725.JPG,Small,Small,0.05599434410269506,0.8669144895406113,0.0726066199556018,0.00448454640109181
2025-09-29/IMG_1726.JPG,Small,Small,0.028575758591945003,0.8741058289267524,0.09124635572629411,0.006072056755008514
2025-09-29/IMG_1727.JPG,Very Small,Very Small,0.9913888888888888,0.008611111111111111,0.0,0.0
2025-09-29/IMG_1728.JPG,Very Small,Very Small,0.9925,0.0075,0.0,0.0
2025-09-29/IMG_1729.JPG,Very Small,Very Small,0.9958333333333333,0.004166666666666667,0.0,0.0
2025-09-29/IMG_1731.JPG,Small,Small,0.05705125286206774,0.8494931478463073,0.0891536056371551,0.004301993654469928
2025-09-29/IMG_1732.JPG,Very Small,Very Small,0.9944444444444444,0.005555555555555555,0.0,0.0
2025-09-29/IMG_1735.JPG,Very Small,Very Small,0.734792416132792,0.2505279963552625,0.014679587511945529,0.0
2025-09-29/IMG_1736.JPG,Very Small,Very Small,0.9258254248049527,0.07243698654256495,0.0017375886524822696,0.0
2025-09-29/IMG_1737.JPG,Small,Small,0.3553534387487822,0.6254358603861707,0.01852800855735479,0.0006826923076923078
2025-09-29/IMG_1738.JPG,Medium,Medium,0.0071584639140201255,0.11905580179371311,0.8589903796497316,0.01479535464253497
2025-09-29/IMG_1739.JPG,Small,Small,0.11495970027083684,0.7996293448391897,0.08392606877746646,0.0014848861125069627
2025-09-29/IMG_1740.JPG,Small,Small,0.18240768488890277,0.7887352102489205,0.028841079221151242,1.6025641025641026e-05
2025-09-29/IMG_1742.JPG,Small,Small,0.04100295094116742,0.7477986961473867,0.18980806849619752,0.021390284415248248
2025-09-29/IMG_1746.JPG,Medium,Medium,0.05174618097578691,0.28218215190030005,0.6449922763868929,0.021079390737020424
2025-09-29/IMG_1748.JPG,Very Small,Very Small,0.7895948375947266,0.18102278583567077,0.02938237656960247,0.0
2025-09-29/IMG_1750.JPG,Medium,Medium,0.018994206969801312,0.1868687190443355,0.7713008007273131,0.022836273258550338
2025-09-29/IMG_1751.JPG,Small,Small,0.3642901865119317,0.6311319941781439,0.00457781930992431,0.0
2025-09-29/IMG_1752.JPG,Small,Small,0.3867589443129418,0.5998799202343059,0.013320485046248005,4.065040650406504e-05
2025-09-29/IMG_1753.JPG,Small,Small,0.14981726328472791,0.813613546869271,0.03630551501893462,0.0002636748270664896
2025-09-29/IMG_1754.JPG,Very Small,Very Small,0.8540188433377431,0.14129131344480622,0.004689843217450579,0.0
2025-09-29/IMG_1755.JPG,Medium,Medium,0.04981236243601251,0.2467704047472611,0.7000261309913692,0.0033911018253570354
2025-09-29/IMG_1757.JPG,Very Small,Very Small,0.7239779872295288,0.2503911287800824,0.025590233583884806,4.065040650406504e-05
2025-09-29/IMG_1759.JPG,Very Small,Very Small,0.7169740772612505,0.26414468053558526,0.018601675540502734,0.0002795666626617005
2025-09-29/IMG_1760.JPG,Very Small,Very Small,0.7359401675258549,0.2594290207246893,0.004630811749455817,0.0
2025-09-29/IMG_1761.JPG,Small,Small,0.07098547673067372,0.856492743556318,0.07235334298117949,0.00016843673182839435
2025-09-29/IMG_1763.JPG,Medium,Medium,0.02886256604806958,0.23967611976801104,0.7215468782862395,0.009914435897679541
2025-09-29/IMG_1764.JPG,Small,Small,0.3105677534042195,0.6699521040667656,0.019412115318130353,6.802721088435374e-05
2025-09-29/IMG_1768.JPG,Medium,Medium,0.04626331514808154,0.38214762918080813,0.5235340075180502,0.04805504815305976
2025-09-29/IMG_1769.JPG,Medium,Small,0.09130709141069611,0.4755583547931048,0.4193441298827208,0.013790423913478398
2025-09-29/IMG_1770.JPG,Very Small,Very Small,0.9966666666666667,0.0004166666666666667,0.002916666666666667,0.0
2025-09-29/IMG_1772.JPG,Very Small,Very Small,0.9897113997113998,0.009800384800384799,0.00048821548821548823,0.0
2025-09-29/IMG_1773.JPG,Very Small,Very Small,1.0,0.0,0.0,0.0
2025-09-29/IMG_1776.JPG,Very Small,Very Small,0.9897113997113997,0.0098003848003848,0.00048821548821548823,0.0
2025-09-29/IMG_1777.JPG,Very Small,Very Small,0.9904336219336219,0.009078162578162578,0.00048821548821548823,0.0
2025-09-29/IMG_1779.JPG,Very Small,Very Small,0.9798671497584543,0.016521739130434778,0.003611111111111111,0.0
2025-09-29/IMG_1780.JPG,Small,Small,0.11022688326394423,0.7262448589706744,0.15258412453893616,0.010944133226445196
2025-09-29/IMG_1781.JPG,Small,Small,0.04636822995946404,0.7070079324281044,0.23739123998906217,0.00923259762336931
2025-09-29/IMG_1784.JPG,Small,Small,0.0382465898946763,0.6908088741885815,0.2608512508814344,0.010093285035307696
2025-09-29/IMG_1785.JPG,Very Small,Very Small,0.9834703196347031,0.00872716894977169,0.007802511415525114,0.0
2025-09-29/IMG_1786.JPG,Very Small,Very Small,0.9805379464285715,0.019123511904761904,0.0003385416666666667,0.0
2025-09-29/IMG_1787.JPG,Very Small,Very Small,0.9785,0.015666666666666666,0.0033333333333333335,0.0025
2025-09-29/IMG_1788.JPG,Very Small,Very Small,0.731216022939952,0.2330769087826938,0.034933324236283494,0.0007737440410707738
2025-09-29/IMG_1791.JPG,Very Small,Very Small,0.9868939393939393,0.012617845117845116,0.00048821548821548823,0.0
2025-09-29/IMG_1792.JPG,Small,Small,0.2616800651595284,0.6670512886488402,0.06172299434917778,0.009545651842453618
2025-09-29/IMG_1793.JPG,Very Small,Very Small,0.8950515048647649,0.08115424430381334,0.019721307966344137,0.0040729428650776965
2025-09-29/IMG_1794.JPG,Very Small,Very Small,1.0,0.0,0.0,0.0
2025-09-29/IMG_1797.JPG,Small,Small,0.05558583280495182,0.7757888398244344,0.15467418627350243,0.013951141097111274
2025-09-29/IMG_1799.JPG,Small,Small,0.30644631490317875,0.6462914128596465,0.04600704671462239,0.0012552255225522554
2025-09-29/IMG_1800.JPG,Very Small,Very Small,0.9793888888888889,0.01861111111111111,0.002,0.0
2025-09-29/IMG_1801.JPG,Very Small,Very Small,0.9930952380952381,0.006904761904761906,0.0,0.0
2025-09-29/IMG_1802.JPG,Very Small,Very Small,0.9660086580086581,0.023793352241628107,0.010197989749713888,0.0
2025-09-29/IMG_1803.JPG,Very Small,Very Small,0.992047619047619,0.005,0.0029523809523809524,0.0
2025-09-29/IMG_1804.JPG,Very Small,Very Small,0.9947619047619048,0.005238095238095238,0.0,0.0
2025-09-29/IMG_1806.JPG,Very Small,Very Small,0.7451956688161907,0.23707787245207504,0.017026788764737864,0.0006996699669966997
2025-09-29/IMG_1809.JPG,Medium,Medium,0.04963203495262811,0.20427227645820187,0.6609562196616636,0.0851394689275062
2025-09-29/IMG_1811.JPG,Medium,Small,0.3098876580843968,0.36816479283640796,0.32194754907919515,0.0
2025-09-29/IMG_1815.JPG,Very Small,Very Small,0.8331482933718607,0.1453400489912883,0.017311987669854104,0.004199669966996699
2025-09-29/IMG_1816.JPG,Very Small,Very Small,0.844930072514099,0.12428237804962365,0.02294566909439708,0.007841880341880342
2025-09-29/IMG_1817.JPG,Very Small,Very Small,0.945508797006565,0.03842783690659121,0.014952254975732817,0.0011111111111111111
2025-09-29/IMG_1818.JPG,Very Small,Very Small,0.5646739548034887,0.4053288349383469,0.029408651402278642,0.0005885588558855885
2025-09-29/IMG_1819.JPG,Small,Small,0.1589312714744466,0.7920160424747258,0.04596412719494217,0.0030885588558855885
2025-09-29/IMG_1820.JPG,Very Small,Very Small,0.982047619047619,0.009666666666666667,0.008285714285714285,0.0
2025-09-29/IMG_1821.JPG,Very Small,Very Small,0.9726031746031746,0.017555555555555557,0.008507936507936508,0.0013333333333333335
2025-09-29/IMG_1822.JPG,Very Small,Very Small,0.9524365079365079,0.012329749103942652,0.02762621607782898,0.00760752688172043
2025-09-29/IMG_1824.JPG,Medium,Medium,0.044241828919722684,0.21346256335211194,0.6445678096301177,0.09772779809804738
2025-09-29/IMG_1825.JPG,Small,Small,0.09263476846299203,0.6912151333571193,0.18833219466626425,0.027817903513624575
2025-09-29/IMG_1826.JPG,Small,Small,0.20638396029078251,0.7257895347112896,0.06782650499792801,0.0
2025-09-29/IMG_1827.JPG,Medium,Medium,0.05626623794877162,0.3281567046343106,0.6007930027704589,0.014784054646458846
2025-09-29/IMG_1828.JPG,Small,Small,0.3156532637683067,0.6744002460148675,0.00966340924250029,0.00028308097432521394
2025-09-29/IMG_1830.JPG,Small,Small,0.07636206405539774,0.7493362856469826,0.1727178852487144,0.001583765048904999
2025-09-29/IMG_1831.JPG,Small,Small,0.07658507246935632,0.8430056322793004,0.07731460137379238,0.0030946938775510205
2025-09-29/IMG_1832.JPG,Small,Small,0.11231388616354955,0.8099467561425153,0.07749147243104934,0.00024788526288526286
2025-09-29/IMG_1833.JPG,Small,Small,0.152750206039539,0.7716999488056796,0.07507031851739736,0.0004795266373837802
2025-09-29/IMG_1834.JPG,Small,Small,0.02100577719833788,0.7741150214241683,0.19667406150374772,0.008205139873745708
2025-09-29/IMG_1835.JPG,Small,Small,0.06518428174876549,0.8822127302608349,0.05196374251099257,0.0006392454794071158
2025-09-29/IMG_1836.JPG,Small,Small,0.0779300810810621,0.8607282269508467,0.06069056518509209,0.000651126782998589
2025-09-29/IMG_1838.JPG,Small,Small,0.0904127552909921,0.7424890356915076,0.164437754372183,0.002660454645316782
2025-09-29/IMG_1840.JPG,Small,Small,0.08702161649521567,0.8365620861729568,0.07566870454695927,0.0007475927848677634
2025-09-29/IMG_1841.JPG,Small,Small,0.05924514264781615,0.8502123715831635,0.09041669163430828,0.00012579413471153146
2025-09-29/IMG_1843.JPG,Small,Small,0.17759126462813057,0.7551214458964169,0.06703641184169173,0.0002508776337604653
2025-09-29/IMG_1844.JPG,Small,Small,0.025776740040387387,0.7579925123818977,0.20853030016930654,0.007700447408408075
2025-09-29/IMG_1845.JPG,Small,Small,0.10584006030169632,0.806479911065582,0.08758533475517041,9.46938775510204e-05
2025-09-29/IMG_1846.JPG,Small,Small,0.06295158120416351,0.852829074847656,0.08397868405963733,0.00024065988854272006
2025-09-29/IMG_1847.JPG,Medium,Small,0.13869809236249794,0.4509896955757036,0.41012702687661334,0.00018518518518518518
2025-09-29/IMG_1848.JPG,Medium,Small,0.1182039883257588,0.5859592295263233,0.29241233916642423,0.0034244429814936726
2025-09-29/IMG_1849.JPG,Small,Small,0.09021203751049221,0.4571541262624796,0.3764354694522311,0.0761983667747975
2025-09-29/IMG_1850.JPG,Small,Small,0.12363968815007977,0.8086121160083147,0.06726618871153832,0.0004820071300669188
2025-09-29/IMG_1854.JPG,Very Small,Very Small,0.7663471246014228,0.2006959407042894,0.03295693469428791,0.0
2025-09-29/IMG_1857.JPG,Very Small,Very Small,0.7049089026434385,0.22714110060039105,0.06794999675617056,0.0
2025-09-29/IMG_1858.JPG,Small,Small,0.17790272211397218,0.7524174514479854,0.06900352866382577,0.0006762977742167179
2025-09-29/IMG_1859.JPG,Medium,Very Small,0.4073609529556638,0.25138228097911197,0.3412567660652244,0.0
2025-09-29/IMG_1861.JPG,Very Small,Very Small,0.5335075380351211,0.4073655258900211,0.054489207645106626,0.004637728429751067
2025-09-29/IMG_1862.JPG,Small,Small,0.1626017899026471,0.7745320650362083,0.062395222171194434,0.00047092288994963094
2025-09-29/IMG_1865.JPG,Small,Small,0.14037937395567407,0.6598966298757676,0.14785716996098358,0.05186682620757512
2025-09-29/IMG_1869.JPG,Small,Small,0.08710851495800173,0.8574081818143393,0.054558703734776975,0.0009245994928817932
2025-09-29/IMG_1870.JPG,Small,Small,0.09920556696359058,0.8381444725514694,0.06002699388113329,0.002622966603806641
2025-09-29/IMG_1871.JPG,Small,Small,0.27701591814415094,0.6735499617697437,0.04940745341943875,2.6666666666666667e-05
2025-09-29/IMG_1873.JPG,Small,Small,0.08649134249711946,0.8577325897599318,0.05536529437494261,0.00041077336800608895
2025-09-29/IMG_1874.JPG,Small,Small,0.15374957970169081,0.7952305711440525,0.0507320480520801,0.00028780110217668033
2025-09-29/IMG_1875.JPG,Small,Small,0.2745956298878459,0.6897525270893731,0.03565184302278098,0.0
2025-09-29/IMG_1877.JPG,Very Small,Very Small,0.7493018697977847,0.20902632077945338,0.04127965256001662,0.000392156862745098
2025-09-29/IMG_1878.JPG,Small,Small,0.22813297525490195,0.7275349829198663,0.039178392834406835,0.0051536489908249
2025-09-29/IMG_1879.JPG,Very Small,Very Small,0.8640927183960911,0.11424604075812188,0.021661240845786398,0.0
2025-09-29/IMG_1880.JPG,Very Small,Very Small,0.589796707915435,0.35736394853267944,0.05194514735087354,0.0008941962010115793
2025-09-29/IMG_1881.JPG,Small,Small,0.0904734720555828,0.8608290857181182,0.04788824803029466,0.000809194196004382
2025-09-29/IMG_1882.JPG,Small,Small,0.14810720014477813,0.8120116267960719,0.03495704306560225,0.004924129993547451
2025-09-29/IMG_1883.JPG,Small,Small,0.09882845145091744,0.8534433690292151,0.0474713185886312,0.0002568609312365094
2025-09-29/IMG_1885.JPG,Very Small,Very Small,0.3867210487593516,0.33810911291024603,0.24407458451786138,0.03109525381254116
2025-09-29/IMG_1886.JPG,Very Small,Very Small,0.4790242242555209,0.43112509333869214,0.08411425409437868,0.00573642831140849
2025-09-29/IMG_1889.JPG,Very Small,Small,0.36299061414143285,0.5116425097684314,0.12156267075752111,0.003804205332614478
2025-09-29/IMG_1890.JPG,Small,Small,0.17951141369845,0.7468619956672243,0.06728545469923468,0.006341135935090829
2025-09-29/IMG_1891.JPG,Medium,Small,0.05905420942122406,0.5467327399341471,0.3924940135987764,0.0017190370458522845
2025-09-29/IMG_1893.JPG,Very Small,Small,0.36221976728204536,0.49435011963498404,0.1327296827755531,0.010700430307417805
2025-09-29/IMG_1895.JPG,Small,Medium,0.023362944556125656,0.28110263470635766,0.4682326577789895,0.2273017629585273
2025-09-29/IMG_1897.JPG,Small,Small,0.2231919136068315,0.7316151092264381,0.04131100345907851,0.0038819737076519955
2025-09-29/IMG_1898.JPG,Medium,Medium,0.08049537340955393,0.20067569835895385,0.6929492024392861,0.02587972579220612
2025-09-29/IMG_1899.JPG,Medium,Medium,0.03735406150076282,0.18547460857963852,0.7457786772003846,0.03139265271921383
2025-09-29/IMG_1900.JPG,Medium,Medium,0.03472976894033811,0.1646356388113426,0.7674334721821101,0.03320112006620883
2025-09-29/IMG_1901.JPG,Small,Small,0.07932559632358893,0.6002166344030037,0.28534365548147406,0.03511411379193372
2025-09-29/IMG_1902.JPG,Small,Small,0.13464903169927253,0.44589361089059376,0.3664194871529889,0.05303787025714519
2025-09-29/IMG_1903.JPG,Medium,Medium,0.052850010737736014,0.13962157442190626,0.7779303184478898,0.029598096392467504
2025-09-29/IMG_1904.JPG,Very Small,Medium,0.23406620063958408,0.12666509669517595,0.5914740783048535,0.047794624360386645
2025-09-29/IMG_1905.JPG,Medium,Large,0.00977777777777778,0.0014671717171717172,0.47328164924506383,0.5154734012599866
2025-09-29/IMG_1906.JPG,Large,Large,0.003272727272727273,0.0016180889620822881,0.1051336270732322,0.8899755566919585
2025-09-29/IMG_1907.JPG,Very Small,Very Small,0.5187544176158834,0.0573838021274857,0.17396814116937392,0.24989363908725745
2025-09-29/IMG_1908.JPG,Large,Large,0.1588762176687328,0.06923239424515175,0.19389203980948908,0.5779993482766265
2025-09-29/IMG_1909.JPG,Very Small,Very Small,0.5231707416690553,0.04818404235434709,0.18037563258120834,0.24826958339538957
2025-09-29/IMG_1912.JPG,Small,Small,0.3386155688773667,0.5911545014080005,0.06744471013494902,0.0027852195796840254
2025-09-29/IMG_1914.JPG,Very Small,Very Small,0.8597547216300305,0.13489594980787611,0.00534932856209301,0.0
2025-09-29/IMG_1915.JPG,Very Small,Very Small,0.8839947819347195,0.1075210815112896,0.008484136553990553,0.0
2025-09-29/IMG_1916.JPG,Very Small,Very Small,0.9449006070212715,0.04740408075987673,0.007695312218851525,0.0
2025-09-29/IMG_1917.JPG,Very Small,Very Small,0.8268848160982638,0.15324974144981357,0.01958766467414448,0.0002777777777777778
2025-09-29/IMG_1919.JPG,Very Small,Very Small,0.5247740220150842,0.35274812325641786,0.11912939788502887,0.003348456843469271
2025-09-29/IMG_1920.JPG,Very Small,Very Small,0.6808334791450138,0.28325979920515754,0.03590672164982827,0.0
2025-09-29/IMG_1921.JPG,Very Small,Very Small,0.7853080920843041,0.1883099010148913,0.026382006900804167,0.0
2025-09-29/IMG_1922.JPG,Very Small,Very Small,0.8086963400036925,0.17396977683014236,0.01733388316616482,0.0
2025-09-29/IMG_1923.JPG,Very Small,Very Small,0.7801212500864596,0.1633146173908303,0.05634772425397619,0.00021640826873385013
2025-09-29/IMG_1924.JPG,Very Small,Very Small,0.9452310226148904,0.050075608252619815,0.004693369132489616,0.0
2025-09-29/IMG_1925.JPG,Small,Very Small,0.5095309468579668,0.4658531246331802,0.024615928508853004,0.0
2025-09-29/IMG_1927.JPG,Very Small,Very Small,0.9351664139322589,0.06075131222663364,0.004082273841107264,0.0
2025-09-29/IMG_1930.JPG,Very Small,Very Small,0.9511057400213004,0.03885662989456895,0.010037630084130448,0.0
2025-09-29/IMG_1931.JPG,Very Small,Very Small,0.795595793423146,0.17374313422077642,0.030388846607332536,0.0002722257487448785
2025-09-29/IMG_1933.JPG,Very Small,Very Small,0.7836725987875516,0.18795395166503656,0.028373449547411778,0.0
2025-09-29/IMG_1934.JPG,Small,Small,0.1866097386691307,0.754126729061992,0.0584347187230503,0.0008288135458269385
2025-09-29/IMG_1935.JPG,Very Small,Very Small,0.5727727939913148,0.3679502599219631,0.05892592754005142,0.00035101854667072055
2025-09-29/IMG_1937.JPG,Very Small,Very Small,0.6604157438788366,0.30144381768263595,0.03762419859793841,0.0005162398405881877
2025-09-29/IMG_1939.JPG,Very Small,Very Small,0.8551363338977177,0.1235904374292559,0.02123049363029097,4.2735042735042735e-05
2025-09-29/IMG_1940.JPG,Very Small,Very Small,0.7474680082265612,0.1861919081829752,0.06618982166600763,0.00015026192445547282
2025-09-29/IMG_1941.JPG,Very Small,Very Small,0.49073063259790056,0.43629074157144676,0.07265142127684655,0.00032720455380571694
2025-09-29/IMG_1942.JPG,Very Small,Very Small,0.825499738395218,0.15452834845839838,0.019971913146383396,0.0
2025-09-29/IMG_1944.JPG,Very Small,Very Small,0.8272385784620842,0.13711671578679482,0.03546037718369718,0.00018432856742360527
2025-09-29/IMG_1946.JPG,Very Small,Very Small,0.7566080486652508,0.19068108236230755,0.05271086897244169,0.0
2025-09-29/IMG_1947.JPG,Small,Small,0.2829168617459478,0.6537854966370873,0.06293526231839683,0.00036237929856819666
2025-09-29/IMG_1948.JPG,Very Small,Very Small,0.7501647558651257,0.19769913583769935,0.052136108297174646,0.0
2025-09-29/IMG_1950.JPG,Very Small,Very Small,0.637776058811511,0.2870673133627115,0.07212520370130149,0.003031424124475768
