image_path,true_class,predicted_class,probability_Very Small,probability_Small,probability_Medium,probability_Large
2025-09-05/IMG_1323.JPG,Very Small,Small,0.37095725536346436,0.5566103458404541,0.06336180865764618,0.009070586413145065
2025-08-22/IMG_9902.JPG,Small,Small,0.012643983587622643,0.9775696396827698,0.009696900844573975,8.94940530997701e-05
2025-08-07/IMG_9156.JPG,Medium,Medium,0.008527377620339394,0.2433241605758667,0.633185625076294,0.11496279388666153
2025-08-22/IMG_0112.JPG,Small,Very Small,0.545659065246582,0.4398449957370758,0.013812975957989693,0.0006829547346569598
2025-08-22/IMG_0182.JPG,Very Small,Very Small,0.9771019816398621,0.022869395092129707,2.6833502488443628e-05,1.8731044519881834e-06
2025-08-22/IMG_9871.JPG,Large,Large,0.00020139565458521247,0.004622118081897497,0.20572009682655334,0.7894563674926758
2025-09-05/IMG_1441.JPG,Very Small,Very Small,0.9837914705276489,0.016191702336072922,1.6147181668202393e-05,5.738672257393773e-07
2025-08-07/IMG_9595.JPG,Medium,Medium,0.0011440996313467622,0.021034324541687965,0.57988440990448,0.397937148809433
2025-09-05/IMG_1448.JPG,Medium,Medium,0.0015675293980166316,0.2248278558254242,0.7492499947547913,0.024354642257094383
2025-09-29/IMG_1851.JPG,Small,Small,0.11279106140136719,0.8529922366142273,0.03290702775120735,0.0013097168412059546
2025-09-29/IMG_1836.JPG,Small,Small,0.003530660877004266,0.9567927718162537,0.039019640535116196,0.0006568509270437062
2025-08-22/IMG_0011.JPG,Very Small,Very Small,0.6076473593711853,0.3764236569404602,0.015047205612063408,0.0008818097412586212
2025-08-07/IMG_9579.JPG,Medium,Medium,0.0002055099030258134,0.017454203218221664,0.7463262677192688,0.2360139787197113
2025-09-05/IMG_1530.JPG,Small,Small,0.025492027401924133,0.5557034611701965,0.38959068059921265,0.029213758185505867
2025-09-05/IMG_1518.JPG,Small,Small,0.4102882444858551,0.573875904083252,0.014783969148993492,0.0010518885683268309
2025-08-22/IMG_0254.JPG,Small,Small,0.135543555021286,0.8590720891952515,0.00522252032533288,0.00016177230281755328
2025-08-22/IMG_9953.JPG,Very Small,Very Small,0.9369310736656189,0.06216268613934517,0.0008348947740159929,7.138393266359344e-05
2025-08-22/IMG_0041.JPG,Small,Small,0.03649432584643364,0.6878334879875183,0.2593265175819397,0.016345662996172905
2025-09-05/IMG_1553.JPG,Very Small,Very Small,0.6491917967796326,0.32241395115852356,0.025467239320278168,0.0029269850347191095
2025-09-29/IMG_1676.JPG,Medium,Medium,8.677112782606855e-05,0.09712917357683182,0.9006025195121765,0.002181574935093522
2025-09-29/IMG_1724.JPG,Medium,Medium,3.775300137931481e-05,0.10570373386144638,0.8928406238555908,0.001417884137481451
2025-09-05/IMG_1362.JPG,Medium,Medium,0.0011514570796862245,0.07417093962430954,0.88352370262146,0.041153959929943085
2025-08-22/IMG_9892.JPG,Small,Small,0.01599014364182949,0.9801813960075378,0.003819040022790432,9.485354894422926e-06
2025-08-22/IMG_9832.JPG,Large,Large,0.012555606663227081,0.025365198031067848,0.10786793380975723,0.8542112112045288
2025-08-07/IMG_9589.JPG,Medium,Medium,0.0028712276834994555,0.07717745751142502,0.5510589480400085,0.3688923716545105
2025-09-05/IMG_1512.JPG,Small,Small,0.27370962500572205,0.7077518701553345,0.01704474166035652,0.0014937600353732705
2025-08-22/IMG_9862.JPG,Very Small,Very Small,0.9756787419319153,0.024306273087859154,1.4374964848684613e-05,5.456410008264356e-07
2025-09-29/IMG_1913.JPG,Very Small,Very Small,0.7874225974082947,0.19978222250938416,0.011108261533081532,0.001686925534158945
2025-09-05/IMG_0818.JPG,Small,Medium,0.00033082786831073463,0.4690779745578766,0.5301933288574219,0.000397890224121511
2025-08-22/IMG_0085.JPG,Very Small,Very Small,0.6408402323722839,0.33310991525650024,0.02379867434501648,0.002251105848699808
2025-09-05/IMG_0821.JPG,Small,Small,0.0021043550223112106,0.9079299569129944,0.08969094604253769,0.0002748336410149932
2025-09-29/IMG_1762.JPG,Small,Small,0.004776406101882458,0.9780110120773315,0.01718325726687908,2.9223348974483088e-05
2025-08-22/IMG_9885.JPG,Medium,Medium,0.00047641104902140796,0.1277671456336975,0.8273054361343384,0.0444510318338871
2025-08-22/IMG_9839.JPG,Medium,Medium,0.0003908615035470575,0.029573308303952217,0.7958248257637024,0.17421098053455353
2025-08-07/IMG_9117.JPG,Small,Small,0.0721605196595192,0.8686512112617493,0.05429139733314514,0.004896882921457291
2025-08-22/IMG_0213.JPG,Very Small,Very Small,0.9947516322135925,0.005244370084255934,3.630334276749636e-06,3.953076088691887e-07
2025-09-05/IMG_1440.JPG,Very Small,Very Small,0.9778384566307068,0.022152496501803398,8.881350368028507e-06,1.8959423186970525e-07
2025-09-29/IMG_1747.JPG,Very Small,Very Small,0.9990537762641907,0.0009461859008297324,2.7155586224125727e-08,8.723972655388934e-10
2025-08-22/IMG_9878.JPG,Very Small,Small,0.1335674524307251,0.8635671734809875,0.0028402144089341164,2.5095454475376755e-05
2025-08-22/IMG_0207.JPG,Medium,Medium,0.002770369639620185,0.1489306390285492,0.8194928169250488,0.028806166723370552
2025-08-07/IMG_9112.JPG,Small,Small,0.4221511781215668,0.5563083291053772,0.02030147984623909,0.001238929689861834
2025-08-22/IMG_9930.JPG,Very Small,Very Small,0.8312095999717712,0.16530415415763855,0.003266435582190752,0.00021983885380905122
2025-09-05/IMG_1327.JPG,Very Small,Small,0.4039006233215332,0.5482771992683411,0.040620170533657074,0.007202075328677893
2025-09-05/IMG_1274.JPG,Very Small,Very Small,0.9207472801208496,0.07604242861270905,0.0027521129231899977,0.00045808221329934895
2025-08-07/IMG_9679.JPG,Large,Large,9.253496682504192e-05,0.0008106490131467581,0.04857414960861206,0.9505227208137512
2025-08-07/IMG_9184.JPG,Medium,Medium,0.00016228121239691973,0.07887571305036545,0.9162282347679138,0.004733813460916281
2025-08-07/IMG_9397.JPG,Small,Very Small,0.7619414329528809,0.23785221576690674,0.00019506181706674397,1.1224303307244554e-05
2025-09-05/IMG_1587.JPG,Very Small,Very Small,0.8814590573310852,0.111180879175663,0.005826449487358332,0.0015335966600105166
2025-08-22/IMG_0107.JPG,Very Small,Very Small,0.896599292755127,0.10080753266811371,0.0023118075914680958,0.00028137254412285984
2025-09-05/IMG_1569.JPG,Very Small,Very Small,0.8262779116630554,0.16639044880867004,0.006391913630068302,0.0009396647219546139
2025-08-07/IMG_9458.JPG,Small,Small,0.350606769323349,0.6480854153633118,0.0012446092441678047,6.316058716038242e-05
2025-08-22/IMG_0222.JPG,Very Small,Very Small,0.9973189234733582,0.0026804893277585506,5.444297812573495e-07,4.359483440907752e-08
2025-08-22/IMG_0022.JPG,Very Small,Very Small,0.5365800261497498,0.4443666636943817,0.017852114513516426,0.0012011659564450383
2025-09-05/IMG_1208.JPG,Small,Small,0.24299728870391846,0.7536131143569946,0.0033109160140156746,7.874061702750623e-05
2025-09-05/IMG_1338.JPG,Small,Small,0.25743573904037476,0.5853078961372375,0.1306939721107483,0.026562385261058807
2025-08-07/IMG_9654.JPG,Large,Large,0.0002388756984146312,0.0019335078541189432,0.07143931835889816,0.9263882637023926
2025-09-29/IMG_1709.JPG,Small,Small,0.001609956263564527,0.9846929311752319,0.013691526837646961,5.6068470257741865e-06
2025-08-07/IMG_9247.JPG,Medium,Small,0.0007872848655097187,0.678783655166626,0.32009902596473694,0.00033002442796714604
2025-08-22/IMG_9805.JPG,Medium,Small,0.017917325720191002,0.850399374961853,0.13081584870815277,0.0008674965938553214
2025-09-29/IMG_1766.JPG,Medium,Medium,0.00038289977237582207,0.333075612783432,0.6654309034347534,0.0011105447774752975
2025-09-05/IMG_0951.JPG,Small,Small,0.0003384748415555805,0.9843983054161072,0.015246453694999218,1.6736546967877075e-05
2025-09-29/IMG_1845.JPG,Small,Small,0.007704376243054867,0.9422236680984497,0.049429863691329956,0.0006420117570087314
2025-09-29/IMG_1710.JPG,Medium,Medium,4.3141621972608846e-06,0.02032843977212906,0.978005588054657,0.0016617199871689081
2025-09-05/IMG_1130.JPG,Small,Small,0.03156401589512825,0.9473985433578491,0.0208936408162117,0.0001437195169273764
2025-09-29/IMG_1723.JPG,Medium,Medium,8.187381172319874e-05,0.3325558602809906,0.6670025587081909,0.0003596777969505638
2025-09-29/IMG_1786.JPG,Very Small,Very Small,0.9925453066825867,0.007448758464306593,5.4046022341935895e-06,4.53513280262996e-07
2025-08-22/IMG_9772.JPG,Medium,Medium,0.0001759927545208484,0.19088123738765717,0.8077263236045837,0.0012163587380200624
2025-08-07/IMG_9510.JPG,Small,Small,0.010874382220208645,0.8912597298622131,0.09365937113761902,0.004206457175314426
2025-08-22/IMG_0183.JPG,Small,Small,0.3295958936214447,0.6524416208267212,0.01719856634736061,0.0007638584938831627
2025-08-22/IMG_9896.JPG,Small,Small,0.08497140556573868,0.9145058989524841,0.000518881599418819,3.857905539916828e-06
2025-08-22/IMG_9796.JPG,Very Small,Very Small,0.9844026565551758,0.015596023760735989,1.3407959613687126e-06,3.589397934433691e-08
2025-09-05/IMG_1196.JPG,Very Small,Very Small,0.9974355101585388,0.0025634467601776123,9.76779347183765e-07,7.551273739636599e-08
2025-08-07/IMG_9170.JPG,Very Small,Very Small,0.8214300274848938,0.1619146764278412,0.012698755599558353,0.003956567030400038
2025-09-05/IMG_1092.JPG,Very Small,Very Small,0.993606448173523,0.006392797455191612,7.239926276270126e-07,2.625944972578509e-08
2025-09-05/IMG_1508.JPG,Medium,Medium,0.0005517539102584124,0.27958592772483826,0.7136744260787964,0.006187910679727793
2025-09-05/IMG_1016.JPG,Small,Small,0.04909805208444595,0.8293858766555786,0.1135304644703865,0.007985574193298817
2025-09-05/IMG_0797.JPG,Small,Small,0.3853793442249298,0.613714873790741,0.0008891975157894194,1.657319808145985e-05
2025-08-07/IMG_9634.JPG,Large,Large,0.00028325789025984704,0.002491425722837448,0.12620393931865692,0.8710214495658875
2025-09-05/IMG_1477.JPG,Small,Small,0.0023471741005778313,0.9402953386306763,0.05703376606106758,0.00032375036971643567
2025-08-07/IMG_9086.JPG,Small,Small,0.01318169105798006,0.5634815096855164,0.37451738119125366,0.048819400370121
2025-08-07/IMG_9127.JPG,Very Small,Very Small,0.5540078282356262,0.4253721237182617,0.018387995660305023,0.002232024446129799
2025-09-05/IMG_1597.JPG,Very Small,Very Small,0.596147358417511,0.36489084362983704,0.033730398863554,0.0052314032800495625
2025-08-22/IMG_0098.JPG,Very Small,Very Small,0.8241400718688965,0.17144693434238434,0.004078310448676348,0.00033461127895861864
2025-09-29/IMG_1842.JPG,Small,Small,0.001133858342655003,0.9810341596603394,0.017753122374415398,7.895906310295686e-05
2025-09-29/IMG_1768.JPG,Medium,Medium,0.001495272503234446,0.22164465487003326,0.7667270302772522,0.010133106261491776
2025-08-22/IMG_9961.JPG,Very Small,Very Small,0.8884872794151306,0.1086898148059845,0.002566541777923703,0.0002563580055721104
2025-08-22/IMG_0128.JPG,Very Small,Very Small,0.9877464771270752,0.012163836508989334,7.65425938880071e-05,1.3127354577591177e-05
2025-09-05/IMG_1143.JPG,Very Small,Very Small,0.9979054927825928,0.002093898830935359,6.437439310502668e-07,5.060922347865926e-08
2025-08-07/IMG_9429.JPG,Small,Small,0.011710715480148792,0.9242618680000305,0.06373405456542969,0.0002933607902377844
2025-08-22/IMG_9942.JPG,Small,Very Small,0.6963000297546387,0.28558549284935,0.01623387075960636,0.0018805901054292917
2025-09-05/IMG_0913.JPG,Small,Small,0.03352666273713112,0.9069455862045288,0.058692846447229385,0.0008349649142473936
2025-08-22/IMG_0210.JPG,Small,Small,0.13333596289157867,0.8372873067855835,0.02777298167347908,0.0016038281610235572
2025-09-05/IMG_1108.JPG,Small,Small,0.044343918561935425,0.9539027214050293,0.0017485946882516146,4.7910439207043964e-06
2025-08-07/IMG_9188.JPG,Small,Small,0.06300033628940582,0.9052484631538391,0.03145666792988777,0.00029445404652506113
2025-09-29/IMG_1881.JPG,Small,Small,0.06474319100379944,0.9064100980758667,0.028230737894773483,0.0006160134798847139
2025-09-05/IMG_1561.JPG,Small,Small,0.014653864316642284,0.8364328145980835,0.14039672911167145,0.008516550064086914
2025-08-07/IMG_9212.JPG,Very Small,Very Small,0.9972293972969055,0.002769896760582924,6.981694582464115e-07,3.494974620821267e-08
2025-09-05/IMG_1046.JPG,Small,Small,0.35326939821243286,0.5980914831161499,0.04305845871567726,0.005580631084740162
2025-09-29/IMG_1896.JPG,Medium,Medium,0.0033713176380842924,0.23710931837558746,0.6405921578407288,0.1189272329211235
2025-08-22/IMG_9829.JPG,Large,Large,0.0009892613161355257,0.009444140829145908,0.19612495601177216,0.7934415936470032
2025-09-29/IMG_1728.JPG,Very Small,Very Small,0.9908038377761841,0.009193719364702702,2.3469224288419355e-06,1.2508070312833297e-07
2025-09-29/IMG_1908.JPG,Large,Large,0.00011651844397420064,0.003483664244413376,0.11653176695108414,0.8798680901527405
2025-09-05/IMG_1277.JPG,Small,Small,0.16266246140003204,0.7942704558372498,0.04118039831519127,0.001886686310172081
2025-08-22/IMG_9801.JPG,Medium,Medium,5.253069684840739e-05,0.012051070109009743,0.9639721512794495,0.023924220353364944
2025-09-05/IMG_1121.JPG,Very Small,Very Small,0.9096986651420593,0.09020687639713287,9.185593080474064e-05,2.5995270789280767e-06
2025-09-05/IMG_1094.JPG,Medium,Medium,0.00012049275392200798,0.20479552447795868,0.7943257093429565,0.0007582783000543714
2025-08-07/IMG_9124.JPG,Small,Small,0.1867975890636444,0.7819960117340088,0.027096064761281013,0.0041102636605501175
2025-08-07/IMG_9099.JPG,Very Small,Very Small,0.5608327984809875,0.420015424489975,0.017805032432079315,0.0013468306278809905
2025-09-05/IMG_1204.JPG,Medium,Medium,5.504345608642325e-05,0.005363469012081623,0.8814427852630615,0.11313864588737488
2025-09-05/IMG_1265.JPG,Small,Small,0.33773073554039,0.621909499168396,0.037634141743183136,0.002725586760789156
2025-09-05/IMG_1179.JPG,Small,Small,0.002926124492660165,0.5620294213294983,0.43041059374809265,0.004633858799934387
2025-08-07/IMG_9640.JPG,Large,Large,0.007729044184088707,0.024791445583105087,0.11167082190513611,0.8558087348937988
2025-09-05/IMG_1107.JPG,Medium,Small,0.0005520410486496985,0.5922573208808899,0.4067853093147278,0.000405295955715701
2025-08-22/IMG_0153.JPG,Medium,Small,0.1677187979221344,0.6492246389389038,0.17093047499656677,0.012126118876039982
2025-08-22/IMG_0148.JPG,Small,Small,0.03770304471254349,0.5950286388397217,0.3546693027019501,0.012598962523043156
2025-09-05/IMG_1353.JPG,Very Small,Very Small,0.5970287322998047,0.4017600119113922,0.001176808262243867,3.4408123610774055e-05
2025-08-22/IMG_0214.JPG,Medium,Small,0.012292890809476376,0.5063255429267883,0.46717074513435364,0.014210776425898075
2025-08-22/IMG_0287.JPG,Medium,Medium,0.0019887888338416815,0.12769410014152527,0.8498071432113647,0.02050989493727684
2025-09-05/IMG_1467.JPG,Small,Small,0.4128846824169159,0.5867619514465332,0.00034929777029901743,4.0385148167843e-06
2025-08-07/IMG_9639.JPG,Large,Large,0.00025360489962622523,0.0023786684032529593,0.09074907004833221,0.9066186547279358
2025-08-07/IMG_9425.JPG,Very Small,Very Small,0.9901270866394043,0.009870436042547226,2.2603683191846358e-06,2.135988523832566e-07
2025-08-22/IMG_9767.JPG,Small,Small,0.030568845570087433,0.9388405680656433,0.03018184006214142,0.0004087758716195822
2025-08-07/IMG_9553.JPG,Large,Small,0.11768992990255356,0.454352468252182,0.33911067247390747,0.08884690701961517
2025-08-22/IMG_9936.JPG,Very Small,Very Small,0.8988741040229797,0.09793980419635773,0.0027976089622825384,0.00038853008300065994
2025-09-05/IMG_1499.JPG,Small,Small,0.010866664350032806,0.9479501247406006,0.04040634632110596,0.0007768043433316052
2025-09-05/IMG_1019.JPG,Small,Small,0.03807004913687706,0.7896276116371155,0.16039368510246277,0.011908650398254395
2025-09-05/IMG_1270.JPG,Small,Small,0.03656235337257385,0.9289764165878296,0.03355392813682556,0.0009073541150428355
2025-08-07/IMG_9448.JPG,Very Small,Very Small,0.9888210296630859,0.011176698841154575,2.1103355720697436e-06,1.8219843411770853e-07
2025-08-22/IMG_9841.JPG,Small,Very Small,0.6075195074081421,0.3900811970233917,0.0022590477019548416,0.00014024176925886422
2025-08-07/IMG_9198.JPG,Medium,Medium,0.0026413099840283394,0.28178292512893677,0.6866055130958557,0.028970275074243546
2025-09-05/IMG_1096.JPG,Small,Small,0.04830748587846756,0.9200067520141602,0.03133602812886238,0.00034977126051671803
2025-08-22/IMG_9859.JPG,Large,Large,0.023908264935016632,0.07281564176082611,0.2936563491821289,0.6096197366714478
2025-08-22/IMG_0261.JPG,Medium,Medium,6.10014030826278e-05,0.09216693043708801,0.9053282141685486,0.0024439278058707714
2025-09-29/IMG_1740.JPG,Small,Small,0.08535577356815338,0.9099876284599304,0.004617379512637854,3.925462442566641e-05
2025-08-22/IMG_9915.JPG,Small,Small,0.07207293808460236,0.8660876750946045,0.05913781002163887,0.002701606135815382
2025-09-29/IMG_1692.JPG,Medium,Medium,6.940569164726185e-06,0.015616044402122498,0.9814013838768005,0.0029756114818155766
2025-08-22/IMG_0136.JPG,Very Small,Very Small,0.9772465229034424,0.02254226990044117,0.00017800790374167264,3.314481728011742e-05
2025-09-05/IMG_1407.JPG,Small,Small,0.014009363017976284,0.9774036407470703,0.008575094863772392,1.1920186807401478e-05
2025-09-05/IMG_1420.JPG,Small,Small,0.03561122715473175,0.7159661054611206,0.24390779435634613,0.004514938686043024
2025-09-29/IMG_1832.JPG,Small,Small,0.02252945490181446,0.9735289812088013,0.003909765277057886,3.179658961016685e-05
2025-09-05/IMG_0845.JPG,Medium,Medium,7.992761311470531e-06,0.015481427311897278,0.983063280582428,0.0014473478076979518
2025-09-05/IMG_0953.JPG,Small,Small,0.0016366300405934453,0.9198317527770996,0.07836417853832245,0.00016738515114411712
2025-08-22/IMG_0180.JPG,Small,Small,0.046234793961048126,0.8673059940338135,0.08408641070127487,0.0023728334344923496
2025-08-07/IMG_9133.JPG,Small,Small,0.012928481213748455,0.9458642601966858,0.04034165292978287,0.0008656174759380519
2025-09-05/IMG_0935.JPG,Small,Small,0.031278952956199646,0.9640778303146362,0.004621304105967283,2.196720197389368e-05
2025-09-05/IMG_1438.JPG,Very Small,Very Small,0.992139995098114,0.007858950644731522,1.0122184903593734e-06,2.1633816515986837e-08
2025-08-07/IMG_9219.JPG,Medium,Medium,0.002209876198321581,0.0780739113688469,0.8736047744750977,0.046111494302749634
2025-09-05/IMG_1357.JPG,Small,Small,0.051919396966695786,0.9249300956726074,0.02250332199037075,0.0006472277455031872
2025-09-05/IMG_1160.JPG,Medium,Medium,0.004609128925949335,0.18928030133247375,0.7777538895606995,0.02835659310221672
2025-09-05/IMG_1535.JPG,Small,Small,0.0363617017865181,0.8806507587432861,0.07925824075937271,0.0037292372435331345
2025-09-05/IMG_1289.JPG,Very Small,Small,0.31142458319664,0.5757735967636108,0.0944143757224083,0.018387427553534508
2025-08-07/IMG_9628.JPG,Large,Large,0.00037247801083140075,0.005376017652451992,0.09463652223348618,0.8996149301528931
2025-08-22/IMG_9739.JPG,Small,Small,0.011136527173221111,0.6847458481788635,0.2963077127933502,0.007809958886355162
2025-09-05/IMG_1394.JPG,Medium,Medium,0.0005814023897983134,0.08746732026338577,0.900637149810791,0.0113141480833292
2025-08-07/IMG_9711.JPG,Large,Large,0.002778534311801195,0.010241967625916004,0.12878328561782837,0.8581961989402771
2025-08-07/IMG_9168.JPG,Small,Small,0.32157763838768005,0.6614900231361389,0.015567455440759659,0.0013649159809574485
2025-09-29/IMG_1801.JPG,Very Small,Very Small,0.9981922507286072,0.001807351247407496,3.71319771375056e-07,2.05394687924354e-08
2025-09-29/IMG_1717.JPG,Medium,Medium,4.817121953237802e-05,0.028593767434358597,0.9658480882644653,0.005510034039616585
2025-08-07/IMG_9571.JPG,Large,Large,0.0007971543818712234,0.005939729046076536,0.12499380111694336,0.8682693243026733
2025-08-22/IMG_9753.JPG,Medium,Medium,4.637591337086633e-05,0.029703203588724136,0.9672008156776428,0.0030496963299810886
2025-08-07/IMG_9182.JPG,Very Small,Small,0.31498876214027405,0.5328660607337952,0.12140172719955444,0.030743440613150597
2025-09-05/IMG_1430.JPG,Small,Small,0.1392081081867218,0.849408745765686,0.010963579639792442,0.00041951064486056566
2025-09-05/IMG_1364.JPG,Medium,Medium,0.00020675940322689712,0.02905825339257717,0.9530212879180908,0.01771368831396103
2025-09-05/IMG_0852.JPG,Small,Small,0.004535402171313763,0.9808490872383118,0.014593584463000298,2.181393574574031e-05
2025-08-22/IMG_0146.JPG,Small,Small,0.2539258301258087,0.5159161686897278,0.2138824164867401,0.016275564208626747
2025-08-22/IMG_0154.JPG,Small,Small,0.014446502551436424,0.5089991688728333,0.46410784125328064,0.01244646217674017
2025-09-29/IMG_1680.JPG,Small,Small,0.005126702133566141,0.9211772084236145,0.07261108607053757,0.0010850651888176799
2025-09-29/IMG_1860.JPG,Very Small,Small,0.37384676933288574,0.6195768117904663,0.006411754060536623,0.00016466519446112216
2025-09-29/IMG_1790.JPG,Small,Small,0.3500196933746338,0.6471142768859863,0.0027782204560935497,8.787266415311024e-05
2025-09-29/IMG_1940.JPG,Very Small,Very Small,0.797804057598114,0.18817581236362457,0.01195221021771431,0.002067921683192253
2025-09-05/IMG_1526.JPG,Small,Small,0.0078966049477458,0.8101959228515625,0.1617795079946518,0.020128000527620316
2025-09-29/IMG_1922.JPG,Very Small,Very Small,0.6451482772827148,0.3369315266609192,0.016046181321144104,0.0018740420928224921
2025-09-05/IMG_1021.JPG,Small,Small,0.02434503100812435,0.8755608797073364,0.09373968094587326,0.006354298908263445
2025-09-05/IMG_1606.JPG,Small,Small,0.03297852724790573,0.7536685466766357,0.2019314467906952,0.011421489529311657
2025-08-22/IMG_0169.JPG,Medium,Medium,0.002423336263746023,0.11319246143102646,0.8465412855148315,0.037842899560928345
2025-08-22/IMG_9983.JPG,Very Small,Very Small,0.9190062284469604,0.07896663248538971,0.0017980958800762892,0.00022896465088706464
2025-09-05/IMG_1008.JPG,Medium,Small,0.021449821069836617,0.7776740193367004,0.18866246938705444,0.012213625945150852
2025-09-29/IMG_1822.JPG,Very Small,Very Small,0.9663198590278625,0.033659428358078,1.9744895325857215e-05,1.020062882162165e-06
2025-08-22/IMG_9813.JPG,Medium,Medium,0.0005102276336401701,0.009117894805967808,0.8189234733581543,0.1714484840631485
2025-09-05/IMG_1389.JPG,Very Small,Very Small,0.9981520771980286,0.0018477485282346606,1.3808751475608005e-07,5.68828495417506e-09
2025-09-05/IMG_1178.JPG,Medium,Medium,0.009449413046240807,0.44793370366096497,0.5278202891349792,0.014796579256653786
2025-09-05/IMG_1435.JPG,Small,Small,0.11283018440008163,0.8558542728424072,0.03079168125987053,0.0005238399025984108
2025-08-07/IMG_9515.JPG,Small,Small,0.0318007655441761,0.8996993899345398,0.0659973993897438,0.0025025431532412767
2025-08-07/IMG_9259.JPG,Small,Small,0.005065444856882095,0.9743019342422485,0.020498204976320267,0.00013436199515126646
2025-09-05/IMG_1555.JPG,Very Small,Very Small,0.7015708684921265,0.28471025824546814,0.012086047790944576,0.0016327877528965473
2025-08-22/IMG_0030.JPG,Medium,Small,0.25813236832618713,0.5696572661399841,0.1552562564611435,0.016954056918621063
2025-08-07/IMG_9240.JPG,Very Small,Very Small,0.7892454862594604,0.2104869782924652,0.00025718880351632833,1.0245821613352746e-05
2025-09-05/IMG_0806.JPG,Small,Small,0.010073965415358543,0.976527988910675,0.013353780843317509,4.4287990021985024e-05
2025-09-29/IMG_1871.JPG,Small,Small,0.29343584179878235,0.6157938838005066,0.08166760951280594,0.009102657437324524
2025-08-22/IMG_9925.JPG,Very Small,Very Small,0.8196668028831482,0.1701989769935608,0.008841922506690025,0.0012922553578391671
2025-09-05/IMG_1025.JPG,Very Small,Very Small,0.7358507513999939,0.2418670356273651,0.018148481845855713,0.004133742302656174
2025-09-05/IMG_1068.JPG,Small,Small,0.4771248698234558,0.5002151727676392,0.02044382132589817,0.0022161526139825583
2025-09-05/IMG_1133.JPG,Small,Small,0.10848090797662735,0.8803070783615112,0.010989418253302574,0.0002225564094260335
2025-08-22/IMG_0226.JPG,Small,Small,0.004581705667078495,0.9575340151786804,0.0375082828104496,0.0003759460523724556
2025-08-22/IMG_0290.JPG,Medium,Medium,0.0010063525987789035,0.0853346735239029,0.8944982290267944,0.019160639494657516
2025-09-05/IMG_1557.JPG,Very Small,Small,0.1509087085723877,0.7916297912597656,0.054118238389492035,0.0033432175405323505
2025-08-22/IMG_0149.JPG,Medium,Medium,0.017068738117814064,0.23625685274600983,0.6965304017066956,0.05014399439096451
2025-08-22/IMG_0117.JPG,Very Small,Very Small,0.922890305519104,0.07419795542955399,0.0025105029344558716,0.00040124935912899673
2025-09-05/IMG_0888.JPG,Small,Medium,0.0015529656084254384,0.2852970361709595,0.7040362358093262,0.009113729931414127
2025-08-07/IMG_9545.JPG,Medium,Medium,0.004203341901302338,0.07460559904575348,0.5469475388526917,0.3742435574531555
2025-09-05/IMG_1187.JPG,Small,Small,0.015024930238723755,0.7913909554481506,0.19082854688167572,0.002755578141659498
2025-09-29/IMG_1809.JPG,Medium,Medium,0.0011157223489135504,0.0777774304151535,0.7545400261878967,0.16656680405139923
2025-09-05/IMG_1134.JPG,Small,Small,0.02396569587290287,0.9673681259155273,0.008614934980869293,5.133450758876279e-05
2025-08-22/IMG_9899.JPG,Small,Small,0.14639611542224884,0.8519702553749084,0.0016252181958407164,8.467064617434517e-06
2025-09-05/IMG_1203.JPG,Large,Medium,0.0005754462326876819,0.009288113564252853,0.5045250654220581,0.48561134934425354
2025-09-05/IMG_0975.JPG,Very Small,Small,0.0570853166282177,0.7056491374969482,0.20226751267910004,0.03499798849225044
2025-09-29/IMG_1917.JPG,Very Small,Very Small,0.8601899743080139,0.1302107721567154,0.007734179031103849,0.0018650483107194304
2025-09-05/IMG_1534.JPG,Small,Small,0.06158917024731636,0.9040301442146301,0.03307683393359184,0.0013037731405347586
2025-09-29/IMG_1869.JPG,Small,Small,0.10342565178871155,0.8840240836143494,0.012282234616577625,0.00026800206978805363
2025-08-22/IMG_0121.JPG,Very Small,Very Small,0.8898749947547913,0.1085120365023613,0.0014140636194497347,0.00019889367104042321
2025-09-05/IMG_1320.JPG,Small,Small,0.4185583293437958,0.5005815625190735,0.06594028323888779,0.014919811859726906
2025-09-05/IMG_1403.JPG,Very Small,Very Small,0.9732264876365662,0.026768164709210396,5.139115273777861e-06,1.8808215429544362e-07
2025-09-05/IMG_1486.JPG,Large,Large,0.0006161376368254423,0.0178862065076828,0.46008598804473877,0.521411657333374
2025-08-22/IMG_0267.JPG,Medium,Medium,0.0013457998866215348,0.2822374999523163,0.7107735872268677,0.005643142852932215
2025-08-22/IMG_0278.JPG,Small,Small,0.0028163371607661247,0.8798960447311401,0.11627329140901566,0.0010143272811546922
2025-09-05/IMG_1037.JPG,Small,Small,0.06346612423658371,0.8278932571411133,0.09490732103586197,0.01373328361660242
2025-08-07/IMG_9130.JPG,Small,Small,0.1588277369737625,0.7960428595542908,0.042823851108551025,0.002305552363395691
2025-09-05/IMG_1057.JPG,Small,Small,0.17365171015262604,0.8066145777702332,0.01876360923051834,0.0009700818336568773
2025-08-07/IMG_9542.JPG,Large,Large,0.0543387308716774,0.12531277537345886,0.3753606677055359,0.44498783349990845
2025-08-07/IMG_9673.JPG,Large,Large,0.0003227782144676894,0.00440482422709465,0.16981162130832672,0.8254608511924744
2025-08-07/IMG_9674.JPG,Large,Large,0.0004978002398274839,0.009507963433861732,0.21919679641723633,0.7707975506782532
2025-08-07/IMG_9659.JPG,Large,Large,0.0013971168082207441,0.005914407316595316,0.07404688000679016,0.9186415076255798
2025-08-22/IMG_0233.JPG,Small,Small,0.007153385318815708,0.9756868481636047,0.01698077656328678,0.0001789647212717682
2025-08-22/IMG_0293.JPG,Small,Small,0.17631705105304718,0.6904289722442627,0.12672613561153412,0.0065278480760753155
2025-09-05/IMG_1493.JPG,Small,Small,0.001202207407914102,0.9236524701118469,0.07509914040565491,4.6188983105821535e-05
2025-09-29/IMG_1719.JPG,Very Small,Very Small,0.9939258694648743,0.006073043681681156,1.0123040965481778e-06,7.980543159646913e-08
2025-09-05/IMG_1255.JPG,Small,Small,0.03098997287452221,0.9073343276977539,0.06016528978943825,0.0015103400219231844
2025-08-22/IMG_9881.JPG,Very Small,Very Small,0.776029109954834,0.22191011905670166,0.001944483956322074,0.00011630460357991979
2025-09-05/IMG_1388.JPG,Small,Small,0.09956926852464676,0.8925697803497314,0.0077551198191940784,0.0001058268899214454
2025-08-22/IMG_9861.JPG,Small,Small,0.0008909401367418468,0.6620385050773621,0.3357540965080261,0.0013163839466869831
2025-08-07/IMG_9125.JPG,Small,Small,0.02059760130941868,0.8631443977355957,0.1075471043586731,0.008710830472409725
2025-09-05/IMG_1476.JPG,Small,Small,0.01872154511511326,0.8693782091140747,0.11102330684661865,0.0008768751285970211
2025-09-05/IMG_1497.JPG,Small,Small,0.003970524296164513,0.9734426736831665,0.022481894120573997,0.00010493781883269548
2025-09-05/IMG_1228.JPG,Small,Small,0.010111171752214432,0.9735623002052307,0.016258565708994865,6.797576497774571e-05
2025-09-29/IMG_1843.JPG,Small,Small,0.00759328855201602,0.9847018122673035,0.007668894249945879,3.5898334317607805e-05
2025-08-07/IMG_9559.JPG,Small,Small,0.07998751103878021,0.8142879009246826,0.09690836071968079,0.008816242218017578
2025-08-07/IMG_9200.JPG,Small,Medium,0.0008451436297036707,0.34860917925834656,0.6445267200469971,0.006018906831741333
2025-08-07/IMG_9231.JPG,Small,Small,0.04310042783617973,0.9061610102653503,0.049886491149663925,0.0008521098061464727
2025-08-07/IMG_9490.JPG,Medium,Medium,1.0234331057290547e-05,0.008753512986004353,0.9845626950263977,0.006673634983599186
2025-09-05/IMG_1502.JPG,Small,Small,0.0005474305944517255,0.641147792339325,0.3571177124977112,0.0011870474554598331
2025-08-22/IMG_0044.JPG,Very Small,Very Small,0.8751146793365479,0.11932360380887985,0.004874737933278084,0.0006869354983791709
2025-09-05/IMG_0949.JPG,Small,Small,0.00426108343526721,0.627722442150116,0.36136823892593384,0.00664824154227972
2025-09-05/IMG_1226.JPG,Small,Small,0.0011559209087863564,0.971936047077179,0.026873936876654625,3.409884084248915e-05
2025-08-22/IMG_9800.JPG,Small,Small,0.007450029253959656,0.9771273732185364,0.01535497885197401,6.770266918465495e-05
2025-09-29/IMG_1708.JPG,Small,Small,0.001967589370906353,0.9914361834526062,0.006592812482267618,3.4712631986622e-06
2025-09-05/IMG_1165.JPG,Medium,Medium,0.003878817893564701,0.12380556017160416,0.7942577004432678,0.07805799692869186
2025-08-07/IMG_9699.JPG,Medium,Medium,0.00015183394134510309,0.011032437905669212,0.8232913613319397,0.1655244082212448
2025-08-07/IMG_9603.JPG,Medium,Medium,0.00038606589077971876,0.05714790150523186,0.9336944818496704,0.008771531283855438
2025-08-22/IMG_0157.JPG,Medium,Medium,0.02107412926852703,0.281022846698761,0.635545551776886,0.06235748901963234
2025-09-05/IMG_1279.JPG,Very Small,Very Small,0.6308912038803101,0.23594272136688232,0.08406735211610794,0.049098655581474304
2025-09-05/IMG_1184.JPG,Very Small,Very Small,0.9618911147117615,0.03776642680168152,0.0002988514897879213,4.362574691185728e-05
2025-08-22/IMG_9984.JPG,Very Small,Very Small,0.6344823837280273,0.35424256324768066,0.010532544925808907,0.0007424824289046228
2025-09-29/IMG_1811.JPG,Medium,Medium,0.0001787934743333608,0.07793605327606201,0.9055871963500977,0.01629793457686901
2025-08-22/IMG_9810.JPG,Large,Large,0.0004529999860096723,0.0032420852221548557,0.16696324944496155,0.8293417096138
2025-09-05/IMG_1122.JPG,Very Small,Very Small,0.9966261386871338,0.00337253138422966,1.1948715155085665e-06,1.268960119205076e-07
2025-08-22/IMG_0292.JPG,Medium,Medium,0.0020021949894726276,0.09515606611967087,0.8769875764846802,0.025854144245386124
2025-08-07/IMG_9159.JPG,Small,Small,0.25393784046173096,0.6290342211723328,0.1015404686331749,0.015487450174987316
2025-08-22/IMG_9876.JPG,Medium,Medium,0.0004059929051436484,0.17743565142154694,0.8103358149528503,0.01182254683226347
2025-08-07/IMG_9151.JPG,Very Small,Small,0.4071173369884491,0.5644065737724304,0.024905361235141754,0.003570724045857787
2025-09-05/IMG_0906.JPG,Very Small,Very Small,0.986042857170105,0.013952338136732578,4.54291739515611e-06,2.426148171252862e-07
2025-08-22/IMG_0092.JPG,Small,Small,0.2915883958339691,0.6359079480171204,0.06829709559679031,0.004206591751426458
2025-09-05/IMG_1287.JPG,Very Small,Very Small,0.5468533635139465,0.3995387852191925,0.04645203799009323,0.00715582724660635
2025-08-07/IMG_9638.JPG,Large,Large,0.00015510842786170542,0.0012451129732653499,0.052455220371484756,0.9461445808410645
2025-09-29/IMG_1875.JPG,Small,Small,0.09275083988904953,0.852921187877655,0.052012454718351364,0.002315472811460495
2025-09-05/IMG_0979.JPG,Medium,Small,0.006808364763855934,0.5090751051902771,0.45488953590393066,0.029226962476968765
2025-09-29/IMG_1823.JPG,Medium,Medium,0.0022969739511609077,0.4211895763874054,0.5642553567886353,0.012258137576282024
2025-08-07/IMG_9150.JPG,Very Small,Very Small,0.934600830078125,0.06265345215797424,0.0022203288972377777,0.000525327050127089
2025-09-05/IMG_1595.JPG,Small,Small,0.3994429409503937,0.5674156546592712,0.030311888083815575,0.0028294988442212343
2025-09-05/IMG_0801.JPG,Small,Small,0.007408599369227886,0.9650037884712219,0.027528883889317513,5.882757977815345e-05
2025-08-22/IMG_9873.JPG,Medium,Medium,0.00016063348448369652,0.030544383451342583,0.9163634181022644,0.052931562066078186
2025-09-05/IMG_1006.JPG,Very Small,Very Small,0.5712066888809204,0.4015371799468994,0.023346764966845512,0.003909317310899496
2025-08-22/IMG_0102.JPG,Very Small,Small,0.3397049605846405,0.5816892981529236,0.06646772474050522,0.01213801559060812
2025-09-05/IMG_0854.JPG,Small,Small,0.04091852530837059,0.9202178120613098,0.03813287243247032,0.0007308267522603273
2025-09-05/IMG_1169.JPG,Very Small,Very Small,0.9699707627296448,0.029875019565224648,0.00013669050531461835,1.757769859977998e-05
2025-09-05/IMG_1608.JPG,Small,Small,0.1546718329191208,0.5777335166931152,0.19519202411174774,0.07240267843008041
2025-09-05/IMG_1093.JPG,Medium,Medium,9.646515536587685e-05,0.08999596536159515,0.9085418581962585,0.0013656222727149725
2025-08-07/IMG_9445.JPG,Small,Small,0.0020361985079944134,0.8442111015319824,0.15281818807125092,0.0009345726575702429
2025-08-07/IMG_9420.JPG,Small,Small,0.030901748687028885,0.9350714087486267,0.03328649327158928,0.0007403583149425685
2025-09-29/IMG_1919.JPG,Very Small,Very Small,0.9074326753616333,0.08654206991195679,0.004713756497949362,0.0013114206958562136
2025-08-07/IMG_9655.JPG,Large,Large,0.0009660587529651821,0.004645748995244503,0.09149253368377686,0.9028956294059753
2025-08-07/IMG_9109.JPG,Small,Small,0.049701813608407974,0.8070536851882935,0.13651543855667114,0.006729071494191885
2025-09-05/IMG_1523.JPG,Very Small,Very Small,0.7114993333816528,0.27565431594848633,0.011160609312355518,0.0016857391456142068
2025-09-05/IMG_0945.JPG,Medium,Medium,0.0017108273459598422,0.2342800348997116,0.7345840930938721,0.029425054788589478
2025-09-05/IMG_1083.JPG,Small,Very Small,0.6027124524116516,0.39703893661499023,0.0002451724139973521,3.449610403549741e-06
2025-09-05/IMG_0901.JPG,Medium,Medium,0.0015660800272598863,0.18949712812900543,0.7918450832366943,0.01709170453250408
2025-09-05/IMG_0809.JPG,Very Small,Very Small,0.982900083065033,0.017097972333431244,1.9220162812416675e-06,5.586794671330608e-08
2025-09-05/IMG_0830.JPG,Small,Small,0.002330817747861147,0.9709380865097046,0.026658186689019203,7.287012704182416e-05
2025-09-05/IMG_0956.JPG,Small,Small,0.03732685744762421,0.9226289391517639,0.039173536002635956,0.0008706926018930972
2025-09-05/IMG_1154.JPG,Very Small,Very Small,0.5674051642417908,0.3931441307067871,0.035129692405462265,0.004320977255702019
2025-08-22/IMG_9778.JPG,Small,Very Small,0.5201510190963745,0.477830708026886,0.0019522467628121376,6.605788803426549e-05
2025-08-07/IMG_9411.JPG,Small,Small,0.37407732009887695,0.6245734095573425,0.001304310979321599,4.496514156926423e-05
2025-08-07/IMG_9094.JPG,Small,Small,0.42203065752983093,0.5636579394340515,0.013911180198192596,0.0004002345958724618
2025-09-05/IMG_1442.JPG,Very Small,Very Small,0.9807398319244385,0.019249264150857925,1.0597323125693947e-05,3.0413929152928176e-07
2025-09-29/IMG_1781.JPG,Small,Small,0.009169355034828186,0.8885459899902344,0.10091762989759445,0.001367057440802455
2025-09-05/IMG_1366.JPG,Very Small,Very Small,0.9782382249832153,0.021739410236477852,2.1045105313532986e-05,1.3667441862708074e-06
2025-09-29/IMG_1797.JPG,Small,Small,0.00610415730625391,0.9308465719223022,0.0626915916800499,0.00035768168163485825
2025-09-05/IMG_0834.JPG,Medium,Medium,0.0025905685033649206,0.0819682627916336,0.8547999858856201,0.060641150921583176
2025-09-05/IMG_1140.JPG,Medium,Medium,5.939237325947033e-06,0.008399001322686672,0.9884816408157349,0.003113523358479142
2025-09-29/IMG_1684.JPG,Medium,Medium,1.2425394743331708e-05,0.08431793749332428,0.9154022336006165,0.0002673596900422126
2025-09-05/IMG_0900.JPG,Very Small,Very Small,0.9538724422454834,0.046077828854322433,4.659010664909147e-05,3.0650451208202867e-06
2025-09-05/IMG_1099.JPG,Small,Small,0.00710035627707839,0.9780170917510986,0.014857232570648193,2.5241894036298618e-05
2025-09-29/IMG_1901.JPG,Small,Small,0.008209929801523685,0.7597667574882507,0.21760891377925873,0.01441437378525734
2025-09-05/IMG_1199.JPG,Very Small,Very Small,0.9894625544548035,0.010525829158723354,1.080688070942415e-05,7.514027515753696e-07
2025-08-07/IMG_9408.JPG,Small,Small,0.0293566957116127,0.9609163999557495,0.009633813984692097,9.311228495789692e-05
2025-08-22/IMG_0090.JPG,Small,Small,0.12509547173976898,0.7182270288467407,0.14539451897144318,0.011283041909337044
2025-08-22/IMG_9738.JPG,Medium,Small,0.007818908430635929,0.5135939121246338,0.4233962297439575,0.05519090220332146
2025-09-05/IMG_1222.JPG,Small,Medium,0.0020682087633758783,0.22764956951141357,0.7443872690200806,0.02589496225118637
2025-08-22/IMG_0091.JPG,Very Small,Very Small,0.6143780946731567,0.33594903349876404,0.04326417297124863,0.0064087617211043835
2025-08-07/IMG_9192.JPG,Small,Small,0.018674101680517197,0.9610955119132996,0.02005584165453911,0.00017454067710787058
2025-09-05/IMG_1524.JPG,Small,Small,0.43378210067749023,0.5497879385948181,0.015298767015337944,0.0011311924317851663
2025-08-07/IMG_9187.JPG,Small,Small,0.09762437641620636,0.8980087041854858,0.004345197696238756,2.1763271433883347e-05
2025-08-07/IMG_9467.JPG,Medium,Medium,0.0008918066741898656,0.017683109268546104,0.8322250247001648,0.14920005202293396
2025-08-07/IMG_9194.JPG,Small,Small,0.026162831112742424,0.9631627202033997,0.010636230930685997,3.8253579987213016e-05
2025-09-05/IMG_1060.JPG,Very Small,Very Small,0.8990756869316101,0.09506848454475403,0.004687290173023939,0.0011684801429510117
2025-08-22/IMG_9776.JPG,Small,Small,0.0712968036532402,0.9257744550704956,0.002909243106842041,1.95088614418637e-05
2025-08-22/IMG_0047.JPG,Very Small,Very Small,0.8877506256103516,0.10789492726325989,0.0037855939008295536,0.0005688334349542856
2025-09-05/IMG_0931.JPG,Medium,Medium,0.00012643053196370602,0.01608581282198429,0.6031402349472046,0.38064759969711304
2025-08-22/IMG_0225.JPG,Very Small,Very Small,0.9946659803390503,0.005332111846655607,1.7951018662643037e-06,1.7730151569139707e-07
2025-09-05/IMG_1263.JPG,Small,Small,0.17576389014720917,0.7679262161254883,0.05390652269124985,0.0024034339003264904
2025-08-07/IMG_9690.JPG,Large,Large,0.0002120899298461154,0.004731764085590839,0.3567046523094177,0.6383515000343323
2025-09-29/IMG_1946.JPG,Very Small,Very Small,0.7368160486221313,0.24309854209423065,0.017660925164818764,0.002424441045150161
2025-08-07/IMG_9106.JPG,Very Small,Very Small,0.6479717493057251,0.3305240273475647,0.018685737624764442,0.0028184575494378805
2025-08-22/IMG_9774.JPG,Medium,Medium,9.268645226256922e-05,0.025660831481218338,0.9658072590827942,0.008439181372523308
2025-08-07/IMG_9575.JPG,Large,Large,0.0015868457267060876,0.0077116587199270725,0.14626017212867737,0.844441294670105
2025-09-05/IMG_1146.JPG,Very Small,Very Small,0.9733623266220093,0.026607505977153778,2.851879980880767e-05,1.5536389810222317e-06
2025-09-05/IMG_1278.JPG,Very Small,Very Small,0.7309853434562683,0.2339300513267517,0.026721801608800888,0.008362824097275734
2025-09-05/IMG_1589.JPG,Very Small,Small,0.12000661343336105,0.6660364866256714,0.17541776597499847,0.038539204746484756
2025-09-05/IMG_1205.JPG,Medium,Medium,2.36163214140106e-05,0.006801890209317207,0.9519367218017578,0.041237857192754745
2025-09-29/IMG_1899.JPG,Medium,Small,0.008692821487784386,0.5314053893089294,0.4331626892089844,0.0267390925437212
2025-08-22/IMG_9752.JPG,Medium,Medium,9.651728760218248e-06,0.00437158765271306,0.9901012182235718,0.005517500918358564
2025-09-05/IMG_1123.JPG,Very Small,Very Small,0.9956632256507874,0.004335953388363123,8.684616545906465e-07,4.132886743946074e-08
2025-08-07/IMG_9136.JPG,Very Small,Very Small,0.732510507106781,0.25831612944602966,0.008384054526686668,0.0007892928551882505
2025-09-05/IMG_1376.JPG,Medium,Medium,0.000212571831070818,0.01336853951215744,0.9312331676483154,0.055185697972774506
2025-08-07/IMG_9139.JPG,Small,Very Small,0.5920138359069824,0.3691645860671997,0.032845184206962585,0.005976368207484484
2025-09-05/IMG_1572.JPG,Medium,Small,0.024880386888980865,0.5112481117248535,0.3889760673046112,0.07489541172981262
2025-08-07/IMG_9695.JPG,Small,Small,0.010195484384894371,0.975328266620636,0.014250422827899456,0.0002258716122014448
2025-08-07/IMG_9202.JPG,Small,Small,0.0008435577619820833,0.6866787075996399,0.3110986351966858,0.0013790533412247896
2025-09-29/IMG_1782.JPG,Small,Small,0.0014206699561327696,0.8125907778739929,0.1850484311580658,0.0009400640265084803
2025-08-22/IMG_9999.JPG,Very Small,Very Small,0.8861455321311951,0.11215167492628098,0.001591093372553587,0.0001116629209718667
2025-09-05/IMG_1454.JPG,Small,Small,0.1127658411860466,0.8715039491653442,0.01546886470168829,0.00026137076201848686
2025-09-29/IMG_1713.JPG,Medium,Medium,0.001033503795042634,0.2558824121952057,0.7371365427970886,0.005947521887719631
2025-09-05/IMG_1488.JPG,Medium,Medium,3.611186548369005e-05,0.007162758614867926,0.920274019241333,0.07252716273069382
2025-09-05/IMG_1460.JPG,Small,Small,0.015564113855361938,0.9734976887702942,0.01090275589376688,3.545743311406113e-05
2025-08-07/IMG_9656.JPG,Large,Large,0.001470142975449562,0.007381233386695385,0.0832677036523819,0.9078809022903442
2025-08-22/IMG_0020.JPG,Small,Small,0.16045960783958435,0.7441461682319641,0.08901003003120422,0.006384126376360655
2025-09-05/IMG_1091.JPG,Very Small,Very Small,0.9974246025085449,0.0025752095971256495,2.9483501862159756e-07,1.387075787562253e-08
2025-09-05/IMG_1409.JPG,Small,Small,0.032934170216321945,0.9588134288787842,0.008226659148931503,2.577162922534626e-05
2025-08-22/IMG_0045.JPG,Small,Small,0.2143430858850479,0.6963790059089661,0.08282404392957687,0.006453939247876406
2025-08-22/IMG_9965.JPG,Small,Small,0.13685843348503113,0.8477438688278198,0.014929166063666344,0.0004685372987296432
2025-09-05/IMG_1462.JPG,Small,Small,0.05644478276371956,0.9174684882164001,0.025658568367362022,0.00042817735811695457
2025-08-22/IMG_0189.JPG,Small,Small,0.05123328045010567,0.8877426385879517,0.05931955575942993,0.001704503083601594
2025-08-07/IMG_9245.JPG,Medium,Medium,0.00013222821871750057,0.1064334437251091,0.880206823348999,0.013227539137005806
2025-09-05/IMG_1361.JPG,Very Small,Very Small,0.8946740627288818,0.10528215765953064,4.319047002354637e-05,6.40716109501227e-07
2025-09-05/IMG_1013.JPG,Very Small,Small,0.3759481906890869,0.5777307748794556,0.04046367481350899,0.0058574252761900425
2025-08-07/IMG_9691.JPG,Medium,Medium,0.0029990151524543762,0.16293562948703766,0.7928613424301147,0.04120396822690964
2025-08-22/IMG_9844.JPG,Large,Large,0.005865050945430994,0.02043059840798378,0.1350642293691635,0.8386400938034058
2025-09-05/IMG_1437.JPG,Very Small,Very Small,0.9915140271186829,0.00848405621945858,1.9349442936800187e-06,4.1729879995955343e-08
2025-08-07/IMG_9581.JPG,Medium,Large,0.003618045011535287,0.03383969888091087,0.4516286253929138,0.5109136700630188
2025-08-22/IMG_9906.JPG,Small,Small,0.17686975002288818,0.8204715847969055,0.0025964146479964256,6.231682345969602e-05
2025-09-05/IMG_1253.JPG,Small,Small,0.07215625047683716,0.794725239276886,0.12419106066226959,0.008927453309297562
2025-09-05/IMG_1080.JPG,Medium,Medium,0.0002928440226241946,0.012775536626577377,0.8475445508956909,0.1393870860338211
2025-09-05/IMG_1055.JPG,Very Small,Very Small,0.7254179120063782,0.26634830236434937,0.007403380703181028,0.0008304318762384355
2025-09-29/IMG_1716.JPG,Very Small,Small,0.24634937942028046,0.7532886266708374,0.00036016336525790393,1.8269535075887688e-06
2025-09-29/IMG_1711.JPG,Very Small,Very Small,0.9979199767112732,0.002079335041344166,5.47115917015617e-07,5.709778960749645e-08
2025-09-29/IMG_1925.JPG,Small,Small,0.31592679023742676,0.6198709011077881,0.05918598547577858,0.005016325507313013
2025-08-22/IMG_9744.JPG,Small,Small,0.0057146321050822735,0.9482564926147461,0.04557497054338455,0.0004538402135949582
2025-09-05/IMG_1577.JPG,Very Small,Very Small,0.5231025218963623,0.4571666717529297,0.017637990415096283,0.0020928599406033754
2025-08-07/IMG_9450.JPG,Small,Small,0.016640106216073036,0.9657701253890991,0.017414003610610962,0.00017563180881552398
2025-09-05/IMG_1144.JPG,Medium,Medium,2.4323846446350217e-05,0.029781818389892578,0.9692837595939636,0.0009100976167246699
2025-08-07/IMG_9675.JPG,Large,Large,0.002121283207088709,0.010464618913829327,0.12096560746431351,0.8664485216140747
2025-08-22/IMG_0115.JPG,Very Small,Very Small,0.4862639307975769,0.4839763045310974,0.02784828469157219,0.0019114583265036345
2025-08-22/IMG_9939.JPG,Small,Very Small,0.6817222237586975,0.301120400428772,0.015271470881998539,0.0018858357798308134
2025-08-07/IMG_9432.JPG,Small,Small,0.06285417079925537,0.9200397729873657,0.016947897151112556,0.00015813650679774582
2025-08-22/IMG_0156.JPG,Medium,Medium,0.004278357140719891,0.23304510116577148,0.7437032461166382,0.018973303958773613
2025-08-22/IMG_9929.JPG,Very Small,Very Small,0.9347699880599976,0.06396014988422394,0.0011555285891517997,0.00011433538747951388
2025-08-07/IMG_9694.JPG,Medium,Medium,7.077532791299745e-05,0.006113003008067608,0.948946475982666,0.04486970975995064
2025-08-07/IMG_9683.JPG,Large,Large,0.002358060795813799,0.006666329689323902,0.07916118949651718,0.9118143320083618
2025-08-07/IMG_9609.JPG,Large,Large,0.0029508599545806646,0.010225479491055012,0.08998765051364899,0.89683598279953
2025-09-05/IMG_1012.JPG,Small,Small,0.07684016227722168,0.885478138923645,0.036143958568573,0.0015377838863059878
2025-08-07/IMG_9204.JPG,Very Small,Very Small,0.999685525894165,0.0003145009104628116,2.0942884759733715e-08,1.1874131677913624e-09
2025-08-22/IMG_9973.JPG,Very Small,Very Small,0.6297520399093628,0.35773327946662903,0.01153708528727293,0.000977574847638607
2025-09-05/IMG_1419.JPG,Small,Small,0.0016463181236758828,0.5607406497001648,0.4364577531814575,0.0011552878422662616
2025-09-05/IMG_0872.JPG,Small,Small,0.005013997200876474,0.9709178805351257,0.023958703503012657,0.00010949205898214132
2025-08-07/IMG_9433.JPG,Small,Small,0.07277538627386093,0.8405086994171143,0.08404433727264404,0.0026716163847595453
2025-09-05/IMG_0840.JPG,Very Small,Very Small,0.9981685876846313,0.001831298926845193,1.6922069789870875e-07,1.2117664205391065e-08
2025-09-05/IMG_0954.JPG,Small,Small,0.007306777406483889,0.9754855632781982,0.017126409336924553,8.1246966146864e-05
2025-09-05/IMG_1298.JPG,Very Small,Very Small,0.8603916764259338,0.13261668384075165,0.006122528109699488,0.0008691461407579482
2025-08-22/IMG_0074.JPG,Very Small,Very Small,0.9488050937652588,0.0493667908012867,0.0015729550505056977,0.00025513823493383825
2025-08-22/IMG_0036.JPG,Small,Small,0.23818083107471466,0.7213832139968872,0.03885270655155182,0.0015832575736567378
2025-08-07/IMG_9584.JPG,Medium,Medium,0.0006370706250891089,0.05496317148208618,0.8341683745384216,0.11023136228322983
2025-08-22/IMG_0235.JPG,Very Small,Small,0.2079797238111496,0.7860528826713562,0.005663140676915646,0.0003042651806026697
2025-09-05/IMG_0832.JPG,Very Small,Very Small,0.9971944093704224,0.0028054318390786648,6.935273688668531e-08,4.025280553321409e-09
2025-09-29/IMG_1697.JPG,Medium,Medium,5.132895239512436e-05,0.14850950241088867,0.8506960272789001,0.0007432001875713468
2025-09-05/IMG_1044.JPG,Small,Small,0.09729599952697754,0.8383229374885559,0.061707139015197754,0.00267402408644557
2025-09-05/IMG_1540.JPG,Very Small,Very Small,0.8523142337799072,0.1414114087820053,0.005422823131084442,0.0008515646331943572
2025-09-29/IMG_1862.JPG,Small,Small,0.10594999045133591,0.8389096856117249,0.052165720611810684,0.002974605653434992
2025-08-07/IMG_9403.JPG,Small,Small,0.02937501110136509,0.9544586539268494,0.015783870592713356,0.0003825137682724744
2025-08-22/IMG_0279.JPG,Medium,Medium,0.00017163404845632613,0.07668734341859818,0.9173646569252014,0.005776461213827133
2025-08-22/IMG_9950.JPG,Small,Small,0.19165457785129547,0.7633284330368042,0.0427202507853508,0.002296700607985258
2025-09-05/IMG_1294.JPG,Small,Small,0.09080210328102112,0.7695935368537903,0.1294717788696289,0.010132607072591782
2025-09-29/IMG_1883.JPG,Small,Small,0.015472290106117725,0.9461219906806946,0.03759761154651642,0.0008081122650764883
2025-09-05/IMG_1239.JPG,Small,Small,0.0015448363265022635,0.971634030342102,0.026765400543808937,5.5674838222330436e-05
2025-09-05/IMG_1489.JPG,Medium,Medium,0.00046219045179896057,0.022390391677618027,0.7421233654022217,0.23502406477928162
2025-08-22/IMG_0199.JPG,Small,Very Small,0.5692785382270813,0.42791250348091125,0.0027111610397696495,9.781320841284469e-05
2025-08-07/IMG_9155.JPG,Small,Small,0.029413677752017975,0.513066828250885,0.37333059310913086,0.08418882638216019
2025-09-29/IMG_1794.JPG,Very Small,Very Small,0.829609751701355,0.16991093754768372,0.00045933102956041694,1.9964096281910315e-05
2025-09-05/IMG_1188.JPG,Very Small,Very Small,0.9236313104629517,0.07513909786939621,0.0010646326700225472,0.00016498607874382287
2025-09-29/IMG_1807.JPG,Very Small,Very Small,0.9909729957580566,0.00902474019676447,2.1972884951537708e-06,9.402643996736515e-08
2025-09-05/IMG_1333.JPG,Small,Very Small,0.5969692468643188,0.3744199573993683,0.02497502975165844,0.0036357406061142683
2025-08-22/IMG_9979.JPG,Very Small,Very Small,0.7368561625480652,0.22529062628746033,0.028219975531101227,0.00963327381759882
2025-08-07/IMG_9700.JPG,Large,Medium,0.0008835104526951909,0.015852753072977066,0.6008384227752686,0.3824252784252167
2025-08-07/IMG_9615.JPG,Large,Large,0.00010438132449053228,0.011140971444547176,0.24845944344997406,0.7402952313423157
2025-09-05/IMG_1516.JPG,Very Small,Small,0.4721476137638092,0.48366180062294006,0.03760330379009247,0.006587313953787088
2025-09-05/IMG_0968.JPG,Medium,Medium,0.00041264944593422115,0.2317548543214798,0.7519242167472839,0.01590827852487564
2025-09-05/IMG_0970.JPG,Small,Small,0.054144445806741714,0.8885203003883362,0.053386248648166656,0.003949034959077835
2025-08-22/IMG_0029.JPG,Small,Small,0.04642060771584511,0.7819845676422119,0.15995365381240845,0.011641222052276134
2025-08-22/IMG_0217.JPG,Small,Small,0.01426849514245987,0.9302240610122681,0.05465013161301613,0.0008573560626246035
2025-08-22/IMG_0176.JPG,Very Small,Very Small,0.986012876033783,0.013907323591411114,6.777767703169957e-05,1.2036599400744308e-05
2025-09-05/IMG_1106.JPG,Very Small,Very Small,0.9655901789665222,0.03440575674176216,4.022382654511603e-06,3.879862475741902e-08
2025-09-05/IMG_1322.JPG,Very Small,Very Small,0.945466160774231,0.05221780762076378,0.001920739421620965,0.0003952485276386142
2025-08-07/IMG_9446.JPG,Medium,Medium,0.0009300740202888846,0.45579075813293457,0.541801929473877,0.001477267243899405
2025-09-05/IMG_1600.JPG,Small,Small,0.14318591356277466,0.799365758895874,0.05484221875667572,0.002606180962175131
2025-08-07/IMG_9167.JPG,Very Small,Small,0.17650175094604492,0.7417156100273132,0.07538142055273056,0.006401169113814831
2025-09-05/IMG_1463.JPG,Small,Small,0.02951793745160103,0.9653034806251526,0.005140107125043869,3.844962702714838e-05
2025-08-22/IMG_0168.JPG,Medium,Medium,0.003508126363158226,0.32471591234207153,0.6553649306297302,0.016410984098911285
2025-09-05/IMG_1363.JPG,Medium,Medium,3.587723767850548e-05,0.010894101113080978,0.9725324511528015,0.016537606716156006
2025-08-07/IMG_9509.JPG,Small,Small,0.017604714259505272,0.8957839012145996,0.0828246995806694,0.003786653745919466
2025-08-22/IMG_9918.JPG,Very Small,Very Small,0.8655184507369995,0.1321185827255249,0.0021917775738984346,0.0001712218509055674
2025-09-29/IMG_1800.JPG,Very Small,Very Small,0.9973220229148865,0.0026776196900755167,3.257658534039365e-07,1.6117699175310918e-08
2025-09-05/IMG_1466.JPG,Very Small,Very Small,0.9487947821617126,0.05118680000305176,1.7829432181315497e-05,5.350327114683751e-07
2025-09-05/IMG_1408.JPG,Medium,Medium,0.0004052627191413194,0.05508517101407051,0.9262735247612,0.018236080184578896
2025-09-29/IMG_1900.JPG,Medium,Medium,0.0032530834432691336,0.2253170758485794,0.587131142616272,0.18429870903491974
2025-08-22/IMG_9948.JPG,Very Small,Very Small,0.774236798286438,0.21885545551776886,0.0062830448150634766,0.0006246561533771455
2025-08-22/IMG_9764.JPG,Medium,Medium,0.0007136686472222209,0.32357752323150635,0.6720492839813232,0.0036595019046217203
2025-08-07/IMG_9107.JPG,Small,Small,0.03184698149561882,0.9252797961235046,0.04184114933013916,0.0010320745641365647
2025-08-22/IMG_9969.JPG,Small,Small,0.4388849437236786,0.543146550655365,0.017068946734070778,0.0008995668031275272
2025-08-07/IMG_9191.JPG,Small,Very Small,0.6467470526695251,0.35299211740493774,0.0002577925624791533,3.019100404344499e-06
2025-08-22/IMG_0291.JPG,Small,Small,0.07142335921525955,0.8223354816436768,0.10206983983516693,0.004171404987573624
2025-09-29/IMG_1722.JPG,Very Small,Very Small,0.9954258799552917,0.004573282785713673,8.126744432956912e-07,4.8980403732912237e-08
2025-08-07/IMG_9466.JPG,Very Small,Very Small,0.9999253749847412,7.467306568287313e-05,4.427779809468291e-10,2.4069598744680398e-11
2025-09-29/IMG_1912.JPG,Small,Very Small,0.6006473302841187,0.3836381137371063,0.01457950845360756,0.0011350217973813415
2025-08-07/IMG_9561.JPG,Medium,Medium,0.015583627857267857,0.39442652463912964,0.508207380771637,0.08178244531154633
2025-09-05/IMG_0952.JPG,Small,Small,0.06316770613193512,0.9323024153709412,0.004494431894272566,3.5451626899885014e-05
2025-08-07/IMG_9590.JPG,Medium,Medium,0.01049227174371481,0.271096795797348,0.6268380284309387,0.09157288074493408
2025-08-07/IMG_9249.JPG,Medium,Medium,0.0016205935971811414,0.4368843138217926,0.5513723492622375,0.010122690349817276
2025-08-22/IMG_0028.JPG,Small,Small,0.059628620743751526,0.8796107172966003,0.05899803340435028,0.0017627059714868665
2025-09-05/IMG_1220.JPG,Medium,Medium,0.0003962143964599818,0.14199967682361603,0.8483847379684448,0.009219357743859291
2025-08-22/IMG_0193.JPG,Small,Small,0.11674749851226807,0.8684448003768921,0.014354321174323559,0.0004533838073257357
2025-08-07/IMG_9412.JPG,Small,Small,0.0012852585641667247,0.701391875743866,0.29668745398521423,0.000635435339063406
2025-09-05/IMG_0804.JPG,Medium,Medium,0.0009955428540706635,0.04501073807477951,0.8799298405647278,0.07406380772590637
2025-08-07/IMG_9534.JPG,Large,Large,0.008539003320038319,0.09732646495103836,0.3069950342178345,0.5871394276618958
2025-09-29/IMG_1804.JPG,Very Small,Very Small,0.9975259900093079,0.0024730584118515253,8.088532013061922e-07,7.733157758593734e-08
2025-09-05/IMG_1078.JPG,Small,Small,0.008729353547096252,0.9444409012794495,0.04661078751087189,0.00021902644948568195
2025-08-07/IMG_9543.JPG,Small,Small,0.03766646608710289,0.4830472469329834,0.32950571179389954,0.1497805267572403
2025-09-05/IMG_0914.JPG,Small,Small,0.09103688597679138,0.9021399617195129,0.0067237974144518375,9.93380235740915e-05
2025-09-29/IMG_1906.JPG,Large,Large,0.013288832269608974,0.03298131003975868,0.18323370814323425,0.7704960703849792
2025-08-22/IMG_9750.JPG,Medium,Medium,0.0005907265585847199,0.056410979479551315,0.9320897459983826,0.01090861763805151
2025-08-22/IMG_9921.JPG,Very Small,Very Small,0.7720646262168884,0.22013364732265472,0.0071260868571698666,0.0006756227812729776
2025-09-05/IMG_1425.JPG,Small,Small,0.018429232761263847,0.9197067022323608,0.06153428554534912,0.0003297643852420151
2025-09-05/IMG_1221.JPG,Small,Small,0.15275847911834717,0.7732124328613281,0.07051940262317657,0.0035097079817205667
2025-09-05/IMG_0869.JPG,Very Small,Very Small,0.9980953335762024,0.0019044385990127921,1.9604951262408576e-07,1.3660464759368551e-08
2025-09-29/IMG_1799.JPG,Small,Small,0.49791184067726135,0.5010035037994385,0.0010631510522216558,2.152404522348661e-05
2025-09-29/IMG_1825.JPG,Small,Small,0.011867951601743698,0.9353554248809814,0.05240201577544212,0.00037463768967427313
2025-09-05/IMG_0889.JPG,Medium,Medium,0.002275615930557251,0.2337329089641571,0.7535291910171509,0.010462310165166855
2025-09-29/IMG_1918.JPG,Very Small,Very Small,0.7287648320198059,0.25301602482795715,0.015372428111732006,0.002846742980182171
2025-08-22/IMG_9880.JPG,Small,Small,0.004687455948442221,0.9600220918655396,0.03495483472943306,0.00033560185693204403
2025-08-22/IMG_9755.JPG,Small,Small,0.005030640866607428,0.7642619013786316,0.22955960035324097,0.0011478844098746777
2025-09-05/IMG_0857.JPG,Very Small,Very Small,0.9932664632797241,0.006732275243848562,1.24303539905668e-06,9.517526677882415e-08
2025-08-22/IMG_0054.JPG,Small,Small,0.2923026382923126,0.6082301735877991,0.09098409116268158,0.008483062498271465
2025-08-22/IMG_9995.JPG,Very Small,Very Small,0.8801575899124146,0.1156497523188591,0.003749206895008683,0.00044341105967760086
2025-09-29/IMG_1742.JPG,Small,Small,0.0007241795537993312,0.7520670294761658,0.24693383276462555,0.00027499941643327475
2025-08-22/IMG_9944.JPG,Very Small,Small,0.4068756699562073,0.5326401591300964,0.052847567945718765,0.007636621594429016
2025-09-05/IMG_1109.JPG,Small,Small,0.01056005246937275,0.9520044326782227,0.03730688616633415,0.00012853374937549233
2025-08-22/IMG_9907.JPG,Small,Small,0.0175457876175642,0.9764668345451355,0.005951303988695145,3.613902299548499e-05
2025-08-22/IMG_0239.JPG,Small,Small,0.017588526010513306,0.9636711478233337,0.018298707902431488,0.00044155583600513637
2025-08-07/IMG_9607.JPG,Medium,Medium,0.005016731563955545,0.2556013762950897,0.7180013060569763,0.021380582824349403
2025-08-22/IMG_9771.JPG,Very Small,Very Small,0.9993365406990051,0.0006634800811298192,1.5676073772397103e-08,5.484719900472612e-10
2025-09-05/IMG_1207.JPG,Very Small,Very Small,0.8391838073730469,0.1587190181016922,0.001958973705768585,0.00013820950698573142
2025-08-07/IMG_9641.JPG,Large,Large,9.063052129931748e-05,0.0037455949932336807,0.2933517098426819,0.7028120756149292
2025-08-07/IMG_9101.JPG,Medium,Small,0.020837178453803062,0.8755133748054504,0.10038784146308899,0.003261607140302658
2025-09-29/IMG_1924.JPG,Very Small,Very Small,0.8100032210350037,0.17915523052215576,0.00907215941697359,0.0017693537520244718
2025-08-07/IMG_9262.JPG,Small,Small,0.0011870265007019043,0.7210409641265869,0.27580907940864563,0.0019629730377346277
2025-08-22/IMG_0061.JPG,Medium,Small,0.4119075834751129,0.5342443585395813,0.050256095826625824,0.0035919309593737125
2025-09-05/IMG_0892.JPG,Very Small,Very Small,0.9422982931137085,0.0575849786400795,0.00011059446114813909,6.130507699708687e-06
2025-09-29/IMG_1715.JPG,Very Small,Very Small,0.9972475171089172,0.002752220258116722,2.4560301881138e-07,1.4633373623951229e-08
2025-09-05/IMG_1521.JPG,Small,Small,0.2705795466899872,0.6961603760719299,0.030333971604704857,0.0029260681476444006
2025-09-05/IMG_1330.JPG,Very Small,Small,0.42585572600364685,0.5069682598114014,0.058207008987665176,0.008968994952738285
2025-09-05/IMG_1304.JPG,Very Small,Very Small,0.5666987299919128,0.4064456522464752,0.024151453748345375,0.0027042035944759846
2025-08-07/IMG_9469.JPG,Medium,Medium,3.996917439508252e-05,0.14051902294158936,0.8590962886810303,0.000344681553542614
2025-08-07/IMG_9163.JPG,Very Small,Very Small,0.5854030251502991,0.39664822816848755,0.016475573182106018,0.0014731022529304028
2025-08-22/IMG_9735.JPG,Very Small,Very Small,0.854885458946228,0.14342723786830902,0.0015401187120005488,0.00014718897000420839
2025-09-05/IMG_0813.JPG,Medium,Medium,6.986753578530625e-05,0.03945446014404297,0.9561343193054199,0.004341311287134886
2025-09-05/IMG_0940.JPG,Very Small,Small,0.48701635003089905,0.5039141774177551,0.008155923336744308,0.000913547701202333
2025-08-22/IMG_9941.JPG,Small,Very Small,0.7973198890686035,0.19840003550052643,0.0039642141200602055,0.00031581136863678694
2025-08-07/IMG_9538.JPG,Large,Large,0.002294898498803377,0.02890368364751339,0.35452112555503845,0.6142802834510803
2025-09-05/IMG_1602.JPG,Medium,Small,0.15481050312519073,0.4101667106151581,0.35304227471351624,0.08198048919439316
2025-08-22/IMG_0245.JPG,Small,Small,0.014431312680244446,0.9748408794403076,0.010538572445511818,0.000189311322174035
2025-09-29/IMG_1951.JPG,Small,Small,0.33697474002838135,0.5385290384292603,0.09520867466926575,0.029287464916706085
2025-08-07/IMG_9658.JPG,Large,Large,0.001548281405121088,0.00947283860296011,0.261106014251709,0.7278728485107422
2025-08-07/IMG_9489.JPG,Very Small,Very Small,0.9889941811561584,0.010993881151080132,1.0765606930362992e-05,1.2392040389386239e-06
2025-08-07/IMG_9491.JPG,Small,Small,0.02949509024620056,0.9624441266059875,0.008012308739125729,4.8528429033467546e-05
2025-09-29/IMG_1783.JPG,Small,Small,0.0013983814278617501,0.7675147652626038,0.23029424250125885,0.0007925835088826716
2025-08-07/IMG_9479.JPG,Medium,Medium,1.7730797480908222e-05,0.00714104576036334,0.9866290092468262,0.006212154868990183
2025-09-29/IMG_1930.JPG,Very Small,Very Small,0.9054483771324158,0.09034614264965057,0.0036029107868671417,0.0006025678594596684
2025-08-22/IMG_0234.JPG,Very Small,Very Small,0.9410132169723511,0.05896701663732529,1.83922875294229e-05,1.3089528465570766e-06
2025-08-22/IMG_9775.JPG,Very Small,Very Small,0.9926714897155762,0.007326885592192411,1.5689162182752625e-06,5.799022773089746e-08
2025-09-29/IMG_1803.JPG,Very Small,Very Small,0.9957312941551208,0.004267357289791107,1.2580416068885825e-06,5.8651259848829795e-08
2025-09-05/IMG_1258.JPG,Medium,Small,0.28905078768730164,0.5296958088874817,0.15794633328914642,0.023307040333747864
2025-08-22/IMG_0043.JPG,Small,Small,0.08159343898296356,0.8217067718505859,0.09241065382957458,0.004289171192795038
2025-09-05/IMG_1195.JPG,Small,Small,0.4023134112358093,0.5956562161445618,0.001998246880248189,3.210392242181115e-05
2025-08-07/IMG_9217.JPG,Medium,Medium,0.004787334240972996,0.408961683511734,0.5764327645301819,0.009818246588110924
2025-09-05/IMG_1605.JPG,Small,Small,0.39731985330581665,0.5636368989944458,0.0350254662334919,0.004017756786197424
2025-08-22/IMG_0123.JPG,Small,Very Small,0.6261465549468994,0.3437996506690979,0.027627749368548393,0.0024260664358735085
2025-08-22/IMG_0271.JPG,Small,Small,0.005773464683443308,0.9609383344650269,0.03283146768808365,0.00045671031693927944
2025-09-29/IMG_1835.JPG,Small,Small,0.0022018086165189743,0.9060603976249695,0.09113062173128128,0.0006071108509786427
2025-09-29/IMG_1760.JPG,Very Small,Very Small,0.7971879839897156,0.2027083784341812,0.00010216239024884999,1.5438494074260234e-06
2025-08-22/IMG_9843.JPG,Large,Large,0.0007103147800080478,0.004178569186478853,0.08191262930631638,0.9131985306739807
2025-08-22/IMG_0164.JPG,Very Small,Very Small,0.8638788461685181,0.1352221816778183,0.0008223013137467206,7.66965895309113e-05
2025-08-07/IMG_9092.JPG,Medium,Small,0.24017339944839478,0.7169091105461121,0.04083207622170448,0.002085431944578886
2025-08-22/IMG_0023.JPG,Very Small,Very Small,0.7669174671173096,0.22283929586410522,0.00949192140251398,0.0007513483869843185
2025-09-05/IMG_1018.JPG,Small,Small,0.011564932763576508,0.6670234203338623,0.2982291579246521,0.023182468488812447
2025-09-29/IMG_1677.JPG,Small,Small,0.0009228806593455374,0.9564015865325928,0.04266032204031944,1.516396241640905e-05
2025-09-29/IMG_1947.JPG,Small,Small,0.2649030387401581,0.6194340586662292,0.10150589793920517,0.014157003723084927
2025-08-22/IMG_0119.JPG,Very Small,Small,0.34742453694343567,0.5977112054824829,0.050573576241731644,0.0042906892485916615
2025-09-05/IMG_1145.JPG,Small,Small,0.0009997596498578787,0.7336351871490479,0.2650776207447052,0.000287362519884482
2025-08-22/IMG_9833.JPG,Small,Small,0.0005958907422609627,0.9334074258804321,0.065912626683712,8.408749272348359e-05
2025-09-05/IMG_1164.JPG,Small,Medium,0.003227578243240714,0.38453641533851624,0.6022560000419617,0.00998005736619234
2025-08-07/IMG_9635.JPG,Large,Large,0.0004884396330453455,0.00510836485773325,0.17713993787765503,0.8172632455825806
2025-08-07/IMG_9135.JPG,Small,Small,0.06970717012882233,0.8879024982452393,0.04101427644491196,0.0013761186273768544
2025-08-22/IMG_9922.JPG,Very Small,Very Small,0.8344855308532715,0.15978559851646423,0.005142807494848967,0.0005860577803105116
2025-08-07/IMG_9506.JPG,Very Small,Very Small,0.9917680025100708,0.00822541769593954,6.006373041600455e-06,4.828565351999714e-07
2025-09-05/IMG_1385.JPG,Very Small,Very Small,0.9886670112609863,0.011330804787576199,2.1588023173535476e-06,3.818433569335866e-08
2025-08-07/IMG_9233.JPG,Very Small,Very Small,0.8220596313476562,0.17506560683250427,0.002728889463469386,0.0001458588958485052
2025-08-22/IMG_0008.JPG,Very Small,Very Small,0.8297176361083984,0.16580325365066528,0.00415003439411521,0.0003290769527666271
2025-09-05/IMG_1100.JPG,Medium,Medium,0.0004858083266299218,0.47682642936706543,0.5222620964050293,0.0004257049586158246
2025-08-07/IMG_9449.JPG,Medium,Medium,0.0004878846521023661,0.30729982256889343,0.6885709166526794,0.0036413760390132666
2025-09-05/IMG_1475.JPG,Medium,Medium,0.0001024040175252594,0.025828028097748756,0.9381818771362305,0.03588766232132912
2025-08-07/IMG_9528.JPG,Medium,Medium,0.1365034282207489,0.3415791988372803,0.3478814661502838,0.174035906791687
2025-08-22/IMG_9977.JPG,Very Small,Very Small,0.9235535264015198,0.07572917640209198,0.0006792735657654703,3.804538573604077e-05
2025-09-29/IMG_1775.JPG,Very Small,Very Small,0.992599606513977,0.007395789492875338,4.2140136429225095e-06,3.302528170934238e-07
2025-08-22/IMG_9742.JPG,Small,Small,0.07489782571792603,0.878375768661499,0.04373203590512276,0.0029944228008389473
2025-08-22/IMG_0262.JPG,Small,Small,0.008274226449429989,0.9241000413894653,0.06657633185386658,0.0010494403541088104
2025-09-05/IMG_1581.JPG,Small,Small,0.2128598988056183,0.7360604405403137,0.04646808281540871,0.004611499607563019
2025-08-22/IMG_0019.JPG,Very Small,Small,0.35238978266716003,0.5659199953079224,0.07441273331642151,0.007277485448867083
2025-08-22/IMG_9860.JPG,Large,Large,0.0026756436564028263,0.020510315895080566,0.15989641845226288,0.8169176578521729
2025-09-05/IMG_1139.JPG,Small,Small,0.0049447729252278805,0.9434412717819214,0.05136098340153694,0.0002529502962715924
2025-09-05/IMG_1324.JPG,Small,Small,0.09550043940544128,0.6408703923225403,0.22960950434207916,0.03401965647935867
2025-09-05/IMG_1201.JPG,Very Small,Small,0.3152367174625397,0.6559076309204102,0.027051495388150215,0.0018041622824966908
2025-08-22/IMG_0251.JPG,Very Small,Very Small,0.9961179494857788,0.0038794344291090965,2.3261836759047583e-06,2.931198821443104e-07
2025-09-05/IMG_1517.JPG,Small,Small,0.07416094094514847,0.8717959523200989,0.051033176481723785,0.003009958192706108
2025-08-22/IMG_9872.JPG,Large,Large,0.0011344891972839832,0.013776835985481739,0.23642639815807343,0.7486622929573059
2025-08-22/IMG_0118.JPG,Medium,Small,0.05356774851679802,0.531606137752533,0.3758063316345215,0.03901980444788933
2025-08-22/IMG_0142.JPG,Very Small,Very Small,0.9865397810935974,0.013377809897065163,7.062028453219682e-05,1.181959578389069e-05
2025-09-05/IMG_0798.JPG,Small,Small,0.008516042493283749,0.9285414814949036,0.06271477788686752,0.0002276956947753206
2025-09-29/IMG_1788.JPG,Very Small,Very Small,0.8806272745132446,0.11879532039165497,0.0005381015362218022,3.925231794710271e-05
2025-09-29/IMG_1682.JPG,Small,Small,0.010187440551817417,0.9880039691925049,0.0018070064252242446,1.6206296322707203e-06
2025-08-22/IMG_9865.JPG,Very Small,Very Small,0.9428890943527222,0.05706927552819252,3.967006705352105e-05,1.9090452951786574e-06
2025-09-05/IMG_1531.JPG,Small,Small,0.08711539953947067,0.8668296933174133,0.04434867203235626,0.0017062483821064234
2025-08-22/IMG_9766.JPG,Large,Large,0.0009949317900463939,0.010493825189769268,0.44849956035614014,0.5400116443634033
2025-09-05/IMG_1118.JPG,Medium,Medium,4.2797990317922086e-05,0.010708476416766644,0.9627639055252075,0.02648482657968998
2025-08-22/IMG_0163.JPG,Very Small,Very Small,0.9818137884140015,0.018114548176527023,6.474729161709547e-05,6.980773378018057e-06
2025-09-05/IMG_1299.JPG,Very Small,Very Small,0.5252891182899475,0.44054728746414185,0.030794184654951096,0.003369412152096629
2025-09-29/IMG_1704.JPG,Medium,Medium,0.00013243680587038398,0.09726247936487198,0.8997921347618103,0.0028129552956670523
2025-08-07/IMG_9162.JPG,Very Small,Very Small,0.6613494753837585,0.3114851713180542,0.022756312042474747,0.004409006796777248
2025-09-05/IMG_1173.JPG,Very Small,Very Small,0.9500771164894104,0.04963226988911629,0.0002601291344035417,3.051404928555712e-05
2025-09-05/IMG_0875.JPG,Very Small,Very Small,0.9872216582298279,0.012769422493875027,8.377269296033774e-06,5.396351525632781e-07
2025-08-22/IMG_9838.JPG,Medium,Medium,0.004385346546769142,0.3215172290802002,0.632712185382843,0.04138519987463951
2025-09-05/IMG_1519.JPG,Small,Small,0.17474150657653809,0.7771334052085876,0.04420389235019684,0.003921129275113344
2025-08-22/IMG_9818.JPG,Medium,Medium,2.9491886380128562e-05,0.005917522124946117,0.978354811668396,0.01569819636642933
2025-09-05/IMG_1505.JPG,Small,Small,0.0012912472011521459,0.9302123785018921,0.06811549514532089,0.0003809151821769774
2025-08-22/IMG_9768.JPG,Small,Small,0.004295364022254944,0.9798105955123901,0.015856333076953888,3.775042569031939e-05
2025-08-07/IMG_9578.JPG,Large,Large,0.0009491481469012797,0.016989050433039665,0.2906169295310974,0.6914448738098145
2025-09-05/IMG_1170.JPG,Very Small,Very Small,0.9878299832344055,0.012133668176829815,3.25371693179477e-05,3.7844899907213403e-06
2025-09-05/IMG_1558.JPG,Small,Small,0.14527614414691925,0.8290577530860901,0.024855835363268852,0.0008102013962343335
2025-09-05/IMG_1443.JPG,Very Small,Very Small,0.982288122177124,0.01766674965620041,4.179073584964499e-05,3.3038531910278834e-06
2025-09-05/IMG_1002.JPG,Small,Very Small,0.6412513852119446,0.35173940658569336,0.006645713467150927,0.0003635299508459866
2025-09-05/IMG_1271.JPG,Very Small,Very Small,0.9012447595596313,0.09503982216119766,0.003220414509996772,0.0004949340363964438
2025-09-29/IMG_1870.JPG,Small,Small,0.1582476645708084,0.816500186920166,0.024423791095614433,0.0008282804628834128
2025-08-22/IMG_0281.JPG,Medium,Medium,0.00180424889549613,0.25249385833740234,0.7384824156761169,0.0072194598615169525
2025-08-07/IMG_9608.JPG,Large,Large,0.0013610931346192956,0.0057451133616268635,0.09231200069189072,0.9005818367004395
2025-08-07/IMG_9505.JPG,Medium,Medium,0.002823709975928068,0.3591471314430237,0.6239239573478699,0.014105158858001232
2025-09-05/IMG_1541.JPG,Small,Small,0.07985047250986099,0.855832576751709,0.06103042513132095,0.0032865297980606556
2025-09-05/IMG_0922.JPG,Very Small,Very Small,0.9846194386482239,0.015364760532975197,1.474486543884268e-05,1.0520564046601066e-06
2025-09-05/IMG_1321.JPG,Very Small,Very Small,0.7250734567642212,0.24898239970207214,0.021366653963923454,0.004577490035444498
2025-08-22/IMG_9804.JPG,Very Small,Very Small,0.9997021555900574,0.00029777642339468,1.2478922783998314e-08,9.623979391193416e-10
2025-08-07/IMG_9209.JPG,Very Small,Very Small,0.9977337121963501,0.0022660382091999054,2.8144970087851107e-07,1.0554036755650031e-08
2025-09-05/IMG_1428.JPG,Medium,Medium,3.372676292201504e-05,0.003414141247048974,0.9548870325088501,0.041665200144052505
2025-08-07/IMG_9097.JPG,Small,Small,0.08657129108905792,0.865772545337677,0.046333931386470795,0.0013222123961895704
2025-08-07/IMG_9257.JPG,Small,Small,0.04471278190612793,0.9219571948051453,0.03225688636302948,0.0010730744106695056
2025-08-22/IMG_0138.JPG,Very Small,Very Small,0.9609068036079407,0.038545988500118256,0.00045742373913526535,8.976911340141669e-05
2025-09-05/IMG_1549.JPG,Very Small,Small,0.41884055733680725,0.47080057859420776,0.0904906690120697,0.01986820437014103
2025-08-22/IMG_9736.JPG,Medium,Medium,0.004276996478438377,0.06786911934614182,0.7749324440956116,0.15292143821716309
2025-09-05/IMG_1312.JPG,Small,Small,0.06184763461351395,0.8175989985466003,0.11057271808385849,0.009980694390833378
2025-08-22/IMG_9835.JPG,Medium,Medium,0.00039096633554436266,0.029852457344532013,0.8227041959762573,0.14705245196819305
2025-09-05/IMG_0961.JPG,Small,Small,0.0007642913260497153,0.9475856423377991,0.05158666893839836,6.336611113511026e-05
2025-08-22/IMG_0216.JPG,Small,Small,0.022020502015948296,0.9495781064033508,0.02800906077027321,0.00039230004767887294
2025-08-07/IMG_9402.JPG,Small,Small,0.0627015009522438,0.9303494095802307,0.006732147186994553,0.00021689810091629624
2025-09-29/IMG_1911.JPG,Large,Medium,0.004271865822374821,0.27695831656455994,0.4262874126434326,0.2924823462963104
2025-09-05/IMG_1341.JPG,Medium,Medium,0.016369815915822983,0.44893679022789,0.4611068069934845,0.0735865905880928
2025-09-05/IMG_0814.JPG,Small,Small,0.0027092418167740107,0.8812513947486877,0.11572451144456863,0.00031481627956964076
2025-08-22/IMG_0223.JPG,Small,Small,0.004066637717187405,0.950851321220398,0.04464590921998024,0.0004361673491075635
2025-08-22/IMG_9806.JPG,Medium,Medium,2.51902783929836e-05,0.007046939805150032,0.8788959980010986,0.11403189599514008
2025-09-29/IMG_1701.JPG,Small,Small,0.04405844584107399,0.9493201971054077,0.006600031163543463,2.1347717847675085e-05
2025-09-05/IMG_1417.JPG,Medium,Medium,0.0008345472742803395,0.026471510529518127,0.85052090883255,0.1221730038523674
2025-09-05/IMG_0864.JPG,Small,Small,0.000861415988765657,0.8231608867645264,0.17585696280002594,0.00012068943760823458
2025-08-22/IMG_9782.JPG,Very Small,Very Small,0.989785373210907,0.01021096296608448,3.4437589420122094e-06,2.5225023136954405e-07
2025-08-22/IMG_9883.JPG,Very Small,Very Small,0.525151789188385,0.47254040837287903,0.0022339073475450277,7.384809578070417e-05
2025-09-29/IMG_1792.JPG,Small,Small,0.11245148628950119,0.8808040618896484,0.0066734254360198975,7.096301851561293e-05
2025-09-29/IMG_1805.JPG,Very Small,Very Small,0.9970113039016724,0.002988002961501479,5.550949140342709e-07,3.984033725146219e-08
2025-08-07/IMG_9206.JPG,Very Small,Very Small,0.9889926314353943,0.01100215595215559,5.1050524234597106e-06,1.6801274682620715e-07
2025-09-05/IMG_0860.JPG,Small,Small,0.06121218949556351,0.9346615672111511,0.004111383110284805,1.4959773579903413e-05
2025-08-07/IMG_9211.JPG,Very Small,Very Small,0.9849177002906799,0.015074795112013817,7.2741486292215995e-06,2.414037965081661e-07
2025-09-05/IMG_0909.JPG,Small,Small,0.007028553169220686,0.9624647498130798,0.03018426150083542,0.00032242757151834667
2025-09-05/IMG_0879.JPG,Small,Small,0.05236884206533432,0.9372736811637878,0.0102577218785882,9.978585876524448e-05
2025-08-22/IMG_9748.JPG,Very Small,Very Small,0.996914267539978,0.0030845417641103268,1.0996950550179463e-06,1.480344025139857e-07
2025-08-22/IMG_9894.JPG,Small,Small,0.1146262064576149,0.8814969658851624,0.003821243066340685,5.5570340919075534e-05
2025-09-05/IMG_1053.JPG,Very Small,Very Small,0.7524227499961853,0.2346721589565277,0.011209003627300262,0.0016960789216682315
2025-08-07/IMG_9105.JPG,Small,Small,0.06142355501651764,0.8192488551139832,0.11428122967481613,0.005046271253377199
2025-09-05/IMG_1149.JPG,Small,Small,0.014415965415537357,0.9049290418624878,0.08026555925607681,0.00038938812213018537
2025-08-07/IMG_9215.JPG,Small,Small,0.0024541516322642565,0.9577013850212097,0.03978562727570534,5.878726005903445e-05
2025-09-29/IMG_1718.JPG,Small,Small,0.08322173357009888,0.9002142548561096,0.01629449427127838,0.00026941689429804683
2025-08-22/IMG_0295.JPG,Medium,Medium,0.0025802217423915863,0.11242181807756424,0.854002058506012,0.030995843932032585
2025-08-07/IMG_9513.JPG,Small,Small,0.19936251640319824,0.7829068303108215,0.017116187140345573,0.0006145278457552195
2025-09-05/IMG_0887.JPG,Medium,Medium,0.0026675330009311438,0.18529684841632843,0.7866469621658325,0.025388624519109726
2025-08-22/IMG_0134.JPG,Medium,Small,0.09264763444662094,0.43664976954460144,0.4325713813304901,0.03813120722770691
2025-09-05/IMG_0905.JPG,Medium,Medium,0.0031302140560001135,0.30965110659599304,0.6720063090324402,0.01521237287670374
2025-09-05/IMG_0982.JPG,Small,Small,0.23435191810131073,0.7148792147636414,0.0459570549428463,0.004811749793589115
2025-08-22/IMG_9904.JPG,Small,Small,0.15578919649124146,0.8414893746376038,0.002678666962310672,4.272165824659169e-05
2025-09-05/IMG_1490.JPG,Medium,Medium,0.03673286736011505,0.40921473503112793,0.5186126232147217,0.035439759492874146
2025-09-05/IMG_1342.JPG,Very Small,Very Small,0.8060833811759949,0.1792728453874588,0.012005063705146313,0.0026387537363916636
2025-09-05/IMG_1181.JPG,Medium,Medium,0.003916919697076082,0.4610223174095154,0.5235178470611572,0.01154295727610588
2025-08-22/IMG_9993.JPG,Very Small,Small,0.43490514159202576,0.5451749563217163,0.018863728269934654,0.0010562007082626224
2025-09-05/IMG_1533.JPG,Small,Small,0.04614559933543205,0.8114638328552246,0.134857639670372,0.00753299705684185
2025-09-05/IMG_1507.JPG,Small,Small,0.004943770356476307,0.8533906936645508,0.1407478004693985,0.0009177627507597208
2025-08-22/IMG_0050.JPG,Medium,Medium,0.0056119137443602085,0.3016716241836548,0.644131064414978,0.04858533665537834
2025-08-22/IMG_9949.JPG,Small,Very Small,0.9003206491470337,0.09378205984830856,0.004967227578163147,0.0009301634854637086
2025-08-07/IMG_9494.JPG,Small,Small,0.018132364377379417,0.6426395773887634,0.3292665183544159,0.009961515665054321
2025-09-05/IMG_0835.JPG,Medium,Medium,1.4676383216283284e-05,0.005467335693538189,0.9819596409797668,0.012558394111692905
2025-08-22/IMG_0252.JPG,Small,Small,0.03836418688297272,0.9462426900863647,0.015051617287099361,0.000341521023074165
2025-09-05/IMG_1113.JPG,Medium,Medium,0.00016294929082505405,0.2886296212673187,0.7107108235359192,0.0004966775886714458
2025-09-29/IMG_1789.JPG,Very Small,Very Small,0.9996625185012817,0.00033753542811609805,3.404218773539469e-08,3.0000137929420134e-09
2025-08-22/IMG_9864.JPG,Medium,Small,0.0007298117270693183,0.5591972470283508,0.43795809149742126,0.0021148105151951313
2025-09-29/IMG_1846.JPG,Small,Small,0.0018118259031325579,0.8718562722206116,0.12529729306697845,0.0010346033377572894
2025-09-05/IMG_1470.JPG,Small,Small,0.004791464656591415,0.9854592084884644,0.00969439186155796,5.5022206652211025e-05
2025-09-29/IMG_1839.JPG,Small,Small,0.002489483216777444,0.8795215487480164,0.11714630573987961,0.0008426677668467164
2025-09-29/IMG_1907.JPG,Very Small,Very Small,0.7981072068214417,0.15444019436836243,0.02295703999698162,0.024495553225278854
2025-08-07/IMG_9232.JPG,Small,Small,0.28363505005836487,0.7156537175178528,0.00070595444412902,5.30618535776739e-06
2025-08-22/IMG_0236.JPG,Very Small,Very Small,0.990649402141571,0.009304914623498917,3.7506866647163406e-05,8.164466635207646e-06
2025-08-22/IMG_9882.JPG,Small,Small,0.02282414399087429,0.9716111421585083,0.005544476676732302,2.0314319044700824e-05
2025-09-29/IMG_1937.JPG,Very Small,Very Small,0.8786007761955261,0.1180185079574585,0.0030525552574545145,0.0003281596000306308
2025-09-05/IMG_0948.JPG,Medium,Medium,0.0023608084302395582,0.2645083963871002,0.7242140173912048,0.008916789665818214
2025-08-07/IMG_9248.JPG,Small,Small,0.003517596982419491,0.9386442303657532,0.05753156170248985,0.0003065725904889405
2025-09-05/IMG_1030.JPG,Very Small,Very Small,0.7753129005432129,0.21807736158370972,0.005902494769543409,0.0007071755826473236
2025-08-22/IMG_0078.JPG,Small,Small,0.14688706398010254,0.8181458115577698,0.0337633341550827,0.001203852822072804
2025-08-07/IMG_9178.JPG,Small,Small,0.19603487849235535,0.7937583327293396,0.009798475541174412,0.0004082947561983019
2025-09-29/IMG_1923.JPG,Very Small,Very Small,0.8365902900695801,0.1506420522928238,0.010317986831068993,0.0024496661499142647
2025-08-22/IMG_0056.JPG,Small,Very Small,0.6080390214920044,0.3591223657131195,0.02868175320327282,0.004156886599957943
2025-08-07/IMG_9645.JPG,Large,Large,0.0031310380436480045,0.01013618428260088,0.104263536632061,0.8824692368507385
2025-09-05/IMG_0823.JPG,Very Small,Small,0.23107585310935974,0.7619197368621826,0.0068227858282625675,0.00018161709886044264
2025-09-29/IMG_1741.JPG,Small,Medium,2.7168278393219225e-05,0.1376522034406662,0.8618810176849365,0.00043966827797703445
2025-09-05/IMG_1214.JPG,Small,Very Small,0.772098183631897,0.22678492963314056,0.0010695320088416338,4.737793278764002e-05
2025-09-29/IMG_1793.JPG,Very Small,Very Small,0.9087204337120056,0.09122409671545029,5.436306673800573e-05,1.1230832797082257e-06
2025-08-22/IMG_9781.JPG,Very Small,Very Small,0.9406910538673401,0.05929334834218025,1.5106362297956366e-05,4.447744288427202e-07
2025-09-05/IMG_1183.JPG,Very Small,Very Small,0.9428654313087463,0.056831322610378265,0.0002786417899187654,2.461575422785245e-05
2025-08-22/IMG_9958.JPG,Very Small,Very Small,0.904289186000824,0.09377887845039368,0.0017788197146728635,0.00015310556045733392
2025-08-22/IMG_9877.JPG,Small,Small,0.0012121843174099922,0.5701533555984497,0.42197906970977783,0.006655414588749409
2025-09-05/IMG_0825.JPG,Medium,Medium,0.0008466352010145783,0.05767592042684555,0.8552597165107727,0.08621767908334732
2025-08-22/IMG_9807.JPG,Very Small,Very Small,0.6332311630249023,0.36408910155296326,0.0025596539489924908,0.00012007541954517365
2025-09-05/IMG_0820.JPG,Medium,Medium,3.6697470932267606e-05,0.10899212956428528,0.8903902769088745,0.0005809229915030301
2025-08-22/IMG_9913.JPG,Small,Small,0.1756896823644638,0.8095265030860901,0.014451724477112293,0.00033219109172932804
2025-08-22/IMG_9837.JPG,Medium,Small,0.002648725872859359,0.5462254881858826,0.446140319108963,0.004985491745173931
2025-09-05/IMG_1119.JPG,Small,Very Small,0.6183750033378601,0.38079825043678284,0.000808816053904593,1.7949767425307073e-05
2025-09-05/IMG_1087.JPG,Very Small,Very Small,0.5212055444717407,0.47515425086021423,0.0035419787745922804,9.820025297813118e-05
2025-08-22/IMG_0035.JPG,Very Small,Very Small,0.5846320390701294,0.3991692364215851,0.014955556020140648,0.001243169535882771
2025-08-07/IMG_9400.JPG,Medium,Medium,0.006212157197296619,0.19846363365650177,0.7692782282829285,0.026045983657240868
2025-08-22/IMG_0242.JPG,Very Small,Very Small,0.9707039594650269,0.029263755306601524,2.943177787528839e-05,2.9171662845328683e-06
2025-08-22/IMG_0007.JPG,Small,Very Small,0.770878791809082,0.22667196393013,0.002366095082834363,8.311729470733553e-05
2025-08-22/IMG_0018.JPG,Small,Small,0.11749390512704849,0.6156312823295593,0.24131415784358978,0.0255606509745121
2025-08-07/IMG_9260.JPG,Small,Small,0.001849696272984147,0.9147863388061523,0.08269716054201126,0.0006668429123237729
2025-09-05/IMG_0965.JPG,Small,Small,0.0002914100477937609,0.6157581210136414,0.38176125288009644,0.0021891824435442686
2025-08-22/IMG_9946.JPG,Very Small,Very Small,0.9051695466041565,0.09329595416784286,0.0014106357702985406,0.00012386802700348198
2025-08-22/IMG_0073.JPG,Small,Small,0.3495000898838043,0.6175772547721863,0.03075636550784111,0.002166297286748886
2025-09-05/IMG_0991.JPG,Medium,Small,0.02445988729596138,0.6170161366462708,0.33509236574172974,0.02343156561255455
2025-09-05/IMG_1491.JPG,Small,Small,0.011360972188413143,0.5243346691131592,0.4284907579421997,0.03581363707780838
2025-09-29/IMG_1815.JPG,Very Small,Very Small,0.8595936894416809,0.1400974988937378,0.0002927093592006713,1.611906373000238e-05
2025-08-07/IMG_9108.JPG,Small,Small,0.03260551020503044,0.835144579410553,0.12660335004329681,0.0056465500965714455
2025-08-07/IMG_9241.JPG,Very Small,Very Small,0.9909118413925171,0.009071334265172482,1.5218487533275038e-05,1.5821726719877915e-06
2025-08-07/IMG_9493.JPG,Medium,Medium,0.0009263650863431394,0.10199087113142014,0.8822514414787292,0.014831364154815674
2025-09-05/IMG_1231.JPG,Small,Small,0.0010957743506878614,0.8465909957885742,0.1518600881099701,0.0004531753365881741
2025-09-05/IMG_1252.JPG,Small,Small,0.11310242861509323,0.7527466416358948,0.123410165309906,0.010740714147686958
2025-08-07/IMG_9236.JPG,Medium,Medium,7.325872138608247e-05,0.013479471206665039,0.9592428803443909,0.02720431610941887
2025-08-22/IMG_0246.JPG,Small,Small,0.001106445910409093,0.5337206125259399,0.4612217843532562,0.003951146733015776
2025-09-05/IMG_1559.JPG,Small,Small,0.011835373938083649,0.814078688621521,0.1678551882505417,0.006230686325579882
2025-08-07/IMG_9704.JPG,Large,Large,0.012626731768250465,0.04353094846010208,0.2408168464899063,0.7030254602432251
2025-09-05/IMG_0994.JPG,Medium,Medium,0.012406614609062672,0.30957064032554626,0.5954622030258179,0.08256058394908905
2025-08-22/IMG_9754.JPG,Very Small,Very Small,0.9830719232559204,0.016923464834690094,4.312627879698994e-06,2.804537189149414e-07
2025-09-05/IMG_1560.JPG,Small,Small,0.007791692391037941,0.9303007125854492,0.06076480820775032,0.001142840483225882
2025-09-05/IMG_1014.JPG,Medium,Small,0.4035605788230896,0.4372396171092987,0.1253162920475006,0.03388345241546631
2025-09-29/IMG_1868.JPG,Very Small,Very Small,0.501236617565155,0.4582567811012268,0.03479744493961334,0.0057091726921498775
2025-08-07/IMG_9548.JPG,Medium,Medium,0.034476567059755325,0.388601154088974,0.49668028950691223,0.08024195581674576
2025-08-07/IMG_9172.JPG,Small,Very Small,0.5333841443061829,0.4374499022960663,0.0253765806555748,0.0037893648259341717
2025-09-05/IMG_1137.JPG,Small,Small,0.002590937539935112,0.9283549785614014,0.06889279931783676,0.0001613222702872008
2025-08-07/IMG_9686.JPG,Medium,Large,0.0005552797229029238,0.006420239806175232,0.2748428285121918,0.7181816101074219
2025-09-05/IMG_1509.JPG,Medium,Medium,3.069516606046818e-05,0.03057374432682991,0.9417809844017029,0.027614610269665718
2025-09-05/IMG_0936.JPG,Small,Small,0.08205130696296692,0.9145730137825012,0.0033470711205154657,2.8700009352178313e-05
2025-08-07/IMG_9708.JPG,Large,Large,0.0008029071032069623,0.004600302781909704,0.09871778637170792,0.8958790302276611
2025-08-07/IMG_9422.JPG,Very Small,Very Small,0.9250927567481995,0.07484890520572662,5.486761074280366e-05,3.3863695989566622e-06
2025-08-07/IMG_9176.JPG,Medium,Small,0.0866422951221466,0.6222978830337524,0.2666362226009369,0.024423548951745033
2025-09-05/IMG_0964.JPG,Small,Small,0.0039367214776575565,0.6752675771713257,0.3149445652961731,0.00585116958245635
2025-09-29/IMG_1905.JPG,Medium,Large,0.00934259220957756,0.07824618369340897,0.3899655342102051,0.5224456787109375
2025-08-07/IMG_9605.JPG,Small,Small,0.009044650942087173,0.775798499584198,0.21290485560894012,0.002252022037282586
2025-09-29/IMG_1876.JPG,Very Small,Very Small,0.49813398718833923,0.4782450497150421,0.021737264469265938,0.0018837029347196221
2025-08-22/IMG_9923.JPG,Small,Very Small,0.7842094898223877,0.20890109241008759,0.006279963534325361,0.0006094655254855752
2025-09-05/IMG_1367.JPG,Small,Small,0.006785405799746513,0.966257631778717,0.02690054289996624,5.6490502174710855e-05
2025-08-22/IMG_0005.JPG,Very Small,Very Small,0.822098433971405,0.17247870564460754,0.004981501959264278,0.000441319978563115
2025-08-07/IMG_9701.JPG,Medium,Medium,2.842366484401282e-05,0.0129029406234622,0.9680885076522827,0.018980104476213455
2025-08-22/IMG_9974.JPG,Very Small,Very Small,0.5788832902908325,0.38366153836250305,0.03315248712897301,0.004302650224417448
2025-08-22/IMG_0049.JPG,Small,Small,0.30681803822517395,0.6628315448760986,0.028662409633398056,0.001688041491433978
2025-08-22/IMG_9790.JPG,Medium,Medium,9.486998897045851e-05,0.19636614620685577,0.802987277507782,0.00055174739100039
2025-09-05/IMG_0800.JPG,Medium,Medium,0.0007014790899120271,0.09557509422302246,0.8790899515151978,0.024633411318063736
2025-08-07/IMG_9148.JPG,Very Small,Very Small,0.8232559561729431,0.16345782577991486,0.01111968606710434,0.002166465390473604
2025-08-07/IMG_9193.JPG,Very Small,Very Small,0.9993625283241272,0.0006373119540512562,1.3483429484040244e-07,1.119296655360813e-08
2025-09-29/IMG_1672.JPG,Small,Small,0.21407249569892883,0.7848575115203857,0.0010608594166114926,9.170177690975834e-06
2025-09-05/IMG_1579.JPG,Small,Small,0.3376203775405884,0.6095206141471863,0.043455980718135834,0.009403051808476448
2025-09-29/IMG_1729.JPG,Very Small,Very Small,0.9989435076713562,0.0010565615957602859,4.969620093220328e-08,3.623408906250347e-09
2025-09-05/IMG_1010.JPG,Very Small,Very Small,0.6988510489463806,0.27548718452453613,0.02079707384109497,0.004864702466875315
2025-09-05/IMG_1296.JPG,Very Small,Very Small,0.5622562766075134,0.42644384503364563,0.010590224526822567,0.0007096879417076707
2025-08-22/IMG_0094.JPG,Very Small,Very Small,0.9500720500946045,0.048706572502851486,0.001060374779626727,0.00016090295684989542
2025-09-05/IMG_1086.JPG,Medium,Medium,2.0591118300217204e-05,0.014960520900785923,0.9801071882247925,0.004911687225103378
2025-09-05/IMG_0998.JPG,Small,Small,0.0914631113409996,0.7378459572792053,0.156453475356102,0.014237531460821629
2025-09-05/IMG_1416.JPG,Very Small,Very Small,0.9978929162025452,0.002106697531417012,4.006946880963369e-07,4.259915087345689e-08
2025-09-05/IMG_0866.JPG,Medium,Medium,0.0008030693861655891,0.1388954520225525,0.8549424409866333,0.005358962807804346
2025-09-05/IMG_1209.JPG,Very Small,Very Small,0.9226072430610657,0.07718400657176971,0.00019875794532708824,1.0017837666964624e-05
2025-09-05/IMG_1485.JPG,Medium,Medium,0.00020780597697012126,0.010300219058990479,0.5669736862182617,0.422518253326416
2025-09-05/IMG_1266.JPG,Very Small,Very Small,0.8900311589241028,0.10600998252630234,0.003544451203197241,0.0004142932884860784
2025-09-05/IMG_0890.JPG,Small,Medium,0.004456070717424154,0.4597254693508148,0.5280820727348328,0.0077363564632833
2025-08-07/IMG_9147.JPG,Small,Small,0.3259747326374054,0.6046907901763916,0.06237848848104477,0.006956033408641815
2025-09-05/IMG_0873.JPG,Small,Medium,0.0008212666143663228,0.25025674700737,0.745026707649231,0.0038952988106757402
2025-09-05/IMG_1494.JPG,Small,Small,0.06289611756801605,0.934227466583252,0.0028585258405655622,1.7803637092583813e-05
2025-08-07/IMG_9616.JPG,Large,Large,0.0009855050593614578,0.005095649976283312,0.08267232775688171,0.9112464785575867
2025-09-05/IMG_1224.JPG,Small,Small,0.000687287887558341,0.9534857273101807,0.045767005532979965,6.0040747484890744e-05
2025-09-05/IMG_1172.JPG,Very Small,Very Small,0.987650990486145,0.012327812612056732,1.943142524396535e-05,1.6865120642250986e-06
2025-08-22/IMG_0250.JPG,Very Small,Very Small,0.9513606429100037,0.04856199771165848,6.95049820933491e-05,7.82189908932196e-06
2025-09-05/IMG_0796.JPG,Small,Small,0.1521926075220108,0.8449132442474365,0.0028439790476113558,5.015989518142305e-05
2025-09-05/IMG_0996.JPG,Small,Small,0.06943955272436142,0.855009913444519,0.07117374986410141,0.004376879893243313
2025-09-05/IMG_1607.JPG,Medium,Medium,0.009682095609605312,0.3167964816093445,0.5667558312416077,0.10676558315753937
2025-09-05/IMG_0844.JPG,Medium,Medium,4.381744292913936e-05,0.08136939257383347,0.9175273776054382,0.0010593669721856713
2025-09-29/IMG_1737.JPG,Small,Small,0.12805719673633575,0.8705382943153381,0.001379548804834485,2.5037641535163857e-05
2025-09-29/IMG_1879.JPG,Very Small,Very Small,0.8105730414390564,0.1780691146850586,0.009560966864228249,0.001796904020011425
2025-09-05/IMG_1120.JPG,Very Small,Very Small,0.9996603727340698,0.00033959190477617085,1.8696640680104792e-08,1.643858937860898e-09
2025-09-05/IMG_1536.JPG,Small,Small,0.16373111307621002,0.8194155693054199,0.01629376970231533,0.0005595657275989652
2025-08-07/IMG_9256.JPG,Small,Small,0.3585067689418793,0.6373155117034912,0.004040282219648361,0.00013745127944275737
2025-08-22/IMG_9798.JPG,Medium,Medium,4.020852065877989e-05,0.029572635889053345,0.9677864909172058,0.0026005932595580816
2025-08-22/IMG_9830.JPG,Large,Large,0.0006156632443889976,0.0029582050628960133,0.05706999450922012,0.9393561482429504
2025-08-07/IMG_9455.JPG,Small,Small,0.0007477666367776692,0.9302774667739868,0.06872866302728653,0.00024607658269815147
2025-08-22/IMG_9991.JPG,Very Small,Very Small,0.83745938539505,0.15570968389511108,0.006021044682711363,0.000809867458883673
2025-08-22/IMG_0113.JPG,Small,Small,0.23709972202777863,0.6729620695114136,0.0848797932267189,0.0050584408454597
2025-09-05/IMG_0946.JPG,Medium,Medium,0.00025082810316234827,0.06536004692316055,0.9220484495162964,0.012340600602328777
2025-09-05/IMG_1487.JPG,Medium,Medium,0.0008339437772519886,0.3775559961795807,0.6181546449661255,0.0034553715959191322
2025-08-22/IMG_0001.JPG,Very Small,Very Small,0.8705384731292725,0.12761066854000092,0.0017538940301164985,9.692773892311379e-05
2025-09-05/IMG_1384.JPG,Medium,Medium,0.00012439633428584784,0.4224547743797302,0.5772864818572998,0.00013428072270471603
2025-08-07/IMG_9180.JPG,Small,Very Small,0.6874580979347229,0.27692025899887085,0.028286289423704147,0.007335389964282513
2025-08-07/IMG_9263.JPG,Small,Small,0.05102221295237541,0.9144200682640076,0.03381373733282089,0.0007439415785484016
2025-09-05/IMG_0891.JPG,Very Small,Very Small,0.9970480799674988,0.0029503731057047844,1.4619973853768897e-06,1.0757001689398749e-07
2025-08-22/IMG_9751.JPG,Medium,Medium,2.306209171365481e-05,0.003985026851296425,0.9068370461463928,0.0891549214720726
2025-09-05/IMG_1542.JPG,Small,Very Small,0.6912890076637268,0.30309587717056274,0.005275294184684753,0.00033986865309998393
2025-09-29/IMG_1712.JPG,Small,Small,0.011844233609735966,0.8464118838310242,0.14019182324409485,0.001552058500237763
2025-08-22/IMG_0010.JPG,Small,Small,0.3158041536808014,0.6626790761947632,0.020733926445245743,0.0007828581728972495
2025-08-22/IMG_0070.JPG,Small,Small,0.10797605663537979,0.8014833927154541,0.08668990433216095,0.0038506637793034315
2025-09-29/IMG_1933.JPG,Very Small,Very Small,0.849660336971283,0.14475728571414948,0.004981081001460552,0.0006013016682118177
2025-08-22/IMG_9920.JPG,Very Small,Very Small,0.8329874873161316,0.16249199211597443,0.004005718976259232,0.0005148129421286285
2025-08-07/IMG_9199.JPG,Small,Small,0.0014596652472391725,0.7853972315788269,0.21255385875701904,0.0005892686895094812
2025-08-07/IMG_9689.JPG,Large,Large,0.0003750259638763964,0.002556708874180913,0.09806355088949203,0.8990046381950378
2025-09-05/IMG_1286.JPG,Medium,Medium,0.022284463047981262,0.4636228680610657,0.46406635642051697,0.05002635344862938
2025-08-22/IMG_9940.JPG,Small,Small,0.3963083028793335,0.5439550876617432,0.054698873311281204,0.005037792958319187
2025-09-05/IMG_1532.JPG,Very Small,Very Small,0.7127479910850525,0.2743455171585083,0.011257759295403957,0.001648662961088121
2025-09-05/IMG_1410.JPG,Medium,Medium,0.00010236963862553239,0.06265249103307724,0.9324597120285034,0.0047854408621788025
2025-09-05/IMG_1377.JPG,Small,Small,0.005096788052469492,0.9810816049575806,0.013814939185976982,6.617303370148875e-06
2025-08-07/IMG_9141.JPG,Very Small,Very Small,0.8778418898582458,0.11293991655111313,0.007253624033182859,0.0019645781721919775
2025-09-05/IMG_1273.JPG,Very Small,Very Small,0.8944077491760254,0.10129351913928986,0.0037426031194627285,0.000556129147298634
2025-09-29/IMG_1887.JPG,Small,Small,0.020733866840600967,0.7534657120704651,0.21167106926441193,0.014129368588328362
2025-08-22/IMG_0048.JPG,Small,Small,0.07802868634462357,0.791904628276825,0.12182579934597015,0.008240829221904278
2025-08-07/IMG_9606.JPG,Medium,Medium,3.521158578223549e-05,0.06471175700426102,0.9290139079093933,0.006239159498363733
2025-09-05/IMG_1578.JPG,Small,Small,0.22666601836681366,0.4563405513763428,0.22568488121032715,0.09130854904651642
2025-09-29/IMG_1848.JPG,Medium,Medium,0.00014717667363584042,0.1362835317850113,0.8365936875343323,0.026975587010383606
2025-08-22/IMG_0130.JPG,Very Small,Very Small,0.9952113032341003,0.004771670326590538,1.4328586985357106e-05,2.6856021122512175e-06
2025-09-05/IMG_1411.JPG,Very Small,Very Small,0.9931082725524902,0.006887652911245823,3.7506003991438774e-06,2.3615282884748012e-07
2025-08-22/IMG_0088.JPG,Small,Small,0.1357787698507309,0.7739891409873962,0.08582518994808197,0.004406946245580912
2025-08-22/IMG_0300.JPG,Small,Very Small,0.6058650612831116,0.3917156457901001,0.0022966181859374046,0.00012264690303709358
2025-09-29/IMG_1763.JPG,Medium,Medium,0.0013178103836253285,0.24244046211242676,0.7482609152793884,0.00798081699758768
2025-08-22/IMG_9840.JPG,Medium,Medium,0.0008981287246569991,0.1804172545671463,0.7879387140274048,0.030745938420295715
2025-08-07/IMG_9457.JPG,Small,Small,0.3538050949573517,0.6447051763534546,0.0014002490788698196,8.948727190727368e-05
2025-08-22/IMG_0166.JPG,Very Small,Very Small,0.8870336413383484,0.11199010908603668,0.0009036376723088324,7.255633681779727e-05
2025-09-05/IMG_0912.JPG,Very Small,Very Small,0.8944053649902344,0.10519129782915115,0.0003744483401533216,2.89470081042964e-05
2025-08-22/IMG_9960.JPG,Very Small,Very Small,0.8341400027275085,0.1642271876335144,0.0015509224031120539,8.188053470803425e-05
2025-09-05/IMG_1592.JPG,Small,Small,0.033731263130903244,0.7622986435890198,0.18246999382972717,0.021500132977962494
2025-09-05/IMG_0983.JPG,Very Small,Small,0.4231330156326294,0.5565645694732666,0.018822362646460533,0.0014799954369664192
2025-08-22/IMG_0013.JPG,Very Small,Very Small,0.7905929684638977,0.1976148635149002,0.01002156175673008,0.001770645729266107
2025-09-05/IMG_0843.JPG,Very Small,Very Small,0.9824045300483704,0.017585184425115585,9.66079915087903e-06,6.252795401451294e-07
2025-09-05/IMG_0947.JPG,Medium,Medium,0.03619563579559326,0.3376322090625763,0.41836005449295044,0.2078121453523636
2025-08-07/IMG_9598.JPG,Small,Small,0.04083739221096039,0.8912096619606018,0.0666777491569519,0.0012752196053043008
2025-08-07/IMG_9138.JPG,Very Small,Small,0.24249666929244995,0.7256031632423401,0.03009803593158722,0.0018021075520664454
2025-08-07/IMG_9406.JPG,Medium,Medium,0.0019280409906059504,0.07445760816335678,0.8673905730247498,0.0562237985432148
2025-08-22/IMG_9886.JPG,Small,Small,0.005685193929821253,0.7552337646484375,0.23700514435768127,0.0020758691243827343
2025-09-05/IMG_1412.JPG,Medium,Medium,5.1636907301144674e-05,0.010353549383580685,0.9565747976303101,0.03301997855305672
2025-08-22/IMG_0283.JPG,Very Small,Very Small,0.9723576307296753,0.027631694450974464,9.962230251403525e-06,7.19995227882464e-07
2025-09-05/IMG_1261.JPG,Medium,Small,0.060334768146276474,0.7637987732887268,0.16251224279403687,0.013354179449379444
2025-08-22/IMG_0186.JPG,Medium,Medium,0.011143362149596214,0.27266934514045715,0.6771113276481628,0.03907594829797745
2025-09-05/IMG_1351.JPG,Medium,Medium,0.005261803511530161,0.29915478825569153,0.6466040015220642,0.0489795058965683
2025-09-05/IMG_1414.JPG,Very Small,Very Small,0.9723667502403259,0.027591602876782417,3.953971099690534e-05,2.143412302757497e-06
2025-09-29/IMG_1778.JPG,Very Small,Very Small,0.9989620447158813,0.0010377372382208705,2.0967893021861528e-07,1.767529411722535e-08
2025-09-29/IMG_1681.JPG,Medium,Medium,1.3151574194125715e-06,0.0044557792134583,0.9917669892311096,0.003775971941649914
2025-08-07/IMG_9488.JPG,Small,Small,0.003098220331594348,0.9723742008209229,0.024491168558597565,3.6373137845657766e-05
2025-08-07/IMG_9596.JPG,Medium,Medium,0.00043679994996637106,0.01841306872665882,0.8568031191825867,0.12434692680835724
2025-09-29/IMG_1787.JPG,Very Small,Very Small,0.9889143109321594,0.011072441935539246,1.2078892723366152e-05,1.2775903996953275e-06
2025-09-05/IMG_0919.JPG,Small,Small,0.03518987074494362,0.9557344913482666,0.008999034762382507,7.655425724806264e-05
2025-08-07/IMG_9685.JPG,Medium,Medium,0.0001901508803712204,0.02232884243130684,0.885574221611023,0.09190677851438522
2025-08-07/IMG_9115.JPG,Small,Small,0.14556434750556946,0.8184095621109009,0.034779973328113556,0.0012461765436455607
2025-09-05/IMG_0973.JPG,Very Small,Very Small,0.656234622001648,0.3128758668899536,0.026130110025405884,0.004759324714541435
2025-08-07/IMG_9464.JPG,Medium,Medium,0.00018884828023146838,0.09033674746751785,0.9061023592948914,0.0033720971550792456
2025-08-07/IMG_9431.JPG,Very Small,Very Small,0.9998500347137451,0.00014995704987086356,5.703536531953546e-10,2.556359637861938e-11
2025-08-07/IMG_9239.JPG,Small,Small,0.011588667519390583,0.9677478671073914,0.020360665395855904,0.00030285082175396383
2025-09-05/IMG_1246.JPG,Small,Small,0.03419874235987663,0.8422756195068359,0.11618192493915558,0.007343715988099575
2025-09-05/IMG_1580.JPG,Small,Small,0.08561451733112335,0.8094117045402527,0.09374024718999863,0.011233480647206306
2025-09-29/IMG_1885.JPG,Very Small,Very Small,0.8090984225273132,0.14449775218963623,0.028107790276408195,0.018296003341674805
2025-09-05/IMG_1051.JPG,Very Small,Very Small,0.747098982334137,0.2363368570804596,0.013460655696690083,0.0031034150160849094
2025-09-05/IMG_1112.JPG,Very Small,Very Small,0.9855668544769287,0.014424443244934082,8.2577562352526e-06,4.2568279923216323e-07
2025-09-05/IMG_1257.JPG,Small,Small,0.04217180609703064,0.7723546624183655,0.1747361272573471,0.010737459175288677
2025-09-05/IMG_1386.JPG,Small,Small,0.0018702412489801645,0.9854751825332642,0.012638971209526062,1.5658761185477488e-05
2025-08-07/IMG_9476.JPG,Small,Small,0.002217458561062813,0.9650709629058838,0.032667215913534164,4.437270763446577e-05
2025-08-22/IMG_0099.JPG,Very Small,Very Small,0.5642208456993103,0.37037450075149536,0.0560440868139267,0.00936056673526764
2025-08-22/IMG_0227.JPG,Small,Small,0.42949092388153076,0.5670971870422363,0.003252069465816021,0.00015991063264664263
2025-08-22/IMG_9850.JPG,Medium,Medium,9.893491369439289e-05,0.11353540420532227,0.8797264695167542,0.006639257073402405
2025-08-07/IMG_9574.JPG,Large,Large,0.0009255804470740259,0.007817547768354416,0.23650535941123962,0.7547515630722046
2025-09-05/IMG_1564.JPG,Very Small,Very Small,0.5851094126701355,0.4013088047504425,0.01234339363873005,0.001238413737155497
2025-08-22/IMG_9897.JPG,Small,Small,0.12512272596359253,0.8653480410575867,0.009433949366211891,9.519844024907798e-05
2025-09-05/IMG_0867.JPG,Medium,Medium,6.509231752716005e-05,0.012264902703464031,0.9699857234954834,0.017684321850538254
2025-08-22/IMG_9760.JPG,Small,Small,0.0030460769776254892,0.718058168888092,0.2780154049396515,0.0008803799282759428
2025-09-05/IMG_1424.JPG,Small,Small,0.0033880085684359074,0.9588191509246826,0.037775490432977676,1.74262240761891e-05
2025-09-05/IMG_0836.JPG,Very Small,Very Small,0.8403998017311096,0.15947172045707703,0.00012524641351774335,3.1983249755285215e-06
2025-09-05/IMG_1472.JPG,Large,Medium,0.0004485851968638599,0.014178385026752949,0.4940222203731537,0.49135082960128784
2025-08-07/IMG_9218.JPG,Small,Small,0.006555088330060244,0.50713711977005,0.4707999527454376,0.015507787466049194
2025-08-07/IMG_9116.JPG,Small,Small,0.22311770915985107,0.7359501123428345,0.03907625749707222,0.0018558676820248365
2025-08-22/IMG_9733.JPG,Small,Small,0.19932155311107635,0.7635058164596558,0.03454085439443588,0.002631758339703083
2025-09-05/IMG_1084.JPG,Small,Small,0.009411771781742573,0.896793007850647,0.09313763678073883,0.0006576281157322228
2025-08-22/IMG_9945.JPG,Very Small,Very Small,0.7282677292823792,0.2650134861469269,0.006320219952613115,0.0003985283547081053
2025-08-22/IMG_0042.JPG,Medium,Small,0.07920247316360474,0.6169502139091492,0.27861666679382324,0.025230688974261284
2025-08-22/IMG_0197.JPG,Small,Small,0.048449113965034485,0.8764037489891052,0.07259904593229294,0.002548050135374069
2025-09-05/IMG_1248.JPG,Small,Small,0.055861737579107285,0.7855153679847717,0.14868979156017303,0.009933140128850937
2025-08-07/IMG_9646.JPG,Large,Large,0.0013277794932946563,0.015278064645826817,0.2967028319835663,0.6866912245750427
2025-08-07/IMG_9698.JPG,Large,Large,0.006660731974989176,0.018498150631785393,0.16448593139648438,0.8103551864624023
2025-08-07/IMG_9174.JPG,Small,Small,0.13816145062446594,0.7455461621284485,0.10442198812961578,0.011870475485920906
2025-08-07/IMG_9625.JPG,Large,Large,0.0007421536720357835,0.008149133063852787,0.23724080622196198,0.7538679242134094
2025-09-05/IMG_0925.JPG,Very Small,Very Small,0.8398028016090393,0.15983958542346954,0.00033548809005878866,2.2083555450080894e-05
2025-08-22/IMG_9786.JPG,Medium,Small,0.0023015623446553946,0.6249604821205139,0.3718636631965637,0.0008743029902689159
2025-08-07/IMG_9421.JPG,Small,Small,0.155264213681221,0.8384241461753845,0.006093769334256649,0.00021790580649394542
2025-08-07/IMG_9460.JPG,Small,Small,0.056296415627002716,0.9341560006141663,0.00948401726782322,6.360039697028697e-05
2025-09-29/IMG_1904.JPG,Very Small,Small,0.12549751996994019,0.5165872573852539,0.27564242482185364,0.08227279782295227
2025-09-05/IMG_1457.JPG,Small,Small,0.40245378017425537,0.5907672643661499,0.0066813318990170956,9.769268217496574e-05
2025-09-05/IMG_1115.JPG,Medium,Medium,4.755865575134521e-06,0.006008349824696779,0.9899780750274658,0.004008806310594082
2025-08-22/IMG_9954.JPG,Very Small,Very Small,0.8788043856620789,0.11890647560358047,0.002098028315231204,0.00019101590442005545
2025-09-05/IMG_1241.JPG,Medium,Medium,0.0006578571628779173,0.27412039041519165,0.7160418033599854,0.009179986082017422
2025-09-05/IMG_1576.JPG,Very Small,Very Small,0.7218829989433289,0.24634410440921783,0.0247635580599308,0.007009388878941536
2025-09-05/IMG_1020.JPG,Small,Small,0.011968644335865974,0.857712984085083,0.12446478754281998,0.005853557959198952
2025-08-22/IMG_9792.JPG,Very Small,Very Small,0.9994807839393616,0.0005191934760659933,1.617145350962801e-08,9.940275269570975e-10
2025-09-05/IMG_1198.JPG,Very Small,Very Small,0.792134702205658,0.20716623961925507,0.0006712992326356471,2.7799434974440373e-05
2025-09-05/IMG_1492.JPG,Small,Medium,0.0010467334650456905,0.2895109951496124,0.6959743499755859,0.013467945158481598
2025-09-05/IMG_1125.JPG,Medium,Medium,0.0002673198760021478,0.14282108843326569,0.854205310344696,0.0027063158340752125
2025-09-05/IMG_1302.JPG,Small,Small,0.027773603796958923,0.8524397611618042,0.11464625597000122,0.0051404251717031
2025-09-29/IMG_1755.JPG,Medium,Medium,0.0004584253183566034,0.321377694606781,0.6762354969978333,0.001928392332047224
2025-09-29/IMG_1950.JPG,Very Small,Very Small,0.8315516114234924,0.14574894309043884,0.01681826449930668,0.00588110601529479
2025-08-22/IMG_0259.JPG,Very Small,Very Small,0.9892559051513672,0.010741732083261013,2.2451554286817554e-06,1.5883844639574818e-07
2025-09-29/IMG_1853.JPG,Very Small,Very Small,0.8482337594032288,0.14360783994197845,0.0069685629568994045,0.0011898089433088899
2025-09-29/IMG_1857.JPG,Very Small,Very Small,0.673442542552948,0.3181666135787964,0.007803651969879866,0.0005871711182408035
2025-09-05/IMG_1035.JPG,Very Small,Very Small,0.4987621009349823,0.4527308940887451,0.043086130172014236,0.005420872010290623
2025-09-29/IMG_1849.JPG,Small,Medium,0.10639896988868713,0.26880982518196106,0.3533240258693695,0.2714672088623047
2025-08-07/IMG_9144.JPG,Very Small,Very Small,0.4906706213951111,0.4778217077255249,0.027820589020848274,0.0036870818585157394
2025-09-05/IMG_0939.JPG,Small,Small,0.0014209072105586529,0.8037545084953308,0.1930766999721527,0.001747849746607244
2025-09-05/IMG_0903.JPG,Small,Medium,0.0006821187562309206,0.24389193952083588,0.7340416312217712,0.021384306252002716
2025-09-05/IMG_1387.JPG,Medium,Medium,0.000221931841224432,0.012671287171542645,0.8348343968391418,0.15227238833904266
2025-09-05/IMG_0808.JPG,Very Small,Very Small,0.9923092126846313,0.007688066456466913,2.636959607116296e-06,1.4523818947509426e-07
2025-09-05/IMG_1469.JPG,Very Small,Very Small,0.9018684029579163,0.09804808348417282,8.159870048984885e-05,1.949566694747773e-06
2025-09-29/IMG_1902.JPG,Small,Small,0.24707308411598206,0.6776638031005859,0.06707656383514404,0.00818652380257845
2025-08-07/IMG_9713.JPG,Large,Large,0.000694350921548903,0.004364883992820978,0.1320476531982422,0.8628931641578674
2025-08-22/IMG_0177.JPG,Very Small,Very Small,0.8292911052703857,0.16985318064689636,0.0008102486026473343,4.545977935777046e-05
2025-08-22/IMG_9866.JPG,Small,Small,0.013727404177188873,0.9733134508132935,0.012892118655145168,6.702166865579784e-05
2025-09-29/IMG_1725.JPG,Small,Small,0.0032571153715252876,0.9882597923278809,0.008475861512124538,7.186337825260125e-06
2025-09-29/IMG_1758.JPG,Small,Small,0.16637180745601654,0.8300384879112244,0.0035635321401059628,2.625512206577696e-05
2025-08-22/IMG_0027.JPG,Small,Small,0.013019268400967121,0.9080094695091248,0.0776004046201706,0.0013709452468901873
2025-08-22/IMG_9975.JPG,Small,Very Small,0.7437422871589661,0.2499571144580841,0.005846240557730198,0.0004544634139165282
2025-09-05/IMG_0811.JPG,Medium,Medium,0.00017615217075217515,0.006914533209055662,0.8553215265274048,0.137587770819664
2025-09-05/IMG_1326.JPG,Medium,Small,0.03726585954427719,0.689339280128479,0.24507693946361542,0.02831798605620861
2025-09-05/IMG_1356.JPG,Medium,Medium,0.0017296269070357084,0.4133361577987671,0.5811451077461243,0.0037890810053795576
2025-08-22/IMG_0051.JPG,Very Small,Very Small,0.7775459289550781,0.1836620569229126,0.02586647868156433,0.012925569899380207
2025-08-22/IMG_0109.JPG,Small,Small,0.30642470717430115,0.6372588872909546,0.052517931908369064,0.003798489458858967
2025-09-05/IMG_0882.JPG,Small,Small,0.039101723581552505,0.9542419910430908,0.006631181109696627,2.5069470211747102e-05
2025-08-07/IMG_9583.JPG,Medium,Medium,0.0065759471617639065,0.054170165210962296,0.4713716506958008,0.4678822457790375
2025-08-22/IMG_0237.JPG,Very Small,Very Small,0.748071014881134,0.24539496004581451,0.005858886521309614,0.0006750753382220864
2025-09-05/IMG_1506.JPG,Small,Small,0.0005398583598434925,0.7849003672599792,0.21429963409900665,0.00026014013565145433
2025-08-22/IMG_0286.JPG,Very Small,Very Small,0.9909400939941406,0.00900768581777811,4.252609141985886e-05,9.70325436355779e-06
2025-09-05/IMG_1504.JPG,Medium,Medium,0.0003631041035987437,0.19083328545093536,0.799821674823761,0.008981944993138313
2025-08-07/IMG_9226.JPG,Small,Small,0.16071836650371552,0.8332769274711609,0.005893114488571882,0.00011155645188409835
2025-09-05/IMG_1567.JPG,Very Small,Very Small,0.9056176543235779,0.09104055166244507,0.0028490149416029453,0.0004927552654407918
2025-08-07/IMG_9181.JPG,Small,Small,0.020189160481095314,0.8178569078445435,0.15343740582466125,0.008516515605151653
2025-09-05/IMG_1586.JPG,Very Small,Very Small,0.6352651119232178,0.3418636620044708,0.0201540756970644,0.002717173658311367
2025-08-22/IMG_9884.JPG,Medium,Medium,0.006501079071313143,0.12065008282661438,0.5658184885978699,0.3070303797721863
2025-09-05/IMG_1447.JPG,Medium,Medium,0.001952062244527042,0.25350338220596313,0.7270790934562683,0.017465397715568542
2025-09-29/IMG_1892.JPG,Medium,Medium,0.003801808226853609,0.3722645044326782,0.5473711490631104,0.07656250894069672
2025-08-22/IMG_0178.JPG,Very Small,Very Small,0.9804190993309021,0.019502637907862663,7.114805339369923e-05,7.125815500330646e-06
2025-08-07/IMG_9474.JPG,Small,Small,0.0019490220583975315,0.885387122631073,0.11228863894939423,0.00037520157638937235
2025-09-05/IMG_0962.JPG,Medium,Small,0.002646876033395529,0.633833646774292,0.35989415645599365,0.0036252986174076796
2025-08-22/IMG_0124.JPG,Very Small,Very Small,0.9819886684417725,0.01784057728946209,0.0001421233027940616,2.865677743102424e-05
2025-09-05/IMG_0807.JPG,Medium,Medium,7.25132049410604e-05,0.09234219044446945,0.9064878821372986,0.0010974295437335968
2025-08-07/IMG_9693.JPG,Medium,Medium,2.6252319003106095e-05,0.025315092876553535,0.972358763217926,0.002299913903698325
2025-09-05/IMG_1380.JPG,Medium,Medium,5.38125132152345e-05,0.011904805898666382,0.9489849805831909,0.039056360721588135
2025-08-22/IMG_9966.JPG,Very Small,Very Small,0.6224175691604614,0.36962440609931946,0.007528293877840042,0.0004297523992136121
2025-08-07/IMG_9517.JPG,Small,Small,0.013292990624904633,0.879502534866333,0.10482300817966461,0.002381445374339819
2025-09-05/IMG_1064.JPG,Very Small,Very Small,0.5163931846618652,0.43389010429382324,0.04210283234715462,0.007613869849592447
2025-08-07/IMG_9468.JPG,Small,Small,0.011541614308953285,0.9592390656471252,0.029103249311447144,0.00011604899191297591
2025-09-05/IMG_1268.JPG,Small,Small,0.07989443838596344,0.8591125011444092,0.05887432023882866,0.0021187802776694298
2025-09-05/IMG_1598.JPG,Small,Small,0.22943444550037384,0.7309651374816895,0.036681175231933594,0.0029192129150032997
2025-09-05/IMG_1500.JPG,Small,Small,0.00977883581072092,0.9597042798995972,0.03032340668141842,0.00019351404625922441
2025-09-05/IMG_1167.JPG,Very Small,Very Small,0.9864217042922974,0.013568589463829994,9.299040357291233e-06,4.7075809561647475e-07
2025-09-29/IMG_1748.JPG,Very Small,Very Small,0.9976031184196472,0.0023964284919202328,5.122561219650379e-07,4.746885906570242e-08
2025-08-22/IMG_9900.JPG,Small,Small,0.05762455239892006,0.9407228231430054,0.001642594812437892,1.0020269655797165e-05
2025-08-07/IMG_9705.JPG,Large,Large,0.010258059948682785,0.054528526961803436,0.35949498414993286,0.5757184624671936
2025-09-05/IMG_0839.JPG,Small,Small,0.12348521500825882,0.8614882826805115,0.014792758040130138,0.00023371136921923608
2025-09-05/IMG_0910.JPG,Very Small,Very Small,0.9992326498031616,0.0007672389619983733,7.110750033234581e-08,3.4524776371114285e-09
2025-08-07/IMG_9660.JPG,Large,Large,0.0009222468943335116,0.012997212819755077,0.35141631960868835,0.6346642971038818
2025-09-05/IMG_1045.JPG,Medium,Small,0.09799294918775558,0.7501689195632935,0.1409045308828354,0.010933546349406242
2025-08-07/IMG_9447.JPG,Very Small,Very Small,0.9981980919837952,0.0018019858980551362,5.2734762334694096e-08,3.218805222360288e-09
2025-08-07/IMG_9473.JPG,Very Small,Very Small,0.8935673236846924,0.10630212724208832,0.0001228382025146857,7.702887160121463e-06
2025-08-22/IMG_9988.JPG,Small,Small,0.3635759949684143,0.6200771927833557,0.015629323199391365,0.0007175435894168913
2025-08-22/IMG_0294.JPG,Medium,Medium,0.005839244462549686,0.3440623879432678,0.6341899037361145,0.015908485278487206
2025-09-29/IMG_1767.JPG,Small,Small,0.002173186745494604,0.8522996306419373,0.14517098665237427,0.00035625367308966815
2025-08-07/IMG_9544.JPG,Large,Large,0.07604579627513885,0.13509602844715118,0.33106979727745056,0.4577884078025818
2025-08-22/IMG_9987.JPG,Very Small,Very Small,0.7875553369522095,0.20925986766815186,0.003031413769349456,0.00015333155170083046
2025-09-05/IMG_1568.JPG,Small,Small,0.12876686453819275,0.8345612287521362,0.03519279509782791,0.0014791102148592472
2025-09-29/IMG_1916.JPG,Very Small,Very Small,0.8479931950569153,0.13195477426052094,0.014336220920085907,0.005715828388929367
2025-08-07/IMG_9714.JPG,Large,Large,0.00022866384824737906,0.0027983880136162043,0.10500665754079819,0.8919662237167358
2025-08-22/IMG_9803.JPG,Medium,Medium,7.524360989918932e-05,0.0324871689081192,0.9630094766616821,0.0044281138107180595
2025-09-05/IMG_1138.JPG,Small,Small,0.05394233018159866,0.9436426758766174,0.0024097436107695103,5.136132585903397e-06
2025-09-05/IMG_1210.JPG,Very Small,Very Small,0.9918771982192993,0.008114386349916458,7.873359209042974e-06,4.71528807111099e-07
2025-08-22/IMG_9808.JPG,Very Small,Very Small,0.9999334812164307,6.65386178297922e-05,2.0525769972579155e-10,6.895637706672009e-12
2025-09-05/IMG_1267.JPG,Small,Small,0.014416182413697243,0.8239729404449463,0.1566658914089203,0.0049449666403234005
2025-09-29/IMG_1693.JPG,Medium,Small,0.00035417862818576396,0.5064690113067627,0.49261003732681274,0.0005667784134857357
2025-08-22/IMG_9985.JPG,Very Small,Very Small,0.8222593665122986,0.17337971925735474,0.004036640282720327,0.00032428628765046597
2025-09-05/IMG_1225.JPG,Small,Small,0.0058717550709843636,0.9603074193000793,0.03348977491259575,0.00033103959867730737
2025-08-07/IMG_9434.JPG,Small,Small,0.005537793505936861,0.8516789674758911,0.14223486185073853,0.0005483945133164525
2025-08-07/IMG_9681.JPG,Large,Large,0.0002644028572831303,0.003960736095905304,0.13576027750968933,0.8600145578384399
2025-09-05/IMG_1098.JPG,Small,Small,0.04348718374967575,0.9131261706352234,0.04266941547393799,0.0007172710029408336
2025-09-05/IMG_1503.JPG,Medium,Medium,0.0002660398022271693,0.2894503176212311,0.7060061097145081,0.0042775473557412624
2025-09-05/IMG_1293.JPG,Small,Small,0.055714186280965805,0.7023049592971802,0.20921382308006287,0.03276703879237175
2025-09-29/IMG_1738.JPG,Medium,Medium,2.7660986233968288e-05,0.13818977773189545,0.861410915851593,0.00037169974530115724
2025-09-05/IMG_1234.JPG,Small,Small,0.001454465906135738,0.6842432022094727,0.3106624186038971,0.0036399851087480783
2025-09-05/IMG_0874.JPG,Small,Small,0.03214400261640549,0.9614677429199219,0.006357474252581596,3.079959060414694e-05
2025-09-05/IMG_1584.JPG,Very Small,Very Small,0.5145130753517151,0.44062507152557373,0.03996489942073822,0.004896967206150293
2025-08-22/IMG_9996.JPG,Small,Very Small,0.7973572611808777,0.20079657435417175,0.0017785878153517842,6.759406824130565e-05
2025-08-22/IMG_9911.JPG,Small,Small,0.197097510099411,0.7853460907936096,0.017039459198713303,0.0005170057993382215
2025-09-05/IMG_1023.JPG,Small,Very Small,0.5406813025474548,0.4442960023880005,0.013933663256466389,0.0010890666162595153
2025-08-07/IMG_9243.JPG,Very Small,Very Small,0.9935067892074585,0.0064894407987594604,3.5324694636074128e-06,2.0021602153974527e-07
2025-09-29/IMG_1838.JPG,Small,Small,0.0025643371045589447,0.824120283126831,0.1682899445295334,0.0050254398956894875
2025-08-07/IMG_9585.JPG,Large,Medium,0.00633857399225235,0.054304175078868866,0.4811907112598419,0.45816656947135925
2025-09-29/IMG_1941.JPG,Very Small,Very Small,0.8644645810127258,0.1251421570777893,0.008338346146047115,0.0020548817701637745
2025-09-29/IMG_1694.JPG,Very Small,Very Small,0.9953418970108032,0.004657738376408815,3.76116418010497e-07,1.7716624611807674e-08
2025-08-07/IMG_9547.JPG,Small,Small,0.14962100982666016,0.7609646320343018,0.07951655238866806,0.009897840209305286
2025-08-22/IMG_9851.JPG,Very Small,Very Small,0.9982890486717224,0.0017108721658587456,1.6283087234114646e-07,6.941505592550357e-09
2025-09-05/IMG_1332.JPG,Small,Small,0.12592445313930511,0.6974880695343018,0.1557314395904541,0.02085607685148716
2025-09-05/IMG_0955.JPG,Small,Small,0.014433539472520351,0.9753995537757874,0.010125651024281979,4.129356602788903e-05
2025-09-05/IMG_1309.JPG,Small,Small,0.026836318895220757,0.8291101455688477,0.13582071661949158,0.00823288131505251
2025-08-22/IMG_0253.JPG,Medium,Medium,8.832588355289772e-05,0.07399468868970871,0.9222866296768188,0.0036304534878581762
2025-09-29/IMG_1671.JPG,Small,Small,0.10317200422286987,0.8828940987586975,0.013334538787603378,0.0005993947270326316
2025-09-29/IMG_1674.JPG,Small,Small,0.007742798887193203,0.9820268750190735,0.01021090243011713,1.943071765708737e-05
2025-09-29/IMG_1731.JPG,Small,Small,0.011227577924728394,0.9802595376968384,0.008485764265060425,2.7166048312210478e-05
2025-08-07/IMG_9709.JPG,Large,Large,0.005770889110863209,0.02552313171327114,0.1968267858028412,0.7718791365623474
2025-09-29/IMG_1679.JPG,Medium,Medium,0.0003102520131506026,0.20944471657276154,0.7878633737564087,0.002381697064265609
2025-09-29/IMG_1745.JPG,Small,Small,0.0006502732285298407,0.7987996935844421,0.20046605169773102,8.39709464344196e-05
2025-09-05/IMG_1449.JPG,Medium,Medium,0.00058800692204386,0.2820286452770233,0.7131083011627197,0.004275042098015547
2025-08-07/IMG_9165.JPG,Very Small,Small,0.3078128397464752,0.637017011642456,0.0502946563065052,0.00487545458599925
2025-09-05/IMG_1162.JPG,Small,Medium,0.0010535536566749215,0.3549683094024658,0.6424654126167297,0.0015127627411857247
2025-09-05/IMG_1269.JPG,Small,Small,0.0331806056201458,0.9009107351303101,0.06382700800895691,0.002081683138385415
2025-09-05/IMG_1575.JPG,Small,Small,0.05361223220825195,0.8653603792190552,0.07651155441999435,0.004515829961746931
2025-08-07/IMG_9237.JPG,Medium,Medium,0.000910234812181443,0.022828537970781326,0.6834262609481812,0.29283493757247925
2025-09-29/IMG_1914.JPG,Very Small,Very Small,0.9010361433029175,0.09534814208745956,0.0031525101512670517,0.0004631428746506572
2025-08-22/IMG_9955.JPG,Very Small,Very Small,0.9314873218536377,0.0674433559179306,0.0009836917743086815,8.560468268115073e-05
2025-08-22/IMG_0025.JPG,Small,Small,0.07126805931329727,0.8864777684211731,0.04117152467370033,0.0010826056823134422
2025-09-05/IMG_1007.JPG,Small,Small,0.1139436736702919,0.7649104595184326,0.10593722015619278,0.015208614990115166
2025-08-22/IMG_0089.JPG,Medium,Medium,0.019412314519286156,0.3847079873085022,0.5619349479675293,0.033944714814424515
2025-09-29/IMG_1873.JPG,Small,Small,0.021511465311050415,0.7588165998458862,0.20458726584911346,0.015084702521562576
2025-09-05/IMG_1455.JPG,Very Small,Very Small,0.999715268611908,0.0002846536226570606,1.1070101280097333e-08,4.748220150396776e-10
2025-08-07/IMG_9652.JPG,Large,Large,0.0002694205322768539,0.003755660727620125,0.26127079129219055,0.7347041368484497
2025-08-07/IMG_9157.JPG,Small,Small,0.02500835619866848,0.9234707355499268,0.050407279282808304,0.0011136212851852179
2025-09-05/IMG_1230.JPG,Small,Small,0.0027845350559800863,0.9679780602455139,0.029068350791931152,0.0001690395292825997
2025-09-05/IMG_1565.JPG,Very Small,Very Small,0.8516589999198914,0.13717322051525116,0.008902917616069317,0.0022648517042398453
2025-09-05/IMG_1015.JPG,Small,Small,0.022416166961193085,0.8412308692932129,0.12820075452327728,0.008152167312800884
2025-09-05/IMG_1596.JPG,Very Small,Very Small,0.5722404718399048,0.4084962010383606,0.016539031639695168,0.0027243182994425297
2025-08-07/IMG_9462.JPG,Very Small,Very Small,0.9998096823692322,0.00019035143486689776,3.480568944169704e-09,2.5125737601605636e-10
2025-09-05/IMG_1399.JPG,Medium,Medium,0.00019582477398216724,0.14972350001335144,0.8479613661766052,0.002119314158335328
2025-09-05/IMG_1034.JPG,Small,Small,0.22063012421131134,0.7259164452552795,0.04950229451060295,0.003951175604015589
2025-09-05/IMG_1355.JPG,Small,Small,0.23843584954738617,0.742832601070404,0.01831262744963169,0.00041893578600138426
2025-09-29/IMG_1780.JPG,Small,Small,0.012611391954123974,0.81365966796875,0.17141272127628326,0.0023162863217294216
2025-09-29/IMG_1721.JPG,Very Small,Very Small,0.806685209274292,0.19321022927761078,0.00010033729631686583,4.248372079018736e-06
2025-09-05/IMG_1288.JPG,Small,Small,0.029559362679719925,0.7831383943557739,0.17864324152469635,0.008659004233777523
2025-09-29/IMG_1877.JPG,Very Small,Very Small,0.882944643497467,0.10971024632453918,0.006184958852827549,0.0011601588921621442
2025-09-05/IMG_1250.JPG,Very Small,Very Small,0.7935563325881958,0.19238333404064178,0.011881654150784016,0.0021786419674754143
2025-09-29/IMG_1910.JPG,Small,Small,0.10937221348285675,0.8344794511795044,0.04792288690805435,0.008225368335843086
2025-08-07/IMG_9526.JPG,Medium,Large,0.027597401291131973,0.10151290893554688,0.377695232629776,0.49319449067115784
2025-08-22/IMG_0032.JPG,Very Small,Very Small,0.7913839221000671,0.20548146963119507,0.002984329592436552,0.00015019546844996512
2025-08-22/IMG_0110.JPG,Very Small,Very Small,0.4917089641094208,0.42929935455322266,0.07027919590473175,0.008712412789463997
2025-08-07/IMG_9688.JPG,Large,Large,0.00020657012646552175,0.00120595283806324,0.05282067880034447,0.9457668662071228
2025-09-05/IMG_1276.JPG,Medium,Small,0.30689537525177,0.6368834376335144,0.052989207208156586,0.0032319724559783936
2025-08-07/IMG_9145.JPG,Small,Small,0.297162801027298,0.6157453656196594,0.07084665447473526,0.016245171427726746
2025-08-07/IMG_9440.JPG,Very Small,Very Small,0.9911708235740662,0.00882437452673912,4.300988166505704e-06,4.6774869133514585e-07
2025-08-07/IMG_9110.JPG,Small,Small,0.05102304369211197,0.8266919851303101,0.11538556218147278,0.006899477913975716
2025-09-05/IMG_1336.JPG,Small,Small,0.07214891165494919,0.7826657891273499,0.12649084627628326,0.018694434314966202
2025-08-07/IMG_9508.JPG,Small,Small,0.00875906739383936,0.711421549320221,0.2522473633289337,0.027572065591812134
2025-08-07/IMG_9213.JPG,Small,Small,0.029879946261644363,0.9503589272499084,0.019598620012402534,0.00016258466348517686
2025-09-05/IMG_1262.JPG,Very Small,Very Small,0.552427351474762,0.3865066170692444,0.05236614868044853,0.008699856698513031
2025-09-05/IMG_1077.JPG,Small,Small,0.024153834208846092,0.9613381624221802,0.014367087744176388,0.00014092774654272944
2025-09-05/IMG_1111.JPG,Medium,Medium,1.8652680182640324e-06,0.008008169941604137,0.991357684135437,0.0006322427070699632
2025-08-07/IMG_9410.JPG,Very Small,Very Small,0.9959696531295776,0.004029522184282541,8.83505833826348e-07,5.1592738969929997e-08
2025-09-05/IMG_1456.JPG,Small,Small,0.03609737008810043,0.9600478410720825,0.0038373335264623165,1.7515259969513863e-05
2025-08-22/IMG_9937.JPG,Small,Very Small,0.8519442081451416,0.1447790563106537,0.0030058540869504213,0.00027087173657491803
2025-08-22/IMG_9972.JPG,Very Small,Very Small,0.5037063360214233,0.4807044267654419,0.014773827977478504,0.0008154755923897028
2025-09-05/IMG_1468.JPG,Very Small,Very Small,0.9927234053611755,0.007273836527019739,2.6154898478125688e-06,1.7486996739535243e-07
2025-09-29/IMG_1890.JPG,Small,Small,0.055960576981306076,0.7304519414901733,0.18657198548316956,0.027015434578061104
2025-09-05/IMG_1603.JPG,Medium,Medium,0.015154321677982807,0.24585847556591034,0.6324470639228821,0.10654011368751526
2025-09-05/IMG_1065.JPG,Small,Small,0.06925823539495468,0.7387561202049255,0.16494452953338623,0.027041127905249596
2025-09-29/IMG_1819.JPG,Small,Small,0.1447930634021759,0.8539929389953613,0.0012006281176581979,1.3379093616094906e-05
2025-09-05/IMG_0981.JPG,Very Small,Small,0.2781648635864258,0.6587991118431091,0.05846228078007698,0.00457368977367878
2025-09-05/IMG_1445.JPG,Very Small,Very Small,0.9843959808349609,0.015601234510540962,2.741566504482762e-06,4.461929847821011e-08
2025-08-22/IMG_0012.JPG,Very Small,Very Small,0.690922200679779,0.29216861724853516,0.015497126616537571,0.0014120661653578281
2025-08-07/IMG_9485.JPG,Medium,Medium,0.0015346943400800228,0.05046916380524635,0.9109072685241699,0.03708883747458458
2025-08-22/IMG_9938.JPG,Very Small,Very Small,0.8942835927009583,0.10188650339841843,0.0033474888186901808,0.00048248659004457295
2025-08-07/IMG_9401.JPG,Small,Small,0.07723501324653625,0.9024161696434021,0.01998765766620636,0.00036113185342401266
2025-09-29/IMG_1765.JPG,Medium,Medium,0.00033447297755628824,0.39381104707717896,0.6044204831123352,0.0014339563203975558
2025-09-05/IMG_1227.JPG,Small,Small,0.02524520829319954,0.9662846326828003,0.008426910266280174,4.3170144635951146e-05
2025-08-07/IMG_9423.JPG,Very Small,Very Small,0.9739636778831482,0.025751542299985886,0.00023172490182332695,5.302802310325205e-05
2025-08-07/IMG_9216.JPG,Medium,Medium,0.0026356871239840984,0.30190175771713257,0.6839922070503235,0.011470368131995201
2025-08-22/IMG_0129.JPG,Very Small,Very Small,0.9847827553749084,0.015088607557117939,0.000108545325929299,2.0048251826665364e-05
2025-09-05/IMG_1562.JPG,Very Small,Very Small,0.7924383878707886,0.19376768171787262,0.011431715451180935,0.0023622182197868824
2025-08-22/IMG_0055.JPG,Medium,Small,0.10587363690137863,0.6517000198364258,0.21925359964370728,0.023172713816165924
2025-08-22/IMG_0039.JPG,Very Small,Small,0.35086876153945923,0.5946933627128601,0.05034170672297478,0.004096212796866894
2025-08-07/IMG_9611.JPG,Large,Large,0.00027762603713199496,0.002984199207276106,0.08672510087490082,0.9100130796432495
2025-08-22/IMG_0241.JPG,Very Small,Very Small,0.9967023730278015,0.0032970572356134653,4.230025751894573e-07,3.7588609558270036e-08
2025-09-29/IMG_1939.JPG,Very Small,Very Small,0.8849648237228394,0.10579640418291092,0.007344190031290054,0.0018945530755445361
2025-09-05/IMG_1017.JPG,Very Small,Small,0.21927417814731598,0.744888424873352,0.03334980458021164,0.002487553283572197
2025-08-22/IMG_0097.JPG,Very Small,Very Small,0.9069640040397644,0.09128181636333466,0.0016220046672970057,0.000132160828798078
2025-08-07/IMG_9487.JPG,Small,Small,0.06978490203619003,0.9217605590820312,0.00835794024169445,9.663034870754927e-05
2025-08-07/IMG_9160.JPG,Small,Small,0.41937828063964844,0.505972683429718,0.059569574892520905,0.01507947314530611
2025-08-07/IMG_9530.JPG,Small,Small,0.07605920732021332,0.6699970960617065,0.2160360962152481,0.03790756314992905
2025-09-05/IMG_0829.JPG,Small,Small,0.018504809588193893,0.9761878848075867,0.0052689919248223305,3.833305891021155e-05
2025-08-07/IMG_9522.JPG,Small,Small,0.0832940861582756,0.863041877746582,0.05187861621379852,0.0017854643519967794
2025-09-05/IMG_1155.JPG,Small,Small,0.04724496975541115,0.8549619317054749,0.09634851664304733,0.001444588415324688
2025-09-05/IMG_1544.JPG,Very Small,Very Small,0.5737572312355042,0.3033292293548584,0.07546863704919815,0.047444939613342285
2025-08-22/IMG_9822.JPG,Large,Large,0.0007027211249805987,0.002576985629275441,0.054746877402067184,0.9419734477996826
2025-08-07/IMG_9128.JPG,Medium,Small,0.13092373311519623,0.7489928007125854,0.10955382138490677,0.01052964385598898
2025-09-05/IMG_1452.JPG,Very Small,Very Small,0.7511883974075317,0.2473836988210678,0.001373375067487359,5.454582060337998e-05
2025-08-22/IMG_0200.JPG,Small,Small,0.11582822352647781,0.868561327457428,0.01488429307937622,0.0007261698483489454
2025-09-05/IMG_0822.JPG,Small,Small,0.051641810685396194,0.9438909292221069,0.0044369264505803585,3.0317356504383497e-05
2025-08-22/IMG_0203.JPG,Medium,Medium,0.007416414562612772,0.34244009852409363,0.621799886226654,0.028343508020043373
2025-09-05/IMG_1439.JPG,Very Small,Very Small,0.9802272319793701,0.01973944529891014,3.17952835757751e-05,1.5235617638609256e-06
2025-08-07/IMG_9636.JPG,Large,Large,0.0011724256910383701,0.006656530778855085,0.11895542591810226,0.8732156157493591
2025-08-07/IMG_9214.JPG,Small,Small,0.030003027990460396,0.9055953025817871,0.06289426237344742,0.0015073869144544005
2025-08-07/IMG_9132.JPG,Small,Small,0.007690750993788242,0.7909044623374939,0.18997634947299957,0.01142843160778284
2025-09-05/IMG_1348.JPG,Small,Small,0.015069272369146347,0.967173159122467,0.017660703510046005,9.690158913144842e-05
2025-09-05/IMG_1082.JPG,Small,Small,0.006908235140144825,0.6815924644470215,0.3101700246334076,0.0013292670482769608
2025-09-29/IMG_1691.JPG,Medium,Medium,7.089670930326974e-07,0.0014767538523301482,0.9928687214851379,0.005653807893395424
2025-08-07/IMG_9678.JPG,Large,Medium,0.0005480821710079908,0.011375492438673973,0.5673321485519409,0.42074427008628845
2025-09-05/IMG_1453.JPG,Small,Very Small,0.5313582420349121,0.4673527479171753,0.0012708744034171104,1.81307641469175e-05
2025-09-29/IMG_1826.JPG,Small,Small,0.0020328776445239782,0.7863462567329407,0.21112878620624542,0.0004920305218547583
2025-09-05/IMG_1297.JPG,Small,Small,0.1634160727262497,0.8039038181304932,0.031104544177651405,0.0015755672939121723
2025-09-29/IMG_1700.JPG,Small,Small,0.011269067414104939,0.9721499681472778,0.01654818467795849,3.276310962974094e-05
2025-09-05/IMG_0815.JPG,Very Small,Very Small,0.996371865272522,0.0036274658050388098,5.96149448028882e-07,6.191903878516314e-08
2025-08-07/IMG_9671.JPG,Large,Large,0.002848742762580514,0.011530633084475994,0.17962028086185455,0.8060004115104675
2025-09-29/IMG_1705.JPG,Very Small,Very Small,0.9953497052192688,0.004650121089071035,2.440756361465901e-07,4.4679118182955335e-09
2025-09-05/IMG_1585.JPG,Medium,Very Small,0.5641307830810547,0.39354246854782104,0.036055661737918854,0.006271022837609053
2025-08-07/IMG_9518.JPG,Small,Small,0.037733614444732666,0.893098771572113,0.06682948023080826,0.0023380403872579336
2025-08-07/IMG_9235.JPG,Medium,Medium,0.0001163534470833838,0.02220490202307701,0.9527871608734131,0.0248915683478117
2025-09-05/IMG_1346.JPG,Small,Small,0.012942885048687458,0.8041817545890808,0.17174427211284637,0.011131064034998417
2025-09-05/IMG_1163.JPG,Medium,Medium,0.009136572480201721,0.3435983955860138,0.6281092166900635,0.019155781716108322
2025-08-22/IMG_0038.JPG,Small,Small,0.23394596576690674,0.6235007047653198,0.1331765204668045,0.009376779198646545
2025-08-22/IMG_9912.JPG,Small,Very Small,0.7417030334472656,0.2487916350364685,0.008743965066969395,0.0007613442721776664
2025-09-05/IMG_1397.JPG,Very Small,Very Small,0.9561461806297302,0.04379073902964592,5.981823051115498e-05,3.2415794066764647e-06
2025-08-22/IMG_0218.JPG,Small,Small,0.09642720222473145,0.8951497077941895,0.008079325780272484,0.00034387054620310664
2025-09-05/IMG_1189.JPG,Small,Small,0.12303154170513153,0.831394374370575,0.04399435222148895,0.001579752191901207
2025-09-05/IMG_0929.JPG,Large,Large,0.0004059718339703977,0.00567765673622489,0.20742009580135345,0.7864962220191956
2025-08-07/IMG_9532.JPG,Medium,Large,0.000366665335604921,0.008658015169203281,0.43193766474723816,0.5590376257896423
2025-09-05/IMG_1249.JPG,Very Small,Very Small,0.7510367035865784,0.22622865438461304,0.019617093726992607,0.0031175550539046526
2025-09-29/IMG_1777.JPG,Very Small,Very Small,0.997728168964386,0.0022710654884576797,7.152213470362767e-07,6.935108842753834e-08
2025-09-05/IMG_1528.JPG,Small,Small,0.03604365140199661,0.9256500005722046,0.03668557107448578,0.001620805007405579
2025-09-05/IMG_1197.JPG,Very Small,Very Small,0.8706505298614502,0.12920880317687988,0.00013773792306892574,2.9877974156988785e-06
2025-09-05/IMG_0926.JPG,Small,Small,0.008992137387394905,0.9647523760795593,0.025935456156730652,0.00032000639475882053
2025-09-05/IMG_1105.JPG,Medium,Medium,9.682155905466061e-06,0.006108575966209173,0.9807490110397339,0.013132761232554913
2025-08-22/IMG_0046.JPG,Very Small,Very Small,0.7798428535461426,0.21354441344738007,0.0060045477002859116,0.0006081918836571276
2025-09-05/IMG_1582.JPG,Medium,Medium,0.008862894028425217,0.3733128607273102,0.5697429180145264,0.048081256449222565
2025-08-07/IMG_9556.JPG,Very Small,Very Small,0.9536932706832886,0.04603155329823494,0.00025583000387996435,1.936470107466448e-05
2025-09-05/IMG_1254.JPG,Small,Small,0.26298126578330994,0.6803661584854126,0.05264969542622566,0.004002865869551897
2025-08-22/IMG_0255.JPG,Very Small,Very Small,0.9800549745559692,0.019928772002458572,1.4647399439127184e-05,1.5994950217645965e-06
2025-09-29/IMG_1784.JPG,Small,Small,0.002329857088625431,0.8010164499282837,0.19613079726696014,0.0005228865193203092
2025-08-22/IMG_0179.JPG,Very Small,Very Small,0.9965554475784302,0.003443113062530756,1.3163013363737264e-06,9.408064727267629e-08
2025-09-29/IMG_1864.JPG,Small,Small,0.11889766901731491,0.7936798334121704,0.07956025749444962,0.007862272672355175
2025-09-05/IMG_1329.JPG,Small,Small,0.25105419754981995,0.6675630807876587,0.07364000380039215,0.007742736488580704
2025-09-29/IMG_1945.JPG,Very Small,Very Small,0.5613680481910706,0.3765731155872345,0.05106877535581589,0.010990109294652939
2025-08-07/IMG_9264.JPG,Small,Small,0.11539911478757858,0.8121353983879089,0.0657651349902153,0.006700420286506414
2025-08-22/IMG_0229.JPG,Small,Small,0.09306129068136215,0.903216540813446,0.003527345135807991,0.00019493720901664346
2025-08-07/IMG_9454.JPG,Very Small,Very Small,0.9799147248268127,0.020083291456103325,1.8460567616784829e-06,8.37842861756144e-08
2025-09-05/IMG_1218.JPG,Medium,Medium,0.00010110717994393781,0.05813164263963699,0.9295458197593689,0.01222146861255169
2025-09-05/IMG_0805.JPG,Medium,Medium,1.403035184921464e-05,0.0026388047263026237,0.9513754844665527,0.04597163200378418
2025-09-29/IMG_1863.JPG,Very Small,Very Small,0.8596030473709106,0.13546139001846313,0.004318059887737036,0.000617528916336596
2025-09-05/IMG_1076.JPG,Small,Small,0.0012243178207427263,0.5066904425621033,0.4859226644039154,0.006162535864859819
2025-08-07/IMG_9118.JPG,Very Small,Very Small,0.2700249254703522,0.2627522051334381,0.21742090582847595,0.24980194866657257
2025-08-07/IMG_9562.JPG,Medium,Medium,0.018467068672180176,0.44133228063583374,0.4739835262298584,0.06621706485748291
2025-09-05/IMG_1052.JPG,Very Small,Very Small,0.6882098317146301,0.2510852813720703,0.040451131761074066,0.02025376446545124
2025-08-22/IMG_0071.JPG,Very Small,Small,0.3131990134716034,0.6415815353393555,0.04210074618458748,0.0031186197884380817
2025-08-22/IMG_9770.JPG,Medium,Medium,7.363189070019871e-05,0.017578033730387688,0.9677429795265198,0.014605398289859295
2025-09-29/IMG_1678.JPG,Small,Small,0.004638549406081438,0.9828663468360901,0.012478279881179333,1.6860381947481073e-05
2025-09-05/IMG_1465.JPG,Very Small,Very Small,0.9803358912467957,0.019637977704405785,2.429108280921355e-05,1.7831009699875722e-06
2025-08-07/IMG_9228.JPG,Medium,Medium,0.0002864881535060704,0.15325091779232025,0.8430174589157104,0.0034451244864612818
2025-08-07/IMG_9414.JPG,Large,Medium,0.0012989375973120332,0.011057550087571144,0.5198883414268494,0.46775516867637634
2025-08-22/IMG_0161.JPG,Small,Small,0.026440275833010674,0.927200973033905,0.045601945370435715,0.0007568398141302168
2025-09-05/IMG_0826.JPG,Very Small,Very Small,0.9995050430297852,0.0004949925933033228,1.5358434524159748e-08,1.000370231096781e-09
2025-09-05/IMG_1000.JPG,Very Small,Very Small,0.9083961844444275,0.08763693273067474,0.0033589364029467106,0.0006079800659790635
2025-08-22/IMG_9787.JPG,Very Small,Very Small,0.9980583786964417,0.0019413433037698269,2.2292829271464143e-07,1.3269948695437961e-08
2025-09-05/IMG_0932.JPG,Medium,Medium,0.00013487016258295625,0.01031481847167015,0.8730574250221252,0.11649294197559357
2025-09-29/IMG_1895.JPG,Small,Small,0.007702580653131008,0.6920617818832397,0.2743742763996124,0.025861414149403572
2025-08-07/IMG_9604.JPG,Small,Small,0.18009135127067566,0.8108672499656677,0.008936022408306599,0.00010538450442254543
2025-08-22/IMG_9779.JPG,Very Small,Very Small,0.9993707537651062,0.0006292468751780689,1.8673119939194294e-08,1.1340426375738843e-09
2025-09-05/IMG_1213.JPG,Small,Small,0.4768698215484619,0.5211321711540222,0.0019542528316378593,4.37544695159886e-05
2025-09-05/IMG_1359.JPG,Very Small,Very Small,0.9649115204811096,0.03503165766596794,5.3442945500137284e-05,3.367007593624294e-06
2025-08-07/IMG_9555.JPG,Medium,Medium,0.0005036594811826944,0.023683594539761543,0.6178311705589294,0.3579816520214081
2025-08-22/IMG_0247.JPG,Small,Small,0.006066020578145981,0.9525842070579529,0.0407823882997036,0.0005673493142239749
2025-08-07/IMG_9599.JPG,Medium,Medium,0.001001827884465456,0.05361621454358101,0.8826930522918701,0.06268884241580963
2025-09-05/IMG_1482.JPG,Small,Small,0.01984209381043911,0.9760746359825134,0.00406205840408802,2.1213551008258946e-05
2025-08-07/IMG_9140.JPG,Very Small,Very Small,0.9111367464065552,0.08709454536437988,0.0016228251624852419,0.00014590960927307606
2025-09-05/IMG_0897.JPG,Very Small,Very Small,0.9050770401954651,0.0946752056479454,0.0002320404164493084,1.5680852811783552e-05
2025-08-22/IMG_0173.JPG,Very Small,Very Small,0.9447329640388489,0.0551820769906044,8.02616705186665e-05,4.7096073103602976e-06
2025-08-07/IMG_9715.JPG,Medium,Medium,9.90943590295501e-06,0.009338080883026123,0.943760097026825,0.04689185693860054
2025-09-29/IMG_1926.JPG,Very Small,Very Small,0.8803479075431824,0.11228793114423752,0.006102153565734625,0.0012619809713214636
2025-09-05/IMG_1072.JPG,Small,Small,0.14858613908290863,0.7394297122955322,0.09126441180706024,0.02071978896856308
2025-08-22/IMG_9956.JPG,Small,Very Small,0.8556625843048096,0.14045383036136627,0.0034767526667565107,0.00040685967542231083
2025-09-05/IMG_1400.JPG,Small,Small,0.004617746453732252,0.8894698619842529,0.10568635165691376,0.00022602944227401167
2025-09-05/IMG_1295.JPG,Small,Medium,0.013810424134135246,0.24381183087825775,0.5175126194953918,0.22486509382724762
2025-08-07/IMG_9451.JPG,Very Small,Very Small,0.9990296363830566,0.0009703240357339382,3.2917061076886966e-08,1.7121786211049539e-09
2025-09-05/IMG_1371.JPG,Small,Small,0.06603646278381348,0.9124498963356018,0.021430987864732742,8.262106712209061e-05
2025-08-22/IMG_0133.JPG,Small,Small,0.1695823222398758,0.6208609938621521,0.19680771231651306,0.01274892594665289
2025-08-07/IMG_9085.JPG,Very Small,Small,0.39944061636924744,0.43213075399398804,0.09757591038942337,0.07085272669792175
2025-08-07/IMG_9424.JPG,Small,Small,0.006947783753275871,0.5160033702850342,0.47090595960617065,0.006142863072454929
2025-09-05/IMG_0972.JPG,Small,Small,0.25613686442375183,0.6617187261581421,0.0722833201289177,0.009861154481768608
2025-08-22/IMG_0269.JPG,Very Small,Very Small,0.625286340713501,0.37093251943588257,0.003424567636102438,0.0003565749793779105
2025-09-05/IMG_1360.JPG,Very Small,Very Small,0.9595019817352295,0.040468502789735794,2.831395795510616e-05,1.1362864142938633e-06
2025-09-05/IMG_1066.JPG,Medium,Medium,0.011262374930083752,0.278303861618042,0.48209095001220703,0.22834287583827972
2025-09-05/IMG_1352.JPG,Small,Small,0.02212861366569996,0.7966023683547974,0.1768842488527298,0.004384694620966911
2025-08-07/IMG_9633.JPG,Large,Large,0.003505713539198041,0.014598130248486996,0.16006071865558624,0.8218355178833008
2025-09-29/IMG_1746.JPG,Medium,Medium,0.000348308210959658,0.449985533952713,0.5493282675743103,0.0003378790570423007
2025-09-29/IMG_1817.JPG,Very Small,Very Small,0.9787600636482239,0.021207449957728386,3.014918002008926e-05,2.403994358246564e-06
2025-08-22/IMG_9986.JPG,Very Small,Very Small,0.9030888676643372,0.09434379637241364,0.002313224831596017,0.00025411194656044245
2025-09-29/IMG_1903.JPG,Medium,Small,0.02129328064620495,0.47503000497817993,0.4065859317779541,0.09709074348211288
2025-08-07/IMG_9254.JPG,Small,Small,0.0008252057014033198,0.8484578728675842,0.14938442409038544,0.0013324528699740767
2025-09-05/IMG_1546.JPG,Very Small,Very Small,0.8405218124389648,0.15300717949867249,0.005645202938467264,0.0008257748559117317
2025-09-05/IMG_1358.JPG,Small,Small,0.018626254051923752,0.945320188999176,0.0356094166636467,0.000444082950707525
2025-08-22/IMG_0211.JPG,Small,Small,0.07941173017024994,0.9058786034584045,0.01438850536942482,0.00032113929046317935
2025-08-22/IMG_0060.JPG,Very Small,Very Small,0.4900471866130829,0.4682649075984955,0.03827410936355591,0.003413835307583213
2025-08-22/IMG_9815.JPG,Large,Large,0.00010441520134918392,0.0010879754554480314,0.06584243476390839,0.9329651594161987
2025-09-05/IMG_0917.JPG,Medium,Medium,0.0003758361272048205,0.12927508354187012,0.8636164665222168,0.006732563953846693
2025-08-22/IMG_9759.JPG,Medium,Medium,1.6154534023371525e-05,0.006593703292310238,0.9852902889251709,0.008099827915430069
2025-09-05/IMG_1496.JPG,Medium,Small,0.00045718401088379323,0.786925733089447,0.2118232250213623,0.0007938540074974298
2025-09-05/IMG_0865.JPG,Very Small,Very Small,0.9989176988601685,0.0010822181357070804,1.4719077512381773e-07,1.6598344032558998e-08
2025-08-07/IMG_9426.JPG,Medium,Small,0.015318815596401691,0.9263695478439331,0.05762770399451256,0.0006838843110017478
2025-09-05/IMG_1132.JPG,Very Small,Very Small,0.997661828994751,0.0023375663440674543,6.029666224094399e-07,4.794528507545692e-08
2025-09-29/IMG_1685.JPG,Very Small,Very Small,0.9953041076660156,0.004695530515164137,3.1003122558104224e-07,7.897747344998152e-09
2025-08-22/IMG_9919.JPG,Very Small,Very Small,0.8939838409423828,0.10390261560678482,0.001904448145069182,0.00020906419376842678
2025-08-07/IMG_9558.JPG,Small,Medium,0.004207771271467209,0.25067567825317383,0.646504819393158,0.09861179441213608
2025-09-05/IMG_1310.JPG,Very Small,Very Small,0.8505718111991882,0.13247227668762207,0.01287685427814722,0.004078994505107403
2025-08-07/IMG_9551.JPG,Medium,Medium,0.0016812472604215145,0.029392315074801445,0.5012958645820618,0.4676305651664734
2025-09-29/IMG_1754.JPG,Very Small,Very Small,0.9987795948982239,0.0012202870566397905,1.0277816642201287e-07,4.848166312854119e-09
2025-08-22/IMG_0053.JPG,Small,Very Small,0.7576965093612671,0.23011918365955353,0.010826473124325275,0.0013578966027125716
2025-08-22/IMG_9734.JPG,Very Small,Very Small,0.9700543284416199,0.02988065779209137,6.006373223499395e-05,5.003447768103797e-06
2025-09-05/IMG_0942.JPG,Very Small,Very Small,0.7862265706062317,0.21366111934185028,0.00010981369996443391,2.514271955078584e-06
2025-09-05/IMG_1307.JPG,Small,Small,0.09184149652719498,0.8341813683509827,0.06932510435581207,0.004652039613574743
2025-08-22/IMG_0174.JPG,Small,Small,0.14680351316928864,0.8395699858665466,0.013247552327811718,0.00037889491068199277
2025-08-22/IMG_9763.JPG,Very Small,Very Small,0.8430389165878296,0.1561669260263443,0.0007516599725931883,4.2510644561843947e-05
2025-09-05/IMG_1283.JPG,Very Small,Very Small,0.7872059941291809,0.2006053775548935,0.010689268819987774,0.001499362289905548
2025-09-29/IMG_1898.JPG,Medium,Medium,0.002722066594287753,0.3480866253376007,0.5801897048950195,0.06900160759687424
2025-09-05/IMG_1171.JPG,Very Small,Very Small,0.978232741355896,0.021744102239608765,2.188013240811415e-05,1.1976700307059218e-06
2025-09-29/IMG_1816.JPG,Very Small,Very Small,0.7378849387168884,0.261808842420578,0.0002966444590128958,9.575416697771288e-06
2025-09-05/IMG_1398.JPG,Very Small,Very Small,0.9479421973228455,0.051661282777786255,0.00035623935400508344,4.028653711429797e-05
2025-09-05/IMG_1404.JPG,Small,Small,0.004095100797712803,0.9839406609535217,0.011947301216423512,1.6861691619851626e-05
2025-09-05/IMG_1484.JPG,Very Small,Small,0.3844570219516754,0.6119663119316101,0.0034285138826817274,0.00014817967894487083
2025-08-07/IMG_9514.JPG,Small,Small,0.08718394488096237,0.8742777705192566,0.03753489628434181,0.0010033714352175593
2025-08-22/IMG_0276.JPG,Small,Small,0.08124802261590958,0.9099769592285156,0.008559911511838436,0.00021508966165129095
2025-09-29/IMG_1852.JPG,Small,Small,0.08659786731004715,0.8779504299163818,0.03427620232105255,0.0011755423620343208
2025-08-07/IMG_9475.JPG,Small,Small,0.0022988482378423214,0.9647411704063416,0.03292691335082054,3.299017407698557e-05
2025-08-22/IMG_0083.JPG,Very Small,Very Small,0.9338943362236023,0.06419486552476883,0.0016497502801939845,0.00026099354727193713
2025-09-05/IMG_0963.JPG,Small,Small,0.0007582940743304789,0.9673516154289246,0.031835172325372696,5.491099727805704e-05
2025-08-22/IMG_0002.JPG,Very Small,Very Small,0.7878482341766357,0.2096615582704544,0.0023991891648620367,9.106155630433932e-05
2025-08-07/IMG_9154.JPG,Small,Small,0.03190629184246063,0.4254437983036041,0.4196831285953522,0.12296687811613083
2025-09-05/IMG_1005.JPG,Very Small,Very Small,0.5463879704475403,0.37258562445640564,0.05273475870490074,0.0282917320728302
2025-09-05/IMG_0816.JPG,Small,Small,0.003965283744037151,0.7823017835617065,0.2131432741880417,0.0005896628135815263
2025-09-05/IMG_1069.JPG,Small,Small,0.08644049614667892,0.6984086036682129,0.18470877408981323,0.030442187562584877
2025-09-05/IMG_1539.JPG,Very Small,Very Small,0.7840237021446228,0.20881491899490356,0.006364072673022747,0.0007973882020451128
2025-09-05/IMG_0848.JPG,Very Small,Very Small,0.9894481897354126,0.01054995134472847,1.8097364318236941e-06,1.1417277789860236e-07
2025-08-07/IMG_9512.JPG,Small,Small,0.07773564755916595,0.8787469267845154,0.042160194367170334,0.0013571653980761766
2025-09-05/IMG_1131.JPG,Small,Small,0.20412760972976685,0.7859472632408142,0.009722745046019554,0.00020241536549292505
2025-09-05/IMG_0992.JPG,Very Small,Very Small,0.8876895904541016,0.10816417634487152,0.0035801378544420004,0.0005660966271534562
2025-09-29/IMG_1821.JPG,Very Small,Very Small,0.970814049243927,0.02918275073170662,3.0927137686376227e-06,7.727658868361686e-08
2025-09-05/IMG_1513.JPG,Small,Small,0.26808735728263855,0.5778446793556213,0.12221786379814148,0.03185010328888893
2025-09-05/IMG_1429.JPG,Medium,Medium,0.00018584297504276037,0.20732556283473969,0.7904754877090454,0.002013135002925992
2025-08-22/IMG_9889.JPG,Small,Small,0.1233413815498352,0.8595203161239624,0.016712037846446037,0.0004262313013896346
2025-09-05/IMG_1001.JPG,Small,Small,0.013685736805200577,0.9106404185295105,0.07320214807987213,0.0024717135820537806
2025-08-22/IMG_0195.JPG,Small,Medium,0.007015697192400694,0.3914986252784729,0.5866605043411255,0.014825187623500824
2025-09-05/IMG_1501.JPG,Small,Small,0.0014899233356118202,0.9545468091964722,0.043756477534770966,0.0002067950990749523
2025-08-07/IMG_9441.JPG,Very Small,Very Small,0.9935063123703003,0.006490418687462807,2.9797977276757592e-06,3.595400528411119e-07
2025-08-07/IMG_9088.JPG,Small,Small,0.13315126299858093,0.7570528984069824,0.10184651613235474,0.00794933456927538
2025-08-22/IMG_9797.JPG,Small,Small,0.0028069631662219763,0.9599329233169556,0.0371229313313961,0.0001372495898976922
2025-08-22/IMG_9967.JPG,Very Small,Small,0.39497628808021545,0.5898096561431885,0.014607896097004414,0.0006061290623620152
2025-09-05/IMG_1211.JPG,Small,Small,0.034933727234601974,0.9489242434501648,0.015966936945915222,0.0001750911760609597
2025-08-22/IMG_9947.JPG,Very Small,Very Small,0.8950383067131042,0.10344064235687256,0.0014140529092401266,0.00010695851233322173
2025-08-22/IMG_0058.JPG,Small,Small,0.09111020714044571,0.8051720261573792,0.09850727766752243,0.005210523027926683
2025-09-29/IMG_1764.JPG,Small,Small,0.2465483546257019,0.7387921214103699,0.01397699024528265,0.0006825142190791667
2025-09-29/IMG_1952.JPG,Very Small,Very Small,0.5305178165435791,0.21399378776550293,0.11123596131801605,0.14425238966941833
2025-08-07/IMG_9706.JPG,Large,Large,0.011373664252460003,0.07662510871887207,0.4023776054382324,0.5096235871315002
2025-09-05/IMG_0863.JPG,Small,Medium,6.281630339799449e-05,0.1589202731847763,0.8399164080619812,0.0011005332926288247
2025-08-22/IMG_0280.JPG,Medium,Medium,6.91193199600093e-05,0.03266766294836998,0.9624993205070496,0.004763888195157051
2025-09-05/IMG_1095.JPG,Medium,Medium,0.00024307382409460843,0.16483066976070404,0.8333556652069092,0.0015706371050328016
