image_path,true_class,predicted_class,probability_Very Small,probability_Small,probability_Medium,probability_Large
2025-09-05/IMG_1080.JPG,Medium,Medium,0.00028926198137924075,0.06552650779485703,0.8446757197380066,0.08950848132371902
2025-09-05/IMG_0865.JPG,Very Small,Very Small,0.9983236193656921,0.0016762366285547614,1.6903243249544175e-07,2.696149137282333e-10
2025-08-07/IMG_9235.JPG,Medium,Medium,0.0002876233193092048,0.09644944965839386,0.8808121085166931,0.0224508885294199
2025-08-07/IMG_9241.JPG,Very Small,Very Small,0.9860581755638123,0.013929340988397598,1.2330175195529591e-05,7.761865816746649e-08
2025-09-05/IMG_1600.JPG,Small,Small,0.25574183464050293,0.6993707418441772,0.04379250109195709,0.001094920327886939
2025-09-05/IMG_1521.JPG,Small,Small,0.15838311612606049,0.8265894055366516,0.014856496825814247,0.00017100120021495968
2025-09-29/IMG_1906.JPG,Large,Large,0.0055453041568398476,0.020567646250128746,0.08387091010808945,0.8900160789489746
2025-08-22/IMG_0061.JPG,Medium,Small,0.17514748871326447,0.737403392791748,0.08493436127901077,0.002514704829081893
2025-09-05/IMG_1341.JPG,Medium,Medium,0.009957818314433098,0.24587199091911316,0.5847063064575195,0.15946391224861145
2025-09-29/IMG_1903.JPG,Medium,Small,0.029339445754885674,0.6158125400543213,0.3104897141456604,0.04435829445719719
2025-09-05/IMG_1307.JPG,Small,Small,0.13212670385837555,0.796390950679779,0.06884264945983887,0.002639732789248228
2025-09-05/IMG_1120.JPG,Very Small,Very Small,0.9993205070495605,0.0006795566296204925,1.2871039345441204e-08,5.081407083301626e-12
2025-08-07/IMG_9607.JPG,Medium,Medium,0.006397889461368322,0.2000616490840912,0.707054853439331,0.08648557215929031
2025-08-22/IMG_0119.JPG,Very Small,Small,0.3745354115962982,0.5915971994400024,0.032918334007263184,0.0009491348173469305
2025-09-05/IMG_0940.JPG,Very Small,Small,0.3027024567127228,0.6785325407981873,0.01839829795062542,0.0003667726996354759
2025-09-05/IMG_1021.JPG,Small,Small,0.025447357445955276,0.7659394145011902,0.20053380727767944,0.00807936955243349
2025-09-05/IMG_1389.JPG,Very Small,Very Small,0.9954506754875183,0.004549106582999229,2.866834165615728e-07,2.2981339053984584e-10
2025-08-07/IMG_9581.JPG,Medium,Medium,0.0015271741431206465,0.0762404128909111,0.5847823619842529,0.3374500870704651
2025-08-22/IMG_9953.JPG,Very Small,Very Small,0.9302902817726135,0.06951120495796204,0.00019670891924761236,1.7332057495877962e-06
2025-09-29/IMG_1682.JPG,Small,Small,0.015237649902701378,0.9824613928794861,0.0023005311377346516,4.109933797735721e-07
2025-08-07/IMG_9479.JPG,Medium,Medium,0.0003316635556984693,0.09889063984155655,0.8882598876953125,0.012517890892922878
2025-08-07/IMG_9578.JPG,Large,Large,0.0011607952183112502,0.04234303906559944,0.3545553684234619,0.6019407510757446
2025-09-05/IMG_0975.JPG,Very Small,Small,0.06631992012262344,0.8245394825935364,0.10515223443508148,0.003988427110016346
2025-08-07/IMG_9402.JPG,Small,Small,0.10474567860364914,0.8809158205986023,0.014263936318457127,7.455607556039467e-05
2025-09-05/IMG_0806.JPG,Small,Small,0.003272174159064889,0.9185813665390015,0.07805334776639938,9.308178414357826e-05
2025-08-22/IMG_0177.JPG,Very Small,Very Small,0.8639888167381287,0.13590513169765472,0.00010587981523713097,1.6850873407747713e-07
2025-09-29/IMG_1939.JPG,Very Small,Very Small,0.8492280840873718,0.1424991339445114,0.007578682154417038,0.0006940438179299235
2025-08-07/IMG_9170.JPG,Very Small,Very Small,0.8582718372344971,0.13927209377288818,0.0023903727997094393,6.566660886164755e-05
2025-08-07/IMG_9434.JPG,Small,Small,0.01935787871479988,0.7896469831466675,0.18935295939445496,0.001642144750803709
2025-08-07/IMG_9561.JPG,Medium,Medium,0.012586149387061596,0.3498132526874542,0.5566217303276062,0.08097883313894272
2025-08-07/IMG_9652.JPG,Large,Large,0.0014210294466465712,0.02909795567393303,0.21682237088680267,0.7526586055755615
2025-08-22/IMG_0223.JPG,Small,Small,0.0015270899748429656,0.9333040714263916,0.06514620780944824,2.2551304937223904e-05
2025-08-07/IMG_9635.JPG,Large,Large,0.00330067309550941,0.03098188154399395,0.19668205082416534,0.7690354585647583
2025-08-07/IMG_9490.JPG,Medium,Medium,2.847948417183943e-05,0.037709809839725494,0.9438267946243286,0.01843496412038803
2025-08-07/IMG_9107.JPG,Small,Small,0.03372817486524582,0.9074061512947083,0.05822115018963814,0.0006444356986321509
2025-09-29/IMG_1765.JPG,Medium,Small,0.0008724438957870007,0.6010805368423462,0.39681825041770935,0.0012287847930565476
2025-09-05/IMG_1332.JPG,Small,Small,0.14636211097240448,0.5570658445358276,0.2462785243988037,0.05029354244470596
2025-09-05/IMG_1456.JPG,Small,Small,0.06933658570051193,0.9227516651153564,0.007901139557361603,1.0589123121462762e-05
2025-08-22/IMG_9880.JPG,Small,Small,0.0318627767264843,0.9523044228553772,0.015770625323057175,6.210096762515604e-05
2025-08-07/IMG_9198.JPG,Medium,Medium,0.0016961577348411083,0.1978619396686554,0.7571391463279724,0.04330276697874069
2025-08-22/IMG_9801.JPG,Medium,Medium,0.00014172551163937896,0.07632609456777573,0.897707998752594,0.025824274867773056
2025-08-07/IMG_9512.JPG,Small,Small,0.10416459292173386,0.8505818843841553,0.04455706849694252,0.0006964351632632315
2025-09-05/IMG_1057.JPG,Small,Small,0.2873733341693878,0.6916205286979675,0.02040797285735607,0.0005981861613690853
2025-09-29/IMG_1910.JPG,Small,Small,0.045177608728408813,0.7449942827224731,0.18510404229164124,0.024724015966057777
2025-08-07/IMG_9174.JPG,Small,Small,0.10479039698839188,0.8207812905311584,0.07197316735982895,0.0024551309179514647
2025-09-05/IMG_0825.JPG,Medium,Medium,0.0009089434752240777,0.14257794618606567,0.8038061857223511,0.05270696431398392
2025-08-07/IMG_9698.JPG,Large,Large,0.00983183179050684,0.03857233002781868,0.14255094528198242,0.8090448975563049
2025-09-05/IMG_1273.JPG,Very Small,Very Small,0.8555400371551514,0.1404317319393158,0.0037663348484784365,0.0002619065926410258
2025-08-22/IMG_9958.JPG,Very Small,Very Small,0.9052435755729675,0.09396986663341522,0.0007714893436059356,1.503221119492082e-05
2025-08-22/IMG_0042.JPG,Medium,Small,0.06394240260124207,0.5977935194969177,0.3198332190513611,0.018430860713124275
2025-09-05/IMG_1351.JPG,Medium,Medium,0.00832722894847393,0.43072155117988586,0.5192191004753113,0.041732147336006165
2025-09-29/IMG_1755.JPG,Medium,Medium,2.6997002350981347e-05,0.23337358236312866,0.7662647366523743,0.00033467711182311177
2025-09-05/IMG_1106.JPG,Very Small,Very Small,0.8829950094223022,0.11698513478040695,1.9911534764105454e-05,6.219236237114956e-09
2025-09-05/IMG_0925.JPG,Very Small,Very Small,0.8037392497062683,0.19597387313842773,0.0002855785714928061,1.2618486380233662e-06
2025-08-22/IMG_0074.JPG,Very Small,Very Small,0.9139147996902466,0.08523628115653992,0.0008297328604385257,1.9155704649165273e-05
2025-09-05/IMG_1597.JPG,Very Small,Small,0.47573044896125793,0.47862207889556885,0.042760059237480164,0.002887339796870947
2025-09-05/IMG_1258.JPG,Medium,Small,0.2559596598148346,0.5132361054420471,0.197392538189888,0.033411696553230286
2025-09-29/IMG_1852.JPG,Small,Small,0.1834600269794464,0.7946270108222961,0.02166220173239708,0.00025075243320316076
2025-09-05/IMG_0910.JPG,Very Small,Very Small,0.999575674533844,0.0004243561706971377,2.0401051958884864e-09,3.92025848632363e-13
2025-09-05/IMG_1082.JPG,Small,Small,0.004482613410800695,0.648859441280365,0.3454146683216095,0.0012432534713298082
2025-09-29/IMG_1709.JPG,Small,Small,0.0010726065374910831,0.9801141619682312,0.018810845911502838,2.3262559807335492e-06
2025-08-22/IMG_0154.JPG,Small,Small,0.00417585764080286,0.5490836501121521,0.443523108959198,0.003217375837266445
2025-09-05/IMG_0874.JPG,Small,Small,0.047633424401283264,0.9394273161888123,0.012919047847390175,2.0150208001723513e-05
2025-09-29/IMG_1781.JPG,Small,Small,0.008155382238328457,0.8288987874984741,0.1620866060256958,0.0008592985104769468
2025-08-07/IMG_9138.JPG,Very Small,Small,0.33219942450523376,0.6515306234359741,0.015903787687420845,0.00036610293318517506
2025-09-05/IMG_1179.JPG,Small,Small,0.001805972191505134,0.6011715531349182,0.3958824574947357,0.0011400600196793675
2025-08-07/IMG_9218.JPG,Small,Small,0.0073813581839203835,0.5276285409927368,0.45510947704315186,0.009880597703158855
2025-08-22/IMG_9739.JPG,Small,Small,0.010301885195076466,0.546534538269043,0.43213382363319397,0.011029757559299469
2025-08-22/IMG_9950.JPG,Small,Small,0.12957613170146942,0.8149530291557312,0.05404464527964592,0.0014261722099035978
2025-09-05/IMG_0956.JPG,Small,Small,0.016724973917007446,0.9363277554512024,0.046682972460985184,0.0002642591716721654
2025-08-22/IMG_9966.JPG,Very Small,Small,0.44797250628471375,0.548461377620697,0.0035490961745381355,1.706964940240141e-05
2025-09-05/IMG_1007.JPG,Small,Small,0.10822777450084686,0.7122012376785278,0.16597916185855865,0.01359180174767971
2025-09-05/IMG_0796.JPG,Small,Small,0.10723461955785751,0.888725221157074,0.004035828169435263,4.348569291323656e-06
2025-09-05/IMG_1293.JPG,Small,Small,0.08116808533668518,0.8065075874328613,0.10564274340867996,0.00668159918859601
2025-08-22/IMG_9835.JPG,Medium,Medium,0.0008898248779587448,0.10090912878513336,0.7921632528305054,0.10603783279657364
2025-08-22/IMG_0107.JPG,Very Small,Very Small,0.8458963632583618,0.1530737578868866,0.0010115039767697453,1.8369210010860115e-05
2025-09-05/IMG_1429.JPG,Medium,Medium,0.0005622231401503086,0.43211230635643005,0.5656857490539551,0.0016397522995248437
2025-09-05/IMG_1357.JPG,Small,Small,0.020345445722341537,0.9449562430381775,0.03453817963600159,0.0001601360854692757
2025-09-05/IMG_1015.JPG,Small,Small,0.021958015859127045,0.6970295310020447,0.27282559871673584,0.00818684883415699
2025-09-05/IMG_1254.JPG,Small,Small,0.21489755809307098,0.7222939133644104,0.0609348900616169,0.0018736456986516714
2025-09-05/IMG_1517.JPG,Small,Small,0.02868311107158661,0.9276289343833923,0.04330502822995186,0.0003829417109955102
2025-09-29/IMG_1918.JPG,Very Small,Very Small,0.6439772844314575,0.3392421305179596,0.01619633100926876,0.0005842383252456784
2025-09-05/IMG_1361.JPG,Very Small,Very Small,0.894182026386261,0.10574045777320862,7.727687625447288e-05,1.850848008189132e-07
2025-09-05/IMG_1404.JPG,Small,Small,0.005406166892498732,0.9844624996185303,0.010129373520612717,1.9643980522232596e-06
2025-08-07/IMG_9411.JPG,Small,Very Small,0.7910102009773254,0.20878112316131592,0.00020833703456446528,3.982526948220766e-07
2025-09-29/IMG_1694.JPG,Very Small,Very Small,0.9975419044494629,0.002457969356328249,7.233220600255663e-08,3.683322744030271e-11
2025-08-22/IMG_9768.JPG,Small,Small,0.004691783804446459,0.9645874500274658,0.03070230595767498,1.8500251826480962e-05
2025-08-22/IMG_9871.JPG,Large,Large,0.0009631935390643775,0.030062543228268623,0.27169981598854065,0.6972744464874268
2025-09-05/IMG_0998.JPG,Small,Small,0.10226844251155853,0.7758236527442932,0.11651038378477097,0.005397533066570759
2025-09-29/IMG_1875.JPG,Small,Small,0.03563329204916954,0.913783073425293,0.05015743523836136,0.00042620449676178396
2025-09-29/IMG_1685.JPG,Very Small,Very Small,0.9966558218002319,0.003343719057738781,4.832872946280986e-07,8.582400345957808e-10
2025-08-07/IMG_9124.JPG,Small,Small,0.16532160341739655,0.7878920435905457,0.04439025744795799,0.0023961111437529325
2025-08-22/IMG_9974.JPG,Very Small,Very Small,0.6852430701255798,0.2989359200000763,0.015105237253010273,0.0007157569052651525
2025-09-05/IMG_0963.JPG,Small,Small,0.001579822739586234,0.9535695910453796,0.04481787979602814,3.2692099921405315e-05
2025-09-05/IMG_1608.JPG,Small,Small,0.20345290005207062,0.36058494448661804,0.24113449454307556,0.194827601313591
2025-09-05/IMG_1018.JPG,Small,Small,0.05004456639289856,0.7527468204498291,0.18871799111366272,0.008490683510899544
2025-09-05/IMG_1239.JPG,Small,Small,0.0015734725166112185,0.8935207724571228,0.10484053939580917,6.515315908472985e-05
2025-08-22/IMG_9899.JPG,Small,Small,0.05044099688529968,0.9474104642868042,0.002147774677723646,8.191758524844772e-07
2025-09-29/IMG_1823.JPG,Medium,Medium,0.0004600928514264524,0.19659782946109772,0.7896080613136292,0.013334017246961594
2025-09-29/IMG_1748.JPG,Very Small,Very Small,0.9963096976280212,0.003689634380862117,5.545974204324011e-07,1.1421039669556876e-09
2025-09-05/IMG_1409.JPG,Small,Small,0.007379007525742054,0.9567194581031799,0.03585973009467125,4.1904135287040845e-05
2025-09-05/IMG_1271.JPG,Very Small,Very Small,0.8724497556686401,0.12499884516000748,0.0024018557742238045,0.0001494622993050143
2025-09-05/IMG_1490.JPG,Medium,Medium,0.0007716759573668242,0.15929152071475983,0.8208884596824646,0.019048308953642845
2025-09-29/IMG_1902.JPG,Small,Small,0.1268557459115982,0.8005594611167908,0.07009994238615036,0.0024848610628396273
2025-08-07/IMG_9522.JPG,Small,Small,0.13825723528862,0.8412455916404724,0.02035006321966648,0.00014714318967889994
2025-08-22/IMG_0029.JPG,Small,Small,0.013695904053747654,0.500033974647522,0.4645801782608032,0.021689962595701218
2025-09-05/IMG_0946.JPG,Medium,Medium,8.472306944895536e-05,0.07365421205759048,0.9189668893814087,0.007294268812984228
2025-08-22/IMG_0124.JPG,Very Small,Very Small,0.9887855052947998,0.011190353892743587,2.385594416409731e-05,2.9866376394238614e-07
2025-09-05/IMG_0821.JPG,Small,Small,0.002505161566659808,0.9444946646690369,0.05296770855784416,3.2378262403653935e-05
2025-08-07/IMG_9092.JPG,Medium,Small,0.2001127004623413,0.779052197933197,0.020649384707212448,0.000185757628059946
2025-08-22/IMG_9753.JPG,Medium,Medium,9.807486640056595e-05,0.08381988853216171,0.9095069169998169,0.006575044710189104
2025-09-05/IMG_1214.JPG,Small,Very Small,0.6611452102661133,0.33681854605674744,0.0020142742432653904,2.1975785784889013e-05
2025-09-05/IMG_1535.JPG,Small,Small,0.017699752002954483,0.8261947631835938,0.1542958915233612,0.0018096797866746783
2025-09-05/IMG_1528.JPG,Small,Small,0.049699436873197556,0.9175469875335693,0.032349348068237305,0.0004042603832203895
2025-08-22/IMG_0210.JPG,Small,Very Small,0.5876771211624146,0.40927809476852417,0.0030252065043896437,1.9600774976424873e-05
2025-08-07/IMG_9204.JPG,Very Small,Very Small,0.9986234903335571,0.0013765241019427776,5.753161502752846e-08,4.8379918127228194e-11
2025-08-07/IMG_9148.JPG,Very Small,Very Small,0.712736189365387,0.2788905203342438,0.007940204814076424,0.00043301796540617943
2025-08-22/IMG_0269.JPG,Very Small,Very Small,0.8138125538825989,0.1857895702123642,0.00039620825555175543,1.6858163007782423e-06
2025-08-07/IMG_9585.JPG,Large,Large,0.007100337650626898,0.0650683268904686,0.3021853268146515,0.6256460547447205
2025-08-22/IMG_9936.JPG,Very Small,Very Small,0.9045450687408447,0.09486676752567291,0.0005789187271147966,9.222029802913312e-06
2025-09-05/IMG_1249.JPG,Very Small,Very Small,0.6320251226425171,0.34569674730300903,0.020214369520545006,0.002063728403300047
2025-09-29/IMG_1816.JPG,Very Small,Very Small,0.7505708336830139,0.2493152916431427,0.00011373710003681481,1.896934662681815e-07
2025-09-05/IMG_1485.JPG,Medium,Medium,0.001060783164575696,0.05052042007446289,0.5115803480148315,0.43683841824531555
2025-08-22/IMG_0117.JPG,Very Small,Very Small,0.7746013402938843,0.21450361609458923,0.010275211185216904,0.0006198199116624892
2025-09-05/IMG_0964.JPG,Small,Small,0.002327951369807124,0.5169620513916016,0.47587457299232483,0.004835427738726139
2025-09-29/IMG_1764.JPG,Small,Small,0.12820205092430115,0.850583016872406,0.020920557901263237,0.00029434196767397225
2025-08-07/IMG_9117.JPG,Small,Small,0.029395394027233124,0.6732596755027771,0.27855560183525085,0.01878928206861019
2025-09-05/IMG_1408.JPG,Medium,Medium,8.493560744682327e-05,0.09122851490974426,0.9035625457763672,0.005123970564454794
2025-08-22/IMG_0092.JPG,Small,Small,0.3309336304664612,0.6349932551383972,0.03329389914870262,0.0007792604737915099
2025-09-05/IMG_1447.JPG,Medium,Medium,0.002054187934845686,0.25021761655807495,0.7316045761108398,0.016123682260513306
2025-08-07/IMG_9406.JPG,Medium,Medium,0.002279177075251937,0.1802661269903183,0.7901988625526428,0.02725585363805294
2025-09-05/IMG_1289.JPG,Very Small,Small,0.41844797134399414,0.5152291655540466,0.05972772464156151,0.006595155689865351
2025-08-22/IMG_0214.JPG,Medium,Small,0.005845228210091591,0.7878426313400269,0.20577499270439148,0.0005371079896576703
2025-09-29/IMG_1926.JPG,Very Small,Very Small,0.8705174326896667,0.126670703291893,0.002695301081985235,0.00011650798114715144
2025-08-22/IMG_9805.JPG,Medium,Small,0.09164109826087952,0.8435681462287903,0.0642620101571083,0.0005287980893626809
2025-09-29/IMG_1947.JPG,Small,Small,0.29995524883270264,0.5874968767166138,0.10494949668645859,0.007598392199724913
2025-08-07/IMG_9445.JPG,Small,Small,0.00061660329811275,0.6433143019676208,0.35568326711654663,0.0003857905394397676
2025-09-05/IMG_1598.JPG,Small,Small,0.17841880023479462,0.763451099395752,0.0560336671769619,0.0020965072326362133
2025-09-05/IMG_0805.JPG,Medium,Medium,3.660484071588144e-05,0.042919281870126724,0.9302678108215332,0.026776358485221863
2025-08-07/IMG_9556.JPG,Very Small,Very Small,0.954389214515686,0.04551244527101517,9.760448301676661e-05,6.744905931554968e-07
2025-09-29/IMG_1792.JPG,Small,Small,0.11787134408950806,0.8742300271987915,0.007873350754380226,2.5194465706590563e-05
2025-08-22/IMG_0292.JPG,Medium,Medium,0.0013364438200369477,0.14203521609306335,0.8440650701522827,0.012563273310661316
2025-08-22/IMG_0197.JPG,Small,Small,0.04057406261563301,0.9185886979103088,0.04052143171429634,0.00031585837132297456
2025-08-07/IMG_9638.JPG,Large,Large,0.0010340346489101648,0.007271970622241497,0.04835805296897888,0.9433358907699585
2025-09-05/IMG_1213.JPG,Small,Small,0.24621093273162842,0.749341607093811,0.004433382768183947,1.4095387996349018e-05
2025-09-29/IMG_1945.JPG,Very Small,Very Small,0.49153873324394226,0.4477364420890808,0.05569621920585632,0.0050285314209759235
2025-08-07/IMG_9575.JPG,Large,Large,0.00799290370196104,0.03177327662706375,0.12193816155195236,0.8382956385612488
2025-09-05/IMG_1204.JPG,Medium,Medium,0.00012373103527352214,0.04494844004511833,0.8342620134353638,0.12066582590341568
2025-09-05/IMG_1087.JPG,Very Small,Small,0.4207959473133087,0.5731456875801086,0.006023945286870003,3.444661706453189e-05
2025-09-05/IMG_1226.JPG,Small,Small,0.0019170062150806189,0.9585461020469666,0.0395168662071228,1.9947838154621422e-05
2025-09-29/IMG_1723.JPG,Medium,Medium,3.790076880250126e-05,0.23007698357105255,0.7694830298423767,0.00040207590791396797
2025-08-07/IMG_9645.JPG,Large,Large,0.007804641500115395,0.028743823990225792,0.11173467338085175,0.8517167568206787
2025-08-22/IMG_9866.JPG,Small,Small,0.025167902931571007,0.9545066356658936,0.020265625789761543,5.988452539895661e-05
2025-09-05/IMG_1030.JPG,Very Small,Very Small,0.6191120743751526,0.37564536929130554,0.0051456294022500515,9.701063390821218e-05
2025-09-05/IMG_1265.JPG,Small,Small,0.1901841014623642,0.7706795930862427,0.03844860568642616,0.000687630323227495
2025-08-22/IMG_0041.JPG,Small,Small,0.038844186812639236,0.6372887492179871,0.3098701536655426,0.013996926136314869
2025-08-22/IMG_9984.JPG,Very Small,Very Small,0.7035219669342041,0.2840551435947418,0.011845237575471401,0.0005776872276328504
2025-09-05/IMG_1505.JPG,Small,Small,0.00129124044906348,0.8531836271286011,0.14529548585414886,0.0002296843595104292
2025-09-05/IMG_1113.JPG,Medium,Medium,0.0003029150830116123,0.3144037127494812,0.6842523217201233,0.0010409464593976736
2025-09-05/IMG_1346.JPG,Small,Small,0.008837762288749218,0.7661268711090088,0.21938146650791168,0.00565396947786212
2025-09-05/IMG_1066.JPG,Medium,Medium,0.015120408497750759,0.28944718837738037,0.5029658675193787,0.19246652722358704
2025-08-07/IMG_9604.JPG,Small,Small,0.11370524019002914,0.8581757545471191,0.027957210317254066,0.00016179087106138468
2025-09-05/IMG_0981.JPG,Very Small,Small,0.366784930229187,0.5929344892501831,0.03886611759662628,0.001414425321854651
2025-09-05/IMG_1125.JPG,Medium,Medium,0.0003606405225582421,0.23709219694137573,0.759740948677063,0.0028062413912266493
2025-08-22/IMG_0020.JPG,Small,Small,0.16792860627174377,0.7501642107963562,0.07816366851329803,0.003743525827303529
2025-08-07/IMG_9489.JPG,Very Small,Very Small,0.985542893409729,0.014453478157520294,3.6417004594113678e-06,5.754005272251561e-09
2025-09-05/IMG_1225.JPG,Small,Small,0.004079748876392841,0.8694226741790771,0.1261247843503952,0.00037284987047314644
2025-08-22/IMG_0028.JPG,Small,Small,0.029448730871081352,0.8885996341705322,0.08130913227796555,0.000642458675429225
2025-08-22/IMG_0218.JPG,Small,Small,0.2962177097797394,0.702916145324707,0.0008652118849568069,8.949465382102062e-07
2025-09-29/IMG_1701.JPG,Small,Small,0.15618669986724854,0.8398156762123108,0.003994059283286333,3.5955649764218833e-06
2025-08-07/IMG_9708.JPG,Large,Large,0.0007116674678400159,0.00831520278006792,0.0736224353313446,0.917350709438324
2025-08-07/IMG_9254.JPG,Small,Small,0.0001902015646919608,0.7588733434677124,0.24072611331939697,0.00021031398500781506
2025-08-22/IMG_0300.JPG,Small,Very Small,0.5569185018539429,0.4428544044494629,0.00022700990666635334,1.0039317288601524e-07
2025-08-07/IMG_9167.JPG,Very Small,Small,0.22753958404064178,0.66627037525177,0.09897558391094208,0.007214485201984644
2025-08-07/IMG_9433.JPG,Small,Small,0.12645429372787476,0.6342331171035767,0.22035764157772064,0.018954923376441002
2025-09-05/IMG_1140.JPG,Medium,Medium,1.6623289411654696e-05,0.043280214071273804,0.951688826084137,0.005014275666326284
2025-08-22/IMG_0109.JPG,Small,Small,0.18031437695026398,0.7420836091041565,0.07457160949707031,0.003030356951057911
2025-08-22/IMG_9884.JPG,Medium,Medium,0.006662658415734768,0.15002445876598358,0.6118817925453186,0.2314310520887375
2025-08-22/IMG_9860.JPG,Large,Large,0.0024759541265666485,0.018262887373566628,0.08750619739294052,0.8917549848556519
2025-09-29/IMG_1826.JPG,Small,Small,0.001501829014159739,0.7696205973625183,0.22854961454868317,0.0003279568918514997
2025-09-05/IMG_1270.JPG,Small,Small,0.022500023245811462,0.936168909072876,0.04096745699644089,0.000363560946425423
2025-09-05/IMG_0807.JPG,Medium,Medium,0.00017465365817770362,0.24059712886810303,0.7577191591262817,0.0015089946100488305
2025-08-07/IMG_9714.JPG,Large,Large,0.0003776817466132343,0.009345677681267262,0.09790781885385513,0.8923688530921936
2025-09-05/IMG_1584.JPG,Very Small,Small,0.4747523069381714,0.4941917359828949,0.02944159135222435,0.0016143110115081072
2025-08-22/IMG_0002.JPG,Very Small,Very Small,0.7868407368659973,0.21291956305503845,0.0002392421883996576,4.996671236767725e-07
2025-08-22/IMG_0166.JPG,Very Small,Very Small,0.9119737148284912,0.08783557265996933,0.00018957957217935473,1.1280448006800725e-06
2025-09-05/IMG_1134.JPG,Small,Small,0.10017716884613037,0.8891081213951111,0.01069731917232275,1.7424390534870327e-05
2025-08-07/IMG_9237.JPG,Medium,Medium,0.0009598028846085072,0.08700066804885864,0.751484751701355,0.16055478155612946
2025-08-22/IMG_0182.JPG,Very Small,Very Small,0.9868664741516113,0.013130158185958862,3.293512691016076e-06,8.391078942793229e-09
2025-09-29/IMG_1671.JPG,Small,Small,0.09367317706346512,0.8853625059127808,0.02057178132236004,0.0003925418423023075
2025-08-22/IMG_9770.JPG,Medium,Medium,0.0003294996276963502,0.0979541689157486,0.8814013600349426,0.020314930006861687
2025-08-07/IMG_9191.JPG,Small,Very Small,0.6849104762077332,0.31495213508605957,0.00013724340533372015,1.209525635204045e-07
2025-09-05/IMG_1149.JPG,Small,Small,0.012637607753276825,0.9407392740249634,0.04655298590660095,7.004073268035427e-05
2025-08-22/IMG_9800.JPG,Small,Small,0.006578407716006041,0.9352496862411499,0.05810077488422394,7.113497122190893e-05
2025-08-07/IMG_9509.JPG,Small,Small,0.027521945536136627,0.7377476096153259,0.22430868446826935,0.010421713814139366
2025-09-05/IMG_1163.JPG,Medium,Medium,0.010370757430791855,0.37877461314201355,0.5939614772796631,0.0168931782245636
2025-09-05/IMG_0879.JPG,Small,Small,0.028953002765774727,0.949356198310852,0.021650025621056557,4.09106542065274e-05
2025-08-22/IMG_9833.JPG,Small,Small,0.00209318776614964,0.9106773734092712,0.0871494859457016,8.003366383491084e-05
2025-08-07/IMG_9616.JPG,Large,Large,0.002317603910341859,0.011864201165735722,0.06267344951629639,0.9231447577476501
2025-08-22/IMG_9838.JPG,Medium,Medium,0.02127007208764553,0.4509880542755127,0.4814000725746155,0.04634178429841995
2025-09-05/IMG_1001.JPG,Small,Small,0.012716949917376041,0.7483245730400085,0.23404261469841003,0.004915838595479727
2025-09-05/IMG_1549.JPG,Very Small,Small,0.28682172298431396,0.6393101215362549,0.0696248933672905,0.004243247210979462
2025-08-07/IMG_9429.JPG,Small,Small,0.007310729473829269,0.7339469194412231,0.2578772306442261,0.0008651269599795341
2025-08-07/IMG_9454.JPG,Very Small,Very Small,0.9990296363830566,0.0009703962132334709,1.0999849919812732e-08,2.746553852406297e-12
2025-09-29/IMG_1766.JPG,Medium,Small,0.0006252572638913989,0.5128051042556763,0.485634446144104,0.0009352518827654421
2025-09-05/IMG_1532.JPG,Very Small,Very Small,0.6471309065818787,0.3460666239261627,0.006577631458640099,0.00022486972738988698
2025-09-29/IMG_1681.JPG,Medium,Medium,7.509638066949265e-07,0.023332927376031876,0.9753841757774353,0.001282209879718721
2025-09-05/IMG_0809.JPG,Very Small,Very Small,0.9937053322792053,0.00629459461197257,1.6313711626025906e-07,6.38184574630607e-11
2025-09-05/IMG_1501.JPG,Small,Small,0.0015678901690989733,0.9289411306381226,0.06941495090723038,7.597610965603963e-05
2025-09-29/IMG_1801.JPG,Very Small,Very Small,0.9980950951576233,0.001904923003166914,4.7077048037635905e-08,2.489793440862975e-11
2025-08-22/IMG_0007.JPG,Small,Very Small,0.7915915250778198,0.20787975192070007,0.0005268780514597893,1.8323299855182995e-06
2025-08-07/IMG_9180.JPG,Small,Very Small,0.5939093232154846,0.3878506124019623,0.017365269362926483,0.0008747531101107597
2025-09-05/IMG_1227.JPG,Small,Small,0.01316189393401146,0.9620144367218018,0.024788741022348404,3.502534673316404e-05
2025-09-29/IMG_1912.JPG,Small,Very Small,0.5614687204360962,0.43024131655693054,0.008140312507748604,0.00014958440442569554
2025-08-07/IMG_9510.JPG,Small,Small,0.028294023126363754,0.9344757795333862,0.03682507947087288,0.0004050198185723275
2025-09-05/IMG_0949.JPG,Small,Medium,0.0015399326803162694,0.4788964092731476,0.5156390070915222,0.00392463244497776
2025-09-05/IMG_1173.JPG,Very Small,Very Small,0.9555119872093201,0.044410478323698044,7.689059566473588e-05,5.952397827968525e-07
2025-08-07/IMG_9457.JPG,Small,Very Small,0.5844732522964478,0.41382306814193726,0.0016931624850258231,1.0541411938902456e-05
2025-09-05/IMG_1228.JPG,Small,Small,0.00494134658947587,0.9640578031539917,0.03097580373287201,2.50287885137368e-05
2025-08-07/IMG_9160.JPG,Small,Very Small,0.5265541076660156,0.4324928820133209,0.036698661744594574,0.0042543490417301655
2025-08-07/IMG_9140.JPG,Very Small,Very Small,0.8791055679321289,0.12018948048353195,0.0006951216491870582,9.842288818617817e-06
2025-09-29/IMG_1722.JPG,Very Small,Very Small,0.9934766888618469,0.006522086448967457,1.2571504157676827e-06,2.472071658488062e-09
2025-09-05/IMG_0872.JPG,Small,Small,0.006351399701088667,0.9561738967895508,0.037421636283397675,5.308313848217949e-05
2025-09-05/IMG_1252.JPG,Small,Small,0.04667328670620918,0.8134599328041077,0.13729681074619293,0.002569950418546796
2025-09-05/IMG_1557.JPG,Very Small,Small,0.1766735017299652,0.7871080040931702,0.03534163907170296,0.0008768551633693278
2025-08-22/IMG_9742.JPG,Small,Small,0.09922542423009872,0.8587269186973572,0.04103469476103783,0.0010129286674782634
2025-08-22/IMG_0163.JPG,Very Small,Very Small,0.9908614158630371,0.00913625955581665,2.3914751636766596e-06,5.086118637365189e-09
2025-08-22/IMG_9837.JPG,Medium,Small,0.0055389259941875935,0.6695648431777954,0.3218458592891693,0.0030503123998641968
2025-09-29/IMG_1933.JPG,Very Small,Very Small,0.7673681974411011,0.22992296516895294,0.00267236540094018,3.648067286121659e-05
2025-09-05/IMG_1309.JPG,Small,Small,0.06149972602725029,0.8292948007583618,0.1047905907034874,0.004414843395352364
2025-09-05/IMG_1196.JPG,Very Small,Very Small,0.9914482831954956,0.008548765443265438,2.90703042082896e-06,9.050217464334764e-09
2025-09-05/IMG_1167.JPG,Very Small,Very Small,0.9830071926116943,0.01698913425207138,3.6393034861248452e-06,3.879103704917952e-09
2025-09-29/IMG_1731.JPG,Small,Small,0.005461966153234243,0.977275013923645,0.017257340252399445,5.763307399320183e-06
2025-09-05/IMG_1559.JPG,Small,Small,0.01237519271671772,0.7806053161621094,0.20393064618110657,0.003088877536356449
2025-08-07/IMG_9584.JPG,Medium,Medium,0.0008043791749514639,0.08299359679222107,0.7574684023857117,0.15873360633850098
2025-08-07/IMG_9485.JPG,Medium,Medium,0.00024115385895129293,0.07266639173030853,0.8968875408172607,0.030204826965928078
2025-09-05/IMG_1494.JPG,Small,Small,0.027475569397211075,0.9677653908729553,0.004755507688969374,3.5014872992178425e-06
2025-08-07/IMG_9659.JPG,Large,Large,0.003096973989158869,0.01888594590127468,0.08460685610771179,0.8934102654457092
2025-09-05/IMG_0922.JPG,Very Small,Very Small,0.9769837260246277,0.023004338145256042,1.1862966857734136e-05,4.518086171856339e-08
2025-08-22/IMG_9806.JPG,Medium,Medium,5.197433347348124e-05,0.048845794051885605,0.9103556871414185,0.04074650630354881
2025-09-29/IMG_1794.JPG,Very Small,Very Small,0.9202244877815247,0.07966664433479309,0.00010831162944668904,5.963081548543414e-07
2025-08-22/IMG_9979.JPG,Very Small,Small,0.15671475231647491,0.5265376567840576,0.2845820486545563,0.032165564596652985
2025-08-22/IMG_0121.JPG,Very Small,Very Small,0.9827812314033508,0.01718945987522602,2.89227427856531e-05,2.932586085080402e-07
2025-08-07/IMG_9245.JPG,Medium,Medium,0.0002165369805879891,0.13133971393108368,0.8574579358100891,0.010985823348164558
2025-08-22/IMG_9900.JPG,Small,Small,0.012269111350178719,0.9872226119041443,0.0005083104479126632,5.4493945356171025e-08
2025-08-07/IMG_9487.JPG,Small,Small,0.14729389548301697,0.848831057548523,0.0038697889540344477,5.23704966326477e-06
2025-09-05/IMG_0952.JPG,Small,Small,0.04582880064845085,0.950435221195221,0.0037302980199456215,5.709101969841868e-06
2025-09-05/IMG_1320.JPG,Small,Small,0.28083980083465576,0.5458971261978149,0.14433149993419647,0.028931627050042152
2025-08-07/IMG_9526.JPG,Medium,Large,0.04565206542611122,0.16117870807647705,0.36569976806640625,0.4274694621562958
2025-08-22/IMG_9804.JPG,Very Small,Very Small,0.9991891980171204,0.0008108547190204263,2.6313273338018917e-08,1.4581636245680762e-11
2025-09-05/IMG_1568.JPG,Small,Small,0.06127750128507614,0.9044916033744812,0.03389865159988403,0.00033224839717149734
2025-09-05/IMG_1475.JPG,Medium,Medium,0.0001634273212403059,0.06548302620649338,0.8878291845321655,0.04652435705065727
2025-08-22/IMG_0287.JPG,Medium,Medium,0.001192637486383319,0.1933138370513916,0.7947054505348206,0.010788066312670708
2025-09-29/IMG_1712.JPG,Small,Small,0.006746950093656778,0.7589526772499084,0.2327970266342163,0.0015033259987831116
2025-09-05/IMG_0797.JPG,Small,Small,0.40382471680641174,0.5949532985687256,0.0012203335063531995,1.681502681094571e-06
2025-08-07/IMG_9506.JPG,Very Small,Very Small,0.9804874062538147,0.019452063366770744,5.9621917898766696e-05,8.898088026398909e-07
2025-09-29/IMG_1890.JPG,Small,Small,0.05291568487882614,0.6840733289718628,0.24987398087978363,0.01313695590943098
2025-09-29/IMG_1876.JPG,Very Small,Small,0.49412623047828674,0.49723097681999207,0.008492761291563511,0.00014999588893260807
2025-08-22/IMG_0083.JPG,Very Small,Very Small,0.9187723994255066,0.08072543889284134,0.0004901348147541285,1.2058062566211447e-05
2025-09-05/IMG_0982.JPG,Small,Small,0.24310103058815002,0.7070913314819336,0.04710167273879051,0.0027059591375291348
2025-09-05/IMG_1407.JPG,Small,Small,0.03955305740237236,0.9479530453681946,0.012484532780945301,9.346043043478858e-06
2025-09-05/IMG_1000.JPG,Very Small,Very Small,0.8416669964790344,0.15436290204524994,0.0037880754098296165,0.00018207939865533262
2025-09-05/IMG_1321.JPG,Very Small,Very Small,0.6457825303077698,0.332171231508255,0.01946868561208248,0.0025775402318686247
2025-09-29/IMG_1691.JPG,Medium,Medium,4.103106903130538e-07,0.009764671325683594,0.986412763595581,0.003822259372100234
2025-09-05/IMG_1530.JPG,Small,Medium,0.014523349702358246,0.4547015130519867,0.5063088536262512,0.024466341361403465
2025-09-05/IMG_1253.JPG,Small,Small,0.06136848032474518,0.715079128742218,0.21713270246982574,0.006419728510081768
2025-08-22/IMG_0250.JPG,Very Small,Very Small,0.9936609268188477,0.006336303893476725,2.7177832180314e-06,7.08138170324446e-09
2025-09-05/IMG_0906.JPG,Very Small,Very Small,0.9776366353034973,0.022355858236551285,7.415746949845925e-06,2.645167107573343e-08
2025-09-05/IMG_0829.JPG,Small,Small,0.01716884970664978,0.973788321018219,0.009038455784320831,4.42664304500795e-06
2025-08-22/IMG_0225.JPG,Very Small,Very Small,0.9973342418670654,0.002665129490196705,6.773555583095003e-07,1.3959117195483373e-09
2025-08-22/IMG_9760.JPG,Small,Small,0.0028803220484405756,0.8361612558364868,0.1607014685869217,0.00025695149088278413
2025-09-05/IMG_1312.JPG,Small,Small,0.09826110303401947,0.8224703073501587,0.07621702551841736,0.0030515778344124556
2025-09-05/IMG_1211.JPG,Small,Small,0.12137210369110107,0.8596229553222656,0.01875658519566059,0.0002484129508957267
2025-08-22/IMG_0237.JPG,Very Small,Very Small,0.8783680200576782,0.12146594375371933,0.00016554149624425918,4.464454548269714e-07
2025-09-05/IMG_1115.JPG,Medium,Medium,3.820833808276802e-05,0.04692349582910538,0.9394004940986633,0.013637741096317768
2025-08-22/IMG_0060.JPG,Very Small,Small,0.28657567501068115,0.6771063804626465,0.03541327267885208,0.0009047089261002839
2025-08-07/IMG_9426.JPG,Medium,Small,0.00510032894089818,0.7604467272758484,0.2333073765039444,0.0011455467902123928
2025-09-05/IMG_1208.JPG,Small,Small,0.19629313051700592,0.7961349487304688,0.007536586374044418,3.542259946698323e-05
2025-08-07/IMG_9542.JPG,Large,Large,0.030857188627123833,0.0899568423628807,0.23859766125679016,0.6405882239341736
2025-09-05/IMG_0798.JPG,Small,Small,0.0010226703016087413,0.694206178188324,0.3043672740459442,0.000403891084715724
2025-09-05/IMG_0903.JPG,Small,Medium,0.0016312709776684642,0.4782249331474304,0.5145816802978516,0.005562105681747198
2025-08-07/IMG_9615.JPG,Large,Large,0.00013656979717779905,0.013471875339746475,0.1836998164653778,0.8026917576789856
2025-09-05/IMG_1224.JPG,Small,Small,0.00017271512479055673,0.5835090279579163,0.4161038100719452,0.0002144480386050418
2025-09-05/IMG_1416.JPG,Very Small,Very Small,0.9966686367988586,0.0033308337442576885,6.103055625317211e-07,1.2546784722289317e-09
2025-08-07/IMG_9544.JPG,Large,Large,0.05846984684467316,0.12379224598407745,0.25276803970336914,0.5649698376655579
2025-09-05/IMG_1544.JPG,Very Small,Small,0.24867138266563416,0.5053766369819641,0.22068791091442108,0.025264056399464607
2025-09-29/IMG_1821.JPG,Very Small,Very Small,0.9635891318321228,0.036408863961696625,2.087689836116624e-06,1.1950539446914377e-09
2025-09-05/IMG_1002.JPG,Small,Small,0.46593940258026123,0.5298049449920654,0.004221914801746607,3.3735013857949525e-05
2025-09-05/IMG_1099.JPG,Small,Small,0.007628521416336298,0.9694064259529114,0.022955117747187614,9.954258530342486e-06
2025-09-29/IMG_1684.JPG,Medium,Medium,2.5242237825295888e-05,0.1751813292503357,0.8243448138237,0.000448553852038458
2025-08-07/IMG_9150.JPG,Very Small,Very Small,0.9118464589118958,0.08641594648361206,0.0016410143580287695,9.651999425841495e-05
2025-09-05/IMG_1410.JPG,Medium,Medium,1.3349746950552799e-05,0.0783277153968811,0.9201993346214294,0.0014596078544855118
2025-08-22/IMG_9807.JPG,Very Small,Very Small,0.8866403698921204,0.11286696046590805,0.0004882860230281949,4.3495574573171325e-06
2025-08-22/IMG_0113.JPG,Small,Small,0.09232046455144882,0.7791018486022949,0.1251843124628067,0.003393401624634862
2025-08-07/IMG_9231.JPG,Small,Small,0.06171271950006485,0.881499707698822,0.05632159486413002,0.0004659087862819433
2025-08-07/IMG_9634.JPG,Large,Large,0.0006649610586464405,0.010150873102247715,0.09863609075546265,0.8905481100082397
2025-09-29/IMG_1737.JPG,Small,Small,0.109425850212574,0.8901607394218445,0.00041327677899971604,5.492727694900168e-08
2025-08-07/IMG_9656.JPG,Large,Large,0.001163932727649808,0.014599377289414406,0.10069161653518677,0.8835451006889343
2025-09-05/IMG_1268.JPG,Small,Small,0.03294297680258751,0.9286274313926697,0.03808114677667618,0.0003484626649878919
2025-09-05/IMG_1336.JPG,Small,Small,0.09001979976892471,0.6339728236198425,0.2359464019536972,0.04006095975637436
2025-09-29/IMG_1697.JPG,Medium,Medium,1.612014057172928e-05,0.1674322783946991,0.8322296738624573,0.00032198356348089874
2025-09-29/IMG_1805.JPG,Very Small,Very Small,0.9959926009178162,0.004007040057331324,3.8658598100482777e-07,7.704961668686394e-10
2025-08-07/IMG_9441.JPG,Very Small,Very Small,0.9930003881454468,0.00699659762904048,2.959731546070543e-06,8.717782939982044e-09
2025-09-05/IMG_1045.JPG,Medium,Small,0.1227465495467186,0.6869289875030518,0.17963027954101562,0.010694153606891632
2025-09-05/IMG_1518.JPG,Small,Small,0.20904701948165894,0.7799530029296875,0.010916408151388168,8.360062929568812e-05
2025-09-05/IMG_1502.JPG,Small,Small,0.0008289217948913574,0.6168075203895569,0.38158008456230164,0.0007834931020624936
2025-08-07/IMG_9693.JPG,Medium,Medium,0.00021976504649501294,0.10522712022066116,0.8885021209716797,0.006050927098840475
2025-08-22/IMG_0251.JPG,Very Small,Very Small,0.9973898530006409,0.002609762828797102,3.901377851889265e-07,5.174159434240266e-10
2025-09-29/IMG_1862.JPG,Small,Small,0.11067225784063339,0.8585745096206665,0.030275294557213783,0.00047790262033231556
2025-08-22/IMG_0200.JPG,Small,Small,0.18354345858097076,0.8144422173500061,0.002011386211961508,2.8663630473602097e-06
2025-08-07/IMG_9420.JPG,Small,Small,0.06993680447340012,0.8894567489624023,0.040366947650909424,0.00023953456548042595
2025-09-05/IMG_1580.JPG,Small,Small,0.09507768601179123,0.8096814155578613,0.08935465663671494,0.005886284168809652
2025-09-05/IMG_0965.JPG,Small,Small,0.0006218986236490309,0.5239092707633972,0.4731769859790802,0.0022918609902262688
2025-08-07/IMG_9458.JPG,Small,Small,0.1656731367111206,0.8275814652442932,0.006733478978276253,1.1894285307789687e-05
2025-08-22/IMG_9763.JPG,Very Small,Very Small,0.7621521949768066,0.23525547981262207,0.0025332090444862843,5.9179939853493124e-05
2025-09-05/IMG_1504.JPG,Medium,Medium,0.00025826762430369854,0.19047969579696655,0.8027998208999634,0.0064622098580002785
2025-08-22/IMG_0070.JPG,Small,Small,0.2594727873802185,0.7161931395530701,0.024001823738217354,0.0003321814292576164
2025-09-05/IMG_1234.JPG,Small,Small,0.0018116642022505403,0.5701810121536255,0.42535731196403503,0.0026499624364078045
2025-08-07/IMG_9590.JPG,Medium,Small,0.02773280441761017,0.48325973749160767,0.446921706199646,0.042085688561201096
2025-08-22/IMG_0241.JPG,Very Small,Very Small,0.9981344938278198,0.0018652507569640875,2.8417079533937795e-07,3.9943037766221323e-10
2025-08-07/IMG_9558.JPG,Small,Medium,0.008462365716695786,0.336559921503067,0.5941885113716125,0.06078914925456047
2025-09-29/IMG_1917.JPG,Very Small,Very Small,0.8157410025596619,0.1779964715242386,0.005788793321698904,0.0004737186536658555
2025-09-05/IMG_1536.JPG,Small,Small,0.10428520292043686,0.8803242444992065,0.015321298502385616,6.924758054083213e-05
2025-09-05/IMG_0820.JPG,Medium,Medium,2.8608206775970757e-05,0.09402421116828918,0.9046911001205444,0.0012561019975692034
2025-08-22/IMG_9734.JPG,Very Small,Very Small,0.9651027917861938,0.03486432507634163,3.264275801484473e-05,1.8282625546817144e-07
2025-08-07/IMG_9159.JPG,Small,Small,0.3575247824192047,0.5261768698692322,0.10040850937366486,0.015889830887317657
2025-09-05/IMG_1342.JPG,Very Small,Very Small,0.6866498589515686,0.29182374477386475,0.020014062523841858,0.0015123499324545264
2025-09-05/IMG_1276.JPG,Medium,Small,0.11371888965368271,0.8213208913803101,0.06367278844118118,0.001287385355681181
2025-09-29/IMG_1807.JPG,Very Small,Very Small,0.9848041534423828,0.015194514766335487,1.2942275589011842e-06,1.7220197490175337e-09
2025-08-22/IMG_9894.JPG,Small,Small,0.03952638432383537,0.958434522151947,0.0020378506742417812,1.2610798876266927e-06
2025-09-05/IMG_1323.JPG,Very Small,Very Small,0.5952975153923035,0.3563562035560608,0.04217607527971268,0.00617024302482605
2025-08-22/IMG_0102.JPG,Very Small,Small,0.30870744585990906,0.5796160697937012,0.09240558743476868,0.01927095092833042
2025-09-29/IMG_1718.JPG,Small,Small,0.0724974125623703,0.914713978767395,0.012751184403896332,3.740812462638132e-05
2025-09-29/IMG_1680.JPG,Small,Small,0.01931658387184143,0.9586099982261658,0.021986423060297966,8.697423618286848e-05
2025-08-22/IMG_9960.JPG,Very Small,Very Small,0.8650513291358948,0.13471142947673798,0.00023574639635626227,1.4618658497056458e-06
2025-09-29/IMG_1883.JPG,Small,Small,0.014845389872789383,0.9590693116188049,0.025990275666117668,9.499046427663416e-05
2025-09-05/IMG_0867.JPG,Medium,Medium,8.655456622364e-05,0.062156084924936295,0.9301097989082336,0.007647587452083826
2025-09-05/IMG_1324.JPG,Small,Small,0.11117170006036758,0.5604881644248962,0.2893257141113281,0.03901445493102074
2025-09-05/IMG_0804.JPG,Medium,Medium,0.0015366843435913324,0.12524253129959106,0.8014808297157288,0.07173991948366165
2025-08-22/IMG_0138.JPG,Very Small,Very Small,0.9762967228889465,0.02357218600809574,0.00012841072748415172,2.771802201095852e-06
2025-08-22/IMG_0128.JPG,Very Small,Very Small,0.9852412343025208,0.014721086248755455,3.718801963259466e-05,4.5855250618842547e-07
2025-09-05/IMG_1078.JPG,Small,Small,0.0017950143665075302,0.9276332855224609,0.07055113464593887,2.0608064005500637e-05
2025-08-22/IMG_0236.JPG,Very Small,Very Small,0.9818684458732605,0.01809949427843094,3.181865031365305e-05,2.1607179689908662e-07
2025-09-29/IMG_1672.JPG,Small,Small,0.1915826052427292,0.8068850636482239,0.0015304803382605314,1.8134803667635424e-06
2025-08-07/IMG_9475.JPG,Small,Small,0.007511477451771498,0.9785207509994507,0.01396280899643898,4.847029231314082e-06
2025-09-05/IMG_1188.JPG,Very Small,Very Small,0.8922783732414246,0.10682199150323868,0.0008804967510513961,1.9123854144709185e-05
2025-08-07/IMG_9713.JPG,Large,Large,0.0006030775839462876,0.009445707313716412,0.10135114192962646,0.8886001110076904
2025-09-05/IMG_1452.JPG,Very Small,Very Small,0.6962815523147583,0.302717924118042,0.0009958180598914623,4.751345841214061e-06
2025-09-05/IMG_1589.JPG,Very Small,Small,0.19004616141319275,0.6266402006149292,0.154482901096344,0.02883078157901764
2025-09-29/IMG_1923.JPG,Very Small,Very Small,0.6949058771133423,0.2969362437725067,0.007837746292352676,0.00032013808959163725
2025-08-22/IMG_0173.JPG,Very Small,Very Small,0.9545576572418213,0.045409370213747025,3.2852214644663036e-05,8.99521594988073e-08
2025-09-05/IMG_1465.JPG,Very Small,Very Small,0.9676516652107239,0.03232378512620926,2.4473669327562675e-05,1.0446102294281445e-07
2025-08-07/IMG_9414.JPG,Large,Medium,0.0027597430162131786,0.07449591904878616,0.5196787714958191,0.40306556224823
2025-08-07/IMG_9182.JPG,Very Small,Very Small,0.46285876631736755,0.4487515389919281,0.07396110147237778,0.014428587630391121
2025-08-22/IMG_0253.JPG,Medium,Medium,1.5265621186699718e-05,0.07709155231714249,0.9222078323364258,0.0006853243103250861
2025-08-22/IMG_9999.JPG,Very Small,Very Small,0.7841881513595581,0.21503828465938568,0.0007700960850343108,3.455590785961249e-06
2025-09-05/IMG_1241.JPG,Medium,Medium,0.002032628981396556,0.2600663900375366,0.7186081409454346,0.019292792305350304
2025-08-22/IMG_9861.JPG,Small,Small,0.0016172380419448018,0.5079578161239624,0.4871118366718292,0.0033131095115095377
2025-09-05/IMG_0808.JPG,Very Small,Very Small,0.9645916819572449,0.03527972847223282,0.0001270629873033613,1.5117951761567383e-06
2025-09-05/IMG_1006.JPG,Very Small,Very Small,0.6936135292053223,0.2938728928565979,0.011503719724714756,0.0010098202619701624
2025-08-22/IMG_0115.JPG,Very Small,Small,0.3705964684486389,0.6014822125434875,0.027245517820119858,0.0006757688242942095
2025-08-22/IMG_0045.JPG,Small,Small,0.19414371252059937,0.7395268678665161,0.06402475386857986,0.002304661786183715
2025-09-05/IMG_1269.JPG,Small,Small,0.023824632167816162,0.8999444246292114,0.07550525665283203,0.0007256121607497334
2025-09-05/IMG_1261.JPG,Medium,Small,0.08461151272058487,0.6449525952339172,0.24681590497493744,0.02361992932856083
2025-09-05/IMG_1360.JPG,Very Small,Very Small,0.959284245967865,0.04065578803420067,5.9528440033318475e-05,4.1071385226132406e-07
2025-09-05/IMG_1144.JPG,Medium,Medium,0.00011727465607691556,0.07144146412611008,0.9231613874435425,0.005279859062284231
2025-09-05/IMG_1178.JPG,Medium,Medium,0.0033156422432512045,0.49351635575294495,0.500379741191864,0.002788243116810918
2025-09-05/IMG_0892.JPG,Very Small,Very Small,0.9660489559173584,0.03390698879957199,4.377690129331313e-05,3.270156980761385e-07
2025-09-05/IMG_1333.JPG,Small,Very Small,0.5942951440811157,0.38488197326660156,0.01944280043244362,0.0013801095774397254
2025-09-05/IMG_1111.JPG,Medium,Medium,7.811001523805317e-06,0.03687608987092972,0.961035966873169,0.0020801625214517117
2025-08-07/IMG_9690.JPG,Large,Medium,0.0006118749151937664,0.04298216477036476,0.5052789449691772,0.45112699270248413
2025-08-07/IMG_9709.JPG,Large,Large,0.0020141457207500935,0.019988710060715675,0.12651649117469788,0.8514806032180786
2025-09-05/IMG_0852.JPG,Small,Small,0.005131473299115896,0.975196123123169,0.01966564916074276,6.79846334605827e-06
2025-09-05/IMG_1440.JPG,Very Small,Very Small,0.9720081090927124,0.027987796813249588,4.056995749124326e-06,3.0962827857194952e-09
2025-09-05/IMG_1255.JPG,Small,Small,0.01540131215006113,0.9265111684799194,0.05785556882619858,0.00023191279615275562
2025-09-05/IMG_1564.JPG,Very Small,Small,0.44499656558036804,0.5464727282524109,0.008394517004489899,0.00013613728515338153
2025-08-22/IMG_0174.JPG,Small,Small,0.1436641365289688,0.8534225821495056,0.002909512957558036,3.7912507195869694e-06
2025-08-07/IMG_9155.JPG,Small,Small,0.056901369243860245,0.6855943202972412,0.23550400137901306,0.022000255063176155
2025-09-05/IMG_1310.JPG,Very Small,Very Small,0.8506624698638916,0.1431511491537094,0.0056081293150782585,0.0005782986409030855
2025-09-05/IMG_1154.JPG,Very Small,Very Small,0.6952829360961914,0.2979916036128998,0.006502993404865265,0.0002224557101726532
2025-09-05/IMG_0875.JPG,Very Small,Very Small,0.9772306084632874,0.022749651223421097,1.9657214579638094e-05,7.771453880422996e-08
2025-09-05/IMG_0970.JPG,Small,Small,0.036144040524959564,0.9073388576507568,0.05573543533682823,0.0007816957659088075
2025-08-07/IMG_9574.JPG,Large,Large,0.0024902888108044863,0.03157268464565277,0.21479575335979462,0.7511413097381592
2025-09-05/IMG_1572.JPG,Medium,Medium,0.019778167828917503,0.36826327443122864,0.474301815032959,0.13765685260295868
2025-08-22/IMG_0039.JPG,Very Small,Small,0.42976248264312744,0.5439339876174927,0.02522376924753189,0.001079720095731318
2025-08-22/IMG_9919.JPG,Very Small,Very Small,0.8118909001350403,0.1868245154619217,0.0012656762264668941,1.894967135740444e-05
2025-08-07/IMG_9216.JPG,Medium,Medium,0.003548848442733288,0.42246782779693604,0.5667091608047485,0.007274121977388859
2025-09-29/IMG_1710.JPG,Medium,Medium,2.382325192229473e-06,0.042583152651786804,0.9564897418022156,0.0009247547131963074
2025-09-29/IMG_1849.JPG,Small,Medium,0.0901532769203186,0.3102163076400757,0.3359684348106384,0.2636619508266449
2025-08-22/IMG_0089.JPG,Medium,Medium,0.017834825441241264,0.4135465919971466,0.5256029963493347,0.04301557317376137
2025-09-05/IMG_1072.JPG,Small,Small,0.18937547504901886,0.6712952852249146,0.12578974664211273,0.013539435341954231
2025-08-07/IMG_9263.JPG,Small,Small,0.06958471238613129,0.9063348770141602,0.023833485320210457,0.0002468880556989461
2025-09-05/IMG_1077.JPG,Small,Small,0.010825044475495815,0.9406383633613586,0.048465795814991,7.086698315106332e-05
2025-09-29/IMG_1719.JPG,Very Small,Very Small,0.9931676983833313,0.006831678096204996,5.424578830570681e-07,5.721669249503236e-10
2025-09-05/IMG_1482.JPG,Small,Small,0.02301102504134178,0.9729757905006409,0.0040106093510985374,2.499879428796703e-06
2025-09-05/IMG_1439.JPG,Very Small,Very Small,0.9873009920120239,0.012691518291831017,7.465323960786918e-06,3.096724299211928e-08
2025-08-07/IMG_9641.JPG,Large,Large,0.0002915825753007084,0.022112058475613594,0.32995107769966125,0.6476453542709351
2025-09-05/IMG_0888.JPG,Small,Medium,0.0037634549662470818,0.38382500410079956,0.5999817252159119,0.012429766356945038
2025-08-22/IMG_0213.JPG,Very Small,Very Small,0.9892221689224243,0.010765342973172665,1.2352187695796601e-05,6.519295681073345e-08
2025-08-22/IMG_0058.JPG,Small,Small,0.04275616630911827,0.883014440536499,0.07318753749132156,0.0010419291211292148
2025-09-05/IMG_1197.JPG,Very Small,Very Small,0.8564981818199158,0.1433625966310501,0.00013888937246520072,3.7769797245346126e-07
2025-08-07/IMG_9115.JPG,Small,Small,0.18534818291664124,0.7939088940620422,0.02052527293562889,0.00021768863371107727
2025-08-22/IMG_9896.JPG,Small,Small,0.07196877896785736,0.927924394607544,0.00010687037138268352,7.62333751680444e-09
2025-09-05/IMG_1005.JPG,Very Small,Small,0.4274950623512268,0.43024319410324097,0.10044737160205841,0.0418144054710865
2025-08-22/IMG_9904.JPG,Small,Small,0.08612043410539627,0.9132751226425171,0.0006042138556949794,2.572519406385254e-07
2025-09-29/IMG_1898.JPG,Medium,Medium,0.0017442515818402171,0.2318541258573532,0.7141249179840088,0.052276767790317535
2025-09-05/IMG_1112.JPG,Very Small,Very Small,0.9922457337379456,0.007753335405141115,8.953093697527947e-07,8.483705404849218e-10
2025-09-29/IMG_1881.JPG,Small,Small,0.016119152307510376,0.9577165842056274,0.02610265277326107,6.164187652757391e-05
2025-09-05/IMG_1187.JPG,Small,Small,0.022744497284293175,0.7636643648147583,0.21115703880786896,0.0024340858217328787
2025-08-07/IMG_9243.JPG,Very Small,Very Small,0.9862387776374817,0.013754159212112427,7.023177658993518e-06,3.004596749178745e-08
2025-09-05/IMG_0929.JPG,Large,Large,0.00037566901301033795,0.015100864693522453,0.21362385153770447,0.7708996534347534
2025-08-22/IMG_9786.JPG,Medium,Small,0.0016669194446876645,0.6983369588851929,0.29950347542762756,0.0004926605615764856
2025-08-22/IMG_0051.JPG,Very Small,Very Small,0.47711047530174255,0.38080543279647827,0.11780412495136261,0.02427990362048149
2025-08-22/IMG_0211.JPG,Small,Small,0.4731837809085846,0.5261306166648865,0.0006850081263110042,5.988491125208384e-07
2025-09-05/IMG_1472.JPG,Large,Large,0.0004533130268100649,0.029504923149943352,0.3930996060371399,0.5769421458244324
2025-08-07/IMG_9694.JPG,Medium,Medium,0.00021480955183506012,0.0571138858795166,0.8498318791389465,0.09283944964408875
2025-09-29/IMG_1879.JPG,Very Small,Very Small,0.7994858026504517,0.1973104476928711,0.003087251912802458,0.00011653834371827543
2025-08-07/IMG_9450.JPG,Small,Small,0.10366611927747726,0.8855574727058411,0.010757635347545147,1.8786990040098317e-05
2025-09-05/IMG_1486.JPG,Large,Large,0.0012112240074202418,0.04288972541689873,0.36225947737693787,0.5936396718025208
2025-08-07/IMG_9579.JPG,Medium,Medium,0.00018597030430100858,0.05396631732583046,0.8241356611251831,0.12171200662851334
2025-08-22/IMG_0186.JPG,Medium,Medium,0.004210753366351128,0.32974115014076233,0.6498079895973206,0.016240131109952927
2025-08-22/IMG_0123.JPG,Small,Very Small,0.7390066385269165,0.2544253170490265,0.006355443969368935,0.00021255244791973382
2025-08-07/IMG_9532.JPG,Medium,Medium,0.0004602812696248293,0.05298975855112076,0.6711896657943726,0.2753602862358093
2025-08-22/IMG_0094.JPG,Very Small,Very Small,0.9141183495521545,0.0842481479048729,0.0015570814721286297,7.642982382094488e-05
2025-09-05/IMG_1400.JPG,Small,Small,0.004143859259784222,0.7577139139175415,0.23747865855693817,0.0006635336903855205
2025-09-05/IMG_1394.JPG,Medium,Medium,0.0007656954694539309,0.20560452342033386,0.7847371697425842,0.00889259297400713
2025-08-22/IMG_9881.JPG,Very Small,Very Small,0.8183263540267944,0.1806582510471344,0.0010029604891315103,1.244050326931756e-05
2025-09-05/IMG_1457.JPG,Small,Small,0.09074143320322037,0.8931247591972351,0.016073055565357208,6.0765982198063284e-05
2025-09-05/IMG_1576.JPG,Very Small,Very Small,0.6411251425743103,0.31721118092536926,0.03598397970199585,0.005679625552147627
2025-08-22/IMG_0281.JPG,Medium,Small,0.00272946385666728,0.5078809857368469,0.4876421391963959,0.0017474532360211015
2025-08-22/IMG_0229.JPG,Small,Small,0.4169667661190033,0.5813129544258118,0.0017180709401145577,2.2511717361339834e-06
2025-08-07/IMG_9449.JPG,Medium,Medium,0.00042990781366825104,0.3283211588859558,0.6698273420333862,0.0014215969713404775
2025-08-07/IMG_9505.JPG,Medium,Medium,0.0022027308586984873,0.394092857837677,0.5959251523017883,0.007779317907989025
2025-08-22/IMG_0183.JPG,Small,Small,0.16840708255767822,0.8116167783737183,0.019805151969194412,0.00017097646195907146
2025-08-22/IMG_9748.JPG,Very Small,Very Small,0.9975736737251282,0.0024259609635919333,3.6235758216207614e-07,6.052951473378698e-10
2025-09-05/IMG_1137.JPG,Small,Small,0.0020080767571926117,0.8925190567970276,0.10541126877069473,6.161279452499002e-05
2025-09-29/IMG_1747.JPG,Very Small,Very Small,0.9987725615501404,0.0012274652253836393,1.1785934894703587e-08,2.632905395441587e-12
2025-08-07/IMG_9151.JPG,Very Small,Small,0.46890896558761597,0.5110244154930115,0.018955884501338005,0.0011107223108410835
2025-09-05/IMG_1540.JPG,Very Small,Very Small,0.8358322381973267,0.1618616133928299,0.002241432201117277,6.466243212344125e-05
2025-09-29/IMG_1717.JPG,Medium,Medium,5.533182047656737e-06,0.046112291514873505,0.9525048136711121,0.0013773500686511397
2025-09-05/IMG_1016.JPG,Small,Small,0.04853435605764389,0.7316203117370605,0.21249131858348846,0.007353970315307379
2025-08-07/IMG_9154.JPG,Small,Small,0.04214868322014809,0.4614824950695038,0.42229098081588745,0.07407788932323456
2025-09-05/IMG_1356.JPG,Medium,Medium,7.527697744080797e-05,0.1879289597272873,0.8110008835792542,0.0009948115330189466
2025-08-22/IMG_0168.JPG,Medium,Medium,0.0028928364627063274,0.4886595904827118,0.5041767358779907,0.004270873032510281
2025-08-22/IMG_0142.JPG,Very Small,Very Small,0.9901649355888367,0.009814774617552757,2.011749347730074e-05,2.484590879703319e-07
2025-08-22/IMG_0157.JPG,Medium,Medium,0.0044008041732013226,0.26116976141929626,0.7073185443878174,0.02711089700460434
2025-09-29/IMG_1925.JPG,Small,Small,0.4075672924518585,0.5337109565734863,0.055977582931518555,0.0027441189158707857
2025-08-07/IMG_9212.JPG,Very Small,Very Small,0.994708776473999,0.0052900477312505245,1.1801917025877628e-06,2.914050556412917e-09
2025-08-22/IMG_0130.JPG,Very Small,Very Small,0.9867651462554932,0.01319093443453312,4.307491326471791e-05,8.019183042051736e-07
2025-09-29/IMG_1790.JPG,Small,Small,0.363077312707901,0.6343446969985962,0.0025707418099045753,7.278476005012635e-06
2025-08-07/IMG_9192.JPG,Small,Small,0.02378230169415474,0.9252325296401978,0.05067639425396919,0.0003087586665060371
2025-09-05/IMG_1526.JPG,Small,Small,0.019727615639567375,0.8515303134918213,0.12454501539468765,0.0041970303282141685
2025-09-05/IMG_0945.JPG,Medium,Medium,0.0006604092777706683,0.23571766912937164,0.7530291676521301,0.010592669248580933
2025-09-05/IMG_1019.JPG,Small,Small,0.0998307541012764,0.7709428071975708,0.12335783243179321,0.005868629086762667
2025-09-05/IMG_1487.JPG,Medium,Medium,0.0021949606016278267,0.46402114629745483,0.5295801758766174,0.004203783348202705
2025-08-22/IMG_9945.JPG,Very Small,Very Small,0.7405887842178345,0.25745701789855957,0.0019319338025525212,2.2237905795918778e-05
2025-08-22/IMG_9977.JPG,Very Small,Very Small,0.8256757259368896,0.17413853108882904,0.0001852685381891206,5.059876002633246e-07
2025-08-22/IMG_9744.JPG,Small,Small,0.00865755882114172,0.8994070887565613,0.09121929109096527,0.0007160812965594232
2025-09-05/IMG_1172.JPG,Very Small,Very Small,0.9823845028877258,0.017603881657123566,1.164275727205677e-05,4.1444973675197616e-08
2025-09-05/IMG_0913.JPG,Small,Small,0.11169174313545227,0.859512984752655,0.02849549427628517,0.000299839855870232
2025-09-29/IMG_1700.JPG,Small,Small,0.005926851648837328,0.973889946937561,0.020174117758870125,9.085979399969801e-06
2025-09-05/IMG_0839.JPG,Small,Small,0.03529316186904907,0.9496550559997559,0.015031649731099606,2.0175904865027405e-05
2025-09-05/IMG_0919.JPG,Small,Small,0.17066094279289246,0.8249804973602295,0.00434515718370676,1.3394118468568195e-05
2025-08-07/IMG_9688.JPG,Large,Large,0.0020796433091163635,0.009761575609445572,0.05263816565275192,0.935520589351654
2025-09-05/IMG_0953.JPG,Small,Small,0.0003227270790375769,0.7214597463607788,0.27804362773895264,0.0001738869323162362
2025-09-05/IMG_1288.JPG,Small,Small,0.041715074330568314,0.7478969097137451,0.20286527276039124,0.007522761821746826
2025-08-07/IMG_9603.JPG,Medium,Medium,0.0003550885012373328,0.08896578848361969,0.8794524669647217,0.03122664801776409
2025-08-07/IMG_9188.JPG,Small,Small,0.09964640438556671,0.8565197587013245,0.04329587146639824,0.0005380148650147021
2025-09-29/IMG_1692.JPG,Medium,Medium,3.0063088161114138e-06,0.030616583302617073,0.9677808284759521,0.0015995543217286468
2025-08-07/IMG_9447.JPG,Very Small,Very Small,0.9998247027397156,0.00017527265299577266,2.2063313676046192e-10,1.433692201687365e-14
2025-08-22/IMG_0133.JPG,Small,Small,0.03263433650135994,0.7406288981437683,0.2208489179611206,0.005887865088880062
2025-09-05/IMG_1477.JPG,Small,Small,0.008930223062634468,0.9417617321014404,0.049163997173309326,0.0001440796913811937
2025-08-22/IMG_9839.JPG,Medium,Medium,0.0015075801638886333,0.09731793403625488,0.686295211315155,0.21487931907176971
2025-09-05/IMG_1385.JPG,Very Small,Very Small,0.9643571376800537,0.035627905279397964,1.4972270946600474e-05,2.3403329052484878e-08
2025-08-22/IMG_0261.JPG,Medium,Medium,1.2486742662076722e-06,0.04803767055273056,0.9518004059791565,0.0001607337617315352
2025-08-07/IMG_9128.JPG,Medium,Small,0.11016134172677994,0.7546223402023315,0.13007141649723053,0.005144850350916386
2025-08-22/IMG_9913.JPG,Small,Small,0.19145233929157257,0.799175500869751,0.009327990002930164,4.4251151848584414e-05
2025-09-05/IMG_1322.JPG,Very Small,Very Small,0.9335402846336365,0.06559590250253677,0.0008213500259444118,4.253705992596224e-05
2025-08-07/IMG_9530.JPG,Small,Small,0.14738623797893524,0.7416570782661438,0.10163739323616028,0.00931931659579277
2025-09-05/IMG_0983.JPG,Very Small,Very Small,0.5223318934440613,0.46207112073898315,0.015147321857511997,0.00044972350588068366
2025-09-05/IMG_1034.JPG,Small,Small,0.11097114533185959,0.8211778998374939,0.06612055003643036,0.0017304721986874938
2025-09-05/IMG_1170.JPG,Very Small,Very Small,0.9818226099014282,0.01816033385694027,1.6987674825941212e-05,8.938098972066655e-08
2025-08-22/IMG_9941.JPG,Small,Very Small,0.7118915319442749,0.285714328289032,0.002361988415941596,3.216294862795621e-05
2025-09-05/IMG_1606.JPG,Small,Small,0.04057152569293976,0.7750345468521118,0.17953677475452423,0.00485721230506897
2025-08-22/IMG_9878.JPG,Very Small,Small,0.2394995093345642,0.7577294707298279,0.002762444084510207,8.574590538046323e-06
2025-08-22/IMG_9967.JPG,Very Small,Small,0.22649554908275604,0.7686848640441895,0.004799588583409786,2.0007413695566356e-05
2025-08-07/IMG_9671.JPG,Large,Large,0.014333855360746384,0.051358919590711594,0.16029781103134155,0.7740094065666199
2025-09-29/IMG_1819.JPG,Small,Small,0.1033240333199501,0.8935441970825195,0.0031262824777513742,5.49974674868281e-06
2025-08-07/IMG_9228.JPG,Medium,Medium,0.0005754086305387318,0.24066074192523956,0.7532424926757812,0.005521352868527174
2025-09-29/IMG_1817.JPG,Very Small,Very Small,0.9662716388702393,0.03367394953966141,5.3920390200801194e-05,4.908641244583123e-07
2025-09-05/IMG_0926.JPG,Small,Small,0.033616069704294205,0.9507222175598145,0.015615665353834629,4.6041139285080135e-05
2025-08-07/IMG_9408.JPG,Small,Small,0.025270594283938408,0.9611570835113525,0.013551836833357811,2.0550773115246557e-05
2025-08-22/IMG_9911.JPG,Small,Small,0.15241898596286774,0.8315700888633728,0.01590978354215622,0.00010113167081726715
2025-09-05/IMG_1169.JPG,Very Small,Very Small,0.9673218131065369,0.032600902020931244,7.645689038326964e-05,8.228638535001664e-07
2025-09-05/IMG_0800.JPG,Medium,Medium,0.0008448344306088984,0.16091299057006836,0.8197678923606873,0.0184742733836174
2025-09-05/IMG_1184.JPG,Very Small,Very Small,0.8988931775093079,0.10049701482057571,0.0006018720450811088,7.87721455708379e-06
2025-08-07/IMG_9257.JPG,Small,Small,0.025855788961052895,0.9460216760635376,0.027960801497101784,0.0001617551752133295
2025-09-05/IMG_1519.JPG,Small,Small,0.16949580609798431,0.7935035228729248,0.03588537126779556,0.0011153898667544127
2025-08-07/IMG_9432.JPG,Small,Small,0.05099072307348251,0.8679289817810059,0.08057732880115509,0.0005030010943301022
2025-09-05/IMG_1430.JPG,Small,Small,0.08352797478437424,0.9036693572998047,0.012693376280367374,0.00010934356396319345
2025-08-07/IMG_9144.JPG,Very Small,Small,0.4696695804595947,0.5179457068443298,0.011954763904213905,0.00042991674854420125
2025-08-22/IMG_9797.JPG,Small,Small,0.0034228339791297913,0.9422399997711182,0.05430757999420166,2.9675200494239107e-05
2025-09-05/IMG_1493.JPG,Small,Small,0.0002041194966295734,0.8083271384239197,0.19143268465995789,3.6026787711307406e-05
2025-09-29/IMG_1887.JPG,Small,Small,0.01345757581293583,0.5726649165153503,0.4007166028022766,0.013160819187760353
2025-09-29/IMG_1822.JPG,Very Small,Very Small,0.8984119296073914,0.10137235373258591,0.000213721752515994,1.9668777895276435e-06
2025-09-05/IMG_1119.JPG,Small,Small,0.32843217253685,0.668624222278595,0.0029359443578869104,7.622666998940986e-06
2025-09-29/IMG_1937.JPG,Very Small,Very Small,0.9054163098335266,0.09386812150478363,0.0007020693155936897,1.349887861579191e-05
2025-09-05/IMG_1565.JPG,Very Small,Very Small,0.8795663118362427,0.11598478257656097,0.004122296813875437,0.0003265886625740677
2025-08-22/IMG_0179.JPG,Very Small,Very Small,0.9979992508888245,0.00200059381313622,9.893928876181235e-08,8.445346505459028e-11
2025-09-05/IMG_1105.JPG,Medium,Medium,1.8246793842990883e-05,0.036840036511421204,0.9456301927566528,0.017511464655399323
2025-09-05/IMG_1533.JPG,Small,Small,0.05880431458353996,0.8196538686752319,0.11799512058496475,0.0035466712433844805
2025-09-05/IMG_1586.JPG,Very Small,Very Small,0.6779837608337402,0.30749019980430603,0.013654828071594238,0.0008712506387382746
2025-08-22/IMG_0053.JPG,Small,Very Small,0.7202821373939514,0.2750714421272278,0.004515737760812044,0.0001306696212850511
2025-09-29/IMG_1711.JPG,Very Small,Very Small,0.9974473714828491,0.002552543068304658,1.697882652251792e-07,1.7290593956609257e-10
2025-09-05/IMG_1044.JPG,Small,Small,0.22118841111660004,0.7365366816520691,0.04116624593734741,0.0011086494196206331
2025-08-22/IMG_9782.JPG,Very Small,Very Small,0.9942828416824341,0.005716294515877962,9.796717677090783e-07,1.997227938588253e-09
2025-09-05/IMG_1363.JPG,Medium,Medium,9.93459252640605e-05,0.07101624459028244,0.9151574969291687,0.013726897537708282
2025-09-05/IMG_1384.JPG,Medium,Small,0.00033696615719236434,0.8138492703437805,0.18578413128852844,2.9698514481424354e-05
2025-08-22/IMG_0030.JPG,Medium,Small,0.13493745028972626,0.6793555617332458,0.17696650326251984,0.008740413933992386
2025-08-22/IMG_9947.JPG,Very Small,Very Small,0.8915255069732666,0.10820448398590088,0.0002678541641216725,2.1319199277058942e-06
2025-08-22/IMG_9954.JPG,Very Small,Very Small,0.8713902235031128,0.1276734322309494,0.0009190228884108365,1.7307520465692505e-05
2025-09-29/IMG_1799.JPG,Small,Very Small,0.8556371331214905,0.14419132471084595,0.00017075854702852666,7.90544333995058e-07
2025-09-05/IMG_1220.JPG,Medium,Medium,0.001096469582989812,0.16729064285755157,0.8101736903190613,0.021439196541905403
2025-08-07/IMG_9518.JPG,Small,Small,0.03037339821457863,0.9044960141181946,0.0645652487874031,0.0005653304979205132
2025-08-22/IMG_0008.JPG,Very Small,Very Small,0.828580379486084,0.17021732032299042,0.0011893423506990075,1.2974160199519247e-05
2025-09-29/IMG_1741.JPG,Small,Medium,1.8892567823058926e-05,0.17120502889156342,0.8283560872077942,0.00042000183020718396
2025-09-05/IMG_1607.JPG,Medium,Medium,0.008310136385262012,0.20612725615501404,0.5937808156013489,0.19178178906440735
2025-08-22/IMG_0245.JPG,Small,Small,0.045377038419246674,0.9517005085945129,0.0029214464593678713,9.748250704433303e-07
2025-09-29/IMG_1885.JPG,Very Small,Very Small,0.7609754204750061,0.21530084311962128,0.02059217169880867,0.00313154561445117
2025-09-29/IMG_1863.JPG,Very Small,Very Small,0.8381600975990295,0.15889188647270203,0.002875685226172209,7.235512748593464e-05
2025-09-05/IMG_0968.JPG,Medium,Medium,0.0005647297366522253,0.20495235919952393,0.7818734049797058,0.012609479017555714
2025-09-05/IMG_1366.JPG,Very Small,Very Small,0.9817166924476624,0.018259583041071892,2.3553559003630653e-05,2.1604499522709375e-07
2025-08-07/IMG_9110.JPG,Small,Small,0.03310147300362587,0.7409481406211853,0.21896283328533173,0.00698752561584115
2025-08-22/IMG_9922.JPG,Very Small,Very Small,0.8414111137390137,0.15573468804359436,0.0027449801564216614,0.00010916033352259547
2025-09-29/IMG_1860.JPG,Very Small,Small,0.3469952940940857,0.6513993740081787,0.00160307961050421,2.2879255539010046e-06
2025-09-29/IMG_1871.JPG,Small,Small,0.13947013020515442,0.7708243131637573,0.08697126805782318,0.0027342780958861113
2025-08-07/IMG_9199.JPG,Small,Small,0.001470917952246964,0.8516167402267456,0.14673903584480286,0.0001732504606479779
2025-08-22/IMG_0018.JPG,Small,Small,0.15406784415245056,0.5942127108573914,0.22536075115203857,0.026358632370829582
2025-08-22/IMG_9973.JPG,Very Small,Very Small,0.7483816742897034,0.24853728711605072,0.003028852166607976,5.219336526351981e-05
2025-09-29/IMG_1745.JPG,Small,Small,0.0005552577204070985,0.8569201231002808,0.14249445497989655,3.0098744900897145e-05
2025-09-29/IMG_1762.JPG,Small,Small,0.0006891580997034907,0.9134412407875061,0.08585083484649658,1.8676568288356066e-05
2025-09-05/IMG_1411.JPG,Very Small,Very Small,0.9851531982421875,0.014832247979938984,1.4410681615117937e-05,8.624942893220577e-08
2025-09-05/IMG_1107.JPG,Medium,Small,0.002232216065749526,0.5141904950141907,0.4814615249633789,0.0021157064475119114
2025-09-05/IMG_1442.JPG,Very Small,Very Small,0.9920809864997864,0.007918193005025387,8.093336418824038e-07,8.085394020973524e-10
2025-08-22/IMG_9906.JPG,Small,Small,0.11246179044246674,0.8871598243713379,0.00037824828177690506,1.4335709863644297e-07
2025-08-22/IMG_9948.JPG,Very Small,Very Small,0.7345231175422668,0.26225581765174866,0.0031653884798288345,5.5664469982730225e-05
2025-09-05/IMG_1139.JPG,Small,Small,0.007667208090424538,0.9297180771827698,0.06253083050251007,8.390846778638661e-05
2025-08-07/IMG_9101.JPG,Medium,Small,0.01367363054305315,0.7700357437133789,0.21395166218280792,0.002338979160413146
2025-09-05/IMG_0863.JPG,Small,Medium,9.243334352504462e-05,0.31777676939964294,0.6816049814224243,0.0005257409065961838
2025-09-05/IMG_1165.JPG,Medium,Medium,0.0025219416711479425,0.164960116147995,0.796833872795105,0.035684049129486084
2025-09-05/IMG_1025.JPG,Very Small,Very Small,0.7033581137657166,0.2625725269317627,0.029354481026530266,0.004714904353022575
2025-09-05/IMG_1455.JPG,Very Small,Very Small,0.9992796778678894,0.0007202817942015827,7.270196444864041e-09,1.9009305848166624e-12
2025-08-22/IMG_9921.JPG,Very Small,Very Small,0.7408854961395264,0.2564384639263153,0.002628601621836424,4.747512502945028e-05
2025-09-05/IMG_1353.JPG,Very Small,Very Small,0.6970119476318359,0.30102118849754333,0.0019433884881436825,2.3426373445545323e-05
2025-09-05/IMG_0905.JPG,Medium,Medium,0.004472948610782623,0.44660940766334534,0.5397737622261047,0.009143848903477192
2025-09-05/IMG_1488.JPG,Medium,Medium,2.423618752800394e-05,0.032268356531858444,0.9246590733528137,0.04304831847548485
2025-09-29/IMG_1708.JPG,Small,Small,0.0030238067265599966,0.9875829815864563,0.009391723200678825,1.4777450587644125e-06
2025-08-07/IMG_9125.JPG,Small,Small,0.03337650001049042,0.8500922918319702,0.11337166279554367,0.0031595134641975164
2025-08-22/IMG_0161.JPG,Small,Small,0.060665540397167206,0.9249361157417297,0.014362644404172897,3.566942541510798e-05
2025-08-22/IMG_0071.JPG,Very Small,Small,0.45187729597091675,0.5355218648910522,0.012276927009224892,0.0003239003417547792
2025-09-05/IMG_1210.JPG,Very Small,Very Small,0.9602077007293701,0.03975610062479973,3.604427183745429e-05,1.6965020677162101e-07
2025-08-22/IMG_0012.JPG,Very Small,Very Small,0.5949245691299438,0.39171725511550903,0.01305526215583086,0.0003029383660759777
2025-09-29/IMG_1892.JPG,Medium,Medium,0.0021508964709937572,0.4291079640388489,0.5550320744514465,0.013709072954952717
2025-09-05/IMG_0901.JPG,Medium,Medium,0.001892753760330379,0.24069470167160034,0.7355876564979553,0.02182483673095703
2025-08-07/IMG_9689.JPG,Large,Large,0.001144838985055685,0.0160289965569973,0.12631426751613617,0.8565118908882141
2025-09-05/IMG_1205.JPG,Medium,Medium,0.0004843412316404283,0.057774607092142105,0.685799777507782,0.25594136118888855
2025-09-05/IMG_0815.JPG,Very Small,Very Small,0.9978809952735901,0.002118840580806136,1.2257001458237937e-07,1.4486037369643157e-10
2025-09-05/IMG_1051.JPG,Very Small,Very Small,0.6567537784576416,0.33502715826034546,0.007854603230953217,0.00036441165138967335
2025-08-22/IMG_9815.JPG,Large,Large,0.0004581068060360849,0.01005193404853344,0.10569131374359131,0.8837987184524536
2025-08-07/IMG_9658.JPG,Large,Large,0.005119196604937315,0.0464344248175621,0.24069611728191376,0.7077502608299255
2025-09-05/IMG_1462.JPG,Small,Small,0.015740150585770607,0.8771861791610718,0.10634498298168182,0.000728683895431459
2025-09-05/IMG_1542.JPG,Small,Very Small,0.6352310180664062,0.3628233075141907,0.0019343644380569458,1.1376308975741267e-05
2025-08-22/IMG_0153.JPG,Medium,Small,0.10521981120109558,0.8249810934066772,0.06900527328252792,0.0007938419585116208
2025-08-22/IMG_9752.JPG,Medium,Medium,2.4211076379287988e-05,0.04678131639957428,0.9475269913673401,0.005667562130838633
2025-08-07/IMG_9094.JPG,Small,Small,0.23229965567588806,0.7593548893928528,0.008317914791405201,2.751218926277943e-05
2025-09-05/IMG_1443.JPG,Very Small,Very Small,0.9839643239974976,0.016020622104406357,1.4926786207070109e-05,9.608044848619102e-08
2025-08-22/IMG_9987.JPG,Very Small,Very Small,0.742137610912323,0.2562815248966217,0.001568828709423542,1.1999318303423934e-05
2025-08-07/IMG_9176.JPG,Medium,Small,0.0983254462480545,0.6227377653121948,0.2465655356645584,0.03237128257751465
2025-08-07/IMG_9655.JPG,Large,Large,0.0010532325832173228,0.00999836903065443,0.07232582569122314,0.9166225790977478
2025-08-22/IMG_9796.JPG,Very Small,Very Small,0.9986667633056641,0.0013332073576748371,1.7142433250683098e-08,5.004010227016575e-12
2025-09-05/IMG_1587.JPG,Very Small,Very Small,0.8642351627349854,0.1300864815711975,0.005195018369704485,0.00048334678285755217
2025-08-22/IMG_0239.JPG,Small,Small,0.08832402527332306,0.9057899713516235,0.0058822836726903915,3.7059896840219153e-06
2025-08-07/IMG_9139.JPG,Small,Very Small,0.6128180027008057,0.36719900369644165,0.018816491588950157,0.0011664734920486808
2025-08-22/IMG_0271.JPG,Small,Small,0.008281851187348366,0.9797112345695496,0.01200251653790474,4.3878885662707034e-06
2025-08-07/IMG_9431.JPG,Very Small,Very Small,0.999913215637207,8.673033880768344e-05,1.7102180782657683e-10,1.3903440200622053e-14
2025-08-22/IMG_0207.JPG,Medium,Medium,0.0014025052078068256,0.24474608898162842,0.7455212473869324,0.008330202661454678
2025-09-05/IMG_1295.JPG,Small,Medium,0.013840212486684322,0.21953648328781128,0.5332626700401306,0.23336058855056763
2025-09-29/IMG_1864.JPG,Small,Small,0.08380358666181564,0.8629311323165894,0.05199330300092697,0.0012720224913209677
2025-08-22/IMG_0164.JPG,Very Small,Very Small,0.8957509398460388,0.10408791899681091,0.0001604825520189479,6.34826847090153e-07
2025-08-07/IMG_9547.JPG,Small,Small,0.20312397181987762,0.6983428001403809,0.08823846280574799,0.01029484998434782
2025-08-22/IMG_0180.JPG,Small,Small,0.018725549802184105,0.9389244318008423,0.04223959147930145,0.00011044109123758972
2025-09-05/IMG_0947.JPG,Medium,Medium,0.004356812685728073,0.1275426745414734,0.6028624773025513,0.26523807644844055
2025-09-05/IMG_1449.JPG,Medium,Small,0.0011597126722335815,0.50985187292099,0.4871690273284912,0.0018194279400631785
2025-09-05/IMG_1507.JPG,Small,Small,0.005799168720841408,0.7618282437324524,0.23079143464565277,0.0015811353223398328
2025-09-05/IMG_1419.JPG,Small,Small,0.0014383384259417653,0.540199339389801,0.4569151997566223,0.0014471255708485842
2025-09-05/IMG_1092.JPG,Very Small,Very Small,0.9912812113761902,0.008718425408005714,4.0772937381916563e-07,1.5771509098705394e-10
2025-09-05/IMG_1250.JPG,Very Small,Very Small,0.6634203791618347,0.31987571716308594,0.015729732811450958,0.000974172493442893
2025-09-05/IMG_1516.JPG,Very Small,Small,0.3275669515132904,0.6539731621742249,0.017836183309555054,0.0006236471235752106
2025-09-05/IMG_1198.JPG,Very Small,Very Small,0.8282044529914856,0.17115120589733124,0.0006386149325408041,5.768126356997527e-06
2025-09-29/IMG_1946.JPG,Very Small,Very Small,0.7841693758964539,0.2102613002061844,0.005304680205881596,0.0002646157518029213
2025-08-22/IMG_0056.JPG,Small,Small,0.40315818786621094,0.5508956909179688,0.04324083402752876,0.00270525342784822
2025-08-22/IMG_0279.JPG,Medium,Medium,2.1275427570799366e-05,0.07577338069677353,0.9233044981956482,0.0009008986526168883
2025-09-05/IMG_1420.JPG,Small,Small,0.019603244960308075,0.6748354434967041,0.299961656332016,0.005599674768745899
2025-08-22/IMG_0294.JPG,Medium,Small,0.014864197932183743,0.6928467154502869,0.2892456650733948,0.0030433868523687124
2025-08-22/IMG_0189.JPG,Small,Small,0.04424067214131355,0.9364480376243591,0.019276637583971024,3.4619675716385245e-05
2025-08-22/IMG_9939.JPG,Small,Very Small,0.6337538361549377,0.3561345040798187,0.009793741628527641,0.00031789540662430227
2025-08-22/IMG_0276.JPG,Small,Small,0.06550641357898712,0.9316598176956177,0.0028327491600066423,9.996746257456834e-07
2025-08-22/IMG_0193.JPG,Small,Small,0.07208867371082306,0.9217714667320251,0.00613325135782361,6.5409990384068806e-06
2025-08-22/IMG_9961.JPG,Very Small,Very Small,0.8868924379348755,0.11196684837341309,0.0011141422437503934,2.6625169994076714e-05
2025-08-07/IMG_9715.JPG,Medium,Medium,7.501069194404408e-05,0.05805668979883194,0.8677096962928772,0.07415860891342163
2025-08-07/IMG_9488.JPG,Small,Small,0.005978942383080721,0.9563809037208557,0.03761043772101402,2.9789498512400314e-05
2025-09-05/IMG_1052.JPG,Very Small,Very Small,0.6856753826141357,0.2676372528076172,0.0385599322617054,0.008127445355057716
2025-08-22/IMG_0203.JPG,Medium,Medium,0.001178297447040677,0.34675291180610657,0.6468806266784668,0.005188183858990669
2025-08-07/IMG_9178.JPG,Small,Small,0.2482193112373352,0.7478952407836914,0.00385492667555809,3.047462632821407e-05
2025-09-05/IMG_1108.JPG,Small,Small,0.005139037501066923,0.9888430833816528,0.0060167936608195305,1.0596753554636962e-06
2025-09-05/IMG_1064.JPG,Very Small,Very Small,0.5484029054641724,0.4265613555908203,0.023776380345225334,0.0012593696592375636
2025-08-22/IMG_0217.JPG,Small,Small,0.023555820807814598,0.9673639535903931,0.009074323810636997,5.922640866629081e-06
2025-09-05/IMG_0844.JPG,Medium,Medium,1.32143695736886e-05,0.05926581472158432,0.9395147562026978,0.0012062221067026258
2025-09-05/IMG_1362.JPG,Medium,Medium,0.004953904077410698,0.23157286643981934,0.7146239876747131,0.048849236220121384
2025-08-22/IMG_9923.JPG,Small,Very Small,0.8546180129051208,0.14357243478298187,0.0017632851377129555,4.624554276233539e-05
2025-09-29/IMG_1940.JPG,Very Small,Very Small,0.8271755576133728,0.16263775527477264,0.009253106079995632,0.0009336231742054224
2025-09-05/IMG_1155.JPG,Small,Small,0.016190236434340477,0.8817043900489807,0.1016722023487091,0.0004331507079768926
2025-09-05/IMG_1371.JPG,Small,Small,0.016399968415498734,0.936333179473877,0.04716833308339119,9.859936108114198e-05
2025-09-05/IMG_1329.JPG,Small,Small,0.19126662611961365,0.7134791016578674,0.08905455470085144,0.006199679337441921
2025-09-29/IMG_1877.JPG,Very Small,Very Small,0.8284963369369507,0.1674184799194336,0.003928536083549261,0.00015664684178773314
2025-08-22/IMG_0001.JPG,Very Small,Very Small,0.7471289038658142,0.2521963119506836,0.0006719377706758678,2.8516610655060504e-06
2025-08-22/IMG_9738.JPG,Medium,Small,0.017880016937851906,0.5400646924972534,0.368650883436203,0.07340439409017563
2025-09-05/IMG_0935.JPG,Small,Small,0.10813801735639572,0.8877861499786377,0.004068090580403805,7.778487088216934e-06
2025-08-22/IMG_9774.JPG,Medium,Medium,5.178060382604599e-05,0.06724917888641357,0.9278180599212646,0.004881022963672876
2025-08-22/IMG_0112.JPG,Small,Small,0.3967984914779663,0.5917217135429382,0.011355141177773476,0.0001246379251824692
2025-08-07/IMG_9118.JPG,Very Small,Medium,0.08791850507259369,0.23332077264785767,0.3542245924472809,0.32453614473342896
2025-09-05/IMG_0830.JPG,Small,Small,0.00111218704842031,0.9735627174377441,0.025320827960968018,4.330257070250809e-06
2025-08-22/IMG_9772.JPG,Medium,Medium,0.0008115569944493473,0.3682379126548767,0.6284161806106567,0.0025344027671962976
2025-08-22/IMG_9972.JPG,Very Small,Small,0.4676873981952667,0.5265176296234131,0.005754739046096802,4.024584268336184e-05
2025-09-05/IMG_0843.JPG,Very Small,Very Small,0.9889160394668579,0.011079189367592335,4.7383655328303576e-06,1.4504534462389529e-08
2025-08-07/IMG_9466.JPG,Very Small,Very Small,0.99991774559021,8.220910967793316e-05,1.7794084261613108e-10,1.7497572943510342e-14
2025-09-05/IMG_1160.JPG,Medium,Medium,0.008734378963708878,0.31531476974487305,0.6403629183769226,0.03558795154094696
2025-09-05/IMG_1035.JPG,Very Small,Very Small,0.7014373540878296,0.2899934649467468,0.008334021084010601,0.00023514450003858656
2025-09-29/IMG_1742.JPG,Small,Small,0.0023958689998835325,0.8442745208740234,0.15313445031642914,0.0001951977174030617
2025-08-07/IMG_9467.JPG,Medium,Medium,0.00030475048697553575,0.04932091012597084,0.7998536229133606,0.15052077174186707
2025-09-05/IMG_1246.JPG,Small,Small,0.035113267600536346,0.7785094380378723,0.1812209188938141,0.005156366154551506
2025-08-22/IMG_0054.JPG,Small,Small,0.3018092215061188,0.6044830679893494,0.0873054638504982,0.006402240134775639
2025-09-05/IMG_1143.JPG,Very Small,Very Small,0.9952563643455505,0.004742603749036789,1.0969985169140273e-06,2.7897413268362925e-09
2025-08-07/IMG_9473.JPG,Very Small,Very Small,0.9600589275360107,0.03990812599658966,3.281234603491612e-05,9.454814176024229e-08
2025-08-22/IMG_0091.JPG,Very Small,Very Small,0.49513471126556396,0.46559926867485046,0.037368349730968475,0.0018977185245603323
2025-09-05/IMG_1352.JPG,Small,Small,0.014083986170589924,0.7902465462684631,0.1931963711977005,0.002473072148859501
2025-09-05/IMG_1263.JPG,Small,Small,0.22696292400360107,0.7550232410430908,0.017757469788193703,0.0002563538437243551
2025-09-05/IMG_1596.JPG,Very Small,Very Small,0.5476208329200745,0.42903947830200195,0.02106124348938465,0.0022784241009503603
2025-08-22/IMG_0280.JPG,Medium,Medium,1.471756877435837e-05,0.06109972670674324,0.9379217624664307,0.0009637752082198858
2025-09-05/IMG_1555.JPG,Very Small,Very Small,0.7361909747123718,0.2606651186943054,0.003058103611692786,8.585087925894186e-05
2025-08-22/IMG_9779.JPG,Very Small,Very Small,0.9994920492172241,0.0005079511902295053,3.2595142140934286e-09,5.355375973410681e-13
2025-09-05/IMG_1326.JPG,Medium,Medium,0.018284641206264496,0.4501662850379944,0.48020389676094055,0.05134513974189758
2025-08-07/IMG_9187.JPG,Small,Small,0.11047285050153732,0.8871204257011414,0.0024036297108978033,3.023078534170054e-06
2025-09-05/IMG_1131.JPG,Small,Small,0.1561128795146942,0.8330193161964417,0.010850858874619007,1.6938829503487796e-05
2025-08-22/IMG_0252.JPG,Small,Small,0.012116027064621449,0.9741123914718628,0.01376564521342516,5.957364010100719e-06
2025-09-05/IMG_1577.JPG,Very Small,Small,0.29552483558654785,0.6747779250144958,0.028291985392570496,0.001405184157192707
2025-09-05/IMG_1279.JPG,Very Small,Very Small,0.7039952874183655,0.24713481962680817,0.040866557508707047,0.008003372699022293
2025-09-29/IMG_1793.JPG,Very Small,Very Small,0.9287527203559875,0.0712224543094635,2.4830034817568958e-05,4.5898978839886695e-08
2025-08-07/IMG_9628.JPG,Large,Large,2.0810099158552475e-05,0.002136439085006714,0.06385284662246704,0.933989942073822
2025-09-05/IMG_1523.JPG,Very Small,Very Small,0.5874344110488892,0.4024178981781006,0.009921756573021412,0.0002259983157273382
2025-09-05/IMG_0840.JPG,Very Small,Very Small,0.9990496039390564,0.0009503373294137418,1.204265576149055e-08,3.7148218529070576e-12
2025-08-07/IMG_9109.JPG,Small,Small,0.028574885800480843,0.7191195487976074,0.24306626617908478,0.009239297360181808
2025-08-22/IMG_0010.JPG,Small,Small,0.4261728823184967,0.5698679089546204,0.003929578233510256,2.960662095574662e-05
2025-09-05/IMG_1470.JPG,Small,Small,0.005215370561927557,0.9886771440505981,0.006105500273406506,2.0124086859141244e-06
2025-08-07/IMG_9460.JPG,Small,Small,0.10080142319202423,0.8761681318283081,0.02296086959540844,6.956627476029098e-05
2025-09-05/IMG_1355.JPG,Small,Small,0.13999411463737488,0.8370445966720581,0.0228459220379591,0.00011537407408468425
2025-08-22/IMG_9767.JPG,Small,Small,0.03468288853764534,0.8768863677978516,0.08755176514387131,0.000878997496329248
2025-09-05/IMG_0823.JPG,Very Small,Very Small,0.744700014591217,0.25301966071128845,0.0022336600814014673,4.662453648052178e-05
2025-09-05/IMG_1567.JPG,Very Small,Very Small,0.8617374300956726,0.13698363304138184,0.0012476661941036582,3.135534643661231e-05
2025-09-05/IMG_1541.JPG,Small,Small,0.046633195132017136,0.8988878130912781,0.05386132001876831,0.0006176477181725204
2025-08-07/IMG_9214.JPG,Small,Small,0.029898345470428467,0.9068556427955627,0.06262068450450897,0.0006252674502320588
2025-09-29/IMG_1913.JPG,Very Small,Very Small,0.7781046628952026,0.2134459912776947,0.008079915307462215,0.0003693730977829546
2025-08-07/IMG_9599.JPG,Medium,Medium,0.005286248400807381,0.13760779798030853,0.6178005933761597,0.23930536210536957
2025-08-07/IMG_9097.JPG,Small,Small,0.07624563574790955,0.8856493234634399,0.037649065256118774,0.0004559455264825374
2025-09-05/IMG_1469.JPG,Very Small,Very Small,0.9063907265663147,0.09354899078607559,6.022531306371093e-05,1.4236499623621057e-07
2025-09-29/IMG_1930.JPG,Very Small,Very Small,0.8862613439559937,0.11234541237354279,0.0013545695692300797,3.8661873986711726e-05
2025-09-05/IMG_1348.JPG,Small,Small,0.0060135130770504475,0.9464067816734314,0.04753495007753372,4.473391527426429e-05
2025-08-22/IMG_9822.JPG,Large,Large,0.0021722817327827215,0.012060523964464664,0.06628832966089249,0.9194788932800293
2025-09-05/IMG_1364.JPG,Medium,Medium,0.004124203231185675,0.2414550483226776,0.7257826924324036,0.02863805741071701
2025-09-05/IMG_1096.JPG,Small,Small,0.023720817640423775,0.939355194568634,0.03687024861574173,5.374872125685215e-05
2025-08-22/IMG_0247.JPG,Small,Small,0.003855012357234955,0.9731646180152893,0.02297482267022133,5.555518328037579e-06
2025-09-05/IMG_0897.JPG,Very Small,Very Small,0.9374760389328003,0.0624370314180851,8.635560516268015e-05,5.685378710040823e-07
2025-08-22/IMG_9876.JPG,Medium,Small,0.006578465923666954,0.4947105646133423,0.4848937392234802,0.013817246071994305
2025-09-05/IMG_0822.JPG,Small,Small,0.12397245317697525,0.8716849684715271,0.004339197650551796,3.349610551595106e-06
2025-08-07/IMG_9194.JPG,Small,Small,0.016136951744556427,0.9728612303733826,0.010991974733769894,9.866347681963816e-06
2025-08-07/IMG_9462.JPG,Very Small,Very Small,0.9996515512466431,0.0003484554181341082,3.6347642673462133e-09,1.0150777787765186e-12
2025-08-22/IMG_9877.JPG,Small,Small,0.0030500777065753937,0.6095198392868042,0.3841650187969208,0.0032650718931108713
2025-08-22/IMG_9915.JPG,Small,Small,0.0765639990568161,0.8781636953353882,0.04433351755142212,0.0009388668113388121
2025-09-05/IMG_1506.JPG,Small,Small,0.0009616041206754744,0.8557584285736084,0.14318929612636566,9.068760118680075e-05
2025-09-05/IMG_1209.JPG,Very Small,Very Small,0.9050770401954651,0.09457177668809891,0.0003466441994532943,4.519574758887757e-06
2025-09-05/IMG_1484.JPG,Very Small,Very Small,0.5188197493553162,0.47883957624435425,0.002317034872248769,2.36373034567805e-05
2025-09-05/IMG_1585.JPG,Medium,Small,0.34150269627571106,0.5791951417922974,0.07286657392978668,0.006435593590140343
2025-08-07/IMG_9132.JPG,Small,Small,0.020055746659636497,0.8296995759010315,0.14641253650188446,0.00383205059915781
2025-09-05/IMG_0996.JPG,Small,Small,0.0625704750418663,0.8471980094909668,0.08848647773265839,0.0017450900049880147
2025-09-05/IMG_0813.JPG,Medium,Medium,7.160119275795296e-05,0.10020419955253601,0.8966391682624817,0.0030850169714540243
2025-08-22/IMG_0178.JPG,Very Small,Very Small,0.9648476243019104,0.03504563868045807,0.00010553632455412298,1.1469554692666861e-06
2025-09-05/IMG_0818.JPG,Small,Small,0.0007468644180335104,0.6302585601806641,0.36862218379974365,0.0003723754489328712
2025-09-05/IMG_1267.JPG,Small,Small,0.009873609058558941,0.6725095510482788,0.31237486004829407,0.0052419318817555904
2025-09-05/IMG_1095.JPG,Medium,Medium,8.456469367956743e-05,0.19394776225090027,0.8052307963371277,0.0007368990918621421
2025-09-05/IMG_1013.JPG,Very Small,Small,0.409765362739563,0.563043475151062,0.026149248704314232,0.001041930983774364
2025-09-05/IMG_1183.JPG,Very Small,Very Small,0.9692627787590027,0.03070780448615551,2.9285629352671094e-05,1.425939615273819e-07
2025-08-07/IMG_9264.JPG,Small,Small,0.05105859786272049,0.7795731425285339,0.16384737193584442,0.0055208043195307255
2025-08-07/IMG_9403.JPG,Small,Small,0.04479311406612396,0.9190411567687988,0.03607390075922012,9.175846207654104e-05
2025-08-22/IMG_9810.JPG,Large,Large,0.00035061780363321304,0.01783599518239498,0.27664482593536377,0.7051685452461243
2025-08-22/IMG_0246.JPG,Small,Small,0.00015147625526878983,0.5103665590286255,0.48931077122688293,0.00017119519179686904
2025-08-07/IMG_9609.JPG,Large,Large,0.002762759802863002,0.010270744562149048,0.046869464218616486,0.9400970339775085
2025-09-05/IMG_0936.JPG,Small,Small,0.05076909437775612,0.9448423385620117,0.00438235979527235,6.231565748748835e-06
2025-08-07/IMG_9162.JPG,Very Small,Very Small,0.7512400150299072,0.2443210780620575,0.004297806415706873,0.00014108145842328668
2025-08-07/IMG_9611.JPG,Large,Large,0.0012398947728797793,0.015901576727628708,0.11561412364244461,0.8672444820404053
2025-09-05/IMG_1503.JPG,Medium,Medium,0.0005615251720882952,0.3377969563007355,0.6576458811759949,0.003995593171566725
2025-09-29/IMG_1895.JPG,Small,Medium,0.0075331758707761765,0.45429137349128723,0.506151556968689,0.032023828476667404
2025-08-22/IMG_9764.JPG,Medium,Medium,0.0038916829507797956,0.36608803272247314,0.6139251589775085,0.01609506458044052
2025-08-07/IMG_9528.JPG,Medium,Small,0.12460518628358841,0.45510411262512207,0.3353330194950104,0.08495773375034332
2025-09-29/IMG_1870.JPG,Small,Small,0.21773339807987213,0.770649790763855,0.011534078046679497,8.265483484137803e-05
2025-08-22/IMG_0055.JPG,Medium,Small,0.10975268483161926,0.6748130917549133,0.2048322707414627,0.010601922869682312
2025-09-05/IMG_1605.JPG,Small,Small,0.23253901302814484,0.6960476636886597,0.06846384704113007,0.0029494697228074074
2025-09-05/IMG_1083.JPG,Small,Small,0.2233017086982727,0.7758124470710754,0.0008855612832121551,2.557735285790841e-07
2025-09-29/IMG_1783.JPG,Small,Small,0.0011182277230545878,0.5734683871269226,0.42398014664649963,0.0014332383871078491
2025-09-29/IMG_1825.JPG,Small,Small,0.017192035913467407,0.9571478962898254,0.02558891847729683,7.11391621734947e-05
2025-09-05/IMG_0972.JPG,Small,Small,0.09682677686214447,0.6843884587287903,0.20432095229625702,0.014463832601904869
2025-08-07/IMG_9705.JPG,Large,Large,0.01096145249903202,0.07431221753358841,0.2831457555294037,0.6315804719924927
2025-09-05/IMG_1466.JPG,Very Small,Very Small,0.8996963500976562,0.1002475842833519,5.592988236458041e-05,1.455675544548285e-07
2025-09-29/IMG_1780.JPG,Small,Small,0.007312607951462269,0.6650086045265198,0.32470405101776123,0.0029747039079666138
2025-09-05/IMG_1414.JPG,Very Small,Very Small,0.9626449942588806,0.03722577169537544,0.00012706949200946838,2.206744056820753e-06
2025-08-07/IMG_9455.JPG,Small,Small,0.0006160586490295827,0.9427208304405212,0.05665521323680878,7.811074283381458e-06
2025-09-05/IMG_1435.JPG,Small,Small,0.12145977467298508,0.8584969639778137,0.019927430897951126,0.0001158499508164823
2025-09-05/IMG_1278.JPG,Very Small,Very Small,0.8197094202041626,0.16656626760959625,0.011966104619204998,0.0017581243300810456
2025-09-29/IMG_1899.JPG,Medium,Medium,0.0040850513614714146,0.4442615807056427,0.5416228175163269,0.010030491277575493
2025-09-05/IMG_1463.JPG,Small,Small,0.015364854596555233,0.9626049995422363,0.02198323793709278,4.691558569902554e-05
2025-09-29/IMG_1713.JPG,Medium,Medium,0.00047079662908799946,0.3056480586528778,0.6921771764755249,0.0017039552330970764
2025-08-07/IMG_9202.JPG,Small,Small,0.0016822266625240445,0.7931849956512451,0.2046927809715271,0.00044001161586493254
2025-09-05/IMG_0866.JPG,Medium,Medium,0.0009027654305100441,0.2899520695209503,0.7055011987686157,0.003644035430625081
2025-08-22/IMG_9781.JPG,Very Small,Very Small,0.9832454919815063,0.016753463074564934,1.1045788141927915e-06,5.659431812077287e-10
2025-09-05/IMG_1199.JPG,Very Small,Very Small,0.9787703156471252,0.021204400807619095,2.5081917556235567e-05,1.99381091192663e-07
2025-08-07/IMG_9215.JPG,Small,Small,0.014053289778530598,0.960740864276886,0.025169778615236282,3.601994467317127e-05
2025-09-05/IMG_0836.JPG,Very Small,Very Small,0.9663351774215698,0.033650826662778854,1.3919225239078514e-05,2.6574301870141426e-08
2025-08-07/IMG_9248.JPG,Small,Small,0.007897760719060898,0.972737729549408,0.019338566809892654,2.5956633180612698e-05
2025-08-22/IMG_0136.JPG,Very Small,Very Small,0.9799730181694031,0.019955560564994812,7.016753806965426e-05,1.1964939403696917e-06
2025-09-29/IMG_1901.JPG,Small,Small,0.009268559515476227,0.6957127451896667,0.28778934478759766,0.007229418493807316
2025-08-22/IMG_0233.JPG,Small,Small,0.007429035846143961,0.9732939004898071,0.01927141100168228,5.660485840053298e-06
2025-09-29/IMG_1924.JPG,Very Small,Very Small,0.8472254276275635,0.14762981235980988,0.004727052990347147,0.0004177015507593751
2025-09-29/IMG_1782.JPG,Small,Small,0.0016900317277759314,0.532223105430603,0.4632749557495117,0.002811905462294817
2025-08-22/IMG_9882.JPG,Small,Small,0.014279346913099289,0.9825401902198792,0.003179162973538041,1.2854775377491023e-06
2025-09-05/IMG_1508.JPG,Medium,Medium,0.0026181575376540422,0.34380725026130676,0.6407666206359863,0.012807870283722878
2025-09-29/IMG_1728.JPG,Very Small,Very Small,0.995932400226593,0.004067216534167528,3.6710730455524754e-07,4.034302336641815e-10
2025-08-22/IMG_0044.JPG,Very Small,Very Small,0.6754342317581177,0.3109487295150757,0.01305620651692152,0.000560842570848763
2025-08-22/IMG_0291.JPG,Small,Small,0.03516243025660515,0.8694114089012146,0.09499029815196991,0.000435925176134333
2025-09-05/IMG_1467.JPG,Small,Small,0.1323702484369278,0.866393506526947,0.0012352964840829372,9.707929393698578e-07
2025-08-07/IMG_9625.JPG,Large,Large,0.0006874864920973778,0.023865630850195885,0.2534143626689911,0.7220325469970703
2025-09-29/IMG_1907.JPG,Very Small,Very Small,0.809085488319397,0.18168628215789795,0.00764136528596282,0.001586803002282977
2025-08-07/IMG_9239.JPG,Small,Small,0.01848500408232212,0.9323755502700806,0.04889989644289017,0.00023947586305439472
2025-08-22/IMG_9851.JPG,Very Small,Very Small,0.9954987168312073,0.00450093112885952,3.761039124583476e-07,4.052794211339972e-10
2025-09-05/IMG_1428.JPG,Medium,Medium,0.0002646867651492357,0.05253935232758522,0.8591892123222351,0.08800677210092545
2025-08-07/IMG_9494.JPG,Small,Medium,0.003147870535030961,0.44878894090652466,0.5432164669036865,0.004846728406846523
2025-08-07/IMG_9464.JPG,Medium,Medium,0.0013073282316327095,0.1965513825416565,0.7891762852668762,0.012964978814125061
2025-08-22/IMG_9920.JPG,Very Small,Very Small,0.7949575781822205,0.2040955275297165,0.0009353913483209908,1.1454699233581778e-05
2025-09-29/IMG_1950.JPG,Very Small,Very Small,0.7383249998092651,0.228467658162117,0.029084116220474243,0.004123248625546694
2025-09-05/IMG_1121.JPG,Very Small,Very Small,0.8944379687309265,0.10536006838083267,0.00020143439178355038,5.404435228228976e-07
2025-09-05/IMG_1093.JPG,Medium,Medium,0.00010502908116905019,0.07415347546339035,0.9207202792167664,0.005021190736442804
2025-08-22/IMG_0259.JPG,Very Small,Very Small,0.9985573887825012,0.0014425884000957012,1.0095688729450103e-08,1.2798146873868599e-12
2025-09-05/IMG_1132.JPG,Very Small,Very Small,0.9971622824668884,0.002837476087734103,2.2598932503115066e-07,2.4893567762696023e-10
2025-09-05/IMG_0891.JPG,Very Small,Very Small,0.9926819205284119,0.0073143295012414455,3.645419155873242e-06,1.7411309727322077e-08
2025-08-22/IMG_0049.JPG,Small,Small,0.26614290475845337,0.7058377861976624,0.027315132319927216,0.0007042032084427774
2025-09-05/IMG_1441.JPG,Very Small,Very Small,0.9851928949356079,0.014804234728217125,2.9569132493634243e-06,3.518619617892682e-09
2025-08-07/IMG_9543.JPG,Small,Small,0.128338024020195,0.5923346877098083,0.20727765560150146,0.07204966247081757
2025-09-05/IMG_0973.JPG,Very Small,Very Small,0.6844270825386047,0.2926587760448456,0.021008847281336784,0.0019052856368944049
2025-09-05/IMG_1297.JPG,Small,Small,0.11059339344501495,0.8578264713287354,0.031012050807476044,0.0005680903559550643
2025-08-07/IMG_9211.JPG,Very Small,Very Small,0.9899272918701172,0.010070815682411194,1.910412265715422e-06,4.0778918020123456e-09
2025-08-07/IMG_9678.JPG,Large,Medium,0.0012264582328498363,0.06872818619012833,0.5933260321617126,0.3367193341255188
2025-09-29/IMG_1676.JPG,Medium,Medium,6.725714047206566e-05,0.12932737171649933,0.8690277338027954,0.0015777222579345107
2025-09-29/IMG_1941.JPG,Very Small,Very Small,0.7519214153289795,0.22758688032627106,0.01830429583787918,0.0021874720696359873
2025-08-07/IMG_9085.JPG,Very Small,Small,0.2863791882991791,0.5188965797424316,0.13517412543296814,0.05955013260245323
2025-08-22/IMG_9930.JPG,Very Small,Very Small,0.8658249378204346,0.13352899253368378,0.0006397286197170615,6.37341508991085e-06
2025-08-22/IMG_0073.JPG,Small,Small,0.24843336641788483,0.7361862063407898,0.015228280797600746,0.0001520624355180189
2025-08-07/IMG_9679.JPG,Large,Large,0.0005280243931338191,0.006131493486464024,0.0534377247095108,0.9399027824401855
2025-09-05/IMG_1162.JPG,Small,Medium,0.000657700642477721,0.27222681045532227,0.7250009775161743,0.002114524133503437
2025-09-29/IMG_1839.JPG,Small,Small,0.0014017666690051556,0.8506715297698975,0.14770115911960602,0.00022551654546987265
2025-09-05/IMG_1397.JPG,Very Small,Very Small,0.9651761054992676,0.03477950766682625,4.420921322889626e-05,2.4177586510631954e-07
2025-09-05/IMG_0932.JPG,Medium,Medium,0.0005221961182542145,0.07169931381940842,0.7832378149032593,0.14454065263271332
2025-08-07/IMG_9181.JPG,Small,Small,0.015090612694621086,0.6725026369094849,0.3005324900150299,0.011874315328896046
2025-08-22/IMG_0085.JPG,Very Small,Very Small,0.6718831658363342,0.3173365294933319,0.010316355153918266,0.0004639573744498193
2025-09-29/IMG_1787.JPG,Very Small,Very Small,0.9895329475402832,0.010461253114044666,5.82203301746631e-06,3.054388386658502e-08
2025-08-07/IMG_9256.JPG,Small,Small,0.39501044154167175,0.6027995347976685,0.0021781602408736944,1.1825365618278738e-05
2025-08-22/IMG_0005.JPG,Very Small,Very Small,0.7265047430992126,0.2717938721179962,0.0016860171454027295,1.532937130832579e-05
2025-09-05/IMG_1546.JPG,Very Small,Very Small,0.7655494809150696,0.23348435759544373,0.0009561144397594035,1.0000555448641535e-05
2025-09-05/IMG_1437.JPG,Very Small,Very Small,0.9956570863723755,0.004342795815318823,8.72851657618412e-08,2.917476676911335e-11
2025-08-07/IMG_9704.JPG,Large,Large,0.013824313879013062,0.05294995754957199,0.16453774273395538,0.7686879634857178
2025-08-07/IMG_9538.JPG,Large,Large,0.004270103760063648,0.0695214569568634,0.35531461238861084,0.5708937644958496
2025-09-05/IMG_1489.JPG,Medium,Medium,0.000549578748177737,0.06207582727074623,0.7612472772598267,0.17612729966640472
2025-09-29/IMG_1904.JPG,Very Small,Small,0.1552227884531021,0.5605906844139099,0.21128475666046143,0.07290180027484894
2025-08-07/IMG_9259.JPG,Small,Small,0.0033756147604435682,0.9634058475494385,0.03317633643746376,4.2100524296984076e-05
2025-09-29/IMG_1922.JPG,Very Small,Small,0.4487650394439697,0.5356119275093079,0.015264923684298992,0.00035811879206448793
2025-08-07/IMG_9440.JPG,Very Small,Very Small,0.9948909282684326,0.005107874982059002,1.1680906482069986e-06,2.6218467397143286e-09
2025-09-05/IMG_1560.JPG,Small,Small,0.009348063729703426,0.9285323023796082,0.06174985691905022,0.0003698689106386155
2025-08-07/IMG_9562.JPG,Medium,Medium,0.015868641436100006,0.25734564661979675,0.5270039439201355,0.19978177547454834
2025-08-07/IMG_9168.JPG,Small,Small,0.3036639094352722,0.6833459734916687,0.012711954303085804,0.0002781732764560729
2025-09-05/IMG_1592.JPG,Small,Small,0.05273176729679108,0.6762866377830505,0.25856509804725647,0.012416529469192028
2025-09-05/IMG_1037.JPG,Small,Small,0.08089305460453033,0.8362782001495361,0.07787828892469406,0.004950448404997587
2025-09-29/IMG_1740.JPG,Small,Small,0.06501293182373047,0.9319875836372375,0.0029984130524098873,9.655601616032072e-07
2025-08-22/IMG_0013.JPG,Very Small,Very Small,0.8456205129623413,0.15211084485054016,0.00219634803943336,7.233209180412814e-05
2025-08-22/IMG_0286.JPG,Very Small,Very Small,0.9871521592140198,0.012796670198440552,5.0394563004374504e-05,7.508001544920262e-07
2025-09-05/IMG_1069.JPG,Small,Small,0.0820036232471466,0.6313327550888062,0.26728951930999756,0.019374044612050056
2025-08-22/IMG_9759.JPG,Medium,Medium,1.0141407074115705e-05,0.044391825795173645,0.953210175037384,0.0023878447245806456
2025-08-22/IMG_0199.JPG,Small,Small,0.33979421854019165,0.6595193147659302,0.0006861116853542626,3.967591624132183e-07
2025-08-07/IMG_9184.JPG,Medium,Medium,0.0004592436016537249,0.27105915546417236,0.7246629595756531,0.003818647237494588
2025-09-29/IMG_1705.JPG,Very Small,Very Small,0.9984564781188965,0.0015435612294822931,2.5066164255349577e-08,6.948925376087933e-12
2025-09-29/IMG_1716.JPG,Very Small,Small,0.29098638892173767,0.7087659239768982,0.0002475926885381341,4.387217700241308e-08
2025-09-05/IMG_1509.JPG,Medium,Medium,5.577601768891327e-05,0.05234314128756523,0.9202632308006287,0.027337903156876564
2025-08-22/IMG_9850.JPG,Medium,Medium,0.0004868646792601794,0.4063464403152466,0.590920090675354,0.002246617339551449
2025-09-05/IMG_1084.JPG,Small,Small,0.0055928840301930904,0.8144426941871643,0.17940782010555267,0.0005566556937992573
2025-08-07/IMG_9654.JPG,Large,Large,0.0011846055276691914,0.008918477222323418,0.05776846408843994,0.9321284294128418
2025-08-22/IMG_9790.JPG,Medium,Medium,0.0002863818663172424,0.4179747998714447,0.5811185836791992,0.0006202175281941891
2025-08-07/IMG_9559.JPG,Small,Small,0.15254341065883636,0.7870645523071289,0.05865348502993584,0.0017385677201673388
2025-09-05/IMG_0954.JPG,Small,Small,0.008376219309866428,0.9493582248687744,0.04216230288147926,0.00010323953756596893
2025-08-07/IMG_9446.JPG,Medium,Small,0.0008764163940213621,0.6335464119911194,0.36528274416923523,0.0002944917359855026
2025-09-05/IMG_1561.JPG,Small,Small,0.023540757596492767,0.7979240417480469,0.17411014437675476,0.0044250525534152985
2025-09-05/IMG_1602.JPG,Medium,Small,0.10565239936113358,0.44918832182884216,0.3725733757019043,0.07258593291044235
2025-09-05/IMG_1094.JPG,Medium,Medium,6.647668487858027e-05,0.13505621254444122,0.8635430335998535,0.0013342576567083597
2025-08-22/IMG_0235.JPG,Very Small,Very Small,0.6898375749588013,0.30950307846069336,0.0006582984351553023,1.01239629657357e-06
2025-08-22/IMG_0032.JPG,Very Small,Very Small,0.7308903336524963,0.2682327628135681,0.0008732395363040268,3.6550052300299285e-06
2025-09-05/IMG_1060.JPG,Very Small,Very Small,0.8459740877151489,0.15094029903411865,0.00292024458758533,0.00016538775525987148
2025-08-07/IMG_9595.JPG,Medium,Large,0.0038997093215584755,0.04710301011800766,0.29335394501686096,0.6556432843208313
2025-09-05/IMG_1123.JPG,Very Small,Very Small,0.9935384392738342,0.006461110897362232,5.131283273840381e-07,3.6758621146937287e-10
2025-09-05/IMG_1367.JPG,Small,Small,0.023930465802550316,0.9516765475273132,0.024343963712453842,4.899674604530446e-05
2025-09-05/IMG_1231.JPG,Small,Small,0.0019279381958767772,0.7811203598976135,0.21654872596263885,0.0004029007686767727
2025-08-07/IMG_9491.JPG,Small,Small,0.009453537873923779,0.9353809952735901,0.05511195585131645,5.353270535124466e-05
2025-08-07/IMG_9555.JPG,Medium,Medium,0.0005303070065565407,0.04733840003609657,0.5437179207801819,0.4084133803844452
2025-09-29/IMG_1905.JPG,Medium,Large,0.003815289819613099,0.08086146414279938,0.4066782593727112,0.5086449384689331
2025-09-05/IMG_0854.JPG,Small,Small,0.09606295078992844,0.8652388453483582,0.03842165321111679,0.00027651144773699343
2025-08-22/IMG_9736.JPG,Medium,Medium,0.002190756844356656,0.14807559549808502,0.7851113677024841,0.06462232768535614
2025-09-29/IMG_1919.JPG,Very Small,Very Small,0.9199612736701965,0.07885192334651947,0.00114138622302562,4.5437354856403545e-05
2025-08-22/IMG_9889.JPG,Small,Small,0.059390343725681305,0.9203997254371643,0.020073575899004936,0.00013632806076202542
2025-08-22/IMG_0267.JPG,Medium,Medium,0.0004848399548791349,0.4184475839138031,0.5805163383483887,0.0005512366769835353
2025-09-29/IMG_1674.JPG,Small,Small,0.013452110812067986,0.9723460078239441,0.014185135252773762,1.6738569684093818e-05
2025-08-22/IMG_0129.JPG,Very Small,Very Small,0.9857332706451416,0.014229859225451946,3.635880784713663e-05,5.502039925886493e-07
2025-08-07/IMG_9088.JPG,Small,Small,0.11530572175979614,0.7020521759986877,0.17221064865589142,0.010431556031107903
2025-08-22/IMG_0038.JPG,Small,Small,0.1853959709405899,0.6621463894844055,0.14596709609031677,0.006490607280284166
2025-08-22/IMG_9986.JPG,Very Small,Very Small,0.9447527527809143,0.05494621396064758,0.00029646887560375035,4.598995928972727e-06
2025-09-29/IMG_1842.JPG,Small,Small,0.005392937455326319,0.9872270226478577,0.007372991181910038,7.038788680802099e-06
2025-08-22/IMG_9940.JPG,Small,Small,0.33464381098747253,0.5927700400352478,0.06830627471208572,0.004279909189790487
2025-08-22/IMG_9829.JPG,Large,Large,0.0024249660782516003,0.025602521374821663,0.15667259693145752,0.815299928188324
2025-08-22/IMG_0050.JPG,Medium,Medium,0.002994246082380414,0.20001456141471863,0.7371178865432739,0.05987336114048958
2025-09-05/IMG_1100.JPG,Medium,Medium,0.00033253306173719466,0.3853122889995575,0.6138451099395752,0.0005100553971715271
2025-09-29/IMG_1843.JPG,Small,Small,0.020453888922929764,0.97358638048172,0.005952123086899519,7.693695806665346e-06
2025-08-07/IMG_9116.JPG,Small,Small,0.1811063587665558,0.784254789352417,0.03425133600831032,0.0003875101392623037
2025-09-05/IMG_1230.JPG,Small,Small,0.002744774566963315,0.93467116355896,0.06251213699579239,7.201174594229087e-05
2025-08-07/IMG_9608.JPG,Large,Large,0.0017926008440554142,0.012058969587087631,0.07241323590278625,0.9137352108955383
2025-08-22/IMG_9844.JPG,Large,Large,0.015246820636093616,0.053139228373765945,0.15444687008857727,0.7771670818328857
2025-09-05/IMG_1468.JPG,Very Small,Very Small,0.9902656674385071,0.009733207523822784,1.1202434961887775e-06,1.6900939536768078e-09
2025-09-05/IMG_1012.JPG,Small,Small,0.05714748054742813,0.9004622101783752,0.04186449944972992,0.0005257343291305006
2025-09-05/IMG_1171.JPG,Very Small,Very Small,0.9503194093704224,0.04964762553572655,3.288694279035553e-05,8.246541938206065e-08
2025-09-05/IMG_1438.JPG,Very Small,Very Small,0.9953540563583374,0.004645756911486387,1.9270325424258772e-07,1.2145431882437663e-10
2025-09-29/IMG_1715.JPG,Very Small,Very Small,0.9971900582313538,0.0028097438625991344,2.2216026707155834e-07,3.01468877639266e-10
2025-08-22/IMG_9798.JPG,Medium,Medium,0.00012986635556444526,0.08351034671068192,0.9097018241882324,0.006657925900071859
2025-08-22/IMG_0023.JPG,Very Small,Very Small,0.6504495739936829,0.3419992923736572,0.007444409187883139,0.00010671740892576054
2025-08-07/IMG_9598.JPG,Small,Small,0.061529528349637985,0.8006408214569092,0.1330346018075943,0.004794958513230085
2025-08-07/IMG_9476.JPG,Small,Small,0.0020127149764448404,0.9418758153915405,0.05608842894434929,2.2987505872151814e-05
2025-08-07/IMG_9236.JPG,Medium,Medium,0.00014282649499364197,0.07283785939216614,0.9072961807250977,0.019723154604434967
2025-08-07/IMG_9206.JPG,Very Small,Very Small,0.9700066447257996,0.02996981330215931,2.3309705284191296e-05,9.995887495506395e-08
2025-09-05/IMG_0834.JPG,Medium,Medium,0.0021583368070423603,0.1103159561753273,0.8211979269981384,0.06632773578166962
2025-08-22/IMG_0283.JPG,Very Small,Very Small,0.997967541217804,0.0020323852077126503,4.701270839291283e-08,1.711812289140191e-11
2025-08-22/IMG_9750.JPG,Medium,Medium,0.002519910456612706,0.13018901646137238,0.8216838240623474,0.045607272535562515
2025-09-05/IMG_1130.JPG,Small,Small,0.02548394910991192,0.9337368607521057,0.040704138576984406,7.497056503780186e-05
2025-08-07/IMG_9400.JPG,Medium,Medium,0.005393866449594498,0.33117443323135376,0.6470190286636353,0.01641259156167507
2025-09-29/IMG_1951.JPG,Small,Small,0.21964073181152344,0.6824798583984375,0.09095362573862076,0.0069257901050150394
2025-08-22/IMG_9918.JPG,Very Small,Very Small,0.8477522730827332,0.15138858556747437,0.000845341884996742,1.3789454897050746e-05
2025-09-29/IMG_1911.JPG,Large,Medium,0.002100300509482622,0.1596241593360901,0.465689480304718,0.37258613109588623
2025-08-22/IMG_0176.JPG,Very Small,Very Small,0.9783954620361328,0.021552223712205887,5.164289541426115e-05,6.059071324671095e-07
2025-08-07/IMG_9200.JPG,Small,Medium,0.0023216758854687214,0.47505563497543335,0.5180460810661316,0.004576629959046841
2025-08-22/IMG_9818.JPG,Medium,Medium,4.475137029658072e-05,0.05350524187088013,0.93964022397995,0.006809727288782597
2025-08-07/IMG_9108.JPG,Small,Small,0.04477861896157265,0.7825167179107666,0.16678202152252197,0.0059226807206869125
2025-08-22/IMG_9792.JPG,Very Small,Very Small,0.999617338180542,0.0003826895554084331,2.4202180259891293e-09,5.182878865667151e-13
2025-08-07/IMG_9548.JPG,Medium,Medium,0.022880684584379196,0.3050188422203064,0.5799627304077148,0.09213770180940628
2025-09-05/IMG_1023.JPG,Small,Very Small,0.6358826160430908,0.3586876690387726,0.005327470600605011,0.00010220494004897773
2025-08-07/IMG_9551.JPG,Medium,Large,0.005385854281485081,0.05639238283038139,0.3044942021369934,0.6337275505065918
2025-09-05/IMG_1327.JPG,Very Small,Small,0.42314380407333374,0.5140583515167236,0.05583898350596428,0.006958898156881332
2025-08-07/IMG_9133.JPG,Small,Small,0.015889760106801987,0.9308290481567383,0.0528879389166832,0.0003932395193260163
2025-08-22/IMG_0222.JPG,Very Small,Very Small,0.9989926218986511,0.001007361221127212,3.936558812256408e-08,2.242701857557705e-11
2025-08-07/IMG_9605.JPG,Small,Small,0.026948386803269386,0.7363426685333252,0.22922419011592865,0.007484720554202795
2025-09-05/IMG_1491.JPG,Small,Medium,0.003464093431830406,0.3345464766025543,0.6354071497917175,0.026582278311252594
2025-09-05/IMG_1304.JPG,Very Small,Small,0.4711548984050751,0.5077381730079651,0.020208876579999924,0.0008980462444014847
2025-08-22/IMG_0148.JPG,Small,Small,0.04378730431199074,0.808898389339447,0.14560487866401672,0.0017093514325097203
2025-09-05/IMG_1010.JPG,Very Small,Very Small,0.7102428078651428,0.25498121976852417,0.02973933517932892,0.005036677699536085
2025-08-22/IMG_0149.JPG,Medium,Medium,0.010642284527420998,0.3834124207496643,0.586377739906311,0.019567565992474556
2025-08-22/IMG_9883.JPG,Very Small,Very Small,0.8005626797676086,0.19918641448020935,0.00024999206652864814,9.052281484400737e-07
2025-09-05/IMG_0991.JPG,Medium,Medium,0.0066513437777757645,0.411910742521286,0.5669086575508118,0.014529208652675152
2025-09-05/IMG_0961.JPG,Small,Small,0.000626386608928442,0.87308669090271,0.1262078881263733,7.903975347289816e-05
2025-08-07/IMG_9514.JPG,Small,Small,0.092568039894104,0.8728407621383667,0.034280892461538315,0.00031024139025248587
2025-09-05/IMG_0917.JPG,Medium,Medium,0.0005384371615946293,0.32662779092788696,0.6690993905067444,0.0037344372831285
2025-08-22/IMG_9993.JPG,Very Small,Small,0.34830355644226074,0.6461977362632751,0.005454459227621555,4.422742858878337e-05
2025-09-05/IMG_1065.JPG,Small,Small,0.0698116272687912,0.7163283824920654,0.20012786984443665,0.013732160441577435
2025-09-29/IMG_1767.JPG,Small,Small,0.00252244109287858,0.7917233109474182,0.20541836321353912,0.0003357982786837965
2025-09-05/IMG_0864.JPG,Small,Small,0.0014098362298682332,0.7750647664070129,0.223352313041687,0.00017319274775218219
2025-09-05/IMG_0816.JPG,Small,Small,0.004592234268784523,0.7364974021911621,0.25812920928001404,0.0007811817922629416
2025-08-07/IMG_9163.JPG,Very Small,Very Small,0.6468251347541809,0.3487837612628937,0.004304984584450722,8.604358299635351e-05
2025-09-29/IMG_1784.JPG,Small,Small,0.002902599051594734,0.7383716702461243,0.25808194279670715,0.0006437806296162307
2025-08-22/IMG_9808.JPG,Very Small,Very Small,0.9999185800552368,8.13982987892814e-05,3.8942370161887396e-11,1.345758323301107e-15
2025-08-07/IMG_9226.JPG,Small,Small,0.11247043311595917,0.8750126361846924,0.012473437003791332,4.3461794120958075e-05
2025-08-22/IMG_9872.JPG,Large,Large,0.005218963138759136,0.04475970193743706,0.2001781016588211,0.7498432993888855
2025-09-05/IMG_1377.JPG,Small,Small,0.007651620544493198,0.9786969423294067,0.01364610344171524,5.346202215150697e-06
2025-08-22/IMG_0195.JPG,Small,Small,0.004086968023329973,0.517364501953125,0.47462618350982666,0.003922316245734692
2025-08-22/IMG_9942.JPG,Small,Very Small,0.7397885918617249,0.25416699051856995,0.005831084214150906,0.00021327997092157602
2025-09-05/IMG_1221.JPG,Small,Small,0.1772518754005432,0.7587158679962158,0.06130236014723778,0.002729843370616436
2025-09-05/IMG_1388.JPG,Small,Small,0.06851264834403992,0.9055562615394592,0.025763440877199173,0.00016765976033639163
2025-09-29/IMG_1678.JPG,Small,Small,0.015443981625139713,0.974624752998352,0.009926065802574158,5.1802685447910335e-06
2025-08-07/IMG_9711.JPG,Large,Large,0.001661549205891788,0.013779804110527039,0.09511815011501312,0.8894404172897339
2025-08-22/IMG_0156.JPG,Medium,Medium,0.00038269025390036404,0.2238265722990036,0.7722955346107483,0.003495179582387209
2025-09-05/IMG_0814.JPG,Small,Small,0.0016198829980567098,0.9268657565116882,0.07148412615060806,3.0153430998325348e-05
2025-08-22/IMG_0134.JPG,Medium,Small,0.07270217686891556,0.5525999665260315,0.34819233417510986,0.026505516842007637
2025-08-22/IMG_9956.JPG,Small,Very Small,0.7607929706573486,0.23762761056423187,0.0015621469356119633,1.7400652723154053e-05
2025-09-29/IMG_1848.JPG,Medium,Medium,0.0004660785780288279,0.22169245779514313,0.760573148727417,0.017268262803554535
2025-08-22/IMG_9830.JPG,Large,Large,0.0011839437065646052,0.007478370796889067,0.04729513078927994,0.9440425038337708
2025-09-05/IMG_1299.JPG,Very Small,Very Small,0.5450239181518555,0.43998873233795166,0.014603174291551113,0.00038417003815993667
2025-08-22/IMG_0216.JPG,Small,Small,0.01730206236243248,0.9730666279792786,0.009628381580114365,2.953904413516284e-06
2025-09-29/IMG_1857.JPG,Very Small,Very Small,0.8012147545814514,0.19757090508937836,0.0011969167971983552,1.740187144605443e-05
2025-09-29/IMG_1754.JPG,Very Small,Very Small,0.9985648989677429,0.001435109879821539,3.2118254722490747e-08,1.2308216078282808e-11
2025-09-05/IMG_0994.JPG,Medium,Medium,0.0035806556697934866,0.18898320198059082,0.7355939745903015,0.07184220850467682
2025-08-07/IMG_9410.JPG,Very Small,Very Small,0.9979118704795837,0.002087933011353016,9.355422037060634e-08,8.294711445477887e-11
2025-09-05/IMG_1500.JPG,Small,Small,0.008182795718312263,0.9306607842445374,0.06100218743085861,0.00015416987298522145
2025-09-05/IMG_1359.JPG,Very Small,Very Small,0.9375571608543396,0.06239071488380432,5.190456795389764e-05,2.2459282433828776e-07
2025-09-05/IMG_1497.JPG,Small,Small,0.0028381601441651583,0.9052850008010864,0.09169062227010727,0.00018625670054461807
2025-08-22/IMG_9840.JPG,Medium,Medium,0.0007895951857790351,0.19422899186611176,0.7878859043121338,0.017095502465963364
2025-08-07/IMG_9397.JPG,Small,Very Small,0.919113278388977,0.08086584508419037,2.0806066459044814e-05,2.0760785091056277e-08
2025-08-22/IMG_9885.JPG,Medium,Medium,0.0005806948174722493,0.17017357051372528,0.8084133863449097,0.020832309499382973
2025-08-22/IMG_0048.JPG,Small,Small,0.08852997422218323,0.8179799914360046,0.09115651994943619,0.002333519048988819
2025-08-22/IMG_9907.JPG,Small,Small,0.012293820269405842,0.9720386266708374,0.015639880672097206,2.766956458799541e-05
2025-09-05/IMG_1460.JPG,Small,Small,0.007115389686077833,0.9683064222335815,0.0245585385710001,1.9583068933570758e-05
2025-09-05/IMG_1569.JPG,Very Small,Very Small,0.6581375002861023,0.33478501439094543,0.006912508513778448,0.00016495297313667834
2025-08-07/IMG_9145.JPG,Small,Small,0.2146374136209488,0.6746513247489929,0.0983099415898323,0.012401290237903595
2025-09-05/IMG_0939.JPG,Small,Small,0.0045979926362633705,0.8310238122940063,0.16353996098041534,0.000838169944472611
2025-08-22/IMG_9985.JPG,Very Small,Very Small,0.8270400166511536,0.17135317623615265,0.0015803024871274829,2.6483894544071518e-05
2025-09-05/IMG_1513.JPG,Small,Small,0.27273324131965637,0.5877380967140198,0.12262044101953506,0.016908220946788788
2025-08-07/IMG_9474.JPG,Small,Small,0.002147665014490485,0.832314670085907,0.16530510783195496,0.00023255249834619462
2025-09-29/IMG_1908.JPG,Large,Large,3.814797673840076e-05,0.003518595127388835,0.08383416384458542,0.9126089811325073
2025-09-29/IMG_1693.JPG,Medium,Small,0.0005490900948643684,0.5105668902397156,0.4882129430770874,0.000671076588332653
2025-09-05/IMG_0848.JPG,Very Small,Very Small,0.9964970946311951,0.003502827137708664,1.0053191346059975e-07,4.7689071441814335e-11
2025-08-22/IMG_9929.JPG,Very Small,Very Small,0.9074528217315674,0.09160052239894867,0.000926905544474721,1.9813378457911313e-05
2025-08-22/IMG_9886.JPG,Small,Small,0.006598726846277714,0.8994999527931213,0.09367896616458893,0.00022238344536162913
2025-09-29/IMG_1868.JPG,Very Small,Small,0.44692716002464294,0.528274416923523,0.02382131665945053,0.0009771495824679732
2025-09-29/IMG_1900.JPG,Medium,Medium,0.0025103415828198195,0.2489980161190033,0.6751781702041626,0.07331348955631256
2025-09-05/IMG_1046.JPG,Small,Small,0.3524138629436493,0.5975003838539124,0.04760781675577164,0.002477918053045869
2025-09-05/IMG_1207.JPG,Very Small,Very Small,0.6514507532119751,0.33797454833984375,0.010194782167673111,0.0003799503028858453
2025-08-07/IMG_9451.JPG,Very Small,Very Small,0.9996800422668457,0.000319990620482713,6.427068321990248e-10,6.36365011250431e-14
2025-08-22/IMG_0027.JPG,Small,Small,0.023625649511814117,0.8567607402801514,0.11853176355361938,0.0010818407172337174
2025-09-05/IMG_0857.JPG,Very Small,Very Small,0.9990094900131226,0.000990521046333015,1.544639083306265e-08,5.291077038310776e-12
2025-09-05/IMG_1294.JPG,Small,Small,0.07693088799715042,0.7854421138763428,0.13133865594863892,0.00628844927996397
2025-08-07/IMG_9141.JPG,Very Small,Very Small,0.8859999179840088,0.10877751559019089,0.004754531197249889,0.00046799355186522007
2025-09-05/IMG_0992.JPG,Very Small,Very Small,0.9016129970550537,0.09735161066055298,0.001009480794891715,2.593383214843925e-05
2025-08-22/IMG_9892.JPG,Small,Small,0.0032511025201529264,0.9908884763717651,0.005859492812305689,9.401792340213433e-07
2025-08-22/IMG_0169.JPG,Medium,Medium,0.0006357592064887285,0.19497612118721008,0.7955973148345947,0.008790777064859867
2025-09-05/IMG_1122.JPG,Very Small,Very Small,0.9956550598144531,0.004344061017036438,8.891408924682764e-07,1.626658141518078e-09
2025-08-07/IMG_9695.JPG,Small,Small,0.012311100028455257,0.9639843106269836,0.023679455742239952,2.5158378775813617e-05
2025-08-07/IMG_9249.JPG,Medium,Medium,0.0014095911756157875,0.34777456521987915,0.64084792137146,0.00996797252446413
2025-08-07/IMG_9508.JPG,Small,Small,0.037861187011003494,0.7522174715995789,0.19959977269172668,0.010321627371013165
2025-08-22/IMG_9983.JPG,Very Small,Very Small,0.8998636603355408,0.09911573678255081,0.0009914488764479756,2.9222986995591782e-05
2025-08-22/IMG_0078.JPG,Small,Small,0.09377460181713104,0.8907902240753174,0.01535535603761673,7.98135224613361e-05
2025-09-05/IMG_1578.JPG,Small,Medium,0.1263718605041504,0.24853843450546265,0.36992552876472473,0.25516417622566223
2025-08-07/IMG_9262.JPG,Small,Small,0.000614747463259846,0.5117995738983154,0.4860938489437103,0.0014917849330231547
2025-09-05/IMG_1274.JPG,Very Small,Very Small,0.8325746655464172,0.163627490401268,0.003633060958236456,0.00016476113523822278
2025-08-22/IMG_9937.JPG,Small,Very Small,0.8351428508758545,0.16329383850097656,0.0015336473006755114,2.9677261409233324e-05
2025-08-22/IMG_9755.JPG,Small,Small,0.004576398059725761,0.7153586149215698,0.27896368503570557,0.0011012559989467263
2025-09-05/IMG_0948.JPG,Medium,Medium,0.0011870915768668056,0.15836381912231445,0.8239982724189758,0.016450820490717888
2025-08-22/IMG_9776.JPG,Small,Small,0.0840563178062439,0.9115669131278992,0.004373783245682716,2.9258594622660894e-06
2025-09-05/IMG_1296.JPG,Very Small,Small,0.3020390570163727,0.6876789927482605,0.010179726406931877,0.00010223350545857102
2025-08-07/IMG_9706.JPG,Large,Large,0.009265528991818428,0.06597849726676941,0.2710839509963989,0.6536719799041748
2025-09-29/IMG_1811.JPG,Medium,Medium,3.5203185689169914e-05,0.0531458854675293,0.9331408739089966,0.013678119517862797
2025-08-07/IMG_9515.JPG,Small,Small,0.037373241037130356,0.9097314476966858,0.052352383732795715,0.0005430011660791934
2025-09-05/IMG_0962.JPG,Medium,Small,0.0026168529875576496,0.6122812628746033,0.38231462240219116,0.002787279896438122
2025-09-05/IMG_1014.JPG,Medium,Small,0.08421708643436432,0.46234461665153503,0.4094598591327667,0.04397839680314064
2025-08-07/IMG_9086.JPG,Small,Small,0.011573097668588161,0.591819167137146,0.37923163175582886,0.017376119270920753
2025-09-29/IMG_1758.JPG,Small,Small,0.08121827989816666,0.9149168133735657,0.0038624268490821123,2.475550445524277e-06
2025-09-05/IMG_1055.JPG,Very Small,Very Small,0.6340738534927368,0.35752490162849426,0.008089677430689335,0.0003115385479759425
2025-09-29/IMG_1725.JPG,Small,Small,0.029100412502884865,0.9639697074890137,0.006925133056938648,4.700941644841805e-06
2025-09-05/IMG_0869.JPG,Very Small,Very Small,0.9988765120506287,0.0011235264828428626,2.051524283785966e-08,9.105932154140906e-12
2025-08-07/IMG_9240.JPG,Very Small,Very Small,0.8785706162452698,0.12134519964456558,8.400216029258445e-05,2.5041333628905704e-07
2025-08-07/IMG_9448.JPG,Very Small,Very Small,0.9978262782096863,0.0021735960617661476,6.705943178531015e-08,4.363600106249699e-11
2025-09-29/IMG_1832.JPG,Small,Small,0.020874997600913048,0.97589510679245,0.0032273114193230867,2.5658275717432844e-06
2025-08-07/IMG_9699.JPG,Medium,Medium,9.859762212727219e-05,0.06337904185056686,0.9058378338813782,0.03068460151553154
2025-08-07/IMG_9232.JPG,Small,Small,0.4060786962509155,0.5936715602874756,0.00024960871087387204,1.2626826162431826e-07
2025-09-05/IMG_1286.JPG,Medium,Small,0.019198957830667496,0.5326105952262878,0.4316961467266083,0.01649431139230728
2025-09-05/IMG_0909.JPG,Small,Small,0.026513341814279556,0.9355919361114502,0.03765116631984711,0.00024362059775739908
2025-08-22/IMG_9775.JPG,Very Small,Very Small,0.9949097037315369,0.0050897072069346905,5.354516474653792e-07,6.221375081771896e-10
2025-08-22/IMG_9766.JPG,Large,Large,0.001769607188180089,0.0355297327041626,0.2821500301361084,0.6805506348609924
2025-08-22/IMG_0097.JPG,Very Small,Very Small,0.8119682669639587,0.1873628795146942,0.0006635328172706068,5.363156560633797e-06
2025-08-07/IMG_9685.JPG,Medium,Medium,0.00010151830792892724,0.05674494430422783,0.9039083123207092,0.03924526646733284
2025-09-05/IMG_1298.JPG,Very Small,Very Small,0.8783950805664062,0.11950942128896713,0.001999825006350875,9.569987741997465e-05
2025-09-05/IMG_1398.JPG,Very Small,Very Small,0.9188529253005981,0.07995620369911194,0.0011447245487943292,4.6120672777760774e-05
2025-09-29/IMG_1768.JPG,Medium,Small,0.0014235959388315678,0.5487658977508545,0.4480047821998596,0.001805750303901732
2025-09-05/IMG_1376.JPG,Medium,Medium,0.0005269215907901525,0.08729042857885361,0.8667174577713013,0.04546517878770828
2025-08-22/IMG_0099.JPG,Very Small,Very Small,0.5072982311248779,0.43840017914772034,0.0504000261425972,0.0039016474038362503
2025-09-05/IMG_1283.JPG,Very Small,Very Small,0.8061878085136414,0.1887672245502472,0.004756981506943703,0.00028800166910514235
2025-09-05/IMG_0931.JPG,Medium,Large,0.000725958205293864,0.04957680404186249,0.4683845639228821,0.48131266236305237
2025-09-05/IMG_1257.JPG,Small,Small,0.041159067302942276,0.697357714176178,0.24491490423679352,0.016568327322602272
2025-09-05/IMG_1539.JPG,Very Small,Very Small,0.7704798579216003,0.22688376903533936,0.0025761709548532963,6.018888234393671e-05
2025-09-29/IMG_1724.JPG,Medium,Medium,3.137484236503951e-05,0.13972467184066772,0.8592737317085266,0.0009702678653411567
2025-09-29/IMG_1677.JPG,Small,Small,0.004286734387278557,0.9871231317520142,0.008588321506977081,1.7297192016485496e-06
2025-08-07/IMG_9675.JPG,Large,Large,0.004266342148184776,0.029269253835082054,0.1471419632434845,0.8193225264549255
2025-09-29/IMG_1809.JPG,Medium,Medium,0.00043394675594754517,0.10281246900558472,0.7742555141448975,0.12249797582626343
2025-09-05/IMG_1091.JPG,Very Small,Very Small,0.9959439635276794,0.004055738914757967,2.0742497497394652e-07,1.0218619700408382e-10
2025-09-05/IMG_0835.JPG,Medium,Medium,1.7541411580168642e-05,0.03946240618824959,0.9529252052307129,0.0075949146412312984
2025-08-22/IMG_0098.JPG,Very Small,Very Small,0.6253251433372498,0.37087690830230713,0.0037515193689614534,4.635906225303188e-05
2025-08-22/IMG_0262.JPG,Small,Small,0.0035682902671396732,0.96305912733078,0.03336412087082863,8.524873010173906e-06
2025-09-05/IMG_0955.JPG,Small,Small,0.002906890818849206,0.9545433521270752,0.04251489043235779,3.496526915114373e-05
2025-08-22/IMG_0146.JPG,Small,Small,0.44672614336013794,0.4544219970703125,0.09033191204071045,0.0085199736058712
2025-09-29/IMG_1746.JPG,Medium,Small,0.0003010085492860526,0.6296108961105347,0.36997225880622864,0.00011588976485654712
2025-09-05/IMG_0979.JPG,Medium,Medium,0.005352068226784468,0.3642151951789856,0.6152748465538025,0.015157860703766346
2025-09-05/IMG_1492.JPG,Small,Medium,0.0008257918525487185,0.24307578802108765,0.7447645664215088,0.011333830654621124
2025-08-22/IMG_0022.JPG,Very Small,Small,0.333916574716568,0.6437879800796509,0.02190781757235527,0.00038764532655477524
2025-09-05/IMG_1448.JPG,Medium,Medium,0.0014606555923819542,0.22501015663146973,0.7497162222862244,0.02381300739943981
2025-09-05/IMG_1512.JPG,Small,Small,0.22880978882312775,0.748898983001709,0.021706057712435722,0.000585083500482142
2025-08-07/IMG_9127.JPG,Very Small,Very Small,0.5792596936225891,0.4081957936286926,0.012121492996811867,0.00042302312795072794
2025-08-07/IMG_9639.JPG,Large,Large,0.0010733637027442455,0.008031865581870079,0.05824624374508858,0.9326484799385071
2025-08-07/IMG_9589.JPG,Medium,Medium,0.0014426548732444644,0.10772151499986649,0.7087705135345459,0.18206536769866943
2025-09-05/IMG_1053.JPG,Very Small,Very Small,0.6512811779975891,0.3247930109500885,0.02233261428773403,0.0015931628877297044
2025-09-05/IMG_1068.JPG,Small,Very Small,0.5659987330436707,0.4201498031616211,0.01331025268882513,0.0005412439350038767
2025-08-22/IMG_0025.JPG,Small,Small,0.09250813722610474,0.8694536685943604,0.037777986377477646,0.0002602986933197826
2025-09-05/IMG_1201.JPG,Very Small,Small,0.1523265242576599,0.7925247550010681,0.05379370599985123,0.0013550537405535579
2025-09-05/IMG_1534.JPG,Small,Small,0.048450589179992676,0.911871612071991,0.039293721318244934,0.000384010374546051
2025-08-22/IMG_0226.JPG,Small,Small,0.0024760086089372635,0.9693486094474792,0.02816866897046566,6.7077248786517885e-06
2025-08-07/IMG_9412.JPG,Small,Small,0.0029406100511550903,0.8032774329185486,0.193515345454216,0.0002666320651769638
2025-08-07/IMG_9534.JPG,Large,Large,0.011742597445845604,0.10600952804088593,0.2785334289073944,0.6037144660949707
2025-09-05/IMG_0811.JPG,Medium,Medium,0.0010676520178094506,0.09078878909349442,0.8235927820205688,0.08455079793930054
2025-08-22/IMG_0110.JPG,Very Small,Small,0.4667401909828186,0.47378286719322205,0.05598019063472748,0.0034967567771673203
2025-08-22/IMG_9944.JPG,Very Small,Very Small,0.48359188437461853,0.4641760289669037,0.04829101637005806,0.003941116388887167
2025-08-07/IMG_9517.JPG,Small,Small,0.02033085748553276,0.8920290470123291,0.08677303045988083,0.0008670389070175588
2025-08-07/IMG_9700.JPG,Large,Medium,0.0011577224358916283,0.05111454054713249,0.5517783761024475,0.3959493339061737
2025-08-22/IMG_9733.JPG,Small,Small,0.10682626068592072,0.8725959658622742,0.020352190360426903,0.00022561046353075653
2025-08-22/IMG_9991.JPG,Very Small,Very Small,0.8641446232795715,0.134578138589859,0.0012506444472819567,2.6469955628272146e-05
2025-08-22/IMG_9787.JPG,Very Small,Very Small,0.9985610842704773,0.0014389140997081995,4.6929187647037907e-08,2.7310669351021666e-11
2025-09-29/IMG_1896.JPG,Medium,Medium,0.0017180070281028748,0.21258889138698578,0.7212264537811279,0.064466692507267
2025-08-07/IMG_9691.JPG,Medium,Medium,0.007992228493094444,0.24952779710292816,0.6691941022872925,0.07328585535287857
2025-08-22/IMG_9813.JPG,Medium,Medium,0.0019428601954132318,0.11523856967687607,0.8028386235237122,0.07998000085353851
2025-09-29/IMG_1800.JPG,Very Small,Very Small,0.9968563318252563,0.0031435752753168344,1.545395065249977e-07,1.3972262236094934e-10
2025-08-22/IMG_9902.JPG,Small,Small,0.004281535279005766,0.9802379608154297,0.015468618832528591,1.1874883966811467e-05
2025-08-07/IMG_9493.JPG,Medium,Medium,0.0024479166604578495,0.3642865717411041,0.6257719993591309,0.0074935173615813255
2025-09-05/IMG_1218.JPG,Medium,Medium,0.0005475670914165676,0.11807042360305786,0.8452814817428589,0.03610057756304741
2025-08-22/IMG_9988.JPG,Small,Small,0.3545137345790863,0.640672504901886,0.004779835231602192,3.388680488569662e-05
2025-09-05/IMG_1476.JPG,Small,Small,0.012517404742538929,0.8064637184143066,0.1798308938741684,0.0011879394296556711
2025-08-07/IMG_9513.JPG,Small,Small,0.23855656385421753,0.7566322684288025,0.004790982231497765,2.0216102711856365e-05
2025-09-05/IMG_0942.JPG,Very Small,Very Small,0.9193131327629089,0.080644890666008,4.185102443443611e-05,1.2871481658294215e-07
2025-08-07/IMG_9135.JPG,Small,Small,0.06945754587650299,0.875087320804596,0.0540800616145134,0.0013751309597864747
2025-09-05/IMG_1287.JPG,Very Small,Very Small,0.5312967300415039,0.41339579224586487,0.04789824038743973,0.0074092065915465355
2025-09-05/IMG_0912.JPG,Very Small,Very Small,0.9128538370132446,0.08704371005296707,0.00010187971201958135,5.737207970923919e-07
2025-08-07/IMG_9423.JPG,Very Small,Very Small,0.9606746435165405,0.03881441056728363,0.000491094309836626,1.986938514164649e-05
2025-09-29/IMG_1775.JPG,Very Small,Very Small,0.9953729510307312,0.004626839887350798,1.9007313767360756e-07,1.573106228613952e-10
2025-08-22/IMG_0047.JPG,Very Small,Very Small,0.8297080993652344,0.16152119636535645,0.007949352264404297,0.0008214301196858287
2025-08-07/IMG_9468.JPG,Small,Small,0.022068137302994728,0.9487806558609009,0.029092850163578987,5.839673394802958e-05
2025-09-05/IMG_1222.JPG,Small,Medium,0.0006105867214500904,0.13985762000083923,0.8357654809951782,0.023766368627548218
2025-08-22/IMG_0278.JPG,Small,Small,0.0007045664824545383,0.8562553524971008,0.14301034808158875,2.971219328173902e-05
2025-08-07/IMG_9425.JPG,Very Small,Very Small,0.9964826107025146,0.0035167427267879248,5.749641331931343e-07,1.1183123316271804e-09
2025-08-22/IMG_9996.JPG,Small,Small,0.3002684414386749,0.6963350772857666,0.00338817504234612,8.319184416905046e-06
2025-09-05/IMG_1181.JPG,Medium,Medium,0.0022676645312458277,0.4067258834838867,0.5851098895072937,0.005896547809243202
2025-09-05/IMG_0889.JPG,Medium,Medium,0.0011251529213041067,0.2619340717792511,0.7287067174911499,0.008234099484980106
2025-08-22/IMG_9969.JPG,Small,Very Small,0.5016035437583923,0.49543747305870056,0.002942619612440467,1.6409099771408364e-05
2025-09-29/IMG_1786.JPG,Very Small,Very Small,0.9944531321525574,0.00554634677246213,5.018869728701247e-07,8.332083911710697e-10
2025-08-07/IMG_9583.JPG,Medium,Medium,0.003604790661484003,0.09333791583776474,0.5379924774169922,0.3650648891925812
2025-09-05/IMG_0832.JPG,Very Small,Very Small,0.9997676014900208,0.00023241342569235712,2.1777009362455857e-10,1.3004265599200673e-14
2025-09-29/IMG_1914.JPG,Very Small,Very Small,0.8761315941810608,0.12174397706985474,0.0020571143832057714,6.728284643031657e-05
2025-08-22/IMG_0234.JPG,Very Small,Very Small,0.9941893815994263,0.005808934569358826,1.6430346931883832e-06,3.168468598602203e-09
2025-08-22/IMG_9995.JPG,Very Small,Very Small,0.7776258587837219,0.22002248466014862,0.0023224386386573315,2.9258491849759594e-05
2025-09-05/IMG_1146.JPG,Very Small,Very Small,0.9748431444168091,0.025119666010141373,3.690782978083007e-05,2.9974245308039826e-07
2025-09-05/IMG_0951.JPG,Small,Small,0.0008568731136620045,0.9083111882209778,0.0907670184969902,6.497475987998769e-05
2025-08-07/IMG_9421.JPG,Small,Very Small,0.5533386468887329,0.4426611363887787,0.003968057222664356,3.21293409797363e-05
2025-09-05/IMG_0914.JPG,Small,Small,0.10596281290054321,0.8827852010726929,0.011188921518623829,6.300694803940132e-05
2025-08-22/IMG_9864.JPG,Medium,Medium,0.0009858424309641123,0.33593982458114624,0.6573514938354492,0.005722778849303722
2025-09-05/IMG_1582.JPG,Medium,Medium,0.005438362713903189,0.32621920108795166,0.6305682063102722,0.037774261087179184
2025-09-05/IMG_1595.JPG,Small,Small,0.20053216814994812,0.698371171951294,0.0940791592001915,0.0070174760185182095
2025-08-22/IMG_0046.JPG,Very Small,Very Small,0.6749142408370972,0.3151695132255554,0.00955128762871027,0.0003650079306680709
2025-08-22/IMG_9975.JPG,Small,Very Small,0.5439397692680359,0.4521735608577728,0.0038633078802376986,2.3290507670026273e-05
2025-09-05/IMG_1076.JPG,Small,Small,0.0006540760514326394,0.5801065564155579,0.4184667766094208,0.0007726186886429787
2025-09-05/IMG_1454.JPG,Small,Small,0.06249605119228363,0.9137641191482544,0.023589514195919037,0.00015037662524264306
2025-09-05/IMG_1579.JPG,Small,Small,0.3587469458580017,0.5239390134811401,0.09822805970907211,0.019085967913269997
2025-08-07/IMG_9217.JPG,Medium,Medium,0.010551129467785358,0.47112804651260376,0.5057682394981384,0.012552551925182343
2025-08-22/IMG_9873.JPG,Medium,Medium,0.0005099503905512393,0.10453628748655319,0.8538499474525452,0.04110382869839668
2025-09-05/IMG_1562.JPG,Very Small,Very Small,0.8374146819114685,0.15722210705280304,0.0049915192648768425,0.00037173109012655914
2025-08-07/IMG_9424.JPG,Small,Small,0.0102029824629426,0.5006239414215088,0.4775545001029968,0.011618521995842457
2025-09-05/IMG_1424.JPG,Small,Small,0.003974456340074539,0.9699165225028992,0.026098214089870453,1.091610738512827e-05
2025-08-07/IMG_9193.JPG,Very Small,Very Small,0.9978564381599426,0.002143305726349354,2.2939359212159616e-07,3.4876362908775604e-10
2025-09-29/IMG_1763.JPG,Medium,Medium,5.4402949899667874e-05,0.17607805132865906,0.8226039409637451,0.001263626734726131
2025-08-07/IMG_9156.JPG,Medium,Medium,0.005608385428786278,0.2578187882900238,0.6637371778488159,0.07283566147089005
2025-08-07/IMG_9422.JPG,Very Small,Very Small,0.9798058867454529,0.020181510597467422,1.2621615496755112e-05,4.9917762368068e-08
2025-09-05/IMG_1603.JPG,Medium,Medium,0.010219634510576725,0.2305832803249359,0.664482593536377,0.09471451491117477
2025-08-07/IMG_9165.JPG,Very Small,Small,0.283081978559494,0.6662654280662537,0.04894176125526428,0.0017108385218307376
2025-09-05/IMG_1195.JPG,Small,Small,0.22950683534145355,0.7632060647010803,0.007258962839841843,2.8115309760323726e-05
2025-08-22/IMG_0036.JPG,Small,Small,0.27782368659973145,0.710348904132843,0.01174855511635542,7.8912555181887e-05
2025-09-05/IMG_1358.JPG,Small,Small,0.0045349085703492165,0.8949795961380005,0.10020915418863297,0.00027630635304376483
2025-08-07/IMG_9571.JPG,Large,Large,0.0023008950520306826,0.01907471753656864,0.10157345980405807,0.8770509362220764
2025-09-05/IMG_1330.JPG,Very Small,Small,0.10009374469518661,0.7647638320922852,0.1284395456314087,0.006702906917780638
2025-09-05/IMG_1412.JPG,Medium,Medium,0.0001244452578248456,0.06725837290287018,0.9151532053947449,0.01746392622590065
2025-09-05/IMG_0900.JPG,Very Small,Very Small,0.983470618724823,0.016527464613318443,1.9186145436833613e-06,2.8268301033307353e-09
2025-08-22/IMG_9897.JPG,Small,Small,0.035125549882650375,0.945880651473999,0.018933238461613655,6.050160664017312e-05
2025-09-05/IMG_0860.JPG,Small,Small,0.3543165624141693,0.642619252204895,0.0030568456277251244,7.261437531269621e-06
2025-09-05/IMG_1387.JPG,Medium,Medium,2.57337396760704e-05,0.024503134191036224,0.8501871824264526,0.12528400123119354
2025-08-07/IMG_9112.JPG,Small,Small,0.35331788659095764,0.6188514828681946,0.02716030925512314,0.0006703032413497567
2025-08-22/IMG_9754.JPG,Very Small,Very Small,0.9887214303016663,0.011277195997536182,1.3864574839317356e-06,1.8796146861177476e-09
2025-09-05/IMG_0845.JPG,Medium,Medium,1.6371230231015943e-05,0.05634497478604317,0.9417688250541687,0.001869858242571354
2025-08-07/IMG_9099.JPG,Very Small,Very Small,0.6168356537818909,0.3758558928966522,0.007210039999336004,9.844041051110253e-05
2025-09-29/IMG_1778.JPG,Very Small,Very Small,0.9990925788879395,0.0009074705885723233,2.3090708012318828e-08,1.539459011656863e-11
2025-09-05/IMG_1164.JPG,Small,Medium,0.004383751191198826,0.44185858964920044,0.5471916198730469,0.006566055119037628
2025-09-05/IMG_1086.JPG,Medium,Medium,2.819932888087351e-06,0.027772599831223488,0.9706416130065918,0.001582976896315813
2025-08-22/IMG_9841.JPG,Small,Very Small,0.663460373878479,0.3319588303565979,0.004486892372369766,9.388180478708819e-05
2025-09-29/IMG_1760.JPG,Very Small,Very Small,0.9312059879302979,0.06878193467855453,1.2057304047630168e-05,7.983718575133025e-09
2025-09-29/IMG_1704.JPG,Medium,Medium,0.0002704814251046628,0.2764059901237488,0.7217655181884766,0.0015579446917399764
2025-09-05/IMG_1399.JPG,Medium,Medium,0.0027177990414202213,0.4364319145679474,0.5557650327682495,0.005085221957415342
2025-09-05/IMG_1496.JPG,Medium,Small,0.000586362206377089,0.6404793858528137,0.3582788109779358,0.0006553893908858299
2025-08-07/IMG_9640.JPG,Large,Large,0.005561016034334898,0.022081028670072556,0.0875408947467804,0.8848170638084412
2025-09-05/IMG_1524.JPG,Small,Small,0.3151577413082123,0.6733344793319702,0.011371071450412273,0.0001366885262541473
2025-08-22/IMG_9949.JPG,Small,Very Small,0.8979085087776184,0.10080473870038986,0.001249009044840932,3.767010639421642e-05
2025-08-07/IMG_9469.JPG,Medium,Medium,0.00011598972196225077,0.2282298356294632,0.7709006071090698,0.0007536091725341976
2025-08-07/IMG_9646.JPG,Large,Large,0.0035370057448744774,0.04292866215109825,0.2612619698047638,0.692272424697876
2025-08-22/IMG_0011.JPG,Very Small,Small,0.481380820274353,0.5129157304763794,0.005646589677780867,5.683916970156133e-05
2025-09-05/IMG_1553.JPG,Very Small,Very Small,0.5530663132667542,0.43634748458862305,0.010350572876632214,0.00023562759452033788
2025-09-05/IMG_1262.JPG,Very Small,Small,0.42608892917633057,0.5212586522102356,0.0498894564807415,0.0027629751712083817
2025-09-05/IMG_1403.JPG,Very Small,Very Small,0.9851035475730896,0.014894080348312855,2.349067472096067e-06,2.612012384162199e-09
2025-08-22/IMG_0019.JPG,Very Small,Very Small,0.5433319807052612,0.41329291462898254,0.04043807089328766,0.002937083365395665
2025-08-07/IMG_9545.JPG,Medium,Medium,0.0050406381487846375,0.10028655081987381,0.49732786417007446,0.39734503626823425
2025-08-22/IMG_0293.JPG,Small,Very Small,0.6332705616950989,0.3505760729312897,0.015867972746491432,0.00028534361626952887
2025-08-07/IMG_9686.JPG,Medium,Large,0.0010377196595072746,0.04314984753727913,0.40687334537506104,0.548939049243927
2025-08-22/IMG_9912.JPG,Small,Very Small,0.6237500905990601,0.37022075057029724,0.005890865810215473,0.00013831137039233
2025-08-22/IMG_9865.JPG,Very Small,Very Small,0.9669267535209656,0.033059436827898026,1.3684645637113135e-05,5.6414339866250884e-08
2025-08-22/IMG_9778.JPG,Small,Small,0.41558489203453064,0.5816598534584045,0.0027414446230977774,1.3812009456160013e-05
2025-08-22/IMG_9862.JPG,Very Small,Very Small,0.972682774066925,0.02731344848871231,3.7131133012735518e-06,3.749052623902571e-09
2025-09-29/IMG_1738.JPG,Medium,Medium,2.19048833969282e-05,0.18494060635566711,0.8147023320198059,0.0003350539191160351
2025-09-05/IMG_1581.JPG,Small,Small,0.08910378813743591,0.8446308374404907,0.06455042958259583,0.0017149023478850722
2025-09-05/IMG_1266.JPG,Very Small,Very Small,0.8628662824630737,0.13489553332328796,0.002161715878173709,7.650798943359405e-05
2025-08-22/IMG_0290.JPG,Medium,Medium,8.921946573536843e-05,0.10636086016893387,0.8899767994880676,0.0035730914678424597
2025-08-07/IMG_9172.JPG,Small,Small,0.46754494309425354,0.5017380118370056,0.029409052804112434,0.001308001927100122
2025-09-05/IMG_1338.JPG,Small,Small,0.14599411189556122,0.523856520652771,0.27000606060028076,0.060143355280160904
2025-08-22/IMG_0090.JPG,Small,Small,0.0637042298913002,0.7407451272010803,0.1889905333518982,0.006560171954333782
2025-08-07/IMG_9633.JPG,Large,Large,0.002336235949769616,0.01947237364947796,0.12884953618049622,0.849341869354248
2025-08-22/IMG_0254.JPG,Small,Very Small,0.5586078763008118,0.440887451171875,0.0005044317804276943,2.5373890366608975e-07
2025-08-22/IMG_9843.JPG,Large,Large,0.000918931735213846,0.012910381890833378,0.0970657542347908,0.8891049027442932
2025-09-29/IMG_1803.JPG,Very Small,Very Small,0.995370090007782,0.004629677627235651,2.7919739409298927e-07,2.752398586824967e-10
2025-08-22/IMG_9832.JPG,Large,Large,0.019997211173176765,0.03955279663205147,0.09868848323822021,0.8417615294456482
2025-09-29/IMG_1777.JPG,Very Small,Very Small,0.9981487989425659,0.0018511357484385371,8.283678454290566e-08,7.067875451571837e-11
2025-08-22/IMG_9751.JPG,Medium,Medium,0.00010598757944535464,0.045235730707645416,0.859147310256958,0.09551094472408295
2025-08-07/IMG_9401.JPG,Small,Small,0.08911481499671936,0.87742680311203,0.03314879536628723,0.00030961004085838795
2025-08-07/IMG_9701.JPG,Medium,Medium,9.777247760212049e-05,0.0741504654288292,0.9152182936668396,0.010533444583415985
2025-09-29/IMG_1836.JPG,Small,Small,0.003466546069830656,0.9414610266685486,0.054926589131355286,0.00014578545233234763
2025-09-05/IMG_1453.JPG,Small,Small,0.34275853633880615,0.6552740931510925,0.0019628724548965693,4.464642643142724e-06
2025-09-05/IMG_1445.JPG,Very Small,Very Small,0.9925481677055359,0.0074516646564006805,2.4559415123803774e-07,9.116117583030103e-11
2025-09-29/IMG_1721.JPG,Very Small,Very Small,0.8968119025230408,0.1031709834933281,1.715556572889909e-05,1.116726089378517e-08
2025-09-29/IMG_1835.JPG,Small,Small,0.0022523337975144386,0.9168556928634644,0.08078699558973312,0.0001049702477757819
2025-09-05/IMG_0887.JPG,Medium,Medium,0.001859623589552939,0.2611618936061859,0.7234251499176025,0.013553272001445293
2025-09-05/IMG_0890.JPG,Small,Medium,0.005413935054093599,0.38771775364875793,0.5916182398796082,0.015250101685523987
2025-08-07/IMG_9213.JPG,Small,Small,0.013115663081407547,0.9769649505615234,0.00990778673440218,1.1612165508267935e-05
2025-08-22/IMG_9946.JPG,Very Small,Very Small,0.9025554060935974,0.09698548167943954,0.0004523466632235795,6.783420758438297e-06
2025-08-07/IMG_9606.JPG,Medium,Medium,5.974194937152788e-05,0.1024567112326622,0.8916938304901123,0.005789698101580143
2025-08-22/IMG_9965.JPG,Small,Small,0.11905696988105774,0.874986469745636,0.0059319608844816685,2.4660972485435195e-05
2025-09-05/IMG_1098.JPG,Small,Small,0.021335043013095856,0.9364290237426758,0.04213018715381622,0.00010565901175141335
2025-08-07/IMG_9683.JPG,Large,Large,0.007534039206802845,0.021907329559326172,0.07982894033193588,0.8907296657562256
2025-08-07/IMG_9209.JPG,Very Small,Very Small,0.995872437953949,0.004127046093344688,4.1838330844257143e-07,7.003599367116919e-10
2025-08-07/IMG_9157.JPG,Small,Small,0.04081355407834053,0.9288527965545654,0.03005918301641941,0.00027453337679617107
2025-08-22/IMG_0242.JPG,Very Small,Very Small,0.9930082559585571,0.006988290697336197,3.4461402265151264e-06,8.937518281015855e-09
2025-08-22/IMG_9859.JPG,Large,Large,0.059717923402786255,0.1188083216547966,0.20706160366535187,0.6144121289253235
2025-08-07/IMG_9553.JPG,Large,Medium,0.03457019105553627,0.2424641251564026,0.5211842656135559,0.20178140699863434
2025-09-29/IMG_1788.JPG,Very Small,Very Small,0.809670627117157,0.18942473828792572,0.0008931514457799494,1.1410558727220632e-05
2025-09-29/IMG_1845.JPG,Small,Small,0.006755789741873741,0.8596825003623962,0.1329394429922104,0.0006223172531463206
2025-08-07/IMG_9674.JPG,Large,Large,0.001009563566185534,0.01634158566594124,0.12782371044158936,0.8548251986503601
2025-09-05/IMG_1145.JPG,Small,Medium,0.0006396482931450009,0.46405279636383057,0.5342986583709717,0.001008860650472343
2025-09-29/IMG_1916.JPG,Very Small,Very Small,0.8425942659378052,0.14390291273593903,0.011809706687927246,0.0016930655110627413
2025-09-29/IMG_1873.JPG,Small,Small,0.016095459461212158,0.6948171257972717,0.2827663719654083,0.006320965941995382
2025-08-07/IMG_9660.JPG,Large,Large,0.000989871914498508,0.03756560757756233,0.3585394322872162,0.6029051542282104
2025-08-07/IMG_9673.JPG,Large,Large,0.0010164842242375016,0.03216427192091942,0.28120869398117065,0.6856105327606201
2025-08-22/IMG_9955.JPG,Very Small,Very Small,0.9419573545455933,0.05781197547912598,0.00022730512137059122,3.3244343740079785e-06
2025-09-05/IMG_1575.JPG,Small,Small,0.05438412353396416,0.8762074112892151,0.06820038706064224,0.0012080773012712598
2025-08-22/IMG_0227.JPG,Small,Very Small,0.6731865406036377,0.32610398530960083,0.0007086207624524832,8.723252449271968e-07
2025-08-22/IMG_9925.JPG,Very Small,Very Small,0.71848064661026,0.2744927704334259,0.006817540619522333,0.00020903484255541116
2025-09-05/IMG_1248.JPG,Small,Small,0.0563046894967556,0.7799963355064392,0.15608173608779907,0.007617260795086622
2025-09-05/IMG_1189.JPG,Small,Small,0.07224627584218979,0.8472648859024048,0.07948242127895355,0.0010063889203593135
2025-09-05/IMG_1380.JPG,Medium,Medium,8.085060835583135e-05,0.05712643265724182,0.9045414328575134,0.03825128823518753
2025-08-07/IMG_9247.JPG,Medium,Small,0.0002757490146905184,0.8633890151977539,0.13631446659564972,2.0779631086043082e-05
2025-08-07/IMG_9596.JPG,Medium,Medium,0.0015748089645057917,0.08793389797210693,0.7558499574661255,0.1546413153409958
2025-09-29/IMG_1815.JPG,Very Small,Very Small,0.9036398530006409,0.09627585858106613,8.387739217141643e-05,3.454581189998862e-07
2025-09-05/IMG_0826.JPG,Very Small,Very Small,0.9992570281028748,0.0007429952383972704,1.277603445259956e-08,5.35480383992426e-12
2025-09-05/IMG_1008.JPG,Medium,Small,0.032705772668123245,0.6745768785476685,0.2847563326358795,0.007960891351103783
2025-09-05/IMG_1425.JPG,Small,Small,0.01269988901913166,0.923045814037323,0.0640779510140419,0.00017636547272559255
2025-09-05/IMG_1277.JPG,Small,Small,0.09488911926746368,0.8737028241157532,0.030763961374759674,0.0006441316218115389
2025-09-05/IMG_1118.JPG,Medium,Medium,6.752108311047778e-05,0.04950004070997238,0.9214168190956116,0.02901565656065941
2025-08-22/IMG_0043.JPG,Small,Small,0.07871692627668381,0.8136470913887024,0.10555022209882736,0.0020857658237218857
2025-09-05/IMG_1531.JPG,Small,Small,0.04924001172184944,0.8810656070709229,0.06880231201648712,0.0008920800755731761
2025-08-07/IMG_9636.JPG,Large,Large,0.002885822206735611,0.017004964873194695,0.0959123820066452,0.8841967582702637
2025-08-22/IMG_0088.JPG,Small,Small,0.1646742969751358,0.7768409848213196,0.056662388145923615,0.0018223235383629799
2025-08-22/IMG_0035.JPG,Very Small,Very Small,0.6160390973091125,0.3788492977619171,0.0050283740274608135,8.332726429216564e-05
2025-09-29/IMG_1846.JPG,Small,Small,0.0013982575619593263,0.8179196119308472,0.18032196164131165,0.0003601843200158328
2025-08-22/IMG_0295.JPG,Medium,Medium,0.0022704261355102062,0.17202912271022797,0.8018166422843933,0.023883812129497528
2025-09-29/IMG_1838.JPG,Small,Small,0.0024704947136342525,0.6483653783798218,0.34586840867996216,0.0032957294024527073
2025-08-07/IMG_9130.JPG,Small,Small,0.18093709647655487,0.7997533679008484,0.01913599483668804,0.00017359192133881152
2025-08-07/IMG_9105.JPG,Small,Small,0.0360831543803215,0.7918926477432251,0.16832830011844635,0.003695850493386388
2025-09-29/IMG_1952.JPG,Very Small,Very Small,0.4465497136116028,0.2688535451889038,0.14709016680717468,0.1375066488981247
2025-08-07/IMG_9219.JPG,Medium,Medium,0.0044756075367331505,0.1678534299135208,0.7427257895469666,0.0849452093243599
2025-09-29/IMG_1729.JPG,Very Small,Very Small,0.998705267906189,0.001294772489927709,4.382136609137888e-08,3.606656640009476e-11
2025-08-07/IMG_9106.JPG,Very Small,Very Small,0.6079129576683044,0.3637411296367645,0.026149539276957512,0.002196404617279768
2025-09-29/IMG_1869.JPG,Small,Small,0.11117009073495865,0.8805385231971741,0.00825676042586565,3.459905201452784e-05
2025-08-07/IMG_9147.JPG,Small,Small,0.2762977182865143,0.6710857152938843,0.05010013282299042,0.002516465960070491
2025-09-29/IMG_1851.JPG,Small,Small,0.06495701521635056,0.9011439085006714,0.03359665721654892,0.0003024285542778671
2025-08-07/IMG_9681.JPG,Large,Large,0.00047128816368058324,0.013433648273348808,0.14328791201114655,0.8428071737289429
2025-09-05/IMG_1558.JPG,Small,Small,0.06380469352006912,0.9238613247871399,0.01227528229355812,5.874334601685405e-05
2025-09-05/IMG_1138.JPG,Small,Small,0.026731010526418686,0.9702062606811523,0.003062284318730235,4.285861905373167e-07
2025-08-07/IMG_9260.JPG,Small,Small,0.001305040786974132,0.933800458908081,0.06482264399528503,7.175129576353356e-05
2025-09-29/IMG_1853.JPG,Very Small,Very Small,0.8015745282173157,0.19031181931495667,0.007534657139331102,0.0005790524301119149
2025-09-05/IMG_1499.JPG,Small,Small,0.015615134499967098,0.8366215825080872,0.14554141461849213,0.0022218339145183563
2025-09-05/IMG_1302.JPG,Small,Small,0.04310609772801399,0.8778437972068787,0.0779183954000473,0.0011316463351249695
2025-08-22/IMG_0118.JPG,Medium,Small,0.022707317024469376,0.5181185007095337,0.43720561265945435,0.021968569606542587
2025-09-05/IMG_1017.JPG,Very Small,Small,0.33414822816848755,0.6276754140853882,0.03630831465125084,0.0018679928034543991
2025-09-05/IMG_1417.JPG,Medium,Medium,0.0004179419483989477,0.07882355153560638,0.8641306757926941,0.056627847254276276
2025-09-05/IMG_0882.JPG,Small,Small,0.014827370643615723,0.9707881808280945,0.01437377743422985,1.061158036463894e-05
2025-09-05/IMG_1020.JPG,Small,Small,0.020281562581658363,0.6681828498840332,0.2993983030319214,0.012137306854128838
2025-08-22/IMG_0255.JPG,Very Small,Very Small,0.9962511658668518,0.0037479393649846315,9.61019850365119e-07,1.9046957344670545e-09
2025-09-05/IMG_1109.JPG,Small,Small,0.0031219138763844967,0.9213305711746216,0.0755070149898529,4.057205296703614e-05
2025-08-22/IMG_9735.JPG,Very Small,Very Small,0.8848768472671509,0.11466849595308304,0.0004479180497583002,6.735354418196948e-06
2025-08-22/IMG_9803.JPG,Medium,Medium,0.0006070462986826897,0.23486219346523285,0.7601497173309326,0.004381041042506695
2025-09-29/IMG_1804.JPG,Very Small,Very Small,0.997739315032959,0.0022605760022997856,1.6265259716874425e-07,2.297323303812604e-10
2025-09-05/IMG_1203.JPG,Large,Large,0.0007525548571720719,0.0225390512496233,0.26435527205467224,0.7123531699180603
2025-08-07/IMG_9136.JPG,Very Small,Very Small,0.6675667762756348,0.3250497281551361,0.007243383675813675,0.00014008533617015928
2025-09-05/IMG_1133.JPG,Small,Small,0.026011120527982712,0.9554767608642578,0.018474459648132324,3.764866050914861e-05
2025-09-05/IMG_0873.JPG,Small,Medium,0.00048376451013609767,0.2544032037258148,0.7406694889068604,0.00444346759468317
2025-09-29/IMG_1679.JPG,Medium,Medium,0.00019963661907240748,0.33339977264404297,0.6653808951377869,0.0010196930961683393
2025-09-29/IMG_1797.JPG,Small,Small,0.009057315066456795,0.9653573632240295,0.025536365807056427,4.895207530353218e-05
2025-08-22/IMG_9938.JPG,Very Small,Very Small,0.9137001633644104,0.08519826084375381,0.001063419389538467,3.821850987151265e-05
2025-09-05/IMG_1386.JPG,Small,Small,0.0033357730135321617,0.971696674823761,0.024955742061138153,1.1847455425595399e-05
2025-08-07/IMG_9233.JPG,Very Small,Very Small,0.6742602586746216,0.3180275559425354,0.0075730569660663605,0.0001391403202433139
2025-09-29/IMG_1789.JPG,Very Small,Very Small,0.9997358918190002,0.00026411371072754264,2.275637456250479e-09,6.217227253857427e-13
2025-08-22/IMG_9771.JPG,Very Small,Very Small,0.9994939565658569,0.0005060601397417486,2.4258484110362133e-09,3.842976013367777e-13
2025-09-05/IMG_0801.JPG,Small,Small,0.0034615795593708754,0.9240576028823853,0.07241112738847733,6.974246934987605e-05
