image_path,true_class,predicted_class,probability_Very Small,probability_Small,probability_Medium,probability_Large
2025-09-05/IMG_1323.JPG,Very Small,Small,0.4321611821651459,0.5059792399406433,0.05746190994977951,0.004397692624479532
2025-08-22/IMG_9902.JPG,Small,Small,0.029590362682938576,0.9569985270500183,0.013286367058753967,0.00012470428191591054
2025-08-07/IMG_9156.JPG,Medium,Medium,0.003983765374869108,0.1673039346933365,0.7927871942520142,0.035925161093473434
2025-08-22/IMG_0112.JPG,Small,Very Small,0.6135305166244507,0.37911710143089294,0.007201882544904947,0.00015049075591377914
2025-08-22/IMG_0182.JPG,Very Small,Very Small,0.9833648800849915,0.01663140393793583,3.430993956499151e-06,2.9542047741415445e-07
2025-08-22/IMG_9871.JPG,Large,Large,7.374708366114646e-05,0.005180273670703173,0.15340599417686462,0.8413400053977966
2025-09-05/IMG_1441.JPG,Very Small,Very Small,0.9587082266807556,0.041262008249759674,2.9042466849205084e-05,7.723510293544678e-07
2025-08-07/IMG_9595.JPG,Medium,Medium,0.0017185828182846308,0.04843524470925331,0.6925777196884155,0.25726842880249023
2025-09-05/IMG_1448.JPG,Medium,Medium,0.0027245318051427603,0.23999641835689545,0.7465135455131531,0.010765470564365387
2025-09-29/IMG_1851.JPG,Small,Small,0.17595329880714417,0.7756868600845337,0.047372184693813324,0.0009876362746581435
2025-09-29/IMG_1836.JPG,Small,Small,0.009053953923285007,0.9445064067840576,0.046001043170690536,0.0004386901273392141
2025-08-22/IMG_0011.JPG,Very Small,Very Small,0.5564159154891968,0.4324234127998352,0.011000998318195343,0.0001595777430338785
2025-08-07/IMG_9579.JPG,Medium,Medium,0.0003201299696229398,0.047739721834659576,0.9203764200210571,0.03156366944313049
2025-09-05/IMG_1530.JPG,Small,Small,0.0530252680182457,0.5458518862724304,0.38880911469459534,0.01231368537992239
2025-09-05/IMG_1518.JPG,Small,Small,0.3068002760410309,0.6767187714576721,0.015735220164060593,0.0007457577157765627
2025-08-22/IMG_0254.JPG,Small,Small,0.16898992657661438,0.8296457529067993,0.0013192715123295784,4.503054515225813e-05
2025-08-22/IMG_9953.JPG,Very Small,Very Small,0.9511685967445374,0.04867946356534958,0.00014812963490840048,3.895664121955633e-06
2025-08-22/IMG_0041.JPG,Small,Small,0.06364083290100098,0.6285153031349182,0.29910045862197876,0.00874345563352108
2025-09-05/IMG_1553.JPG,Very Small,Very Small,0.6852933764457703,0.30102142691612244,0.013083950616419315,0.0006012454978190362
2025-09-29/IMG_1676.JPG,Medium,Medium,7.456272578565404e-05,0.09355048835277557,0.9055277705192566,0.0008471602923236787
2025-09-29/IMG_1724.JPG,Medium,Medium,4.191312109469436e-05,0.13779491186141968,0.861965537071228,0.00019760883878916502
2025-09-05/IMG_1362.JPG,Medium,Medium,0.0010035898303613067,0.07965513318777084,0.8913935422897339,0.02794772945344448
2025-08-22/IMG_9892.JPG,Small,Small,0.02073819562792778,0.9768199324607849,0.0024252680595964193,1.6678521205903962e-05
2025-08-22/IMG_9832.JPG,Large,Large,0.002962239785119891,0.016774753108620644,0.027289310470223427,0.9529736638069153
2025-08-07/IMG_9589.JPG,Medium,Medium,0.004159693140536547,0.1475413739681244,0.7008128762245178,0.14748604595661163
2025-09-05/IMG_1512.JPG,Small,Small,0.24783805012702942,0.733068585395813,0.01786915399134159,0.0012241899967193604
2025-08-22/IMG_9862.JPG,Very Small,Very Small,0.9587084650993347,0.04128535836935043,5.988459633954335e-06,2.0055315985700872e-07
2025-09-29/IMG_1913.JPG,Very Small,Very Small,0.8286918997764587,0.16221795976161957,0.008066573180258274,0.0010235296795144677
2025-09-05/IMG_0818.JPG,Small,Medium,5.6206623412435874e-05,0.2994840741157532,0.7004373669624329,2.236256841570139e-05
2025-08-22/IMG_0085.JPG,Very Small,Very Small,0.6464399099349976,0.33791184425354004,0.01488750334829092,0.0007606321596540511
2025-09-05/IMG_0821.JPG,Small,Small,0.0012901616282761097,0.9005114436149597,0.09817823022603989,2.023450178967323e-05
2025-09-29/IMG_1762.JPG,Small,Small,0.011964641511440277,0.9586398005485535,0.029364699497818947,3.083095725742169e-05
2025-08-22/IMG_9885.JPG,Medium,Medium,0.0004510009312070906,0.14859162271022797,0.8438799381256104,0.007077474612742662
2025-08-22/IMG_9839.JPG,Medium,Medium,0.0006069119554013014,0.057028718292713165,0.88240647315979,0.059957802295684814
2025-08-07/IMG_9117.JPG,Small,Small,0.19130340218544006,0.7356355786323547,0.06394568085670471,0.009115336462855339
2025-08-22/IMG_0213.JPG,Very Small,Very Small,0.9967213273048401,0.0032785856164991856,9.935651235082332e-08,1.0194550092990085e-08
2025-09-05/IMG_1440.JPG,Very Small,Very Small,0.9530196785926819,0.04696457460522652,1.552902176626958e-05,2.1036950670350052e-07
2025-09-29/IMG_1747.JPG,Very Small,Very Small,0.9979711174964905,0.002028872724622488,1.4116498192606741e-08,1.9116404292862654e-10
2025-08-22/IMG_9878.JPG,Very Small,Small,0.1350879967212677,0.8638593554496765,0.001045553362928331,7.054833986330777e-06
2025-08-22/IMG_0207.JPG,Medium,Medium,0.004467543680220842,0.17229902744293213,0.8021511435508728,0.021082263439893723
2025-08-07/IMG_9112.JPG,Small,Very Small,0.5211293697357178,0.46052053570747375,0.017500191926956177,0.0008499457617290318
2025-08-22/IMG_9930.JPG,Very Small,Very Small,0.8259162902832031,0.17218102514743805,0.0018500916194170713,5.261511614662595e-05
2025-09-05/IMG_1327.JPG,Very Small,Small,0.4116795063018799,0.5578002333641052,0.02727435529232025,0.0032458873465657234
2025-09-05/IMG_1274.JPG,Very Small,Very Small,0.9290472269058228,0.06981977075338364,0.0010877188760787249,4.534888284979388e-05
2025-08-07/IMG_9679.JPG,Large,Large,4.3930493120569736e-05,0.001188306836411357,0.01885000616312027,0.9799177050590515
2025-08-07/IMG_9184.JPG,Medium,Medium,0.000172811298398301,0.16163286566734314,0.8377339839935303,0.00046039477456361055
2025-08-07/IMG_9397.JPG,Small,Very Small,0.7363022565841675,0.2635980248451233,9.206315007759258e-05,7.570868092443561e-06
2025-09-05/IMG_1587.JPG,Very Small,Very Small,0.8668017387390137,0.12670952081680298,0.005398353096097708,0.0010904656955972314
2025-08-22/IMG_0107.JPG,Very Small,Very Small,0.8511144518852234,0.1458405703306198,0.002857987768948078,0.00018696456390898675
2025-09-05/IMG_1569.JPG,Very Small,Very Small,0.8090071678161621,0.18543732166290283,0.005020040553063154,0.000535527360625565
2025-08-07/IMG_9458.JPG,Small,Very Small,0.709506094455719,0.29033854603767395,0.00014469421876128763,1.0684971130103804e-05
2025-08-22/IMG_0222.JPG,Very Small,Very Small,0.9983904361724854,0.0016096178442239761,1.5377896289692217e-08,1.3563589140730414e-09
2025-08-22/IMG_0022.JPG,Very Small,Small,0.4726805090904236,0.508589506149292,0.018266692757606506,0.000463270116597414
2025-09-05/IMG_1208.JPG,Small,Small,0.27027809619903564,0.7257335782051086,0.003788894275203347,0.00019937897741328925
2025-09-05/IMG_1338.JPG,Small,Small,0.225938618183136,0.6223189234733582,0.12639015913009644,0.02535228803753853
2025-08-07/IMG_9654.JPG,Large,Large,0.00010603074042592198,0.0024391806218773127,0.021374428644776344,0.9760802984237671
2025-09-29/IMG_1709.JPG,Small,Small,0.0012572186533361673,0.9843181371688843,0.014423557557165623,1.016837018141814e-06
2025-08-07/IMG_9247.JPG,Medium,Small,0.001019830466248095,0.8891232013702393,0.10984243452548981,1.450053332519019e-05
2025-08-22/IMG_9805.JPG,Medium,Small,0.018094860017299652,0.925030529499054,0.05667969956994057,0.00019481171329971403
2025-09-29/IMG_1766.JPG,Medium,Medium,0.00033718382474035025,0.39787259697914124,0.6016620993614197,0.00012809690088033676
2025-09-05/IMG_0951.JPG,Small,Small,0.0010815035784617066,0.9245330095291138,0.07435566931962967,2.9771472327411175e-05
2025-09-29/IMG_1845.JPG,Small,Small,0.015162937343120575,0.9092571139335632,0.07502073794603348,0.0005591604858636856
2025-09-29/IMG_1710.JPG,Medium,Medium,3.5235480027040467e-06,0.022159071639180183,0.9774673581123352,0.0003700846864376217
2025-09-05/IMG_1130.JPG,Small,Small,0.14006896317005157,0.8497258424758911,0.01007885579019785,0.00012628245167434216
2025-09-29/IMG_1723.JPG,Medium,Medium,2.401258097961545e-05,0.22340127825737,0.7765519022941589,2.2844847990199924e-05
2025-09-29/IMG_1786.JPG,Very Small,Very Small,0.9922383427619934,0.007760375738143921,1.3025246516917832e-06,5.797598134904547e-08
2025-08-22/IMG_9772.JPG,Medium,Medium,4.282660302123986e-05,0.11442116647958755,0.8854444622993469,9.148714161710814e-05
2025-08-07/IMG_9510.JPG,Small,Small,0.03723722696304321,0.85696941614151,0.10127482563257217,0.0045186253264546394
2025-08-22/IMG_0183.JPG,Small,Small,0.33569565415382385,0.6535959243774414,0.009896430186927319,0.0008120405254885554
2025-08-22/IMG_9896.JPG,Small,Small,0.1609560251235962,0.83883136510849,0.00021048191410955042,2.0816407868551323e-06
2025-08-22/IMG_9796.JPG,Very Small,Very Small,0.9911324381828308,0.00886734202504158,2.2644390185178054e-07,1.1130979693518839e-08
2025-09-05/IMG_1196.JPG,Very Small,Very Small,0.9946073889732361,0.005392170511186123,4.552414623049117e-07,2.9695977232790938e-08
2025-08-07/IMG_9170.JPG,Very Small,Very Small,0.8155428171157837,0.17520809173583984,0.007625909987837076,0.0016231025801971555
2025-09-05/IMG_1092.JPG,Very Small,Very Small,0.9943075776100159,0.00569218210875988,1.8963753234402247e-07,3.3821989653404216e-09
2025-09-05/IMG_1508.JPG,Medium,Medium,0.0003935658896807581,0.28617575764656067,0.7121520042419434,0.0012786599108949304
2025-09-05/IMG_1016.JPG,Small,Small,0.07588044553995132,0.6968316435813904,0.21888217329978943,0.008405731059610844
2025-09-05/IMG_0797.JPG,Small,Small,0.28006941080093384,0.718704342842102,0.0012202782090753317,5.952073934167856e-06
2025-08-07/IMG_9634.JPG,Large,Large,8.082792919594795e-05,0.002401273464784026,0.04590269923210144,0.9516150951385498
2025-09-05/IMG_1477.JPG,Small,Small,0.003548883367329836,0.9463129043579102,0.04976745322346687,0.00037074103602208197
2025-08-07/IMG_9086.JPG,Small,Small,0.01259668916463852,0.6325981616973877,0.3356003165245056,0.01920480467379093
2025-08-07/IMG_9127.JPG,Very Small,Very Small,0.5415469408035278,0.4456426501274109,0.011305836960673332,0.0015045988839119673
2025-09-05/IMG_1597.JPG,Very Small,Very Small,0.5212547183036804,0.41929736733436584,0.05551966652274132,0.003928300458937883
2025-08-22/IMG_0098.JPG,Very Small,Very Small,0.7590416073799133,0.2383355349302292,0.0025602132081985474,6.270282028708607e-05
2025-09-29/IMG_1842.JPG,Small,Small,0.005001804791390896,0.9727335572242737,0.022135579958558083,0.0001291048974962905
2025-09-29/IMG_1768.JPG,Medium,Medium,0.0016786761116236448,0.4546261429786682,0.5428717732429504,0.000823419017251581
2025-08-22/IMG_9961.JPG,Very Small,Very Small,0.8839824199676514,0.11452358216047287,0.0014571604551747441,3.6839363019680604e-05
2025-08-22/IMG_0128.JPG,Very Small,Very Small,0.9853867292404175,0.014590735547244549,2.001961001951713e-05,2.56907264883921e-06
2025-09-05/IMG_1143.JPG,Very Small,Very Small,0.9962356686592102,0.0037639744114130735,3.2842427799550933e-07,1.8882271746178958e-08
2025-08-07/IMG_9429.JPG,Small,Small,0.02801048941910267,0.9372780919075012,0.03446148335933685,0.0002498940739315003
2025-08-22/IMG_9942.JPG,Small,Very Small,0.7961623072624207,0.197550967335701,0.005957869812846184,0.0003288429870735854
2025-09-05/IMG_0913.JPG,Small,Small,0.04967080429196358,0.8733593821525574,0.076230987906456,0.0007388658705167472
2025-08-22/IMG_0210.JPG,Small,Small,0.2498600333929062,0.7425172328948975,0.006919338367879391,0.0007033535512164235
2025-09-05/IMG_1108.JPG,Small,Small,0.04731311649084091,0.9515663385391235,0.0011184252798557281,2.185311814173474e-06
2025-08-07/IMG_9188.JPG,Small,Small,0.058351024985313416,0.9094746112823486,0.031986359506845474,0.00018802580598276109
2025-09-29/IMG_1881.JPG,Small,Small,0.11913350224494934,0.857172429561615,0.02328529953956604,0.0004088843415956944
2025-09-05/IMG_1561.JPG,Small,Small,0.021995723247528076,0.6959985494613647,0.2760677635669708,0.005937924142926931
2025-08-07/IMG_9212.JPG,Very Small,Very Small,0.9968705773353577,0.0031293134670704603,1.1861266813184557e-07,7.311839578250101e-09
2025-09-05/IMG_1046.JPG,Small,Very Small,0.5102941393852234,0.46239230036735535,0.024389144033193588,0.0029243896715343
2025-09-29/IMG_1896.JPG,Medium,Medium,0.007383228279650211,0.24516336619853973,0.6789008975028992,0.06855256855487823
2025-08-22/IMG_9829.JPG,Large,Large,0.000921312253922224,0.017821088433265686,0.17206276953220367,0.8091949224472046
2025-09-29/IMG_1728.JPG,Very Small,Very Small,0.9875541925430298,0.01244449708610773,1.240974711436138e-06,5.296867655602e-08
2025-09-29/IMG_1908.JPG,Large,Large,7.522996747866273e-05,0.005659724585711956,0.04553186520934105,0.9487330913543701
2025-09-05/IMG_1277.JPG,Small,Small,0.22183668613433838,0.7551732063293457,0.021838203072547913,0.0011519512627273798
2025-08-22/IMG_9801.JPG,Medium,Medium,5.960911585134454e-05,0.02827378734946251,0.9667481184005737,0.0049185119569301605
2025-09-05/IMG_1121.JPG,Very Small,Very Small,0.851070761680603,0.14880743622779846,0.000120028096716851,1.7917984678206267e-06
2025-09-05/IMG_1094.JPG,Medium,Medium,4.624938082997687e-05,0.11946406960487366,0.880398690700531,9.095799032365903e-05
2025-08-07/IMG_9124.JPG,Small,Small,0.3345753848552704,0.6431006193161011,0.014539167284965515,0.0077848536893725395
2025-08-07/IMG_9099.JPG,Very Small,Small,0.44899982213974,0.5312325954437256,0.01909434050321579,0.0006732539623044431
2025-09-05/IMG_1204.JPG,Medium,Medium,7.882900536060333e-05,0.022194230929017067,0.9600954055786133,0.01763150282204151
2025-09-05/IMG_1265.JPG,Small,Small,0.37448927760124207,0.5948663949966431,0.02950354665517807,0.0011407694546505809
2025-09-05/IMG_1179.JPG,Small,Small,0.0017994981026276946,0.5241537690162659,0.4731918275356293,0.00085492740618065
2025-08-07/IMG_9640.JPG,Large,Large,0.0014871222665533423,0.011810927651822567,0.02970195561647415,0.9569999575614929
2025-09-05/IMG_1107.JPG,Medium,Medium,0.0002846413990482688,0.456449419260025,0.5432283282279968,3.7670546589652076e-05
2025-08-22/IMG_0153.JPG,Medium,Small,0.11612492799758911,0.7651902437210083,0.11085159331560135,0.007833242416381836
2025-08-22/IMG_0148.JPG,Small,Small,0.05083185061812401,0.7531996965408325,0.1902667135000229,0.005701708607375622
2025-09-05/IMG_1353.JPG,Very Small,Small,0.4363878667354584,0.5618300437927246,0.0017397215124219656,4.232462742947973e-05
2025-08-22/IMG_0214.JPG,Medium,Medium,0.010985119268298149,0.3968653082847595,0.5803831219673157,0.011766426265239716
2025-08-22/IMG_0287.JPG,Medium,Medium,0.004898321349173784,0.20463551580905914,0.771974503993988,0.018491659313440323
2025-09-05/IMG_1467.JPG,Small,Small,0.3960022032260895,0.6036624312400818,0.0003305570862721652,4.726513452624204e-06
2025-08-07/IMG_9639.JPG,Large,Large,0.000407731015002355,0.005333506036549807,0.0344509482383728,0.959807813167572
2025-08-07/IMG_9425.JPG,Very Small,Very Small,0.9917320013046265,0.008267393335700035,4.801257205144793e-07,6.208813374541933e-08
2025-08-22/IMG_9767.JPG,Small,Small,0.021952223032712936,0.9548689723014832,0.022876812145113945,0.0003019682189915329
2025-08-07/IMG_9553.JPG,Large,Medium,0.13767346739768982,0.376705139875412,0.4027390480041504,0.08288238197565079
2025-08-22/IMG_9936.JPG,Very Small,Very Small,0.8882438540458679,0.1104746162891388,0.0012276944471523166,5.385811164160259e-05
2025-09-05/IMG_1499.JPG,Small,Small,0.03710082918405533,0.9389657378196716,0.022557435557246208,0.0013759720604866743
2025-09-05/IMG_1019.JPG,Small,Small,0.07160641998052597,0.6266424655914307,0.28443530201911926,0.017315812408924103
2025-09-05/IMG_1270.JPG,Small,Small,0.06975442171096802,0.8968286514282227,0.032708924263715744,0.0007080003852024674
2025-08-07/IMG_9448.JPG,Very Small,Very Small,0.9916348457336426,0.008364856243133545,2.508591876448918e-07,1.76647194649604e-08
2025-08-22/IMG_9841.JPG,Small,Very Small,0.8203577995300293,0.17922817170619965,0.0003564294020179659,5.7587029004935175e-05
2025-08-07/IMG_9198.JPG,Medium,Medium,0.0032590124756097794,0.24395395815372467,0.7410807609558105,0.011706292629241943
2025-09-05/IMG_1096.JPG,Small,Small,0.018828976899385452,0.937067449092865,0.04389852657914162,0.00020507466979324818
2025-08-22/IMG_9859.JPG,Large,Large,0.009464372880756855,0.04597281292080879,0.0581374354660511,0.8864253163337708
2025-08-22/IMG_0261.JPG,Medium,Medium,8.619386062491685e-05,0.09179473668336868,0.9073498249053955,0.0007692272774875164
2025-09-29/IMG_1740.JPG,Small,Small,0.19662494957447052,0.8018513321876526,0.0015092124231159687,1.4536214621330146e-05
2025-08-22/IMG_9915.JPG,Small,Small,0.11989971250295639,0.7981027364730835,0.08052180707454681,0.0014756981981918216
2025-09-29/IMG_1692.JPG,Medium,Medium,7.5029524850833695e-06,0.038064152002334595,0.9617821574211121,0.00014620611909776926
2025-08-22/IMG_0136.JPG,Very Small,Very Small,0.9679350256919861,0.03197268396615982,7.665433804504573e-05,1.5693382010795176e-05
2025-09-05/IMG_1407.JPG,Small,Small,0.016465142369270325,0.9744200706481934,0.009106991812586784,7.805301720509306e-06
2025-09-05/IMG_1420.JPG,Small,Small,0.0037464750930666924,0.6009654998779297,0.39390435814857483,0.001383651397190988
2025-09-29/IMG_1832.JPG,Small,Small,0.048076480627059937,0.9477249383926392,0.004160474054515362,3.809151166933589e-05
2025-09-05/IMG_0845.JPG,Medium,Medium,9.269202564610168e-06,0.03307464346289635,0.9667826890945435,0.00013345276238396764
2025-09-05/IMG_0953.JPG,Small,Small,0.0014575518434867263,0.8489267826080322,0.14956776797771454,4.7828376409597695e-05
2025-08-22/IMG_0180.JPG,Small,Small,0.04168602451682091,0.920975923538208,0.03668392822146416,0.0006541449110955
2025-08-07/IMG_9133.JPG,Small,Small,0.04832702875137329,0.9150356650352478,0.03598573058843613,0.0006515873828902841
2025-09-05/IMG_0935.JPG,Small,Small,0.04740343242883682,0.9480686187744141,0.004516762215644121,1.1205360351596028e-05
2025-09-05/IMG_1438.JPG,Very Small,Very Small,0.9691473245620728,0.030848218128085136,4.42966984337545e-06,7.403719592957714e-08
2025-08-07/IMG_9219.JPG,Medium,Medium,0.0034628151915967464,0.17018544673919678,0.809731125831604,0.016620608046650887
2025-09-05/IMG_1357.JPG,Small,Small,0.08229884505271912,0.9036633372306824,0.013493523932993412,0.0005443631089292467
2025-09-05/IMG_1160.JPG,Medium,Medium,0.004059114493429661,0.172858327627182,0.8096113204956055,0.013471201062202454
2025-09-05/IMG_1535.JPG,Small,Small,0.09156286716461182,0.825573205947876,0.07990963757038116,0.0029543221462517977
2025-09-05/IMG_1289.JPG,Very Small,Small,0.40845775604248047,0.5232610106468201,0.06064796820282936,0.007633271627128124
2025-08-07/IMG_9628.JPG,Large,Large,0.000127883511595428,0.006693441420793533,0.05059145390987396,0.94258713722229
2025-08-22/IMG_9739.JPG,Small,Small,0.003990125842392445,0.5024866461753845,0.49005505442619324,0.003468174487352371
2025-09-05/IMG_1394.JPG,Medium,Medium,0.0005525273154489696,0.1342025101184845,0.861592710018158,0.003652348415926099
2025-08-07/IMG_9711.JPG,Large,Large,0.0006215343601070344,0.006855885032564402,0.045406993478536606,0.9471155405044556
2025-08-07/IMG_9168.JPG,Small,Small,0.4084364175796509,0.5867804884910583,0.00456214789301157,0.0002209075610153377
2025-09-29/IMG_1801.JPG,Very Small,Very Small,0.995415449142456,0.004584127105772495,3.133082486783678e-07,1.876047406312864e-08
2025-09-29/IMG_1717.JPG,Medium,Medium,1.6753676391090266e-05,0.0362868495285511,0.9633678197860718,0.00032852933509275317
2025-08-07/IMG_9571.JPG,Large,Large,0.0005790250143036246,0.008316542021930218,0.07148385047912598,0.9196205735206604
2025-08-22/IMG_9753.JPG,Medium,Medium,9.442550071980804e-05,0.07333959639072418,0.9260560870170593,0.000509925012011081
2025-08-07/IMG_9182.JPG,Very Small,Small,0.4141016900539398,0.430359810590744,0.12814317643642426,0.027395278215408325
2025-09-05/IMG_1430.JPG,Small,Small,0.2762603163719177,0.7154303193092346,0.0075777675956487656,0.000731614010874182
2025-09-05/IMG_1364.JPG,Medium,Medium,0.00017024407861754298,0.04319972172379494,0.9505369067192078,0.006093195639550686
2025-09-05/IMG_0852.JPG,Small,Small,0.0026521477848291397,0.9670478105545044,0.030294200405478477,5.870994755241554e-06
2025-08-22/IMG_0146.JPG,Small,Small,0.2553640902042389,0.5662773847579956,0.15842768549919128,0.019930776208639145
2025-08-22/IMG_0154.JPG,Small,Medium,0.011913968250155449,0.43738123774528503,0.5419953465461731,0.008709444664418697
2025-09-29/IMG_1680.JPG,Small,Small,0.005172185134142637,0.9115568995475769,0.08279688656330109,0.00047400302719324827
2025-09-29/IMG_1860.JPG,Very Small,Small,0.48471325635910034,0.5102238059043884,0.00499347411096096,6.944729102542624e-05
2025-09-29/IMG_1790.JPG,Small,Very Small,0.5992426872253418,0.3997001647949219,0.0010313515085726976,2.5755338356248103e-05
2025-09-29/IMG_1940.JPG,Very Small,Very Small,0.7951498031616211,0.19067494571208954,0.01237504743039608,0.001800222904421389
2025-09-05/IMG_1526.JPG,Small,Small,0.02181491069495678,0.7016703486442566,0.24533811211585999,0.03117666393518448
2025-09-29/IMG_1922.JPG,Very Small,Very Small,0.4891534447669983,0.46889790892601013,0.039038438349962234,0.002910281764343381
2025-09-05/IMG_1021.JPG,Small,Small,0.03354854881763458,0.8306434154510498,0.13048233091831207,0.005325748585164547
2025-09-05/IMG_1606.JPG,Small,Small,0.07461094856262207,0.6089317798614502,0.2920421063899994,0.024415148422122
2025-08-22/IMG_0169.JPG,Medium,Medium,0.003483567386865616,0.1806919276714325,0.8019891977310181,0.013835388235747814
2025-08-22/IMG_9983.JPG,Very Small,Very Small,0.9285358190536499,0.07079066336154938,0.0006404960295185447,3.303711855551228e-05
2025-09-05/IMG_1008.JPG,Medium,Small,0.03052087128162384,0.6184536218643188,0.3442392647266388,0.006786229554563761
2025-09-29/IMG_1822.JPG,Very Small,Very Small,0.9561626315116882,0.04381567984819412,2.1181238480494358e-05,4.877451260654198e-07
2025-08-22/IMG_9813.JPG,Medium,Medium,0.0002623853797558695,0.02168218232691288,0.8895692825317383,0.0884861871600151
2025-09-05/IMG_1389.JPG,Very Small,Very Small,0.9974374771118164,0.002562532899901271,4.730526370622101e-08,1.512358460686869e-09
2025-09-05/IMG_1178.JPG,Medium,Medium,0.00430511636659503,0.3304721415042877,0.6593141555786133,0.0059085991233587265
2025-09-05/IMG_1435.JPG,Small,Small,0.14526592195034027,0.8147437572479248,0.039494872093200684,0.0004954311880283058
2025-08-07/IMG_9515.JPG,Small,Small,0.040297169238328934,0.8140590190887451,0.14358341693878174,0.002060391241684556
2025-08-07/IMG_9259.JPG,Small,Small,0.01576789654791355,0.9541934728622437,0.02991258166730404,0.00012608848919626325
2025-09-05/IMG_1555.JPG,Very Small,Very Small,0.7068293690681458,0.28366363048553467,0.008503829129040241,0.0010031351121142507
2025-08-22/IMG_0030.JPG,Medium,Small,0.3218565881252289,0.5462622046470642,0.12408564984798431,0.007795542944222689
2025-08-07/IMG_9240.JPG,Very Small,Very Small,0.8687480092048645,0.13116207718849182,8.509850158588961e-05,4.802796865988057e-06
2025-09-05/IMG_0806.JPG,Small,Small,0.0037763186264783144,0.9724595546722412,0.023744268342852592,1.997614344873e-05
2025-09-29/IMG_1871.JPG,Small,Small,0.23433390259742737,0.6597579717636108,0.1010936051607132,0.00481451116502285
2025-08-22/IMG_9925.JPG,Very Small,Very Small,0.7410045266151428,0.24867162108421326,0.009968738071620464,0.0003551130648702383
2025-09-05/IMG_1025.JPG,Very Small,Very Small,0.6495407223701477,0.3257673680782318,0.021244611591100693,0.0034472704865038395
2025-09-05/IMG_1068.JPG,Small,Small,0.43605461716651917,0.5286240577697754,0.03148007020354271,0.003841256257146597
2025-09-05/IMG_1133.JPG,Small,Small,0.11406929790973663,0.8698004484176636,0.01590091362595558,0.00022934377193450928
2025-08-22/IMG_0226.JPG,Small,Small,0.00557008758187294,0.9504636526107788,0.04369238764047623,0.00027390962350182235
2025-08-22/IMG_0290.JPG,Medium,Medium,0.0010676219826564193,0.10309657454490662,0.8872068524360657,0.008629005402326584
2025-09-05/IMG_1557.JPG,Very Small,Small,0.1937449723482132,0.7764014005661011,0.028639771044254303,0.0012138874735683203
2025-08-22/IMG_0149.JPG,Medium,Medium,0.017233267426490784,0.3364028334617615,0.62391197681427,0.02245195023715496
2025-08-22/IMG_0117.JPG,Very Small,Very Small,0.8566693067550659,0.13722874224185944,0.005495051853358746,0.0006068634684197605
2025-09-05/IMG_0888.JPG,Small,Medium,0.001840353012084961,0.372313529253006,0.6240097284317017,0.0018363408744335175
2025-08-07/IMG_9545.JPG,Medium,Medium,0.007730410899966955,0.12637685239315033,0.6982289552688599,0.1676638275384903
2025-09-05/IMG_1187.JPG,Small,Small,0.015361725352704525,0.8231819868087769,0.16068769991397858,0.0007685880409553647
2025-09-29/IMG_1809.JPG,Medium,Medium,0.0005751494900323451,0.11190814524888992,0.8034664392471313,0.0840502381324768
2025-09-05/IMG_1134.JPG,Small,Small,0.08099881559610367,0.9134166836738586,0.0055260551162064075,5.846300700795837e-05
2025-08-22/IMG_9899.JPG,Small,Small,0.12433885037899017,0.8743672966957092,0.0012828113976866007,1.1004711268469691e-05
2025-09-05/IMG_1203.JPG,Large,Large,0.00034251867327839136,0.016546394675970078,0.38063016533851624,0.6024808883666992
2025-09-05/IMG_0975.JPG,Very Small,Small,0.06364323943853378,0.677104115486145,0.23591363430023193,0.023338964208960533
2025-09-29/IMG_1917.JPG,Very Small,Very Small,0.8328613042831421,0.16049563884735107,0.005960194393992424,0.0006828689365647733
2025-09-05/IMG_1534.JPG,Small,Small,0.15672054886817932,0.8060717582702637,0.035949353128671646,0.0012584263458848
2025-09-29/IMG_1869.JPG,Small,Small,0.16982099413871765,0.8147420883178711,0.015273193828761578,0.00016378182044718415
2025-08-22/IMG_0121.JPG,Very Small,Very Small,0.9318574666976929,0.06786388903856277,0.00023019127547740936,4.849632387049496e-05
2025-09-05/IMG_1320.JPG,Small,Small,0.36955726146698,0.5409572720527649,0.07966967672109604,0.009815791621804237
2025-09-05/IMG_1403.JPG,Very Small,Very Small,0.9757623076438904,0.02423461712896824,3.0721628263563616e-06,8.011308239019854e-08
2025-09-05/IMG_1486.JPG,Large,Large,0.0010056151077151299,0.03518059104681015,0.2641073763370514,0.699706494808197
2025-08-22/IMG_0267.JPG,Medium,Medium,0.0017082960112020373,0.28078287839889526,0.7151492834091187,0.002359535777941346
2025-08-22/IMG_0278.JPG,Small,Small,0.003871703054755926,0.8526191711425781,0.1429678499698639,0.0005412229802459478
2025-09-05/IMG_1037.JPG,Small,Small,0.08956793695688248,0.8441600799560547,0.05627946928143501,0.009992492385208607
2025-08-07/IMG_9130.JPG,Small,Small,0.18155282735824585,0.7960740327835083,0.021414194256067276,0.00095899379812181
2025-09-05/IMG_1057.JPG,Small,Small,0.2861365079879761,0.7056033611297607,0.007871401496231556,0.0003887000202666968
2025-08-07/IMG_9542.JPG,Large,Large,0.08694569021463394,0.18448475003242493,0.24130025506019592,0.4872693121433258
2025-08-07/IMG_9673.JPG,Large,Large,0.0005367922713048756,0.008716041222214699,0.0735345333814621,0.9172126054763794
2025-08-07/IMG_9674.JPG,Large,Large,0.0010404289932921529,0.011170788668096066,0.06797836720943451,0.9198103547096252
2025-08-07/IMG_9659.JPG,Large,Large,0.0009690086008049548,0.008146470412611961,0.017414972186088562,0.9734695553779602
2025-08-22/IMG_0233.JPG,Small,Small,0.010746403597295284,0.979690670967102,0.009453684091567993,0.0001093671380658634
2025-08-22/IMG_0293.JPG,Small,Small,0.2699292004108429,0.6897088885307312,0.03667011111974716,0.0036917557008564472
2025-09-05/IMG_1493.JPG,Small,Small,0.0012364850845187902,0.8399034738540649,0.15882344543933868,3.663115785457194e-05
2025-09-29/IMG_1719.JPG,Very Small,Very Small,0.9951156377792358,0.004884047899395227,1.9666350681291078e-07,9.970741565723529e-09
2025-09-05/IMG_1255.JPG,Small,Small,0.06396549195051193,0.859626293182373,0.07595527917146683,0.00045289270929060876
2025-08-22/IMG_9881.JPG,Very Small,Very Small,0.6512237191200256,0.3474664092063904,0.0012414178345352411,6.850260979263112e-05
2025-09-05/IMG_1388.JPG,Small,Small,0.072447769343853,0.9213058948516846,0.006167521700263023,7.880901830503717e-05
2025-08-22/IMG_9861.JPG,Small,Medium,0.001975871389731765,0.4601237177848816,0.5364422798156738,0.0014580419519916177
2025-08-07/IMG_9125.JPG,Small,Small,0.07663924992084503,0.8522067070007324,0.0625002533197403,0.008653813973069191
2025-09-05/IMG_1476.JPG,Small,Small,0.017037322744727135,0.9041116237640381,0.07798320055007935,0.0008678808226250112
2025-09-05/IMG_1497.JPG,Small,Small,0.008550656028091908,0.973965048789978,0.017374025657773018,0.0001103282775147818
2025-09-05/IMG_1228.JPG,Small,Small,0.030696270987391472,0.9521653056144714,0.01702702045440674,0.00011134997475892305
2025-09-29/IMG_1843.JPG,Small,Small,0.017811540514230728,0.9697030186653137,0.012438278645277023,4.719055141322315e-05
2025-08-07/IMG_9559.JPG,Small,Small,0.17874111235141754,0.6821990609169006,0.11103489249944687,0.02802497334778309
2025-08-07/IMG_9200.JPG,Small,Medium,0.001147909788414836,0.26761355996131897,0.729601263999939,0.0016372774261981249
2025-08-07/IMG_9231.JPG,Small,Small,0.0999857634305954,0.8711418509483337,0.028330905362963676,0.0005414641927927732
2025-08-07/IMG_9490.JPG,Medium,Medium,1.6886648154468276e-05,0.015060978941619396,0.9817677140235901,0.0031545283272862434
2025-09-05/IMG_1502.JPG,Small,Small,0.0009648345876485109,0.6061016321182251,0.3924563527107239,0.00047716268454678357
2025-08-22/IMG_0044.JPG,Very Small,Very Small,0.8043551445007324,0.18929944932460785,0.005994579754769802,0.00035087147261947393
2025-09-05/IMG_0949.JPG,Small,Small,0.002633278025314212,0.531308650970459,0.464000403881073,0.0020576685201376677
2025-09-05/IMG_1226.JPG,Small,Small,0.003504422027617693,0.9389694929122925,0.05748837813735008,3.767980160773732e-05
2025-08-22/IMG_9800.JPG,Small,Small,0.008717636577785015,0.9752928614616394,0.01595495268702507,3.4569202398415655e-05
2025-09-29/IMG_1708.JPG,Small,Small,0.0012142081977799535,0.9896640181541443,0.00912119448184967,6.208444460753526e-07
2025-09-05/IMG_1165.JPG,Medium,Medium,0.0039768884889781475,0.1429140418767929,0.8117967844009399,0.04131225869059563
2025-08-07/IMG_9699.JPG,Medium,Medium,6.563992064911872e-05,0.020133141428232193,0.9305145144462585,0.04928664490580559
2025-08-07/IMG_9603.JPG,Medium,Medium,0.0005326438113115728,0.10019756108522415,0.8967021107673645,0.002567616058513522
2025-08-22/IMG_0157.JPG,Medium,Medium,0.01541993860155344,0.26125550270080566,0.6906128525733948,0.03271171450614929
2025-09-05/IMG_1279.JPG,Very Small,Very Small,0.634774923324585,0.23498620092868805,0.08633372187614441,0.04390518739819527
2025-09-05/IMG_1184.JPG,Very Small,Very Small,0.9141183495521545,0.08555611968040466,0.000309035531245172,1.6470792616019025e-05
2025-08-22/IMG_9984.JPG,Very Small,Very Small,0.7397342920303345,0.25645583868026733,0.0035812684800475836,0.00022864413040224463
2025-09-29/IMG_1811.JPG,Medium,Medium,4.0416874981019646e-05,0.0633058026432991,0.9359070658683777,0.0007467598770745099
2025-08-22/IMG_9810.JPG,Large,Large,0.00022004812490195036,0.003538060700520873,0.05690858140587807,0.9393333196640015
2025-09-05/IMG_1122.JPG,Very Small,Very Small,0.9974325299263,0.0025673084892332554,1.3722694802709157e-07,1.1448406667113886e-08
2025-08-22/IMG_0292.JPG,Medium,Medium,0.003285865532234311,0.14813755452632904,0.8326275944709778,0.015948953106999397
2025-08-07/IMG_9159.JPG,Small,Small,0.42538031935691833,0.4840559959411621,0.07415235042572021,0.016411349177360535
2025-08-22/IMG_9876.JPG,Medium,Medium,0.0006256160559132695,0.22462980449199677,0.7729635238647461,0.0017810555873438716
2025-08-07/IMG_9151.JPG,Very Small,Very Small,0.5754481554031372,0.41698578000068665,0.006539489142596722,0.0010265229502692819
2025-09-05/IMG_0906.JPG,Very Small,Very Small,0.9884612560272217,0.011536621488630772,1.9618546502897516e-06,9.759101260442549e-08
2025-08-22/IMG_0092.JPG,Small,Small,0.35959866642951965,0.5901089906692505,0.048874031752347946,0.0014183091698214412
2025-09-05/IMG_1287.JPG,Very Small,Very Small,0.5770536661148071,0.3726082742214203,0.0447160005569458,0.0056221033446490765
2025-08-07/IMG_9638.JPG,Large,Large,0.00017775293963495642,0.0024099554866552353,0.020036226138472557,0.9773761034011841
2025-09-29/IMG_1875.JPG,Small,Small,0.12326279282569885,0.8450409173965454,0.031268537044525146,0.0004277423722669482
2025-09-05/IMG_0979.JPG,Medium,Medium,0.010093733668327332,0.4182948172092438,0.5639405846595764,0.0076708667911589146
2025-09-29/IMG_1823.JPG,Medium,Medium,0.0008846215205267072,0.4048144519329071,0.5924965143203735,0.0018044273601844907
2025-08-07/IMG_9150.JPG,Very Small,Very Small,0.9443473219871521,0.054727520793676376,0.0007774009718559682,0.0001477139157941565
2025-09-05/IMG_1595.JPG,Small,Small,0.4291984438896179,0.542791485786438,0.02657993510365486,0.001430136733688414
2025-09-05/IMG_0801.JPG,Small,Small,0.005203159525990486,0.9699132442474365,0.024874599650502205,9.005581887322478e-06
2025-08-22/IMG_9873.JPG,Medium,Medium,0.0003847767657134682,0.05497773364186287,0.9253403544425964,0.01929721236228943
2025-09-05/IMG_1006.JPG,Very Small,Very Small,0.7193437218666077,0.2694340646266937,0.009370189160108566,0.001852035871706903
2025-08-22/IMG_0102.JPG,Very Small,Small,0.45457813143730164,0.5063971877098083,0.03449268266558647,0.004532032646238804
2025-09-05/IMG_0854.JPG,Small,Small,0.01946522668004036,0.944233238697052,0.036175429821014404,0.00012608272663783282
2025-09-05/IMG_1169.JPG,Very Small,Very Small,0.9593462347984314,0.04059195891022682,5.755481106461957e-05,4.323544544604374e-06
2025-09-05/IMG_1608.JPG,Small,Small,0.2501467168331146,0.5366883277893066,0.10624239593744278,0.10692263394594193
2025-09-05/IMG_1093.JPG,Medium,Medium,4.3024490878451616e-05,0.08608822524547577,0.9137588739395142,0.00010990398732246831
2025-08-07/IMG_9445.JPG,Small,Small,0.0016787693602964282,0.650340735912323,0.34739983081817627,0.0005806910339742899
2025-08-07/IMG_9420.JPG,Small,Small,0.042650945484638214,0.8942111134529114,0.06158895790576935,0.0015490069054067135
2025-09-29/IMG_1919.JPG,Very Small,Very Small,0.9097045063972473,0.0867346003651619,0.00305184512399137,0.0005090193590149283
2025-08-07/IMG_9655.JPG,Large,Large,0.00016686807794030756,0.0030361127573996782,0.02962009236216545,0.9671769142150879
2025-08-07/IMG_9109.JPG,Small,Small,0.05933864042162895,0.7312332391738892,0.2050805538892746,0.004347590729594231
2025-09-05/IMG_1523.JPG,Very Small,Very Small,0.6754372119903564,0.31148239970207214,0.011917844414710999,0.0011624974431470037
2025-09-05/IMG_0945.JPG,Medium,Medium,0.0012726273853331804,0.26607465744018555,0.7251084446907043,0.007544228341430426
2025-09-05/IMG_1083.JPG,Small,Small,0.3817077875137329,0.6180931329727173,0.0001978426007553935,1.2498534260885208e-06
2025-09-05/IMG_0901.JPG,Medium,Medium,0.001407950185239315,0.2175518423318863,0.7764025330543518,0.004637654405087233
2025-09-05/IMG_0809.JPG,Very Small,Very Small,0.9796310663223267,0.020368389785289764,6.089351813898247e-07,8.289807063022181e-09
2025-09-05/IMG_0830.JPG,Small,Small,0.002784651005640626,0.9725303053855896,0.02467103861272335,1.4038097106094938e-05
2025-09-05/IMG_0956.JPG,Small,Small,0.0618567131459713,0.909028947353363,0.02878592535853386,0.00032848824048414826
2025-09-05/IMG_1154.JPG,Very Small,Very Small,0.5477352738380432,0.4317726194858551,0.018927674740552902,0.0015644171508029103
2025-08-22/IMG_9778.JPG,Small,Small,0.3547786474227905,0.6442252397537231,0.0009764236747287214,1.9709124899236485e-05
2025-08-07/IMG_9411.JPG,Small,Small,0.3142724633216858,0.6847649216651917,0.0009343893616460264,2.8227863367646933e-05
2025-08-07/IMG_9094.JPG,Small,Small,0.42935648560523987,0.5626910328865051,0.007897399365901947,5.513814539881423e-05
2025-09-05/IMG_1442.JPG,Very Small,Very Small,0.9555822014808655,0.044401757419109344,1.5702855307608843e-05,3.0693226449329813e-07
2025-09-29/IMG_1781.JPG,Small,Small,0.009506721049547195,0.8677297234535217,0.12237083911895752,0.0003926885547116399
2025-09-05/IMG_1366.JPG,Very Small,Very Small,0.9865729808807373,0.013423834927380085,3.031231017303071e-06,1.1703562563525338e-07
2025-09-29/IMG_1797.JPG,Small,Small,0.003181870561093092,0.9071786999702454,0.08950608223676682,0.00013330046203918755
2025-09-05/IMG_0834.JPG,Medium,Medium,0.0006289199227467179,0.06057912856340408,0.9243630170822144,0.014429012313485146
2025-09-05/IMG_1140.JPG,Medium,Medium,1.3363734979066066e-05,0.018613435328006744,0.980350911617279,0.0010222862474620342
2025-09-29/IMG_1684.JPG,Medium,Medium,1.8625433995111962e-06,0.05640759319067001,0.943580687046051,9.816903911996633e-06
2025-09-05/IMG_0900.JPG,Very Small,Very Small,0.9651548862457275,0.034828510135412216,1.5697885828558356e-05,9.33722844820295e-07
2025-09-05/IMG_1099.JPG,Small,Small,0.0064658476039767265,0.9758289456367493,0.017697079107165337,8.195978807634674e-06
2025-09-29/IMG_1901.JPG,Small,Small,0.044023510068655014,0.729285478591919,0.2056671380996704,0.0210238266736269
2025-09-05/IMG_1199.JPG,Very Small,Very Small,0.9844025373458862,0.015591767616569996,5.394901108957129e-06,2.4695120259821124e-07
2025-08-07/IMG_9408.JPG,Small,Small,0.10189786553382874,0.8885191679000854,0.009493579156696796,8.941693522501737e-05
2025-08-22/IMG_0090.JPG,Small,Small,0.1914239525794983,0.6317757964134216,0.164681538939476,0.01211871113628149
2025-08-22/IMG_9738.JPG,Medium,Small,0.016295721754431725,0.545306384563446,0.3620041608810425,0.07639369368553162
2025-09-05/IMG_1222.JPG,Small,Medium,0.005706208758056164,0.3716195225715637,0.6155064105987549,0.007167821750044823
2025-08-22/IMG_0091.JPG,Very Small,Very Small,0.6876758337020874,0.29749423265457153,0.014015814289450645,0.0008141215657815337
2025-08-07/IMG_9192.JPG,Small,Small,0.04378889128565788,0.9307926893234253,0.02525780349969864,0.000160694369697012
2025-09-05/IMG_1524.JPG,Small,Small,0.2525143623352051,0.728512167930603,0.018439417704939842,0.0005340101779438555
2025-08-07/IMG_9187.JPG,Small,Small,0.2558150589466095,0.7428810000419617,0.0012932396493852139,1.0715531971072778e-05
2025-08-07/IMG_9467.JPG,Medium,Medium,0.0004388837260194123,0.03185040131211281,0.9077528119087219,0.05995786935091019
2025-08-07/IMG_9194.JPG,Small,Small,0.03008355014026165,0.9515339136123657,0.01835276372730732,2.9737901058979332e-05
2025-09-05/IMG_1060.JPG,Very Small,Very Small,0.9200097918510437,0.07822316884994507,0.0014781320933252573,0.0002888779272325337
2025-08-22/IMG_9776.JPG,Small,Small,0.0885610282421112,0.9092376828193665,0.002192847430706024,8.45711474539712e-06
2025-08-22/IMG_0047.JPG,Very Small,Very Small,0.9093248248100281,0.0884999930858612,0.0018836499657481909,0.000291500793537125
2025-09-05/IMG_0931.JPG,Medium,Medium,0.00013082765508443117,0.029384765774011612,0.8267329335212708,0.14375151693820953
2025-08-22/IMG_0225.JPG,Very Small,Very Small,0.9976067543029785,0.002393272239714861,4.2296001367958524e-08,5.238569578125407e-09
2025-09-05/IMG_1263.JPG,Small,Small,0.21378153562545776,0.7479231357574463,0.03762957081198692,0.00066578877158463
2025-08-07/IMG_9690.JPG,Large,Large,0.00022135440667625517,0.01196320354938507,0.4152490198612213,0.5725664496421814
2025-09-29/IMG_1946.JPG,Very Small,Very Small,0.6761465072631836,0.3048269748687744,0.017280826345086098,0.0017457397188991308
2025-08-07/IMG_9106.JPG,Very Small,Very Small,0.5912541747093201,0.3899087905883789,0.016053639352321625,0.00278346030972898
2025-08-22/IMG_9774.JPG,Medium,Medium,5.612099266727455e-05,0.03895433619618416,0.9596946239471436,0.001294853980652988
2025-08-07/IMG_9575.JPG,Large,Large,0.0034403824247419834,0.018845858052372932,0.10470567643642426,0.8730080723762512
2025-09-05/IMG_1146.JPG,Very Small,Very Small,0.9496011734008789,0.050352465361356735,4.496275505516678e-05,1.3952122799310018e-06
2025-09-05/IMG_1278.JPG,Very Small,Very Small,0.7826524376869202,0.19909736514091492,0.014175355434417725,0.004074866883456707
2025-09-05/IMG_1589.JPG,Very Small,Small,0.12688152492046356,0.6677746176719666,0.15813669562339783,0.047207191586494446
2025-09-05/IMG_1205.JPG,Medium,Medium,6.840668356744573e-05,0.022880157455801964,0.9381043910980225,0.03894701600074768
2025-09-29/IMG_1899.JPG,Medium,Small,0.019990649074316025,0.5097337961196899,0.4557556211948395,0.014519940130412579
2025-08-22/IMG_9752.JPG,Medium,Medium,3.0945844628149644e-05,0.017252737656235695,0.9797388315200806,0.002977516734972596
2025-09-05/IMG_1123.JPG,Very Small,Very Small,0.9956790804862976,0.004320740699768066,1.8714479210757418e-07,5.477807984988203e-09
2025-08-07/IMG_9136.JPG,Very Small,Very Small,0.6644353270530701,0.3250228464603424,0.010069002397358418,0.00047277039266191423
2025-09-05/IMG_1376.JPG,Medium,Medium,0.00013861247862223536,0.026821410283446312,0.9577839374542236,0.01525602862238884
2025-08-07/IMG_9139.JPG,Small,Very Small,0.6817187070846558,0.3021746873855591,0.014089738018810749,0.0020168886985629797
2025-09-05/IMG_1572.JPG,Medium,Medium,0.022426439449191093,0.43455880880355835,0.467428058385849,0.07558675110340118
2025-08-07/IMG_9695.JPG,Small,Small,0.022094368934631348,0.9681282043457031,0.00948922149837017,0.00028812253731302917
2025-08-07/IMG_9202.JPG,Small,Small,0.004105846397578716,0.7090601325035095,0.28607431054115295,0.0007597526418976486
2025-09-29/IMG_1782.JPG,Small,Small,0.0021256469190120697,0.7272440791130066,0.27033618092536926,0.00029402939253486693
2025-08-22/IMG_9999.JPG,Very Small,Very Small,0.8522264361381531,0.1469172239303589,0.0008409632137045264,1.5335297575802542e-05
2025-09-05/IMG_1454.JPG,Small,Small,0.11623740196228027,0.8698588013648987,0.013764274306595325,0.00013942946679890156
2025-09-29/IMG_1713.JPG,Medium,Medium,0.0005540892598219216,0.28477180004119873,0.7137941718101501,0.000879951985552907
2025-09-05/IMG_1488.JPG,Medium,Medium,6.197430047905073e-05,0.02295478619635105,0.9607642889022827,0.016218967735767365
2025-09-05/IMG_1460.JPG,Small,Small,0.023381860926747322,0.9601283669471741,0.01644287258386612,4.691955473390408e-05
2025-08-07/IMG_9656.JPG,Large,Large,0.000332496507326141,0.0042748404666781425,0.020954979583621025,0.9744375944137573
2025-08-22/IMG_0020.JPG,Small,Small,0.13064368069171906,0.7146052718162537,0.15073895454406738,0.00401205662637949
2025-09-05/IMG_1091.JPG,Very Small,Very Small,0.9962776303291321,0.003722254652529955,1.3258778608360444e-07,3.1090114926968226e-09
2025-09-05/IMG_1409.JPG,Small,Small,0.02210141159594059,0.9618533849716187,0.016031797975301743,1.3428841157292482e-05
2025-08-22/IMG_0045.JPG,Small,Small,0.2849167585372925,0.663888692855835,0.047715701162815094,0.003478897735476494
2025-08-22/IMG_9965.JPG,Small,Small,0.2309754341840744,0.7562049031257629,0.012669628486037254,0.00015012647781986743
2025-09-05/IMG_1462.JPG,Small,Small,0.047416895627975464,0.9373149275779724,0.01488626841455698,0.0003819181874860078
2025-08-22/IMG_0189.JPG,Small,Small,0.06268303841352463,0.8813660144805908,0.054570768028497696,0.0013802070170640945
2025-08-07/IMG_9245.JPG,Medium,Medium,0.00010000324982684106,0.0737493559718132,0.924268901348114,0.0018817618256434798
2025-09-05/IMG_1361.JPG,Very Small,Very Small,0.650035560131073,0.34987083077430725,9.323253470938653e-05,4.0006980839280004e-07
2025-09-05/IMG_1013.JPG,Very Small,Very Small,0.5071244835853577,0.4457376003265381,0.04029705375432968,0.006840893998742104
2025-08-07/IMG_9691.JPG,Medium,Medium,0.0016627992736175656,0.10744395107030869,0.8673055768013,0.02358761429786682
2025-08-22/IMG_9844.JPG,Large,Large,0.0032241421286016703,0.02290123887360096,0.049564700573682785,0.9243099093437195
2025-09-05/IMG_1437.JPG,Very Small,Very Small,0.9787209033966064,0.021276095882058144,2.9071250082779443e-06,4.5346570942683684e-08
2025-08-07/IMG_9581.JPG,Medium,Medium,0.004334530793130398,0.08047201484441757,0.5433490872383118,0.3718443810939789
2025-08-22/IMG_9906.JPG,Small,Small,0.1810217648744583,0.818139374256134,0.0008242458570748568,1.4596284017898142e-05
2025-09-05/IMG_1253.JPG,Small,Small,0.07894077897071838,0.6744848489761353,0.2396976500749588,0.0068767438642680645
2025-09-05/IMG_1080.JPG,Medium,Medium,0.00013665828737430274,0.023226503282785416,0.9422702193260193,0.03436656668782234
2025-09-05/IMG_1055.JPG,Very Small,Very Small,0.6529361009597778,0.34054943919181824,0.006126715801656246,0.0003877402632497251
2025-09-29/IMG_1716.JPG,Very Small,Small,0.23739942908287048,0.7623544335365295,0.0002457701484672725,3.7023733057139907e-07
2025-09-29/IMG_1711.JPG,Very Small,Very Small,0.9962461590766907,0.0037536313757300377,1.393372031088802e-07,1.4646366786053022e-08
2025-09-29/IMG_1925.JPG,Small,Very Small,0.5678014159202576,0.38090527057647705,0.046946633607149124,0.0043466840870678425
2025-08-22/IMG_9744.JPG,Small,Small,0.01074262335896492,0.848450243473053,0.1385497748851776,0.0022573017049580812
2025-09-05/IMG_1577.JPG,Very Small,Very Small,0.5142177939414978,0.46613237261772156,0.018216315656900406,0.0014335341984406114
2025-08-07/IMG_9450.JPG,Small,Small,0.03143417090177536,0.9572573304176331,0.0111996503546834,0.00010889111581491306
2025-09-05/IMG_1144.JPG,Medium,Medium,1.5595827790093608e-05,0.03253338485956192,0.9672470688819885,0.00020393695740494877
2025-08-07/IMG_9675.JPG,Large,Large,0.000987459672614932,0.009509388357400894,0.03539397567510605,0.9541091918945312
2025-08-22/IMG_0115.JPG,Very Small,Very Small,0.5560800433158875,0.43178850412368774,0.011816779151558876,0.00031466575455851853
2025-08-22/IMG_9939.JPG,Small,Very Small,0.7588778138160706,0.22814232110977173,0.012106286361813545,0.0008736237068660557
2025-08-07/IMG_9432.JPG,Small,Small,0.05913165956735611,0.9300656318664551,0.010720615275204182,8.206610073102638e-05
2025-08-22/IMG_0156.JPG,Medium,Medium,0.004570383112877607,0.24399572610855103,0.7412793040275574,0.010154605843126774
2025-08-22/IMG_9929.JPG,Very Small,Very Small,0.9155539274215698,0.083463154733181,0.0009591769776307046,2.37958684010664e-05
2025-08-07/IMG_9694.JPG,Medium,Medium,0.0001144731868407689,0.014867478981614113,0.9363939166069031,0.04862415790557861
2025-08-07/IMG_9683.JPG,Large,Large,0.0023992841597646475,0.01056269183754921,0.033858731389045715,0.9531791806221008
2025-08-07/IMG_9609.JPG,Large,Large,0.0012309630401432514,0.007766649592667818,0.02040805295109749,0.9705943465232849
2025-09-05/IMG_1012.JPG,Small,Small,0.08975306898355484,0.8545818328857422,0.05476587638258934,0.0008991318172775209
2025-08-07/IMG_9204.JPG,Very Small,Very Small,0.9994300007820129,0.0005699621979147196,2.556009848220242e-09,1.1348191136795194e-10
2025-08-22/IMG_9973.JPG,Very Small,Very Small,0.6839871406555176,0.3112168312072754,0.004603077657520771,0.00019297296239528805
2025-09-05/IMG_1419.JPG,Small,Small,0.0016906429082155228,0.6739902496337891,0.32418739795684814,0.00013174231571611017
2025-09-05/IMG_0872.JPG,Small,Small,0.0035946746356785297,0.9390845894813538,0.05727521330118179,4.5495908125303686e-05
2025-08-07/IMG_9433.JPG,Small,Small,0.1262485533952713,0.7909085154533386,0.07920368760824203,0.0036392733454704285
2025-09-05/IMG_0840.JPG,Very Small,Very Small,0.9979591369628906,0.0020408739801496267,3.1223731156160284e-08,1.6873253905203e-09
2025-09-05/IMG_0954.JPG,Small,Small,0.006649576127529144,0.9580683708190918,0.03524035960435867,4.174006244284101e-05
2025-09-05/IMG_1298.JPG,Very Small,Very Small,0.8850818872451782,0.11319451779127121,0.001616755616851151,0.00010690387716749683
2025-08-22/IMG_0074.JPG,Very Small,Very Small,0.9333873391151428,0.06515136361122131,0.0013954966561868787,6.574118015123531e-05
2025-08-22/IMG_0036.JPG,Small,Small,0.3037703335285187,0.673904538154602,0.022021520882844925,0.000303628301480785
2025-08-07/IMG_9584.JPG,Medium,Medium,0.0021114114206284285,0.09748799353837967,0.8242229223251343,0.0761776864528656
2025-08-22/IMG_0235.JPG,Very Small,Small,0.2699187099933624,0.7289746403694153,0.0010625768918544054,4.406249718158506e-05
2025-09-05/IMG_0832.JPG,Very Small,Very Small,0.9991880059242249,0.0008120288257487118,1.9108863380523644e-09,1.1620741868778595e-10
2025-09-29/IMG_1697.JPG,Medium,Medium,7.5866596489504445e-06,0.071101114153862,0.9288614392280579,2.9764987630187534e-05
2025-09-05/IMG_1044.JPG,Small,Small,0.16254708170890808,0.7723052501678467,0.06356466561555862,0.0015829779440537095
2025-09-05/IMG_1540.JPG,Very Small,Very Small,0.8473952412605286,0.14877188205718994,0.003597804345190525,0.0002349786664126441
2025-09-29/IMG_1862.JPG,Small,Small,0.1596735417842865,0.7764988541603088,0.06149882450699806,0.002328807720914483
2025-08-07/IMG_9403.JPG,Small,Small,0.03213205933570862,0.9378514885902405,0.029414307326078415,0.000602156447712332
2025-08-22/IMG_0279.JPG,Medium,Medium,9.915188275044784e-05,0.06497114896774292,0.933991551399231,0.0009380866540595889
2025-08-22/IMG_9950.JPG,Small,Small,0.24737314879894257,0.6997377276420593,0.051725514233112335,0.001163565437309444
2025-09-05/IMG_1294.JPG,Small,Small,0.08734747767448425,0.8302714228630066,0.07874942570924759,0.0036317540798336267
2025-09-29/IMG_1883.JPG,Small,Small,0.05190878361463547,0.9044212102890015,0.04298432543873787,0.0006856987020000815
2025-09-05/IMG_1239.JPG,Small,Small,0.005397110711783171,0.9110254049301147,0.08342936635017395,0.00014812804874964058
2025-09-05/IMG_1489.JPG,Medium,Medium,0.0003200976934749633,0.04511666297912598,0.9179800152778625,0.03658324107527733
2025-08-22/IMG_0199.JPG,Small,Very Small,0.6116822361946106,0.38714277744293213,0.0011196242412552238,5.527563553187065e-05
2025-08-07/IMG_9155.JPG,Small,Small,0.03401165083050728,0.5154072642326355,0.3543844521045685,0.09619659930467606
2025-09-29/IMG_1794.JPG,Very Small,Very Small,0.9011340141296387,0.09873584657907486,0.00012583158968482167,4.330907813709928e-06
2025-09-05/IMG_1188.JPG,Very Small,Very Small,0.9151867032051086,0.08425743877887726,0.0004819777677766979,7.380816532531753e-05
2025-09-29/IMG_1807.JPG,Very Small,Very Small,0.9914549589157104,0.008544339798390865,7.330202151933918e-07,3.991091546140524e-08
2025-09-05/IMG_1333.JPG,Small,Very Small,0.715772807598114,0.2691027522087097,0.013301392085850239,0.0018230883870273829
2025-08-22/IMG_9979.JPG,Very Small,Very Small,0.6437605619430542,0.31195876002311707,0.0335068516433239,0.010773816145956516
2025-08-07/IMG_9700.JPG,Large,Medium,0.0005361533840186894,0.02247900702059269,0.5557815432548523,0.4212033450603485
2025-08-07/IMG_9615.JPG,Large,Large,9.611575660528615e-05,0.011657358147203922,0.10402195155620575,0.884224534034729
2025-09-05/IMG_1516.JPG,Very Small,Small,0.3933405876159668,0.5845067501068115,0.019577037543058395,0.0025756340473890305
2025-09-05/IMG_0968.JPG,Medium,Medium,0.00021570987883023918,0.16251090168952942,0.8353024125099182,0.0019710015039891005
2025-09-05/IMG_0970.JPG,Small,Small,0.046382296830415726,0.8930204510688782,0.05783332139253616,0.002763950964435935
2025-08-22/IMG_0029.JPG,Small,Small,0.06698418408632278,0.6664600968360901,0.26015421748161316,0.006401476915925741
2025-08-22/IMG_0217.JPG,Small,Small,0.01050033513456583,0.9309685826301575,0.058099839836359024,0.0004313063691370189
2025-08-22/IMG_0176.JPG,Very Small,Very Small,0.9807108044624329,0.019272973760962486,1.4180312064127065e-05,2.0872359982604394e-06
2025-09-05/IMG_1106.JPG,Very Small,Very Small,0.8853723406791687,0.1146191731095314,8.46960574563127e-06,4.26212878323895e-08
2025-09-05/IMG_1322.JPG,Very Small,Very Small,0.9417704343795776,0.05723718926310539,0.00090766791254282,8.47285773488693e-05
2025-08-07/IMG_9446.JPG,Medium,Medium,0.0004610324976965785,0.36722666025161743,0.6320517659187317,0.00026053813053295016
2025-09-05/IMG_1600.JPG,Small,Small,0.24276280403137207,0.6847796440124512,0.06984749436378479,0.0026099923998117447
2025-08-07/IMG_9167.JPG,Very Small,Small,0.208914652466774,0.7265651822090149,0.062485843896865845,0.0020342599600553513
2025-09-05/IMG_1463.JPG,Small,Small,0.05231480672955513,0.9435347318649292,0.004048760049045086,0.00010171711619477719
2025-08-22/IMG_0168.JPG,Medium,Small,0.00735638989135623,0.5179693698883057,0.47112545371055603,0.003548773704096675
2025-09-05/IMG_1363.JPG,Medium,Medium,4.824588540941477e-05,0.02840580977499485,0.9687771201133728,0.0027687663678079844
2025-08-07/IMG_9509.JPG,Small,Small,0.07827939838171005,0.8284550905227661,0.08930729329586029,0.003958195447921753
2025-08-22/IMG_9918.JPG,Very Small,Very Small,0.8998730182647705,0.09942051023244858,0.000690957996994257,1.5584966604365036e-05
2025-09-29/IMG_1800.JPG,Very Small,Very Small,0.9954987168312073,0.004501087591052055,1.7051499412445992e-07,4.231816674860056e-09
2025-09-05/IMG_1466.JPG,Very Small,Very Small,0.9462060928344727,0.05378275737166405,1.0493215086171404e-05,6.430644816646236e-07
2025-09-05/IMG_1408.JPG,Medium,Medium,0.0001067121047526598,0.03892795369029045,0.9546392560005188,0.006325993221253157
2025-09-29/IMG_1900.JPG,Medium,Medium,0.006356570404022932,0.2941054403781891,0.5762515068054199,0.12328647822141647
2025-08-22/IMG_9948.JPG,Very Small,Very Small,0.8123778700828552,0.18477295339107513,0.0027127477806061506,0.00013643720012623817
2025-08-22/IMG_9764.JPG,Medium,Medium,0.0002052310446742922,0.1795174926519394,0.8196104168891907,0.0006667787092737854
2025-08-07/IMG_9107.JPG,Small,Small,0.06327472627162933,0.9006996750831604,0.0355963297188282,0.0004292891244404018
2025-08-22/IMG_9969.JPG,Small,Small,0.4226202964782715,0.565345048904419,0.01191710215061903,0.00011755437299143523
2025-08-07/IMG_9191.JPG,Small,Very Small,0.8395935297012329,0.1603633463382721,4.250204801792279e-05,6.015204689902021e-07
2025-08-22/IMG_0291.JPG,Small,Small,0.02803831733763218,0.8821191191673279,0.08674833178520203,0.0030942028388381004
2025-09-29/IMG_1722.JPG,Very Small,Very Small,0.987263023853302,0.012735605239868164,1.2516442211563117e-06,4.306498979644857e-08
2025-08-07/IMG_9466.JPG,Very Small,Very Small,0.999940037727356,5.994740786263719e-05,6.610197198636536e-12,3.5421654758643895e-13
2025-09-29/IMG_1912.JPG,Small,Very Small,0.7322027087211609,0.2590460479259491,0.008384288288652897,0.0003668961289804429
2025-08-07/IMG_9561.JPG,Medium,Medium,0.009594726376235485,0.26875877380371094,0.6639443039894104,0.057702142745256424
2025-09-05/IMG_0952.JPG,Small,Small,0.07383664697408676,0.919096827507019,0.007010862696915865,5.568700362346135e-05
2025-08-07/IMG_9590.JPG,Medium,Medium,0.017488835379481316,0.24156147241592407,0.6228439807891846,0.11810566484928131
2025-08-07/IMG_9249.JPG,Medium,Medium,0.0011995899258181453,0.36558473110198975,0.6311308741569519,0.0020847907289862633
2025-08-22/IMG_0028.JPG,Small,Small,0.12623357772827148,0.8347733616828918,0.038615237921476364,0.00037789190537296236
2025-09-05/IMG_1220.JPG,Medium,Medium,0.00014224124606698751,0.09912437200546265,0.8997193574905396,0.0010140150552615523
2025-08-22/IMG_0193.JPG,Small,Small,0.11741062998771667,0.8736475110054016,0.008778441697359085,0.000163430959219113
2025-08-07/IMG_9412.JPG,Small,Small,0.0017825564136728644,0.6091621518135071,0.388695627450943,0.00035970768658444285
2025-09-05/IMG_0804.JPG,Medium,Medium,0.0003849086642730981,0.05120548605918884,0.9369539022445679,0.011455710977315903
2025-08-07/IMG_9534.JPG,Large,Large,0.012928650714457035,0.12926074862480164,0.08164828270673752,0.776162326335907
2025-09-29/IMG_1804.JPG,Very Small,Very Small,0.9962614178657532,0.003738255938515067,2.749974612470396e-07,2.3946427063492592e-08
2025-09-05/IMG_1078.JPG,Small,Small,0.006327266339212656,0.945321798324585,0.048318445682525635,3.242228922317736e-05
2025-08-07/IMG_9543.JPG,Small,Large,0.058346107602119446,0.35584136843681335,0.21720023453235626,0.36861225962638855
2025-09-05/IMG_0914.JPG,Small,Small,0.08854243159294128,0.9046730399131775,0.006755176465958357,2.9286409699125215e-05
2025-09-29/IMG_1906.JPG,Large,Large,0.009443013928830624,0.06881140172481537,0.1263493448495865,0.7953962087631226
2025-08-22/IMG_9750.JPG,Medium,Medium,0.0008370457799173892,0.11213741451501846,0.8843179941177368,0.0027075514663010836
2025-08-22/IMG_9921.JPG,Very Small,Very Small,0.7941176891326904,0.20243462920188904,0.003326298901811242,0.00012138098827563226
2025-09-05/IMG_1425.JPG,Small,Small,0.006028094794601202,0.841719925403595,0.152012437582016,0.00023953318304847926
2025-09-05/IMG_1221.JPG,Small,Small,0.21294382214546204,0.7339702248573303,0.050903357565402985,0.002182604977861047
2025-09-05/IMG_0869.JPG,Very Small,Very Small,0.9981651902198792,0.001834874739870429,2.6418298659791617e-08,2.2647974606826438e-09
2025-09-29/IMG_1799.JPG,Small,Small,0.327658474445343,0.6713643670082092,0.0009648865088820457,1.2239588613738306e-05
2025-09-29/IMG_1825.JPG,Small,Small,0.012067397125065327,0.9524908661842346,0.03537778556346893,6.39131831121631e-05
2025-09-05/IMG_0889.JPG,Medium,Medium,0.0018310622544959188,0.2608705461025238,0.7341417074203491,0.003156751161441207
2025-09-29/IMG_1918.JPG,Very Small,Very Small,0.8044534921646118,0.1796514242887497,0.01265886053442955,0.0032361664343625307
2025-08-22/IMG_9880.JPG,Small,Small,0.007279582321643829,0.9637031555175781,0.028867501765489578,0.00014979141997173429
2025-08-22/IMG_9755.JPG,Small,Small,0.00845023151487112,0.7827109694480896,0.20833124220371246,0.0005074847722426057
2025-09-05/IMG_0857.JPG,Very Small,Very Small,0.9950466156005859,0.004953216295689344,1.4565816286449262e-07,1.6123248514077204e-08
2025-08-22/IMG_0054.JPG,Small,Small,0.2687065899372101,0.5918620824813843,0.13138043880462646,0.008050947450101376
2025-08-22/IMG_9995.JPG,Very Small,Very Small,0.8317071795463562,0.16650746762752533,0.0017264964990317822,5.888453233637847e-05
2025-09-29/IMG_1742.JPG,Small,Small,0.000634999480098486,0.780890703201294,0.21843425929546356,4.0036578866420314e-05
2025-08-22/IMG_9944.JPG,Very Small,Very Small,0.6840004920959473,0.2903355360031128,0.021609701216220856,0.004054294433444738
2025-09-05/IMG_1109.JPG,Small,Small,0.006743617355823517,0.9468352198600769,0.046375010162591934,4.611923577613197e-05
2025-08-22/IMG_9907.JPG,Small,Small,0.04007773846387863,0.9531002640724182,0.006736427079886198,8.552534563932568e-05
2025-08-22/IMG_0239.JPG,Small,Small,0.02642854116857052,0.9605536460876465,0.012787913903594017,0.00022990239085629582
2025-08-07/IMG_9607.JPG,Medium,Medium,0.003074921667575836,0.17242835462093353,0.812035322189331,0.012461463920772076
2025-08-22/IMG_9771.JPG,Very Small,Very Small,0.9996320009231567,0.0003679717192426324,3.94170446282871e-10,1.7136863109112888e-11
2025-09-05/IMG_1207.JPG,Very Small,Very Small,0.6594762802124023,0.333974152803421,0.006089356262236834,0.00046026238123886287
2025-08-07/IMG_9641.JPG,Large,Large,0.00035556560033001006,0.01319228857755661,0.22499892115592957,0.7614532113075256
2025-08-07/IMG_9101.JPG,Medium,Small,0.0111885666847229,0.7108471393585205,0.2767494320869446,0.001214940450154245
2025-09-29/IMG_1924.JPG,Very Small,Very Small,0.837593674659729,0.15605755150318146,0.0054811472073197365,0.0008676012512296438
2025-08-07/IMG_9262.JPG,Small,Small,0.0015690326690673828,0.5912487506866455,0.4060603678226471,0.0011218966683372855
2025-08-22/IMG_0061.JPG,Medium,Small,0.38191086053848267,0.5795445442199707,0.03784440457820892,0.0007002120255492628
2025-09-05/IMG_0892.JPG,Very Small,Very Small,0.9385145306587219,0.06141103431582451,7.093398744473234e-05,3.5445552839519223e-06
2025-09-29/IMG_1715.JPG,Very Small,Very Small,0.9973331689834595,0.002666679909452796,6.282668607582309e-08,1.4635934686424434e-09
2025-09-05/IMG_1521.JPG,Small,Small,0.20593154430389404,0.7683092355728149,0.024571456015110016,0.001187724876217544
2025-09-05/IMG_1330.JPG,Very Small,Small,0.32092753052711487,0.6101926565170288,0.06565646082162857,0.003223294159397483
2025-09-05/IMG_1304.JPG,Very Small,Very Small,0.5921981334686279,0.39389386773109436,0.013018705882132053,0.0008892596233636141
2025-08-07/IMG_9469.JPG,Medium,Medium,2.1254272724036127e-05,0.10937309265136719,0.8905739188194275,3.175529855070636e-05
2025-08-07/IMG_9163.JPG,Very Small,Very Small,0.7012770771980286,0.2933175563812256,0.0051089562475681305,0.0002963352599181235
2025-08-22/IMG_9735.JPG,Very Small,Very Small,0.7997398376464844,0.19870345294475555,0.0013991601299494505,0.00015754396736156195
2025-09-05/IMG_0813.JPG,Medium,Medium,7.34077621018514e-05,0.0741848349571228,0.9253965616226196,0.0003452376986388117
2025-09-05/IMG_0940.JPG,Very Small,Very Small,0.5186351537704468,0.475206583738327,0.005104283802211285,0.0010540218790993094
2025-08-22/IMG_9941.JPG,Small,Very Small,0.7319944500923157,0.26414528489112854,0.003761750878766179,9.858622797764838e-05
2025-08-07/IMG_9538.JPG,Large,Large,0.005446207243949175,0.05903410539031029,0.3931615948677063,0.5423581004142761
2025-09-05/IMG_1602.JPG,Medium,Medium,0.10901281237602234,0.3700793981552124,0.42631080746650696,0.09459701180458069
2025-08-22/IMG_0245.JPG,Small,Small,0.0173100046813488,0.974189817905426,0.008382505737245083,0.00011766120587708429
2025-09-29/IMG_1951.JPG,Small,Small,0.2701829969882965,0.6207939982414246,0.0883738175034523,0.02064918726682663
2025-08-07/IMG_9658.JPG,Large,Large,0.0007196649094112217,0.011026577092707157,0.16353777050971985,0.8247160315513611
2025-08-07/IMG_9489.JPG,Very Small,Very Small,0.9843645691871643,0.015631603077054024,3.2557047688897e-06,5.970392180643103e-07
2025-08-07/IMG_9491.JPG,Small,Small,0.027491331100463867,0.96107417345047,0.011307185515761375,0.0001273259986191988
2025-09-29/IMG_1783.JPG,Small,Small,0.0011710270773619413,0.6933549046516418,0.3053288757801056,0.00014517002273350954
2025-08-07/IMG_9479.JPG,Medium,Medium,6.922971806488931e-06,0.011574403382837772,0.9875124096870422,0.0009062113240361214
2025-09-29/IMG_1930.JPG,Very Small,Very Small,0.9172536134719849,0.08136039972305298,0.0012926597846671939,9.327587758889422e-05
2025-08-22/IMG_0234.JPG,Very Small,Very Small,0.9826371073722839,0.017362406477332115,4.210462520859437e-07,3.7852984746677976e-08
2025-08-22/IMG_9775.JPG,Very Small,Very Small,0.9922645092010498,0.007734977640211582,4.6895166860849713e-07,1.2704985508094069e-08
2025-09-29/IMG_1803.JPG,Very Small,Very Small,0.9908891320228577,0.009109118022024632,1.6502103790116962e-06,1.0089500790400052e-07
2025-09-05/IMG_1258.JPG,Medium,Small,0.17239563167095184,0.6210740804672241,0.19742220640182495,0.009108070284128189
2025-08-22/IMG_0043.JPG,Small,Small,0.1791265308856964,0.7114385366439819,0.10569114983081818,0.003743794048205018
2025-09-05/IMG_1195.JPG,Small,Small,0.3448108434677124,0.6529412865638733,0.0022141803056001663,3.366557939443737e-05
2025-08-07/IMG_9217.JPG,Medium,Medium,0.00489815091714263,0.29329854249954224,0.6977176070213318,0.004085702355951071
2025-09-05/IMG_1605.JPG,Small,Small,0.3450019657611847,0.6038384437561035,0.045788150280714035,0.005371449049562216
2025-08-22/IMG_0123.JPG,Small,Very Small,0.5983912348747253,0.3896561563014984,0.010693439282476902,0.0012591932900249958
2025-08-22/IMG_0271.JPG,Small,Small,0.010857239365577698,0.9699288606643677,0.019032727926969528,0.00018122486653737724
2025-09-29/IMG_1835.JPG,Small,Small,0.0037179808132350445,0.8596422076225281,0.13645824790000916,0.00018156861187890172
2025-09-29/IMG_1760.JPG,Very Small,Very Small,0.8284309506416321,0.171524778008461,4.351715324446559e-05,7.155938988034904e-07
2025-08-22/IMG_9843.JPG,Large,Large,0.0003036039706785232,0.004455625545233488,0.03260935842990875,0.9626314043998718
2025-08-22/IMG_0164.JPG,Very Small,Very Small,0.8106402158737183,0.1889997273683548,0.00033274583984166384,2.7290763682685792e-05
2025-08-07/IMG_9092.JPG,Medium,Small,0.1971491277217865,0.7478259205818176,0.05395054072141647,0.0010743950260803103
2025-08-22/IMG_0023.JPG,Very Small,Very Small,0.7101684212684631,0.27865907549858093,0.010922722518444061,0.00024979349109344184
2025-09-05/IMG_1018.JPG,Small,Small,0.039877720177173615,0.6627349853515625,0.2728599011898041,0.024527428671717644
2025-09-29/IMG_1677.JPG,Small,Small,0.0007063572993502021,0.9637921452522278,0.03549859672784805,2.845742073986912e-06
2025-09-29/IMG_1947.JPG,Small,Small,0.3473055362701416,0.5381062030792236,0.10254470258951187,0.012043528258800507
2025-08-22/IMG_0119.JPG,Very Small,Very Small,0.4804765284061432,0.4771246016025543,0.03955964744091034,0.002839199732989073
2025-09-05/IMG_1145.JPG,Small,Small,0.0009421296417713165,0.6288653016090393,0.37011826038360596,7.432788697769865e-05
2025-08-22/IMG_9833.JPG,Small,Small,0.0032517581712454557,0.9455195665359497,0.051174893975257874,5.373737803893164e-05
2025-09-05/IMG_1164.JPG,Small,Medium,0.002079636324197054,0.2667984366416931,0.7258761525154114,0.005245794542133808
2025-08-07/IMG_9635.JPG,Large,Large,0.0005823434330523014,0.007149392738938332,0.062414757907390594,0.9298534989356995
2025-08-07/IMG_9135.JPG,Small,Small,0.1637001484632492,0.8088534474372864,0.02670060470700264,0.0007457812316715717
2025-08-22/IMG_9922.JPG,Very Small,Very Small,0.8737249374389648,0.12458141893148422,0.0015955643029883504,9.801262058317661e-05
2025-08-07/IMG_9506.JPG,Very Small,Very Small,0.980618953704834,0.019374091178178787,6.4950299929478206e-06,4.268171380772401e-07
2025-09-05/IMG_1385.JPG,Very Small,Very Small,0.9685505032539368,0.031446538865566254,2.9536963666032534e-06,3.369249412799036e-08
2025-08-07/IMG_9233.JPG,Very Small,Very Small,0.6693068742752075,0.3279609680175781,0.0025428987573832273,0.00018927475321106613
2025-08-22/IMG_0008.JPG,Very Small,Very Small,0.8118332624435425,0.18614526093006134,0.001980442786589265,4.1045179386856034e-05
2025-09-05/IMG_1100.JPG,Medium,Medium,0.00025866212672553957,0.38030165433883667,0.6193734407424927,6.62189195281826e-05
2025-08-07/IMG_9449.JPG,Medium,Medium,0.00040465305210091174,0.24138912558555603,0.7567370533943176,0.0014691423857584596
2025-09-05/IMG_1475.JPG,Medium,Medium,9.916175622493029e-05,0.042055658996105194,0.9460312724113464,0.01181389857083559
2025-08-07/IMG_9528.JPG,Medium,Small,0.1382049173116684,0.5098666548728943,0.30535662174224854,0.04657180234789848
2025-08-22/IMG_9977.JPG,Very Small,Very Small,0.8682414889335632,0.13137182593345642,0.0003829118504654616,3.764827397390036e-06
2025-09-29/IMG_1775.JPG,Very Small,Very Small,0.9908767342567444,0.00912150926887989,1.551387072140642e-06,1.6741242347961816e-07
2025-08-22/IMG_9742.JPG,Small,Small,0.10303552448749542,0.8768998384475708,0.01805989071726799,0.002004739362746477
2025-08-22/IMG_0262.JPG,Small,Small,0.017693931236863136,0.9387343525886536,0.042969364672899246,0.0006023501046001911
2025-09-05/IMG_1581.JPG,Small,Small,0.17705976963043213,0.7500094175338745,0.06672907620668411,0.0062017119489610195
2025-08-22/IMG_0019.JPG,Very Small,Small,0.32393765449523926,0.5833790302276611,0.08874645829200745,0.0039368001744151115
2025-08-22/IMG_9860.JPG,Large,Large,0.0009662245865911245,0.019277051091194153,0.06613705307245255,0.9136196374893188
2025-09-05/IMG_1139.JPG,Small,Small,0.007317565381526947,0.929559588432312,0.06288563460111618,0.00023720726312603801
2025-09-05/IMG_1324.JPG,Small,Small,0.10564300417900085,0.6640891432762146,0.21419177949428558,0.016076108440756798
2025-09-05/IMG_1201.JPG,Very Small,Small,0.2154635637998581,0.746099054813385,0.03773652762174606,0.0007008293177932501
2025-08-22/IMG_0251.JPG,Very Small,Very Small,0.9971703886985779,0.0028295705560594797,5.664545810191157e-08,5.840866901252184e-09
2025-09-05/IMG_1517.JPG,Small,Small,0.08293481171131134,0.8640956878662109,0.05024173483252525,0.0027277448680251837
2025-08-22/IMG_9872.JPG,Large,Large,0.0003194193704985082,0.01536525972187519,0.19103340804576874,0.7932819128036499
2025-08-22/IMG_0118.JPG,Medium,Small,0.06557163596153259,0.6033222079277039,0.32173413038253784,0.009372049011290073
2025-08-22/IMG_0142.JPG,Very Small,Very Small,0.9843640923500061,0.015615502372384071,1.701236396911554e-05,3.4252429941261653e-06
2025-09-05/IMG_0798.JPG,Small,Small,0.0018174329306930304,0.7918245196342468,0.20630323886871338,5.473583587445319e-05
2025-09-29/IMG_1788.JPG,Very Small,Very Small,0.911407470703125,0.08837561309337616,0.00020387463155202568,1.3139812836016063e-05
2025-09-29/IMG_1682.JPG,Small,Small,0.0030014559160917997,0.9952536821365356,0.0017443995457142591,4.4649044639299973e-07
2025-08-22/IMG_9865.JPG,Very Small,Very Small,0.9648736715316772,0.03512158244848251,4.518932200880954e-06,2.3455393716176332e-07
2025-09-05/IMG_1531.JPG,Small,Small,0.09559739381074905,0.8145772814750671,0.0888097882270813,0.0010155304335057735
2025-08-22/IMG_9766.JPG,Large,Large,0.0007354157278314233,0.02090851031243801,0.4324660301208496,0.5458900332450867
2025-09-05/IMG_1118.JPG,Medium,Medium,5.5366555898217484e-05,0.023629458621144295,0.9707103371620178,0.005604904610663652
2025-08-22/IMG_0163.JPG,Very Small,Very Small,0.9752923846244812,0.024691540747880936,1.4756847122043837e-05,1.2542518561531324e-06
2025-09-05/IMG_1299.JPG,Very Small,Very Small,0.7049616575241089,0.281486839056015,0.012570919468998909,0.0009805767331272364
2025-09-29/IMG_1704.JPG,Medium,Medium,4.502346564549953e-05,0.10504692792892456,0.8946722149848938,0.00023587796022184193
2025-08-07/IMG_9162.JPG,Very Small,Very Small,0.6394693851470947,0.3495628535747528,0.009678872302174568,0.0012888896744698286
2025-09-05/IMG_1173.JPG,Very Small,Very Small,0.9331623911857605,0.06670581549406052,0.00012483482714742422,7.013777576503344e-06
2025-09-05/IMG_0875.JPG,Very Small,Very Small,0.9600532054901123,0.03993404284119606,1.2329576748015825e-05,3.390040319573018e-07
2025-08-22/IMG_9838.JPG,Medium,Medium,0.006775663234293461,0.3951444625854492,0.5738488435745239,0.024231014773249626
2025-09-05/IMG_1519.JPG,Small,Small,0.18653053045272827,0.7586790323257446,0.05092819780111313,0.0038622452411800623
2025-08-22/IMG_9818.JPG,Medium,Medium,3.599245974328369e-05,0.014889487065374851,0.978050172328949,0.007024316117167473
2025-09-05/IMG_1505.JPG,Small,Small,0.003902825526893139,0.9371508955955505,0.058733582496643066,0.00021266151452437043
2025-08-22/IMG_9768.JPG,Small,Small,0.009009198285639286,0.9749031662940979,0.01606137678027153,2.626033892738633e-05
2025-08-07/IMG_9578.JPG,Large,Large,0.0014561701100319624,0.03692922368645668,0.434743732213974,0.526870846748352
2025-09-05/IMG_1170.JPG,Very Small,Very Small,0.982505202293396,0.017483973875641823,1.0247266800433863e-05,5.975601311547507e-07
2025-09-05/IMG_1558.JPG,Small,Small,0.23295393586158752,0.7496941685676575,0.016948744654655457,0.00040318327955901623
2025-09-05/IMG_1443.JPG,Very Small,Very Small,0.9730851650238037,0.026868978515267372,4.3377760448493063e-05,2.525092895666603e-06
2025-09-05/IMG_1002.JPG,Small,Very Small,0.6243087649345398,0.371820867061615,0.003767478745430708,0.00010291814396623522
2025-09-05/IMG_1271.JPG,Very Small,Very Small,0.8960615992546082,0.10148757696151733,0.0022953113075345755,0.00015550965326838195
2025-09-29/IMG_1870.JPG,Small,Small,0.2624814212322235,0.7088333964347839,0.02756916545331478,0.0011160061694681644
2025-08-22/IMG_0281.JPG,Medium,Medium,0.0024693214800208807,0.3236928880214691,0.671629786491394,0.002207929966971278
2025-08-07/IMG_9608.JPG,Large,Large,0.0004424333164934069,0.005069335922598839,0.0364089272916317,0.9580792784690857
2025-08-07/IMG_9505.JPG,Medium,Medium,0.002498321933671832,0.37318217754364014,0.6214887499809265,0.0028307766187936068
2025-09-05/IMG_1541.JPG,Small,Small,0.09152883291244507,0.8392162322998047,0.06756675988435745,0.0016881903866305947
2025-09-05/IMG_0922.JPG,Very Small,Very Small,0.9781606793403625,0.02182931639254093,9.402343494002707e-06,5.539545213650854e-07
2025-09-05/IMG_1321.JPG,Very Small,Very Small,0.7814891934394836,0.20741155743598938,0.009001474827528,0.0020978243555873632
2025-08-22/IMG_9804.JPG,Very Small,Very Small,0.9995018243789673,0.0004981470992788672,1.9496482206449173e-09,1.3689098465885507e-10
2025-08-07/IMG_9209.JPG,Very Small,Very Small,0.9973868727684021,0.002612978918477893,7.151454184395334e-08,3.0852369548028946e-09
2025-09-05/IMG_1428.JPG,Medium,Medium,1.9912109564756975e-05,0.008621026761829853,0.9783974885940552,0.012961525470018387
2025-08-07/IMG_9097.JPG,Small,Small,0.16786326467990875,0.8009225130081177,0.030399618670344353,0.0008146442705765367
2025-08-07/IMG_9257.JPG,Small,Small,0.12319466471672058,0.8553118109703064,0.02036949247121811,0.0011240480234846473
2025-08-22/IMG_0138.JPG,Very Small,Very Small,0.9657856225967407,0.034103620797395706,9.005201718537137e-05,2.0694764316431247e-05
2025-09-05/IMG_1549.JPG,Very Small,Small,0.2897598147392273,0.6009626388549805,0.10021845996379852,0.00905908178538084
2025-08-22/IMG_9736.JPG,Medium,Medium,0.001730919349938631,0.08475518226623535,0.8648953437805176,0.048618536442518234
2025-09-05/IMG_1312.JPG,Small,Small,0.21640357375144958,0.7383372783660889,0.04183264449238777,0.003426521783694625
2025-08-22/IMG_9835.JPG,Medium,Medium,0.0008630399242974818,0.0680229663848877,0.8318011164665222,0.09931276738643646
2025-09-05/IMG_0961.JPG,Small,Small,0.0012641297653317451,0.8702778220176697,0.12843044102191925,2.7634998332359828e-05
2025-08-22/IMG_0216.JPG,Small,Small,0.06244571879506111,0.9139968156814575,0.02304050140082836,0.0005169669748283923
2025-08-07/IMG_9402.JPG,Small,Small,0.18292240798473358,0.8127609491348267,0.004001844674348831,0.0003147779789287597
2025-09-29/IMG_1911.JPG,Large,Small,0.006533994805067778,0.49010947346687317,0.20978426933288574,0.2935723066329956
2025-09-05/IMG_1341.JPG,Medium,Medium,0.012306946329772472,0.3707689940929413,0.5850227475166321,0.0319012776017189
2025-09-05/IMG_0814.JPG,Small,Small,0.0028361983131617308,0.8817586302757263,0.11535609513521194,4.907252878183499e-05
2025-08-22/IMG_0223.JPG,Small,Small,0.0054894681088626385,0.9343814849853516,0.059814099222421646,0.0003149088006466627
2025-08-22/IMG_9806.JPG,Medium,Medium,1.64014236361254e-05,0.015461092814803123,0.9680437445640564,0.016478806734085083
2025-09-29/IMG_1701.JPG,Small,Small,0.05156173184514046,0.9455482363700867,0.002885870635509491,4.138062649872154e-06
2025-09-05/IMG_1417.JPG,Medium,Medium,0.0010999537771567702,0.06232437863945961,0.8909949660301208,0.04558071121573448
2025-09-05/IMG_0864.JPG,Small,Small,0.0005914717330597341,0.7007519006729126,0.2986306846141815,2.590376971056685e-05
2025-08-22/IMG_9782.JPG,Very Small,Very Small,0.9946975708007812,0.005302071571350098,3.471028833246237e-07,2.859292713708328e-08
2025-08-22/IMG_9883.JPG,Very Small,Small,0.45343339443206787,0.5452386140823364,0.0012606087839230895,6.745669816154987e-05
2025-09-29/IMG_1792.JPG,Small,Small,0.08757419139146805,0.9054449796676636,0.006948354188352823,3.2451691367896274e-05
2025-09-29/IMG_1805.JPG,Very Small,Very Small,0.9949877262115479,0.005011971108615398,3.17974951258293e-07,1.3052596337104205e-08
2025-08-07/IMG_9206.JPG,Very Small,Very Small,0.9786390066146851,0.02135782316327095,3.00108467854443e-06,7.935018686566764e-08
2025-09-05/IMG_0860.JPG,Small,Small,0.050875160843133926,0.9455686211585999,0.003551816800609231,4.424229246069444e-06
2025-08-07/IMG_9211.JPG,Very Small,Very Small,0.9803666472434998,0.01963016763329506,3.202716925443383e-06,8.890863512078795e-08
2025-09-05/IMG_0909.JPG,Small,Small,0.028704918920993805,0.9420093894004822,0.029154794290661812,0.00013083519297651947
2025-09-05/IMG_0879.JPG,Small,Small,0.01941516064107418,0.9583088159561157,0.022222988307476044,5.305816375766881e-05
2025-08-22/IMG_9748.JPG,Very Small,Very Small,0.9950767159461975,0.004922814201563597,5.205404249863932e-07,4.3313775677233934e-08
2025-08-22/IMG_9894.JPG,Small,Small,0.16800956428050995,0.8303354978561401,0.0016072381986305118,4.7733155952300876e-05
2025-09-05/IMG_1053.JPG,Very Small,Very Small,0.70070880651474,0.2840102016925812,0.014053667895495892,0.001227300032041967
2025-08-07/IMG_9105.JPG,Small,Small,0.07295089960098267,0.7754013538360596,0.14764758944511414,0.004000175278633833
2025-09-05/IMG_1149.JPG,Small,Small,0.021619778126478195,0.9005497097969055,0.0776735171675682,0.00015696325863245875
2025-08-07/IMG_9215.JPG,Small,Small,0.01762903854250908,0.9432926177978516,0.03901178389787674,6.655342440353706e-05
2025-09-29/IMG_1718.JPG,Small,Small,0.04391562566161156,0.9382830262184143,0.01772545836865902,7.579051452921703e-05
2025-08-22/IMG_0295.JPG,Medium,Medium,0.007971132174134254,0.19336968660354614,0.7622693777084351,0.036389824002981186
2025-08-07/IMG_9513.JPG,Small,Small,0.30879953503608704,0.6820175647735596,0.00894557312130928,0.00023729904205538332
2025-09-05/IMG_0887.JPG,Medium,Medium,0.0013722790172323585,0.18410049378871918,0.8110368847846985,0.003490262432023883
2025-08-22/IMG_0134.JPG,Medium,Small,0.14570826292037964,0.4634649455547333,0.34090763330459595,0.049919161945581436
2025-09-05/IMG_0905.JPG,Medium,Medium,0.003055491717532277,0.3079870045185089,0.6858766078948975,0.003080897033214569
2025-09-05/IMG_0982.JPG,Small,Small,0.3570152819156647,0.60369473695755,0.03627685457468033,0.0030130897648632526
2025-08-22/IMG_9904.JPG,Small,Small,0.14516077935695648,0.8531326651573181,0.001679278677329421,2.7238671464147046e-05
2025-09-05/IMG_1490.JPG,Medium,Medium,0.017653265967965126,0.38958877325057983,0.5695194602012634,0.02323850803077221
2025-09-05/IMG_1342.JPG,Very Small,Very Small,0.7532674074172974,0.22708028554916382,0.017044957727193832,0.0026073046028614044
2025-09-05/IMG_1181.JPG,Medium,Medium,0.0027741375379264355,0.4057527184486389,0.5882642269134521,0.003208956914022565
2025-08-22/IMG_9993.JPG,Very Small,Small,0.2809141278266907,0.7000290155410767,0.018821096047759056,0.00023572458303533494
2025-09-05/IMG_1533.JPG,Small,Small,0.06385360658168793,0.7039853930473328,0.22315971553325653,0.00900129321962595
2025-09-05/IMG_1507.JPG,Small,Small,0.005618546158075333,0.7329196333885193,0.25993189215660095,0.0015299563528969884
2025-08-22/IMG_0050.JPG,Medium,Medium,0.021720631048083305,0.3579956293106079,0.5990638732910156,0.021219873800873756
2025-08-22/IMG_9949.JPG,Small,Very Small,0.9066353440284729,0.09171916544437408,0.001546069630421698,9.94183064904064e-05
2025-08-07/IMG_9494.JPG,Small,Medium,0.003148441668599844,0.2785106301307678,0.7117006182670593,0.00664030434563756
2025-09-05/IMG_0835.JPG,Medium,Medium,1.665109994064551e-05,0.013606750406324863,0.9840031266212463,0.002373505150899291
2025-08-22/IMG_0252.JPG,Small,Small,0.020926043391227722,0.9682032465934753,0.010753761976957321,0.0001168835224234499
2025-09-05/IMG_1113.JPG,Medium,Medium,8.78445353009738e-05,0.1945604383945465,0.8052762746810913,7.545948756160215e-05
2025-09-29/IMG_1789.JPG,Very Small,Very Small,0.9993552565574646,0.0006447997293435037,6.059083013099098e-09,5.55989032591242e-10
2025-08-22/IMG_9864.JPG,Medium,Small,0.0010060868225991726,0.5037784576416016,0.4948236048221588,0.00039188924711197615
2025-09-29/IMG_1846.JPG,Small,Small,0.002973755821585655,0.817561149597168,0.1790677160024643,0.00039742354420013726
2025-09-05/IMG_1470.JPG,Small,Small,0.019885731860995293,0.9710181355476379,0.008945032954216003,0.00015113221888896078
2025-09-29/IMG_1839.JPG,Small,Small,0.006900394801050425,0.8904730677604675,0.10199806094169617,0.0006285671261139214
2025-09-29/IMG_1907.JPG,Very Small,Very Small,0.683758556842804,0.29980167746543884,0.006630496587604284,0.009809265844523907
2025-08-07/IMG_9232.JPG,Small,Small,0.42683616280555725,0.5728193521499634,0.0003401636495254934,4.332978733145865e-06
2025-08-22/IMG_0236.JPG,Very Small,Very Small,0.9809752702713013,0.019012248143553734,1.1164248462591786e-05,1.4186725820763968e-06
2025-08-22/IMG_9882.JPG,Small,Small,0.05053631588816643,0.9469311237335205,0.0025106517132371664,2.1889876734348945e-05
2025-09-29/IMG_1937.JPG,Very Small,Very Small,0.8677576780319214,0.12997066974639893,0.0021470088977366686,0.000124721962492913
2025-09-05/IMG_0948.JPG,Medium,Medium,0.0005321778589859605,0.2075434923171997,0.791039764881134,0.0008846235577948391
2025-08-07/IMG_9248.JPG,Small,Small,0.008280634880065918,0.951728343963623,0.039857782423496246,0.00013324059545993805
2025-09-05/IMG_1030.JPG,Very Small,Very Small,0.7839882373809814,0.21203124523162842,0.0036316663026809692,0.0003488150250632316
2025-08-22/IMG_0078.JPG,Small,Small,0.19856607913970947,0.770858645439148,0.030052384361624718,0.0005228594527579844
2025-08-07/IMG_9178.JPG,Small,Small,0.4517953395843506,0.5448710918426514,0.0031470346730202436,0.00018653862935025245
2025-09-29/IMG_1923.JPG,Very Small,Very Small,0.8293648958206177,0.15891866385936737,0.009978133253753185,0.0017383155645802617
2025-08-22/IMG_0056.JPG,Small,Small,0.42153698205947876,0.5304903388023376,0.0455421507358551,0.0024305330589413643
2025-08-07/IMG_9645.JPG,Large,Large,0.002314816229045391,0.014550957828760147,0.04502042382955551,0.938113808631897
2025-09-05/IMG_0823.JPG,Very Small,Small,0.07932193577289581,0.9101877808570862,0.010434030555188656,5.631286694551818e-05
2025-09-29/IMG_1741.JPG,Small,Medium,1.3551592928706668e-05,0.13588599860668182,0.8640702962875366,3.0063431040616706e-05
2025-09-05/IMG_1214.JPG,Small,Very Small,0.7999505400657654,0.199140727519989,0.0008638690924271941,4.48261052952148e-05
2025-09-29/IMG_1793.JPG,Very Small,Very Small,0.9088398218154907,0.09113668650388718,2.3277803848031908e-05,2.2908675134658552e-07
2025-08-22/IMG_9781.JPG,Very Small,Very Small,0.9765931367874146,0.02340603433549404,8.680523819748487e-07,1.60701247864381e-08
2025-09-05/IMG_1183.JPG,Very Small,Very Small,0.8652898073196411,0.13446946442127228,0.00023253681138157845,8.223908480431419e-06
2025-08-22/IMG_9958.JPG,Very Small,Very Small,0.8830174207687378,0.1156652420759201,0.0012805856531485915,3.678300345200114e-05
2025-08-22/IMG_9877.JPG,Small,Medium,0.001127720228396356,0.29864540696144104,0.6959795355796814,0.004247310105711222
2025-09-05/IMG_0825.JPG,Medium,Medium,0.000315590703394264,0.056752972304821014,0.8737655282020569,0.06916587799787521
2025-08-22/IMG_9807.JPG,Very Small,Very Small,0.5876545310020447,0.41085121035575867,0.001451150863431394,4.3082171032438055e-05
2025-09-05/IMG_0820.JPG,Medium,Medium,8.923821042117197e-06,0.08782730996608734,0.9121450185775757,1.8743907276075333e-05
2025-08-22/IMG_9913.JPG,Small,Small,0.2680855989456177,0.7218083739280701,0.009978525340557098,0.0001275629037991166
2025-08-22/IMG_9837.JPG,Medium,Small,0.004776904359459877,0.6948330998420715,0.2988699674606323,0.001520044170320034
2025-09-05/IMG_1119.JPG,Small,Very Small,0.5366491079330444,0.46260377764701843,0.00073009985499084,1.6982792658382095e-05
2025-09-05/IMG_1087.JPG,Very Small,Small,0.2703152000904083,0.7240040898323059,0.005539713427424431,0.00014102389104664326
2025-08-22/IMG_0035.JPG,Very Small,Very Small,0.5991947054862976,0.39233070611953735,0.008128436282277107,0.000346118351444602
2025-08-07/IMG_9400.JPG,Medium,Medium,0.007034430280327797,0.3168763518333435,0.6641728281974792,0.011916358023881912
2025-08-22/IMG_0242.JPG,Very Small,Very Small,0.9863064289093018,0.013692338950932026,1.1850278269776027e-06,1.315004709567802e-07
2025-08-22/IMG_0007.JPG,Small,Very Small,0.7899799346923828,0.20909525454044342,0.0009174502920359373,7.391356120933779e-06
2025-08-22/IMG_0018.JPG,Small,Small,0.2710796594619751,0.5265286564826965,0.18434974551200867,0.018041888251900673
2025-08-07/IMG_9260.JPG,Small,Small,0.004137235227972269,0.8946022391319275,0.10095091164112091,0.00030960526783019304
2025-09-05/IMG_0965.JPG,Small,Medium,0.00027041678549721837,0.32664844393730164,0.6722167730331421,0.0008642624015919864
2025-08-22/IMG_9946.JPG,Very Small,Very Small,0.9464468359947205,0.05332554131746292,0.00021943639148958027,8.253224223153666e-06
2025-08-22/IMG_0073.JPG,Small,Small,0.4114230275154114,0.5665092468261719,0.021547691896557808,0.0005200826562941074
2025-09-05/IMG_0991.JPG,Medium,Small,0.034947119653224945,0.5434830188751221,0.4074210524559021,0.014148778282105923
2025-09-05/IMG_1491.JPG,Small,Small,0.026232318952679634,0.5495600700378418,0.33754023909568787,0.08666738122701645
2025-09-29/IMG_1815.JPG,Very Small,Very Small,0.7559425234794617,0.243844673037529,0.00020604846940841526,6.7524160840548575e-06
2025-08-07/IMG_9108.JPG,Small,Small,0.07226458191871643,0.7792488932609558,0.1441286951303482,0.0043577938340604305
2025-08-07/IMG_9241.JPG,Very Small,Very Small,0.9808586239814758,0.019131140783429146,9.152983693638816e-06,1.1081708635174436e-06
2025-08-07/IMG_9493.JPG,Medium,Medium,0.0007382329786196351,0.10891524702310562,0.8863939642906189,0.00395267503336072
2025-09-05/IMG_1231.JPG,Small,Small,0.003014911897480488,0.6626474857330322,0.3340528607368469,0.00028479989850893617
2025-09-05/IMG_1252.JPG,Small,Small,0.13146039843559265,0.7475730180740356,0.1143612489104271,0.006605353206396103
2025-08-07/IMG_9236.JPG,Medium,Medium,9.040406439453363e-05,0.04099665954709053,0.9545513987541199,0.004361600149422884
2025-08-22/IMG_0246.JPG,Small,Medium,0.0007678668480366468,0.4379286468029022,0.5601183772087097,0.0011850825976580381
2025-09-05/IMG_1559.JPG,Small,Small,0.015456260181963444,0.7481317520141602,0.23383015394210815,0.0025819209404289722
2025-08-07/IMG_9704.JPG,Large,Large,0.015104580670595169,0.06874772906303406,0.16005517542362213,0.7560925483703613
2025-09-05/IMG_0994.JPG,Medium,Medium,0.024337900802493095,0.411472886800766,0.5489437580108643,0.015245521441102028
2025-08-22/IMG_9754.JPG,Very Small,Very Small,0.987028956413269,0.012970483861863613,6.197568040988699e-07,2.9232285925218093e-08
2025-09-05/IMG_1560.JPG,Small,Small,0.019538121297955513,0.8824520111083984,0.09689662605524063,0.0011133174411952496
2025-09-05/IMG_1014.JPG,Medium,Small,0.25226107239723206,0.521399974822998,0.20545203983783722,0.02088688500225544
2025-09-29/IMG_1868.JPG,Very Small,Very Small,0.6308774948120117,0.3485456705093384,0.018762890249490738,0.0018139680614694953
2025-08-07/IMG_9548.JPG,Medium,Medium,0.02432415820658207,0.29286906123161316,0.6294608116149902,0.053345926105976105
2025-08-07/IMG_9172.JPG,Small,Very Small,0.7240582704544067,0.2665012776851654,0.008928791619837284,0.0005116714746691287
2025-09-05/IMG_1137.JPG,Small,Small,0.0033709630370140076,0.8730723261833191,0.12343191355466843,0.00012480934674385935
2025-08-07/IMG_9686.JPG,Medium,Large,0.0004292319936212152,0.020508788526058197,0.4719151556491852,0.5071467757225037
2025-09-05/IMG_1509.JPG,Medium,Medium,1.8081131202052347e-05,0.030098622664809227,0.9659290313720703,0.0039542606100440025
2025-09-05/IMG_0936.JPG,Small,Small,0.10462725162506104,0.8927757740020752,0.002585287904366851,1.1691786312439945e-05
2025-08-07/IMG_9708.JPG,Large,Large,0.0007406974327750504,0.006571083329617977,0.03355681896209717,0.9591313600540161
2025-08-07/IMG_9422.JPG,Very Small,Very Small,0.9274728298187256,0.07250526547431946,2.0785304513992742e-05,1.1073032055719523e-06
2025-08-07/IMG_9176.JPG,Medium,Small,0.08453897386789322,0.6788578033447266,0.22854210436344147,0.008061055094003677
2025-09-05/IMG_0964.JPG,Small,Small,0.002417381154373288,0.6668992042541504,0.3296612799167633,0.0010221169795840979
2025-09-29/IMG_1905.JPG,Medium,Medium,0.007738722953945398,0.17354823648929596,0.4154920279979706,0.4032210409641266
2025-08-07/IMG_9605.JPG,Small,Small,0.014073628932237625,0.6437855362892151,0.3395601212978363,0.0025807262863963842
2025-09-29/IMG_1876.JPG,Very Small,Very Small,0.5255426168441772,0.46015438437461853,0.013805934228003025,0.0004970176378265023
2025-08-22/IMG_9923.JPG,Small,Very Small,0.7606067061424255,0.23411044478416443,0.0049637979827821255,0.00031907198717817664
2025-09-05/IMG_1367.JPG,Small,Small,0.010823529213666916,0.9621143937110901,0.02702844701707363,3.3604934287723154e-05
2025-08-22/IMG_0005.JPG,Very Small,Very Small,0.7921550869941711,0.20600731670856476,0.0017944719875231385,4.305196489440277e-05
2025-08-07/IMG_9701.JPG,Medium,Medium,2.7684100132319145e-05,0.02478354051709175,0.9713619351387024,0.0038268528878688812
2025-08-22/IMG_9974.JPG,Very Small,Very Small,0.7536084651947021,0.2393960803747177,0.00659647211432457,0.00039901144918985665
2025-08-22/IMG_0049.JPG,Small,Small,0.39898666739463806,0.567766547203064,0.031157374382019043,0.0020894065964967012
2025-08-22/IMG_9790.JPG,Medium,Medium,0.00016002503980416805,0.32376664876937866,0.6760125756263733,6.0790986026404426e-05
2025-09-05/IMG_0800.JPG,Medium,Medium,0.0002779980131890625,0.06564497947692871,0.9213504791259766,0.012726499699056149
2025-08-07/IMG_9148.JPG,Very Small,Very Small,0.7838019728660583,0.20791852474212646,0.007298692595213652,0.0009807575261220336
2025-08-07/IMG_9193.JPG,Very Small,Very Small,0.9986854195594788,0.0013145768316462636,2.1464295230089192e-08,1.4225610689422297e-09
2025-09-29/IMG_1672.JPG,Small,Small,0.1907777339220047,0.8083799481391907,0.0008380491635762155,4.280127086531138e-06
2025-09-05/IMG_1579.JPG,Small,Small,0.3645170331001282,0.5831344127655029,0.03682447969913483,0.015524119138717651
2025-09-29/IMG_1729.JPG,Very Small,Very Small,0.9986318945884705,0.001368060358799994,1.3199927373364062e-08,6.408976127580956e-10
2025-09-05/IMG_1010.JPG,Very Small,Very Small,0.6722757816314697,0.30199873447418213,0.022126244381070137,0.0035992341581732035
2025-09-05/IMG_1296.JPG,Very Small,Very Small,0.561358630657196,0.4306434690952301,0.007772708777338266,0.00022513704607263207
2025-08-22/IMG_0094.JPG,Very Small,Very Small,0.9610161185264587,0.03866461664438248,0.000298752827802673,2.0416846382431686e-05
2025-09-05/IMG_1086.JPG,Medium,Medium,2.2135804101708345e-05,0.025691738352179527,0.9733338952064514,0.0009522030013613403
2025-09-05/IMG_0998.JPG,Small,Small,0.09719336032867432,0.6990367770195007,0.19427785277366638,0.009491939097642899
2025-09-05/IMG_1416.JPG,Very Small,Very Small,0.9981060028076172,0.001893966575153172,4.676174825135604e-08,2.9683107083400273e-09
2025-09-05/IMG_0866.JPG,Medium,Medium,4.548353535938077e-05,0.06870321184396744,0.9310116767883301,0.00023964152205735445
2025-09-05/IMG_1209.JPG,Very Small,Very Small,0.8787571787834167,0.1209753155708313,0.0002488390891812742,1.8734170225798152e-05
2025-09-05/IMG_1485.JPG,Medium,Medium,0.0002251919504487887,0.04071373865008354,0.7871378064155579,0.17192323505878448
2025-09-05/IMG_1266.JPG,Very Small,Very Small,0.8672536611557007,0.13037416338920593,0.0022738324478268623,9.834732190938666e-05
2025-09-05/IMG_0890.JPG,Small,Medium,0.003598805982619524,0.3873870074748993,0.6047579050064087,0.004256328102201223
2025-08-07/IMG_9147.JPG,Small,Small,0.3187231719493866,0.6240185499191284,0.05189070105552673,0.005367512349039316
2025-09-05/IMG_0873.JPG,Small,Medium,0.0002599127765279263,0.14896735548973083,0.850180983543396,0.0005916922236792743
2025-09-05/IMG_1494.JPG,Small,Small,0.09310371428728104,0.9055024981498718,0.001372652710415423,2.1114194169058464e-05
2025-08-07/IMG_9616.JPG,Large,Large,0.000565582187846303,0.006023063324391842,0.02780071273446083,0.9656106233596802
2025-09-05/IMG_1224.JPG,Small,Small,0.0024848792236298323,0.8376005291938782,0.1597709208726883,0.00014370388817042112
2025-09-05/IMG_1172.JPG,Very Small,Very Small,0.9773654937744141,0.022625334560871124,8.685720786161255e-06,3.633682297277119e-07
2025-08-22/IMG_0250.JPG,Very Small,Very Small,0.9754531383514404,0.024542611092329025,3.7871432141400874e-06,4.520488516845944e-07
2025-09-05/IMG_0796.JPG,Small,Small,0.1470925211906433,0.84969162940979,0.0031861322931945324,2.9707493013120256e-05
2025-09-05/IMG_0996.JPG,Small,Small,0.162691131234169,0.7975430488586426,0.037823256105184555,0.0019425778882578015
2025-09-05/IMG_1607.JPG,Medium,Medium,0.015166161581873894,0.3247177004814148,0.5934189558029175,0.06669725477695465
2025-09-05/IMG_0844.JPG,Medium,Medium,1.8919754438684322e-05,0.07279764860868454,0.9271265864372253,5.6860557378968224e-05
2025-09-29/IMG_1737.JPG,Small,Small,0.20418469607830048,0.795306384563446,0.0005016376962885261,7.262990493472898e-06
2025-09-29/IMG_1879.JPG,Very Small,Very Small,0.8077405095100403,0.1863747537136078,0.0053231134079396725,0.0005616286653093994
2025-09-05/IMG_1120.JPG,Very Small,Very Small,0.9994081258773804,0.0005918848910368979,3.9674690199831275e-09,2.5921750856916503e-10
2025-09-05/IMG_1536.JPG,Small,Small,0.22821713984012604,0.7518541812896729,0.01961909607052803,0.00030960820731706917
2025-08-07/IMG_9256.JPG,Small,Very Small,0.5607081651687622,0.43745723366737366,0.0016792825190350413,0.00015533511759713292
2025-08-22/IMG_9798.JPG,Medium,Medium,2.4004879378480837e-05,0.030089713633060455,0.9693527221679688,0.0005335274618119001
2025-08-22/IMG_9830.JPG,Large,Large,0.0003030759107787162,0.003387320786714554,0.01930771954357624,0.9770018458366394
2025-08-07/IMG_9455.JPG,Small,Small,0.001825289917178452,0.8789779543876648,0.1190313920378685,0.0001653213839745149
2025-08-22/IMG_9991.JPG,Very Small,Very Small,0.8941395282745361,0.10460992157459259,0.0011980944545939565,5.244357816991396e-05
2025-08-22/IMG_0113.JPG,Small,Small,0.22939328849315643,0.6624038219451904,0.10486436635255814,0.003338433336466551
2025-09-05/IMG_0946.JPG,Medium,Medium,0.00013753562234342098,0.10244566202163696,0.8960050344467163,0.0014117601094767451
2025-09-05/IMG_1487.JPG,Medium,Small,0.0015594071010127664,0.5731691122055054,0.4239538013935089,0.001317694317549467
2025-08-22/IMG_0001.JPG,Very Small,Very Small,0.8430154323577881,0.1564432680606842,0.0005365560064092278,4.762003300129436e-06
2025-09-05/IMG_1384.JPG,Medium,Medium,0.00017775563173927367,0.4651998281478882,0.5345985293388367,2.3859249267843552e-05
2025-08-07/IMG_9180.JPG,Small,Very Small,0.7272623777389526,0.2551881968975067,0.01491085346788168,0.0026385316159576178
2025-08-07/IMG_9263.JPG,Small,Small,0.09348197281360626,0.883806049823761,0.0223762858659029,0.00033570933737792075
2025-09-05/IMG_0891.JPG,Very Small,Very Small,0.9946563243865967,0.005342809949070215,8.062479537329637e-07,3.382212554470243e-08
2025-08-22/IMG_9751.JPG,Medium,Medium,5.205653724260628e-05,0.013799775391817093,0.9338072538375854,0.05234093964099884
2025-09-05/IMG_1542.JPG,Small,Very Small,0.6947466135025024,0.2996671497821808,0.005330103915184736,0.00025613734032958746
2025-09-29/IMG_1712.JPG,Small,Small,0.0036484473384916782,0.6100817322731018,0.38531023263931274,0.000959656375925988
2025-08-22/IMG_0010.JPG,Small,Small,0.2113829255104065,0.7717953324317932,0.016656849533319473,0.00016482765204273164
2025-08-22/IMG_0070.JPG,Small,Small,0.14476819336414337,0.7395621538162231,0.11163299530744553,0.004036730155348778
2025-09-29/IMG_1933.JPG,Very Small,Very Small,0.8248404264450073,0.1694895327091217,0.005279975011944771,0.0003901183372363448
2025-08-22/IMG_9920.JPG,Very Small,Very Small,0.8095033764839172,0.18828848004341125,0.002112621907144785,9.561129263602197e-05
2025-08-07/IMG_9199.JPG,Small,Small,0.007541560102254152,0.9033248424530029,0.08899439126253128,0.00013920162746217102
2025-08-07/IMG_9689.JPG,Large,Large,0.00020924783893860877,0.0029906255658715963,0.03709287568926811,0.9597073197364807
2025-09-05/IMG_1286.JPG,Medium,Medium,0.013677232898771763,0.34364521503448486,0.6132717132568359,0.029405880719423294
2025-08-22/IMG_9940.JPG,Small,Very Small,0.5583372712135315,0.4068751335144043,0.03225479647517204,0.0025328064803034067
2025-09-05/IMG_1532.JPG,Very Small,Very Small,0.8204201459884644,0.17519502341747284,0.004014289006590843,0.0003705435083247721
2025-09-05/IMG_1410.JPG,Medium,Medium,4.875139347859658e-05,0.06298545002937317,0.9365425705909729,0.0004232410865370184
2025-09-05/IMG_1377.JPG,Small,Small,0.002413473092019558,0.9712764620780945,0.026307396590709686,2.6451148187334184e-06
2025-08-07/IMG_9141.JPG,Very Small,Very Small,0.8564279079437256,0.13643549382686615,0.005685589276254177,0.0014509470202028751
2025-09-05/IMG_1273.JPG,Very Small,Very Small,0.9220016598701477,0.07636838406324387,0.0015141979092732072,0.00011575888493098319
2025-09-29/IMG_1887.JPG,Small,Small,0.043255243450403214,0.5760002732276917,0.36272668838500977,0.018017711117863655
2025-08-22/IMG_0048.JPG,Small,Small,0.10408030450344086,0.7575204968452454,0.13530957698822021,0.003089644480496645
2025-08-07/IMG_9606.JPG,Medium,Medium,5.147542105987668e-05,0.04930472373962402,0.9491510987281799,0.0014926752774044871
2025-09-05/IMG_1578.JPG,Small,Small,0.28334832191467285,0.41531091928482056,0.18530584871768951,0.11603482812643051
2025-09-29/IMG_1848.JPG,Medium,Medium,0.00022128225828055292,0.136613667011261,0.8533958196640015,0.009769205935299397
2025-08-22/IMG_0130.JPG,Very Small,Very Small,0.9871236085891724,0.012857266701757908,1.596472066012211e-05,3.1102701996132964e-06
2025-09-05/IMG_1411.JPG,Very Small,Very Small,0.9908080697059631,0.00918923132121563,2.544147946537123e-06,1.3182554425839044e-07
2025-08-22/IMG_0088.JPG,Small,Small,0.26087233424186707,0.6801741123199463,0.05608529970049858,0.0028682330157607794
2025-08-22/IMG_0300.JPG,Small,Very Small,0.5120216608047485,0.48737001419067383,0.0005790279246866703,2.932060306193307e-05
2025-09-29/IMG_1763.JPG,Medium,Medium,0.0005093617946840823,0.2091020941734314,0.7898127436637878,0.0005758157349191606
2025-08-22/IMG_9840.JPG,Medium,Medium,0.0006759146344847977,0.17247550189495087,0.8198317885398865,0.007016783580183983
2025-08-07/IMG_9457.JPG,Small,Small,0.3866976797580719,0.6126258373260498,0.0005990118370391428,7.74726941017434e-05
2025-08-22/IMG_0166.JPG,Very Small,Very Small,0.7753525376319885,0.22374354302883148,0.0008206393686123192,8.32689693197608e-05
2025-09-05/IMG_0912.JPG,Very Small,Very Small,0.9112898707389832,0.08856537938117981,0.00013356097042560577,1.1312121387163643e-05
2025-08-22/IMG_9960.JPG,Very Small,Very Small,0.8932315111160278,0.10622332990169525,0.0005302033969201148,1.4970849406381603e-05
2025-09-05/IMG_1592.JPG,Small,Small,0.0807289406657219,0.6973096132278442,0.20765547454357147,0.014305932447314262
2025-09-05/IMG_0983.JPG,Very Small,Small,0.46780794858932495,0.5100583434104919,0.020077204331755638,0.0020564997103065252
2025-08-22/IMG_0013.JPG,Very Small,Very Small,0.794329047203064,0.19606101512908936,0.008413061499595642,0.001196916215121746
2025-09-05/IMG_0843.JPG,Very Small,Very Small,0.9691476821899414,0.030843155458569527,8.772874025453348e-06,3.689793004468811e-07
2025-09-05/IMG_0947.JPG,Medium,Medium,0.0108252028003335,0.2895776033401489,0.5741403698921204,0.1254568099975586
2025-08-07/IMG_9598.JPG,Small,Small,0.049849607050418854,0.8593767881393433,0.0893501564860344,0.0014234759146347642
2025-08-07/IMG_9138.JPG,Very Small,Small,0.39473435282707214,0.5896276831626892,0.014735870063304901,0.0009021086152642965
2025-08-07/IMG_9406.JPG,Medium,Medium,0.0018997888546437025,0.11532905697822571,0.8590154647827148,0.023755714297294617
2025-08-22/IMG_9886.JPG,Small,Small,0.006263543851673603,0.6699882745742798,0.3218858540058136,0.0018622821662575006
2025-09-05/IMG_1412.JPG,Medium,Medium,3.8087568100309e-05,0.01934077963232994,0.9761480093002319,0.004473124165087938
2025-08-22/IMG_0283.JPG,Very Small,Very Small,0.9873283505439758,0.012671357952058315,3.939244663797581e-07,1.9781516868988547e-08
2025-09-05/IMG_1261.JPG,Medium,Small,0.04964631050825119,0.5864419341087341,0.3466475009918213,0.017264243215322495
2025-08-22/IMG_0186.JPG,Medium,Medium,0.019766539335250854,0.3355332612991333,0.6070057153701782,0.037694405764341354
2025-09-05/IMG_1351.JPG,Medium,Medium,0.004027993883937597,0.2951663136482239,0.685515284538269,0.015290459617972374
2025-09-05/IMG_1414.JPG,Very Small,Very Small,0.9438426494598389,0.05612014979124069,3.655201362562366e-05,6.695398724332335e-07
2025-09-29/IMG_1778.JPG,Very Small,Very Small,0.9981982111930847,0.0018016715766862035,6.354248682782782e-08,5.1803015210794e-09
2025-09-29/IMG_1681.JPG,Medium,Medium,1.4974673376855208e-06,0.009728487581014633,0.9897260069847107,0.0005439164815470576
2025-08-07/IMG_9488.JPG,Small,Small,0.0019779668655246496,0.9450293779373169,0.05297818407416344,1.4547383216267917e-05
2025-08-07/IMG_9596.JPG,Medium,Medium,0.0004496168694458902,0.03466998040676117,0.8683506846427917,0.09652978926897049
2025-09-29/IMG_1787.JPG,Very Small,Very Small,0.9893791079521179,0.010616106912493706,4.400442776386626e-06,3.9914905869409267e-07
2025-09-05/IMG_0919.JPG,Small,Small,0.05227547883987427,0.9393497109413147,0.00834756437689066,2.7175008654012345e-05
2025-08-07/IMG_9685.JPG,Medium,Medium,0.00024048963678069413,0.03968175873160362,0.9343931674957275,0.025684554129838943
2025-08-07/IMG_9115.JPG,Small,Small,0.21597497165203094,0.7492337822914124,0.034233760088682175,0.0005575449322350323
2025-09-05/IMG_0973.JPG,Very Small,Very Small,0.6599050760269165,0.31725457310676575,0.02045448310673237,0.0023859001230448484
2025-08-07/IMG_9464.JPG,Medium,Medium,6.797959940740839e-05,0.06994703412055969,0.9296230673789978,0.0003620088391471654
2025-08-07/IMG_9431.JPG,Very Small,Very Small,0.9999390840530396,6.0872283938806504e-05,4.933741783175183e-12,2.810532568394558e-13
2025-08-07/IMG_9239.JPG,Small,Small,0.0343969501554966,0.9539056420326233,0.011517683044075966,0.00017973360081668943
2025-09-05/IMG_1246.JPG,Small,Small,0.07386769354343414,0.8549218773841858,0.06958463042974472,0.0016258475370705128
2025-09-05/IMG_1580.JPG,Small,Small,0.09201911836862564,0.8001609444618225,0.09617097675800323,0.01164894737303257
2025-09-29/IMG_1885.JPG,Very Small,Very Small,0.8420009613037109,0.13970322906970978,0.013310838490724564,0.004984971135854721
2025-09-05/IMG_1051.JPG,Very Small,Very Small,0.7529389262199402,0.23736675083637238,0.008174259215593338,0.001520013203844428
2025-09-05/IMG_1112.JPG,Very Small,Very Small,0.9832652807235718,0.016732390969991684,2.2156805243866984e-06,6.19933189227595e-08
2025-09-05/IMG_1257.JPG,Small,Small,0.04378154128789902,0.694172739982605,0.25070083141326904,0.011344963684678078
2025-09-05/IMG_1386.JPG,Small,Small,0.0033804599661380053,0.9842847585678101,0.012328870594501495,5.948832040303387e-06
2025-08-07/IMG_9476.JPG,Small,Small,0.0018805799772962928,0.9204922914505005,0.07760671526193619,2.0384368326631375e-05
2025-08-22/IMG_0099.JPG,Very Small,Very Small,0.5719651579856873,0.39624086022377014,0.02959657832980156,0.0021974164992570877
2025-08-22/IMG_0227.JPG,Small,Small,0.3872162997722626,0.6119518876075745,0.000786390679422766,4.53616157756187e-05
2025-08-22/IMG_9850.JPG,Medium,Medium,0.0001663211005507037,0.16857291758060455,0.8306714296340942,0.0005892867920920253
2025-08-07/IMG_9574.JPG,Large,Large,0.002470053266733885,0.029267027974128723,0.3272782564163208,0.6409847140312195
2025-09-05/IMG_1564.JPG,Very Small,Very Small,0.5764119029045105,0.40408480167388916,0.018386099487543106,0.0011171562364324927
2025-08-22/IMG_9897.JPG,Small,Small,0.19627483189105988,0.7984013557434082,0.005184189882129431,0.00013966990809421986
2025-09-05/IMG_0867.JPG,Medium,Medium,1.8691403965931386e-05,0.01609029620885849,0.9821450710296631,0.0017459489172324538
2025-08-22/IMG_9760.JPG,Small,Small,0.0021601240150630474,0.7655468583106995,0.2321709841489792,0.00012207121471874416
2025-09-05/IMG_1424.JPG,Small,Small,0.0020668357610702515,0.9380553960800171,0.05987304449081421,4.707704192696838e-06
2025-09-05/IMG_0836.JPG,Very Small,Very Small,0.7627272009849548,0.23717811703681946,9.366515587316826e-05,9.844578698903206e-07
2025-09-05/IMG_1472.JPG,Large,Large,0.0003620744391810149,0.0322895310819149,0.4018650949001312,0.5654833316802979
2025-08-07/IMG_9218.JPG,Small,Medium,0.010573574341833591,0.33628788590431213,0.6128410696983337,0.04029747471213341
2025-08-07/IMG_9116.JPG,Small,Small,0.4254738390445709,0.5520824790000916,0.02170902118086815,0.000734649773221463
2025-08-22/IMG_9733.JPG,Small,Small,0.2076580971479416,0.7597166895866394,0.030741045251488686,0.0018840761622413993
2025-09-05/IMG_1084.JPG,Small,Small,0.006647590082138777,0.8681588768959045,0.1249818354845047,0.00021159174502827227
2025-08-22/IMG_9945.JPG,Very Small,Very Small,0.7162335515022278,0.28037598729133606,0.0033045955933630466,8.584250463172793e-05
2025-08-22/IMG_0042.JPG,Medium,Small,0.10767380148172379,0.6513044834136963,0.234066903591156,0.00695482362061739
2025-08-22/IMG_0197.JPG,Small,Small,0.05468175932765007,0.8499838709831238,0.09240186214447021,0.00293248170055449
2025-09-05/IMG_1248.JPG,Small,Small,0.14931917190551758,0.6855455636978149,0.15801262855529785,0.007122640032321215
2025-08-07/IMG_9646.JPG,Large,Large,0.0020172209478914738,0.01863468438386917,0.1025906577706337,0.8767575025558472
2025-08-07/IMG_9698.JPG,Large,Large,0.00710469763725996,0.029977325350046158,0.09984494745731354,0.8630729913711548
2025-08-07/IMG_9174.JPG,Small,Small,0.13150769472122192,0.7344224452972412,0.12487883865833282,0.009190985932946205
2025-08-07/IMG_9625.JPG,Large,Large,0.00028354127425700426,0.009342998266220093,0.16773946583271027,0.8226340413093567
2025-09-05/IMG_0925.JPG,Very Small,Very Small,0.8758143782615662,0.12399893999099731,0.00017892358300741762,7.72689327277476e-06
2025-08-22/IMG_9786.JPG,Medium,Small,0.0012052319943904877,0.7354242205619812,0.26330456137657166,6.602240318898112e-05
2025-08-07/IMG_9421.JPG,Small,Small,0.3639848828315735,0.6332786679267883,0.00257530203089118,0.00016108396812342107
2025-08-07/IMG_9460.JPG,Small,Small,0.06361829489469528,0.9302694201469421,0.006058945786207914,5.338736445992254e-05
2025-09-29/IMG_1904.JPG,Very Small,Small,0.16335991024971008,0.6298479437828064,0.16984853148460388,0.03694358468055725
2025-09-05/IMG_1457.JPG,Small,Small,0.1464225798845291,0.8469656705856323,0.006522569805383682,8.919331594370306e-05
2025-09-05/IMG_1115.JPG,Medium,Medium,4.506158347794553e-06,0.01608314737677574,0.9836411476135254,0.0002712053246796131
2025-08-22/IMG_9954.JPG,Very Small,Very Small,0.8904532790184021,0.10873918980360031,0.0007840903126634657,2.3377780962619e-05
2025-09-05/IMG_1241.JPG,Medium,Medium,0.000395219394704327,0.1480163186788559,0.8476111888885498,0.003977328538894653
2025-09-05/IMG_1576.JPG,Very Small,Very Small,0.7247418165206909,0.25284746289253235,0.018671907484531403,0.0037388892378658056
2025-09-05/IMG_1020.JPG,Small,Small,0.03831219673156738,0.8273797631263733,0.12837237119674683,0.005935739725828171
2025-08-22/IMG_9792.JPG,Very Small,Very Small,0.9993517994880676,0.0006482546450570226,2.024431955405248e-09,1.0570517378072353e-10
2025-09-05/IMG_1198.JPG,Very Small,Very Small,0.7070635557174683,0.29162898659706116,0.0012406298192217946,6.684550317004323e-05
2025-09-05/IMG_1492.JPG,Small,Medium,0.0007946169935166836,0.260105162858963,0.732307493686676,0.006792756728827953
2025-09-05/IMG_1125.JPG,Medium,Medium,0.00012922704627271742,0.13124431669712067,0.868347704410553,0.0002787880366668105
2025-09-05/IMG_1302.JPG,Small,Small,0.07299334555864334,0.7528017163276672,0.1670467108488083,0.007158179767429829
2025-09-29/IMG_1755.JPG,Medium,Medium,0.00016044559015426785,0.1839938759803772,0.815589427947998,0.0002562808513175696
2025-09-29/IMG_1950.JPG,Very Small,Very Small,0.8133989572525024,0.16589947044849396,0.01695067621767521,0.0037508970126509666
2025-08-22/IMG_0259.JPG,Very Small,Very Small,0.9960739612579346,0.00392601452767849,1.3069637816442992e-08,4.810947196176585e-10
2025-09-29/IMG_1853.JPG,Very Small,Very Small,0.8109440803527832,0.179823637008667,0.008266948163509369,0.000965349841862917
2025-09-29/IMG_1857.JPG,Very Small,Very Small,0.7063003182411194,0.2869490087032318,0.00643153814598918,0.00031918255263008177
2025-09-05/IMG_1035.JPG,Very Small,Very Small,0.7004712224006653,0.28105300664901733,0.016819149255752563,0.001656699343584478
2025-09-29/IMG_1849.JPG,Small,Medium,0.08047472685575485,0.30883243680000305,0.3132372200489044,0.2974556088447571
2025-08-07/IMG_9144.JPG,Very Small,Very Small,0.60332190990448,0.3870205283164978,0.008560511283576488,0.001097015687264502
2025-09-05/IMG_0939.JPG,Small,Small,0.002192203886806965,0.761814534664154,0.23519958555698395,0.0007936652982607484
2025-09-05/IMG_0903.JPG,Small,Medium,0.0005147521151229739,0.1930573433637619,0.8034106492996216,0.0030172322876751423
2025-09-05/IMG_1387.JPG,Medium,Medium,0.0002747731632553041,0.036349210888147354,0.8766229748725891,0.08675303310155869
2025-09-05/IMG_0808.JPG,Very Small,Very Small,0.9848479628562927,0.015145711600780487,5.997334938001586e-06,3.7576256772808847e-07
2025-09-05/IMG_1469.JPG,Very Small,Very Small,0.9111292958259583,0.08882800489664078,4.081573570147157e-05,1.9066848153670435e-06
2025-09-29/IMG_1902.JPG,Small,Small,0.3210761249065399,0.6495095491409302,0.027750883251428604,0.0016634213970974088
2025-08-07/IMG_9713.JPG,Large,Large,0.00027440825942903757,0.005038315895944834,0.07754673808813095,0.9171404838562012
2025-08-22/IMG_0177.JPG,Very Small,Very Small,0.7108311057090759,0.28836631774902344,0.0007556038326583803,4.6986246161395684e-05
2025-08-22/IMG_9866.JPG,Small,Small,0.014167997986078262,0.9716687798500061,0.014111866243183613,5.126178075443022e-05
2025-09-29/IMG_1725.JPG,Small,Small,0.00264560803771019,0.9852141737937927,0.012138467282056808,1.7222811266037752e-06
2025-09-29/IMG_1758.JPG,Small,Small,0.17103685438632965,0.8260267972946167,0.0029157069511711597,2.058690006379038e-05
2025-08-22/IMG_0027.JPG,Small,Small,0.06215647608041763,0.8245307207107544,0.11216763406991959,0.0011452295584604144
2025-08-22/IMG_9975.JPG,Small,Very Small,0.7700616717338562,0.22811728715896606,0.0017854116158559918,3.56534801539965e-05
2025-09-05/IMG_0811.JPG,Medium,Medium,6.608062540180981e-05,0.015747111290693283,0.9618335366249084,0.022353267297148705
2025-09-05/IMG_1326.JPG,Medium,Small,0.030469214543700218,0.5915903449058533,0.3647599220275879,0.013180458918213844
2025-09-05/IMG_1356.JPG,Medium,Medium,0.0011257948353886604,0.274152547121048,0.7235156893730164,0.0012059364235028625
2025-08-22/IMG_0051.JPG,Very Small,Very Small,0.7412965297698975,0.22732433676719666,0.022888900712132454,0.00849018432199955
2025-08-22/IMG_0109.JPG,Small,Small,0.2197824865579605,0.6902192831039429,0.087588831782341,0.002409300534054637
2025-09-05/IMG_0882.JPG,Small,Small,0.0232998039573431,0.9649350643157959,0.011750747449696064,1.4430105693463702e-05
2025-08-07/IMG_9583.JPG,Medium,Medium,0.00622593006119132,0.10179733484983444,0.7295928597450256,0.16238385438919067
2025-08-22/IMG_0237.JPG,Very Small,Small,0.34314197301864624,0.6534021496772766,0.0033303045202046633,0.00012564926873892546
2025-09-05/IMG_1506.JPG,Small,Small,0.001895307213999331,0.8890267014503479,0.10896966606378555,0.0001083427487174049
2025-08-22/IMG_0286.JPG,Very Small,Very Small,0.9899264574050903,0.010068421252071857,4.424182861839654e-06,8.183166642083961e-07
2025-09-05/IMG_1504.JPG,Medium,Medium,0.00024413048231508583,0.16818079352378845,0.8296828269958496,0.0018922141753137112
2025-08-07/IMG_9226.JPG,Small,Small,0.28274038434028625,0.7144368290901184,0.002640935592353344,0.00018185278167948127
2025-09-05/IMG_1567.JPG,Very Small,Very Small,0.8937299847602844,0.10336695611476898,0.0025870786048471928,0.0003159846237394959
2025-08-07/IMG_9181.JPG,Small,Small,0.022044682875275612,0.6144758462905884,0.3559781610965729,0.007501298561692238
2025-09-05/IMG_1586.JPG,Very Small,Very Small,0.7294751405715942,0.255094975233078,0.014028241857886314,0.0014016577042639256
2025-08-22/IMG_9884.JPG,Medium,Medium,0.006071803625673056,0.14701268076896667,0.6142714023590088,0.23264405131340027
2025-09-05/IMG_1447.JPG,Medium,Medium,0.004401741083711386,0.30902087688446045,0.6812582015991211,0.005319251678884029
2025-09-29/IMG_1892.JPG,Medium,Medium,0.003679936984553933,0.2651847004890442,0.7005887031555176,0.03054669499397278
2025-08-22/IMG_0178.JPG,Very Small,Very Small,0.9568300843238831,0.04310242459177971,5.82439242862165e-05,9.169476470560767e-06
2025-08-07/IMG_9474.JPG,Small,Small,0.001981361536309123,0.7690842747688293,0.22868849337100983,0.00024586927611380816
2025-09-05/IMG_0962.JPG,Medium,Small,0.001106233219616115,0.5159534811973572,0.4824519157409668,0.0004883563378825784
2025-08-22/IMG_0124.JPG,Very Small,Very Small,0.9720302224159241,0.02786884643137455,8.03461589384824e-05,2.062023850157857e-05
2025-09-05/IMG_0807.JPG,Medium,Medium,2.326692992937751e-05,0.07645108550786972,0.9234426021575928,8.307792450068519e-05
2025-08-07/IMG_9693.JPG,Medium,Medium,4.852542406297289e-05,0.05020023137331009,0.9492567181587219,0.0004945204709656537
2025-09-05/IMG_1380.JPG,Medium,Medium,0.00023527567100245506,0.03977538272738457,0.9100318551063538,0.0499575175344944
2025-08-22/IMG_9966.JPG,Very Small,Very Small,0.6310855746269226,0.3643260598182678,0.0044977921061217785,9.052426321431994e-05
2025-08-07/IMG_9517.JPG,Small,Small,0.019009940326213837,0.7065401673316956,0.2724369466304779,0.002012921031564474
2025-09-05/IMG_1064.JPG,Very Small,Very Small,0.5432834625244141,0.3878772556781769,0.0589320994913578,0.009907198138535023
2025-08-07/IMG_9468.JPG,Small,Small,0.009860668331384659,0.9635784029960632,0.026518024504184723,4.300725777284242e-05
2025-09-05/IMG_1268.JPG,Small,Small,0.0893883928656578,0.8691743016242981,0.040789395570755005,0.0006479122093878686
2025-09-05/IMG_1598.JPG,Small,Small,0.3579598069190979,0.5942455530166626,0.04474246874451637,0.003052185522392392
2025-09-05/IMG_1500.JPG,Small,Small,0.0122165996581316,0.94184809923172,0.04568495228886604,0.00025036215083673596
2025-09-05/IMG_1167.JPG,Very Small,Very Small,0.9714726209640503,0.028515152633190155,1.1960540177824441e-05,3.1632293939765077e-07
2025-09-29/IMG_1748.JPG,Very Small,Very Small,0.9969233870506287,0.0030765202827751637,1.359301364800558e-07,1.4465305397948214e-08
2025-08-22/IMG_9900.JPG,Small,Small,0.123647540807724,0.8759973049163818,0.000351487600710243,3.627674914241652e-06
2025-08-07/IMG_9705.JPG,Large,Large,0.017406631261110306,0.1012050062417984,0.3078368604183197,0.5735514760017395
2025-09-05/IMG_0839.JPG,Small,Small,0.13024194538593292,0.8588225841522217,0.010887266136705875,4.818062734557316e-05
2025-09-05/IMG_0910.JPG,Very Small,Very Small,0.9989990592002869,0.0010009448742493987,1.0476548517601714e-08,4.868245806477489e-10
2025-08-07/IMG_9660.JPG,Large,Large,0.0005978707922622561,0.016271939501166344,0.14872503280639648,0.834405243396759
2025-09-05/IMG_1045.JPG,Medium,Small,0.18432672321796417,0.6434796452522278,0.16293703019618988,0.009256572462618351
2025-08-07/IMG_9447.JPG,Very Small,Very Small,0.9993366599082947,0.0006633549346588552,9.98787164085968e-10,6.777801930812899e-11
2025-08-07/IMG_9473.JPG,Very Small,Very Small,0.9296563267707825,0.07031850516796112,2.4086017219815403e-05,1.1253969205426984e-06
2025-08-22/IMG_9988.JPG,Small,Small,0.3815464675426483,0.6035873889923096,0.014538009651005268,0.0003281527024228126
2025-08-22/IMG_0294.JPG,Medium,Medium,0.00434751296415925,0.39067181944847107,0.5998003482818604,0.005180305801331997
2025-09-29/IMG_1767.JPG,Small,Small,0.002347121713683009,0.7863437533378601,0.21120738983154297,0.00010177071817452088
2025-08-07/IMG_9544.JPG,Large,Large,0.05890696123242378,0.18230463564395905,0.25162753462791443,0.5071608424186707
2025-08-22/IMG_9987.JPG,Very Small,Very Small,0.7827175855636597,0.21421675384044647,0.003017598995938897,4.807498407899402e-05
2025-09-05/IMG_1568.JPG,Small,Small,0.17581534385681152,0.7656750082969666,0.056256894022226334,0.0022528176195919514
2025-09-29/IMG_1916.JPG,Very Small,Very Small,0.8206031918525696,0.15733614563941956,0.016701363027095795,0.005359290633350611
2025-08-07/IMG_9714.JPG,Large,Large,0.0001299858558923006,0.005444986745715141,0.07234679907560349,0.9220781922340393
2025-08-22/IMG_9803.JPG,Medium,Medium,5.6714001402724534e-05,0.03777502477169037,0.960975706577301,0.0011925316648557782
2025-09-05/IMG_1138.JPG,Small,Small,0.03589923679828644,0.9614003300666809,0.002696475712582469,4.0665618143975735e-06
2025-09-05/IMG_1210.JPG,Very Small,Very Small,0.9829105734825134,0.017084218561649323,5.019954187446274e-06,1.6896392196485976e-07
2025-08-22/IMG_9808.JPG,Very Small,Very Small,0.9999074935913086,9.254000906366855e-05,9.27467738026655e-12,4.069012921742443e-13
2025-09-05/IMG_1267.JPG,Small,Small,0.02385515533387661,0.7572707533836365,0.21673521399497986,0.0021388360764831305
2025-09-29/IMG_1693.JPG,Medium,Medium,6.003809176036157e-05,0.35445913672447205,0.6454565525054932,2.4299073629663326e-05
2025-08-22/IMG_9985.JPG,Very Small,Very Small,0.8583633899688721,0.14004088938236237,0.0015523539623245597,4.33566456194967e-05
2025-09-05/IMG_1225.JPG,Small,Small,0.01642701029777527,0.9355674386024475,0.047414422035217285,0.0005911383195780218
2025-08-07/IMG_9434.JPG,Small,Small,0.007634737528860569,0.8167535662651062,0.1752520054578781,0.0003596339956857264
2025-08-07/IMG_9681.JPG,Large,Large,0.00017912867770064622,0.004381177946925163,0.05244257301092148,0.9429970979690552
2025-09-05/IMG_1098.JPG,Small,Small,0.035844624042510986,0.9409580230712891,0.023038415238261223,0.00015898174024187028
2025-09-05/IMG_1503.JPG,Medium,Medium,0.0002748732513282448,0.245931476354599,0.7529201507568359,0.0008735429728403687
2025-09-05/IMG_1293.JPG,Small,Small,0.08023025095462799,0.7171333432197571,0.16066095232963562,0.04197544604539871
2025-09-29/IMG_1738.JPG,Medium,Medium,7.368371370830573e-06,0.0793488398194313,0.9206176400184631,2.6182906367466785e-05
2025-09-05/IMG_1234.JPG,Small,Small,0.001959273824468255,0.5627487301826477,0.4319140911102295,0.003377927001565695
2025-09-05/IMG_0874.JPG,Small,Small,0.035722438246011734,0.954067051410675,0.010182850994169712,2.7658110411721282e-05
2025-09-05/IMG_1584.JPG,Very Small,Very Small,0.47992679476737976,0.45920291543006897,0.056165099143981934,0.004705173894762993
2025-08-22/IMG_9996.JPG,Small,Very Small,0.5942793488502502,0.40317314863204956,0.0025342304725199938,1.3271003808768e-05
2025-08-22/IMG_9911.JPG,Small,Small,0.2525750696659088,0.7314922213554382,0.015758773311972618,0.00017384198145009577
2025-09-05/IMG_1023.JPG,Small,Very Small,0.7070149779319763,0.28553542494773865,0.007082161493599415,0.0003673814353533089
2025-08-07/IMG_9243.JPG,Very Small,Very Small,0.9913578033447266,0.008640963584184647,1.155530299001839e-06,1.0527842420060551e-07
2025-09-29/IMG_1838.JPG,Small,Small,0.004703596234321594,0.6473604440689087,0.34139561653137207,0.006540372036397457
2025-08-07/IMG_9585.JPG,Large,Large,0.010707116685807705,0.13023020327091217,0.410586953163147,0.44847574830055237
2025-09-29/IMG_1941.JPG,Very Small,Very Small,0.7788476347923279,0.20651856064796448,0.012481150217354298,0.0021526410710066557
2025-09-29/IMG_1694.JPG,Very Small,Very Small,0.9896094799041748,0.010390139184892178,3.435253859151999e-07,7.404455271142751e-09
2025-08-07/IMG_9547.JPG,Small,Small,0.23480956256389618,0.6592209935188293,0.08852701634168625,0.017442364245653152
2025-08-22/IMG_9851.JPG,Very Small,Very Small,0.9971277117729187,0.0028722546994686127,4.4218261052719754e-08,3.105556922733399e-09
2025-09-05/IMG_1332.JPG,Small,Small,0.13419093191623688,0.6961660981178284,0.14634591341018677,0.023297075182199478
2025-09-05/IMG_0955.JPG,Small,Small,0.006762336008250713,0.9605696797370911,0.032645102590322495,2.290657357661985e-05
2025-09-05/IMG_1309.JPG,Small,Small,0.03855009749531746,0.7056469321250916,0.24834048748016357,0.0074624791741371155
2025-08-22/IMG_0253.JPG,Medium,Medium,7.565991836600006e-05,0.07601840049028397,0.9233572483062744,0.0005487650632858276
2025-09-29/IMG_1671.JPG,Small,Small,0.16960500180721283,0.805942714214325,0.014653090387582779,0.009799182415008545
2025-09-29/IMG_1674.JPG,Small,Small,0.005365786608308554,0.9793165326118469,0.015308528207242489,9.152164238912519e-06
2025-09-29/IMG_1731.JPG,Small,Small,0.009882454760372639,0.9795207381248474,0.010587336495518684,9.468652933719568e-06
2025-08-07/IMG_9709.JPG,Large,Large,0.00798263680189848,0.046723753213882446,0.0983116552233696,0.846981942653656
2025-09-29/IMG_1679.JPG,Medium,Medium,5.960095222690143e-05,0.13770249485969543,0.8620271682739258,0.00021070487855467945
2025-09-29/IMG_1745.JPG,Small,Small,0.00011436473141657189,0.661908745765686,0.33797234296798706,4.557210559141822e-06
2025-09-05/IMG_1449.JPG,Medium,Medium,0.0016052530845627189,0.3677334785461426,0.6298056244850159,0.0008556880056858063
2025-08-07/IMG_9165.JPG,Very Small,Small,0.2740612030029297,0.672694206237793,0.05098598450422287,0.0022585743572562933
2025-09-05/IMG_1162.JPG,Small,Medium,0.0004079407372046262,0.2247694581747055,0.7744969725608826,0.0003256434283684939
2025-09-05/IMG_1269.JPG,Small,Small,0.05235358700156212,0.874061644077301,0.07267283648252487,0.0009119324386119843
2025-09-05/IMG_1575.JPG,Small,Small,0.07878108322620392,0.761026918888092,0.15294747054576874,0.007244479842483997
2025-08-07/IMG_9237.JPG,Medium,Medium,0.0007597546791657805,0.046876952052116394,0.8129246234893799,0.1394387185573578
2025-09-29/IMG_1914.JPG,Very Small,Very Small,0.8526193499565125,0.14306707680225372,0.004023532383143902,0.00028999586356803775
2025-08-22/IMG_9955.JPG,Very Small,Very Small,0.9450182914733887,0.054790955036878586,0.0001862577919382602,4.566278221318498e-06
2025-08-22/IMG_0025.JPG,Small,Small,0.09792383760213852,0.8261845707893372,0.07525210082530975,0.0006394581287167966
2025-09-05/IMG_1007.JPG,Small,Small,0.1780158132314682,0.6986488103866577,0.10846002399921417,0.014875286258757114
2025-08-22/IMG_0089.JPG,Medium,Medium,0.03652353957295418,0.4716925621032715,0.4737505316734314,0.018033435568213463
2025-09-29/IMG_1873.JPG,Small,Small,0.04150540381669998,0.6632915139198303,0.27938106656074524,0.015822045505046844
2025-09-05/IMG_1455.JPG,Very Small,Very Small,0.9994409680366516,0.0005589768406935036,2.8444588906495483e-09,9.024175157135161e-11
2025-08-07/IMG_9652.JPG,Large,Large,0.00014364694652613252,0.007810993120074272,0.18668289482593536,0.8053624033927917
2025-08-07/IMG_9157.JPG,Small,Small,0.08281984180212021,0.8795642256736755,0.03724932298064232,0.0003666552947834134
2025-09-05/IMG_1230.JPG,Small,Small,0.013071629218757153,0.9559606313705444,0.03079703263938427,0.0001707382034510374
2025-09-05/IMG_1565.JPG,Very Small,Very Small,0.8579361438751221,0.13404905796051025,0.00693500554189086,0.001079755136743188
2025-09-05/IMG_1015.JPG,Small,Small,0.052154745906591415,0.6946232914924622,0.2392881065607071,0.013933823443949223
2025-09-05/IMG_1596.JPG,Very Small,Very Small,0.6542080044746399,0.33286258578300476,0.010442575439810753,0.002486848272383213
2025-08-07/IMG_9462.JPG,Very Small,Very Small,0.9997430443763733,0.00025696406373754144,2.6587823609425243e-10,1.5875186581970624e-11
2025-09-05/IMG_1399.JPG,Medium,Medium,0.000159977309522219,0.148007333278656,0.851485013961792,0.00034771274658851326
2025-09-05/IMG_1034.JPG,Small,Small,0.255889356136322,0.6831745505332947,0.05744844302535057,0.0034876123536378145
2025-09-05/IMG_1355.JPG,Small,Small,0.3010856509208679,0.6899845600128174,0.008790882304310799,0.00013891543494537473
2025-09-29/IMG_1780.JPG,Small,Small,0.012730064801871777,0.7811921238899231,0.2052679806947708,0.0008098093676380813
2025-09-29/IMG_1721.JPG,Very Small,Very Small,0.8175602555274963,0.182394877076149,4.3681953684426844e-05,1.2334692200965947e-06
2025-09-05/IMG_1288.JPG,Small,Small,0.04854495823383331,0.7424998879432678,0.20368622243404388,0.005268900189548731
2025-09-29/IMG_1877.JPG,Very Small,Very Small,0.8641543984413147,0.13187260925769806,0.003702200250700116,0.00027079525170847774
2025-09-05/IMG_1250.JPG,Very Small,Very Small,0.7903149724006653,0.19965419173240662,0.009085675701498985,0.0009451424120925367
2025-09-29/IMG_1910.JPG,Small,Small,0.14376765489578247,0.8226578235626221,0.022280771285295486,0.01129372138530016
2025-08-07/IMG_9526.JPG,Medium,Medium,0.019528625532984734,0.1591925173997879,0.5886666178703308,0.2326122373342514
2025-08-22/IMG_0032.JPG,Very Small,Very Small,0.6807201504707336,0.3161343038082123,0.0031042788177728653,4.128677392145619e-05
2025-08-22/IMG_0110.JPG,Very Small,Very Small,0.6205970644950867,0.3306863307952881,0.044538505375385284,0.004178074188530445
2025-08-07/IMG_9688.JPG,Large,Large,0.00011398221977287903,0.0022233915515244007,0.021192967891693115,0.9764695763587952
2025-09-05/IMG_1276.JPG,Medium,Small,0.3889002203941345,0.5704905986785889,0.03939734771847725,0.0012118191225454211
2025-08-07/IMG_9145.JPG,Small,Small,0.4633508622646332,0.49630385637283325,0.02997598424553871,0.010369307361543179
2025-08-07/IMG_9440.JPG,Very Small,Very Small,0.9915498495101929,0.008449234999716282,8.253801979662967e-07,6.588450673916668e-08
2025-08-07/IMG_9110.JPG,Small,Small,0.1744404137134552,0.7070226073265076,0.11109554767608643,0.00744145642966032
2025-09-05/IMG_1336.JPG,Small,Small,0.08489390462636948,0.6933265328407288,0.17035037279129028,0.051429130136966705
2025-08-07/IMG_9508.JPG,Small,Small,0.02013500966131687,0.5201025605201721,0.4238335192203522,0.03592891991138458
2025-08-07/IMG_9213.JPG,Small,Small,0.0575767457485199,0.9193149209022522,0.022880686447024345,0.00022765196627005935
2025-09-05/IMG_1262.JPG,Very Small,Very Small,0.5407006740570068,0.4189322292804718,0.03812031447887421,0.0022468010429292917
2025-09-05/IMG_1077.JPG,Small,Small,0.020054176449775696,0.9631624817848206,0.01672014407813549,6.317157385637984e-05
2025-09-05/IMG_1111.JPG,Medium,Medium,2.31818444262899e-06,0.01720411144196987,0.982730507850647,6.30506401648745e-05
2025-08-07/IMG_9410.JPG,Very Small,Very Small,0.9944310784339905,0.005568672437220812,2.5571486617081973e-07,1.7310117783608803e-08
2025-09-05/IMG_1456.JPG,Small,Small,0.07637856155633926,0.9185336828231812,0.005079496186226606,8.304500624944922e-06
2025-08-22/IMG_9937.JPG,Small,Very Small,0.86348956823349,0.13448210060596466,0.0019426763756200671,8.555687236366794e-05
2025-08-22/IMG_9972.JPG,Very Small,Very Small,0.52649986743927,0.46479737758636475,0.008558712899684906,0.0001439934130758047
2025-09-05/IMG_1468.JPG,Very Small,Very Small,0.9912748336791992,0.008723924867808819,1.153286689259403e-06,8.390087913312527e-08
2025-09-29/IMG_1890.JPG,Small,Small,0.1338510811328888,0.6157952547073364,0.19877322018146515,0.05158039554953575
2025-09-05/IMG_1603.JPG,Medium,Medium,0.0123606501147151,0.2305365353822708,0.7311280369758606,0.02597472071647644
2025-09-05/IMG_1065.JPG,Small,Small,0.13944119215011597,0.7064968347549438,0.1246454194188118,0.029416559264063835
2025-09-29/IMG_1819.JPG,Small,Small,0.09033539146184921,0.9075126051902771,0.0021414528600871563,1.0578579349385109e-05
2025-09-05/IMG_0981.JPG,Very Small,Small,0.1933058649301529,0.6991289258003235,0.10315291583538055,0.004412294831126928
2025-09-05/IMG_1445.JPG,Very Small,Very Small,0.9657045602798462,0.034290362149477005,5.11612779519055e-06,7.033059290506571e-08
2025-08-22/IMG_0012.JPG,Very Small,Very Small,0.7214003801345825,0.2652844488620758,0.0128413001075387,0.00047386379446834326
2025-08-07/IMG_9485.JPG,Medium,Medium,0.0006189453415572643,0.05486119166016579,0.9307714104652405,0.013748498633503914
2025-08-22/IMG_9938.JPG,Very Small,Very Small,0.9245672821998596,0.07441167533397675,0.000952353177126497,6.86595230945386e-05
2025-08-07/IMG_9401.JPG,Small,Small,0.12082864344120026,0.8647818565368652,0.013907231390476227,0.00048230087850242853
2025-09-29/IMG_1765.JPG,Medium,Medium,0.00036932993680238724,0.4909570813179016,0.50856614112854,0.00010743788880063221
2025-09-05/IMG_1227.JPG,Small,Small,0.03262068331241608,0.9521985054016113,0.0151147972792387,6.599026528419927e-05
2025-08-07/IMG_9423.JPG,Very Small,Very Small,0.9416742920875549,0.057826731353998184,0.0004235568339936435,7.541199738625437e-05
2025-08-07/IMG_9216.JPG,Medium,Medium,0.005418458487838507,0.27806246280670166,0.7097842693328857,0.006734838709235191
2025-08-22/IMG_0129.JPG,Very Small,Very Small,0.9833506941795349,0.016623837873339653,2.2272768546827137e-05,3.224125521228416e-06
2025-09-05/IMG_1562.JPG,Very Small,Very Small,0.8015449643135071,0.18867962062358856,0.008650763891637325,0.0011246707290410995
2025-08-22/IMG_0055.JPG,Medium,Small,0.1057993546128273,0.6024016737937927,0.2802843749523163,0.011514629237353802
2025-08-22/IMG_0039.JPG,Very Small,Small,0.4285997450351715,0.5487668514251709,0.02131335809826851,0.001320079667493701
2025-08-07/IMG_9611.JPG,Large,Large,0.00010189113527303562,0.00251351622864604,0.03174324706196785,0.9656413793563843
2025-08-22/IMG_0241.JPG,Very Small,Very Small,0.9989797472953796,0.001020249561406672,4.0785734789494654e-09,3.887986599337978e-10
2025-09-29/IMG_1939.JPG,Very Small,Very Small,0.8448914885520935,0.14640554785728455,0.007596115581691265,0.0011068336898460984
2025-09-05/IMG_1017.JPG,Very Small,Small,0.2643831670284271,0.6895124912261963,0.04306940361857414,0.0030349211301654577
2025-08-22/IMG_0097.JPG,Very Small,Very Small,0.9182069301605225,0.08142209053039551,0.0003635096945799887,7.533571988460608e-06
2025-08-07/IMG_9487.JPG,Small,Small,0.04024459421634674,0.9463042616844177,0.013381898403167725,6.930119707249105e-05
2025-08-07/IMG_9160.JPG,Small,Very Small,0.5351610779762268,0.42485684156417847,0.031174175441265106,0.008807862177491188
2025-08-07/IMG_9530.JPG,Small,Small,0.10245782881975174,0.7538906335830688,0.12409523874521255,0.019556289538741112
2025-09-05/IMG_0829.JPG,Small,Small,0.011366182938218117,0.9761650562286377,0.012446506880223751,2.226078140665777e-05
2025-08-07/IMG_9522.JPG,Small,Small,0.2704618573188782,0.6977142095565796,0.0311175137758255,0.0007064358796924353
2025-09-05/IMG_1155.JPG,Small,Small,0.0458834208548069,0.8557134866714478,0.0976421982049942,0.0007608790183439851
2025-09-05/IMG_1544.JPG,Very Small,Small,0.4287278652191162,0.4490070343017578,0.09106333553791046,0.03120182268321514
2025-08-22/IMG_9822.JPG,Large,Large,0.00020498440426308662,0.0020622708834707737,0.012374003417789936,0.985358715057373
2025-08-07/IMG_9128.JPG,Medium,Small,0.10816965997219086,0.7231431603431702,0.16107851266860962,0.007608702406287193
2025-09-05/IMG_1452.JPG,Very Small,Small,0.4730398654937744,0.5230626463890076,0.003842368256300688,5.504331784322858e-05
2025-08-22/IMG_0200.JPG,Small,Small,0.18695572018623352,0.8085896372795105,0.004227393306791782,0.00022725235612597317
2025-09-05/IMG_0822.JPG,Small,Small,0.09381518512964249,0.9031537175178528,0.0030181945767253637,1.2963167137058917e-05
2025-08-22/IMG_0203.JPG,Medium,Medium,0.008428527973592281,0.3583697974681854,0.6224273443222046,0.010774397291243076
2025-09-05/IMG_1439.JPG,Very Small,Very Small,0.9592028856277466,0.04074811935424805,4.7330529923783615e-05,1.6792025689937873e-06
2025-08-07/IMG_9636.JPG,Large,Large,0.0007932199514470994,0.00871245190501213,0.05227748304605484,0.9382168650627136
2025-08-07/IMG_9214.JPG,Small,Small,0.04922988638281822,0.8315613269805908,0.11756465584039688,0.001644087489694357
2025-08-07/IMG_9132.JPG,Small,Small,0.016657879576086998,0.7860762476921082,0.1917366087436676,0.005529286339879036
2025-09-05/IMG_1348.JPG,Small,Small,0.05677073448896408,0.9246329665184021,0.018274206668138504,0.00032208504853770137
2025-09-05/IMG_1082.JPG,Small,Small,0.0046938881278038025,0.5302898287773132,0.4637047052383423,0.001311622210778296
2025-09-29/IMG_1691.JPG,Medium,Medium,8.474265200675291e-07,0.005218238569796085,0.9940992593765259,0.0006817461107857525
2025-08-07/IMG_9678.JPG,Large,Large,0.001573051675222814,0.024876361712813377,0.4407501220703125,0.5328004360198975
2025-09-05/IMG_1453.JPG,Small,Small,0.36258628964424133,0.6356033086776733,0.0017947404412552714,1.5674851965741254e-05
2025-09-29/IMG_1826.JPG,Small,Small,0.0012977144215255976,0.8775615096092224,0.12110324203968048,3.758941238629632e-05
2025-09-05/IMG_1297.JPG,Small,Small,0.2891739010810852,0.6848262548446655,0.024506835266947746,0.0014930714387446642
2025-09-29/IMG_1700.JPG,Small,Small,0.006341974716633558,0.9854140281677246,0.00824061781167984,3.3646092560957186e-06
2025-09-05/IMG_0815.JPG,Very Small,Very Small,0.9973648190498352,0.0026350601110607386,7.152743108918003e-08,4.355525717869568e-09
2025-08-07/IMG_9671.JPG,Large,Large,0.0003894176334142685,0.006463425233960152,0.07180285453796387,0.9213442206382751
2025-09-29/IMG_1705.JPG,Very Small,Very Small,0.9902141690254211,0.009785783477127552,1.4595059383282205e-07,8.76022976381563e-10
2025-09-05/IMG_1585.JPG,Medium,Very Small,0.5820074081420898,0.3718034625053406,0.040829695761203766,0.005359458737075329
2025-08-07/IMG_9518.JPG,Small,Small,0.04533137008547783,0.8354926109313965,0.1176542118191719,0.0015217502368614078
2025-08-07/IMG_9235.JPG,Medium,Medium,0.00014940915571060032,0.057131797075271606,0.9400392174720764,0.0026796467136591673
2025-09-05/IMG_1346.JPG,Small,Small,0.02595943585038185,0.8508119583129883,0.11277426779270172,0.010454363189637661
2025-09-05/IMG_1163.JPG,Medium,Medium,0.007610104978084564,0.3490296006202698,0.6373269557952881,0.006033279001712799
2025-08-22/IMG_0038.JPG,Small,Small,0.3638167083263397,0.5302936434745789,0.10195758193731308,0.003932028543204069
2025-08-22/IMG_9912.JPG,Small,Very Small,0.5936666131019592,0.39889800548553467,0.007190555799752474,0.00024483888410031796
2025-09-05/IMG_1397.JPG,Very Small,Very Small,0.9663459062576294,0.03363995999097824,1.3718656191485934e-05,4.055561362292792e-07
2025-08-22/IMG_0218.JPG,Small,Small,0.17026261985301971,0.8285338878631592,0.0011600456200540066,4.343026375863701e-05
2025-09-05/IMG_1189.JPG,Small,Small,0.07325363904237747,0.8837611675262451,0.04080023244023323,0.002184987301006913
2025-09-05/IMG_0929.JPG,Large,Large,0.00024651872809045017,0.011897449381649494,0.14925089478492737,0.8386051058769226
2025-08-07/IMG_9532.JPG,Medium,Medium,0.0007023427751846611,0.033651355654001236,0.8026412725448608,0.1630050390958786
2025-09-05/IMG_1249.JPG,Very Small,Very Small,0.6317139863967896,0.3328680396080017,0.03306938707828522,0.0023486658465117216
2025-09-29/IMG_1777.JPG,Very Small,Very Small,0.9960448145866394,0.0039548007771372795,3.0614060619882366e-07,2.3946153504539325e-08
2025-09-05/IMG_1528.JPG,Small,Small,0.09494110196828842,0.8703067302703857,0.0332767553627491,0.0014754427829757333
2025-09-05/IMG_1197.JPG,Very Small,Very Small,0.8200486302375793,0.1798231601715088,0.00012469688954297453,3.4229449283884605e-06
2025-09-05/IMG_0926.JPG,Small,Small,0.036993589252233505,0.9346600770950317,0.028175557032227516,0.00017082250269595534
2025-09-05/IMG_1105.JPG,Medium,Medium,8.466412509733345e-06,0.01250868197530508,0.9842425584793091,0.003240316640585661
2025-08-22/IMG_0046.JPG,Very Small,Very Small,0.6990984678268433,0.29524850845336914,0.00505830766633153,0.0005947126774117351
2025-09-05/IMG_1582.JPG,Medium,Medium,0.0071214488707482815,0.24428753554821014,0.7235307097434998,0.02506028488278389
2025-08-07/IMG_9556.JPG,Very Small,Very Small,0.9694491028785706,0.030465753749012947,7.899563934188336e-05,6.121014394011581e-06
2025-09-05/IMG_1254.JPG,Small,Small,0.40310266613960266,0.5615716576576233,0.03396053984761238,0.0013651488116011024
2025-08-22/IMG_0255.JPG,Very Small,Very Small,0.9878051280975342,0.012193792499601841,9.195832717523444e-07,1.3419465005881648e-07
2025-09-29/IMG_1784.JPG,Small,Small,0.0026451065205037594,0.779075562953949,0.2181762158870697,0.00010305454634362832
2025-08-22/IMG_0179.JPG,Very Small,Very Small,0.9962084293365479,0.0037914605345577,1.1439728808682048e-07,7.71903785334871e-09
2025-09-29/IMG_1864.JPG,Small,Small,0.1263275146484375,0.8005512356758118,0.06659559160470963,0.00652563851326704
2025-09-05/IMG_1329.JPG,Small,Small,0.25766584277153015,0.6347231268882751,0.09590530395507812,0.01170575525611639
2025-09-29/IMG_1945.JPG,Very Small,Very Small,0.5873123407363892,0.3645464777946472,0.04280675947666168,0.005334357265383005
2025-08-07/IMG_9264.JPG,Small,Small,0.10625648498535156,0.7465947270393372,0.1285867989063263,0.018561951816082
2025-08-22/IMG_0229.JPG,Small,Small,0.2388727217912674,0.7598390579223633,0.001201033708639443,8.717348100617528e-05
2025-08-07/IMG_9454.JPG,Very Small,Very Small,0.9923533797264099,0.007646523881703615,1.4850169804958568e-07,1.4077842003246133e-08
2025-09-05/IMG_1218.JPG,Medium,Medium,9.234454046236351e-05,0.07727653533220291,0.9210831522941589,0.001548047992400825
2025-09-05/IMG_0805.JPG,Medium,Medium,1.838558273448143e-05,0.011535701341927052,0.9819725155830383,0.006473484914749861
2025-09-29/IMG_1863.JPG,Very Small,Very Small,0.8258086442947388,0.1655484139919281,0.007789145689457655,0.0008537297835573554
2025-09-05/IMG_1076.JPG,Small,Medium,0.0024611707776784897,0.47661063075065613,0.516193151473999,0.004735124297440052
2025-08-07/IMG_9118.JPG,Very Small,Very Small,0.3353719115257263,0.2468622773885727,0.13449068367481232,0.28327515721321106
2025-08-07/IMG_9562.JPG,Medium,Medium,0.029835721477866173,0.3230261504650116,0.573805570602417,0.07333258539438248
2025-09-05/IMG_1052.JPG,Very Small,Very Small,0.6464836001396179,0.3205009996891022,0.02733483538031578,0.005680578760802746
2025-08-22/IMG_0071.JPG,Very Small,Small,0.3902202248573303,0.5699787139892578,0.03870315104722977,0.0010979099897667766
2025-08-22/IMG_9770.JPG,Medium,Medium,0.0001834908762248233,0.04187910631299019,0.9516023397445679,0.006334982346743345
2025-09-29/IMG_1678.JPG,Small,Small,0.003008745377883315,0.9833022952079773,0.013686515390872955,2.4198218397941673e-06
2025-09-05/IMG_1465.JPG,Very Small,Very Small,0.9761810898780823,0.023809010162949562,9.106920515478123e-06,8.530501531822665e-07
2025-08-07/IMG_9228.JPG,Medium,Medium,0.00036857626400887966,0.15605179965496063,0.8425437211990356,0.0010358123108744621
2025-08-07/IMG_9414.JPG,Large,Large,0.0011632025707513094,0.01937919110059738,0.407734751701355,0.5717228651046753
2025-08-22/IMG_0161.JPG,Small,Small,0.033486977219581604,0.933415412902832,0.03261816129088402,0.00047950464067980647
2025-09-05/IMG_0826.JPG,Very Small,Very Small,0.99907386302948,0.0009260710794478655,5.116842061170246e-09,1.5835999178648308e-10
2025-09-05/IMG_1000.JPG,Very Small,Very Small,0.9171979427337646,0.08102896809577942,0.0016466163797304034,0.00012645131209865212
2025-08-22/IMG_9787.JPG,Very Small,Very Small,0.9976159334182739,0.002384092193096876,3.897358524795891e-08,2.6660471608153102e-09
2025-09-05/IMG_0932.JPG,Medium,Medium,0.00013631729234475642,0.028765972703695297,0.9406095147132874,0.030488146468997
2025-09-29/IMG_1895.JPG,Small,Small,0.014051943086087704,0.5359198451042175,0.4269259572029114,0.023102203384041786
2025-08-07/IMG_9604.JPG,Small,Small,0.21048788726329803,0.7809456586837769,0.00850081630051136,6.567534001078457e-05
2025-08-22/IMG_9779.JPG,Very Small,Very Small,0.9992895126342773,0.0007104970281943679,2.584183089737735e-09,9.138556578136559e-11
2025-09-05/IMG_1213.JPG,Small,Very Small,0.5341494083404541,0.46373075246810913,0.0020323870703577995,8.742425416130573e-05
2025-09-05/IMG_1359.JPG,Very Small,Very Small,0.9303836822509766,0.06957199424505234,4.3227999412920326e-05,1.0480763421583106e-06
2025-08-07/IMG_9555.JPG,Medium,Medium,0.0009133688872680068,0.05117179825901985,0.7841506004333496,0.16376417875289917
2025-08-22/IMG_0247.JPG,Small,Small,0.012674915604293346,0.9506264328956604,0.03637422248721123,0.0003244819527026266
2025-08-07/IMG_9599.JPG,Medium,Medium,0.0009103432530537248,0.07960352301597595,0.8981370329856873,0.02134900726377964
2025-09-05/IMG_1482.JPG,Small,Small,0.06346137076616287,0.9342604875564575,0.0022291061468422413,4.9001133447745815e-05
2025-08-07/IMG_9140.JPG,Very Small,Very Small,0.8930842280387878,0.10613980144262314,0.0007504785899072886,2.5495482987025753e-05
2025-09-05/IMG_0897.JPG,Very Small,Very Small,0.9190195202827454,0.08086796849966049,0.00010303567978553474,9.499892257736064e-06
2025-08-22/IMG_0173.JPG,Very Small,Very Small,0.9532449245452881,0.04671856015920639,3.256983109167777e-05,3.869008196488721e-06
2025-08-07/IMG_9715.JPG,Medium,Medium,2.1213503714534454e-05,0.016959194093942642,0.9643954634666443,0.01862402819097042
2025-09-29/IMG_1926.JPG,Very Small,Very Small,0.8309121131896973,0.15932564437389374,0.008627718314528465,0.0011344111990183592
2025-09-05/IMG_1072.JPG,Small,Small,0.20053356885910034,0.6947283148765564,0.08618493378162384,0.01855326257646084
2025-08-22/IMG_9956.JPG,Small,Very Small,0.8725751638412476,0.12601520121097565,0.0013387518702074885,7.085249671945348e-05
2025-09-05/IMG_1400.JPG,Small,Small,0.004253010731190443,0.8807456493377686,0.11490669846534729,9.471899829804897e-05
2025-09-05/IMG_1295.JPG,Small,Medium,0.011128761805593967,0.23621009290218353,0.6445387005805969,0.10812240093946457
2025-08-07/IMG_9451.JPG,Very Small,Very Small,0.9991052746772766,0.0008947213646024466,2.1259598526057744e-09,1.3205163351681648e-10
2025-09-05/IMG_1371.JPG,Small,Small,0.029849156737327576,0.9526898860931396,0.017427271232008934,3.3579275623196736e-05
2025-08-22/IMG_0133.JPG,Small,Small,0.12820208072662354,0.7108771800994873,0.15513618290424347,0.005784576293081045
2025-08-07/IMG_9085.JPG,Very Small,Small,0.3594018220901489,0.5384690761566162,0.04789863899350166,0.05423051491379738
2025-08-07/IMG_9424.JPG,Small,Small,0.0102104302495718,0.5928587317466736,0.3947226107120514,0.002208221470937133
2025-09-05/IMG_0972.JPG,Small,Small,0.25662505626678467,0.6347193121910095,0.0920182317495346,0.0166374072432518
2025-08-22/IMG_0269.JPG,Very Small,Small,0.36712002754211426,0.6306882500648499,0.0020279251039028168,0.00016371886886190623
2025-09-05/IMG_1360.JPG,Very Small,Very Small,0.8942621350288391,0.1056939959526062,4.2722600483102724e-05,1.113695702770201e-06
2025-09-05/IMG_1066.JPG,Medium,Medium,0.010235617868602276,0.32233697175979614,0.5075619220733643,0.15986548364162445
2025-09-05/IMG_1352.JPG,Small,Small,0.04247615113854408,0.8043548464775085,0.15072941780090332,0.0024395177606493235
2025-08-07/IMG_9633.JPG,Large,Large,0.0023148281034082174,0.01656908169388771,0.08293422311544418,0.8981818556785583
2025-09-29/IMG_1746.JPG,Medium,Medium,8.632224489701912e-05,0.3851809501647949,0.6147056221961975,2.7127784051117487e-05
2025-09-29/IMG_1817.JPG,Very Small,Very Small,0.9559361338615417,0.04402637109160423,3.585447484510951e-05,1.6024341675802134e-06
2025-08-22/IMG_9986.JPG,Very Small,Very Small,0.936360239982605,0.06299977004528046,0.0006130796973593533,2.6967170924763195e-05
2025-09-29/IMG_1903.JPG,Medium,Small,0.04085635766386986,0.7512791156768799,0.17724741995334625,0.030617112293839455
2025-08-07/IMG_9254.JPG,Small,Small,0.0024682311341166496,0.7696301341056824,0.2272736132144928,0.0006280606030486524
2025-09-05/IMG_1546.JPG,Very Small,Very Small,0.8238050937652588,0.173402339220047,0.0026095458306372166,0.00018300249939784408
2025-09-05/IMG_1358.JPG,Small,Small,0.024621818214654922,0.9122179746627808,0.06264354288578033,0.0005166413029655814
2025-08-22/IMG_0211.JPG,Small,Small,0.3260999917984009,0.6712054014205933,0.0026052137836813927,8.944356522988528e-05
2025-08-22/IMG_0060.JPG,Very Small,Small,0.3680456578731537,0.6052130460739136,0.025495586916804314,0.001245712279342115
2025-08-22/IMG_9815.JPG,Large,Large,5.712013808079064e-05,0.001995832659304142,0.047259699553251266,0.9506872892379761
2025-09-05/IMG_0917.JPG,Medium,Medium,8.143411832861602e-05,0.10324198007583618,0.8962574005126953,0.00041922114905901253
2025-08-22/IMG_9759.JPG,Medium,Medium,2.1287974959705025e-05,0.026471730321645737,0.9729457497596741,0.0005611953674815595
2025-09-05/IMG_1496.JPG,Medium,Small,0.000983062433078885,0.7332390546798706,0.26537707448005676,0.0004008301766589284
2025-09-05/IMG_0865.JPG,Very Small,Very Small,0.9986887574195862,0.0013112019514665008,1.9581921861799856e-08,1.9928598771201678e-09
2025-08-07/IMG_9426.JPG,Medium,Small,0.014297667890787125,0.8965573310852051,0.0884772390127182,0.0006677351193502545
2025-09-05/IMG_1132.JPG,Very Small,Very Small,0.9967464208602905,0.0032534836791455746,1.557294950771393e-07,1.0051156351664758e-08
2025-09-29/IMG_1685.JPG,Very Small,Very Small,0.9894710779190063,0.010528449900448322,4.219126310545107e-07,4.763633487669949e-09
2025-08-22/IMG_9919.JPG,Very Small,Very Small,0.8963528871536255,0.1025347039103508,0.0010644346475601196,4.7925808758009225e-05
2025-08-07/IMG_9558.JPG,Small,Medium,0.011403216049075127,0.24556806683540344,0.7045614719390869,0.03846726939082146
2025-09-05/IMG_1310.JPG,Very Small,Very Small,0.8439871668815613,0.1472284346818924,0.007496933452785015,0.0012874188832938671
2025-08-07/IMG_9551.JPG,Medium,Medium,0.007203490007668734,0.06821230053901672,0.49506574869155884,0.42951837182044983
2025-09-29/IMG_1754.JPG,Very Small,Very Small,0.9968287348747253,0.0031710946932435036,9.518887367221396e-08,2.8747837443887647e-09
2025-08-22/IMG_0053.JPG,Small,Very Small,0.8074417114257812,0.18815340101718903,0.004120776895433664,0.00028415280394256115
2025-08-22/IMG_9734.JPG,Very Small,Very Small,0.9659687876701355,0.03399793431162834,3.0506747862091288e-05,2.776602286758134e-06
2025-09-05/IMG_0942.JPG,Very Small,Very Small,0.5657655596733093,0.433945894241333,0.0002838716027326882,4.706524578068638e-06
2025-09-05/IMG_1307.JPG,Small,Small,0.13559406995773315,0.7243689298629761,0.13085103034973145,0.009185994043946266
2025-08-22/IMG_0174.JPG,Small,Small,0.18559890985488892,0.8101294636726379,0.004161801654845476,0.00010984479740727693
2025-08-22/IMG_9763.JPG,Very Small,Very Small,0.6649808287620544,0.33365535736083984,0.0012977704172953963,6.606155511690304e-05
2025-09-05/IMG_1283.JPG,Very Small,Very Small,0.8368172645568848,0.1598920226097107,0.0030388811137527227,0.00025184210971929133
2025-09-29/IMG_1898.JPG,Medium,Medium,0.006301098968833685,0.27248403429985046,0.6560560464859009,0.0651589035987854
2025-09-05/IMG_1171.JPG,Very Small,Very Small,0.9569646716117859,0.04301397502422333,2.091661372105591e-05,5.045686748417211e-07
2025-09-29/IMG_1816.JPG,Very Small,Very Small,0.7644485235214233,0.23546290397644043,8.69297218741849e-05,1.6392309589718934e-06
2025-09-05/IMG_1398.JPG,Very Small,Very Small,0.9316837787628174,0.06804990023374557,0.00025106690009124577,1.5213771803246345e-05
2025-09-05/IMG_1404.JPG,Small,Small,0.009537535719573498,0.9731584191322327,0.017282914370298386,2.1134139387868345e-05
2025-09-05/IMG_1484.JPG,Very Small,Small,0.23548118770122528,0.7614023685455322,0.0028121154755353928,0.0003043505421373993
2025-08-07/IMG_9514.JPG,Small,Small,0.14021281898021698,0.7943797707557678,0.06477171182632446,0.0006357140955515206
2025-08-22/IMG_0276.JPG,Small,Small,0.10112550854682922,0.8979859948158264,0.0008645528578199446,2.3932168915052898e-05
2025-09-29/IMG_1852.JPG,Small,Small,0.14909358322620392,0.790659487247467,0.057607535272836685,0.002639418700709939
2025-08-07/IMG_9475.JPG,Small,Small,0.0010151242604479194,0.9227558374404907,0.07621663808822632,1.2386561138555408e-05
2025-08-22/IMG_0083.JPG,Very Small,Very Small,0.9173939228057861,0.08191841095685959,0.0006369190523400903,5.066649100626819e-05
2025-09-05/IMG_0963.JPG,Small,Small,0.002043389715254307,0.9279812574386597,0.06995583325624466,1.9575143596739508e-05
2025-08-22/IMG_0002.JPG,Very Small,Very Small,0.7745817303657532,0.22425656020641327,0.001149203977547586,1.2447971130313817e-05
2025-08-07/IMG_9154.JPG,Small,Small,0.05335360765457153,0.5234317183494568,0.3473358154296875,0.07587889581918716
2025-09-05/IMG_1005.JPG,Very Small,Very Small,0.5861415266990662,0.3414909243583679,0.04140673205256462,0.030960766598582268
2025-09-05/IMG_0816.JPG,Small,Small,0.0012526443460956216,0.6613628268241882,0.3372719883918762,0.00011254966375418007
2025-09-05/IMG_1069.JPG,Small,Small,0.08688434958457947,0.4693143963813782,0.3865317106246948,0.0572696253657341
2025-09-05/IMG_1539.JPG,Very Small,Very Small,0.8134106397628784,0.18079033493995667,0.005419805180281401,0.0003791908093262464
2025-09-05/IMG_0848.JPG,Very Small,Very Small,0.9912266135215759,0.008772999048233032,3.137609780878847e-07,1.639563507183084e-08
2025-08-07/IMG_9512.JPG,Small,Small,0.16962987184524536,0.8007215261459351,0.02918360009789467,0.00046494731213897467
2025-09-05/IMG_1131.JPG,Small,Small,0.2811044752597809,0.7119697332382202,0.006758704315871,0.00016709307965356857
2025-09-05/IMG_0992.JPG,Very Small,Very Small,0.9119383692741394,0.08629386872053146,0.00158445886336267,0.00018336580251343548
2025-09-29/IMG_1821.JPG,Very Small,Very Small,0.9759488105773926,0.024049850180745125,1.2976444168089074e-06,1.680848171758953e-08
2025-09-05/IMG_1513.JPG,Small,Small,0.19270537793636322,0.6359128355979919,0.14803779125213623,0.023344019427895546
2025-09-05/IMG_1429.JPG,Medium,Medium,7.623842975590378e-05,0.15970024466514587,0.8399980068206787,0.00022553828603122383
2025-08-22/IMG_9889.JPG,Small,Small,0.1336122304201126,0.8432846665382385,0.022006357088685036,0.0010967986891046166
2025-09-05/IMG_1001.JPG,Small,Small,0.03632465749979019,0.8448064923286438,0.11623314023017883,0.0026357511524111032
2025-08-22/IMG_0195.JPG,Small,Medium,0.007637560833245516,0.3749519884586334,0.6123877167701721,0.005022756289690733
2025-09-05/IMG_1501.JPG,Small,Small,0.0026661267038434744,0.9340970516204834,0.06310894340276718,0.0001279327116208151
2025-08-07/IMG_9441.JPG,Very Small,Very Small,0.9931396842002869,0.006859770510345697,4.6158899635884154e-07,5.21657774754658e-08
2025-08-07/IMG_9088.JPG,Small,Small,0.1359487771987915,0.723807156085968,0.13471299409866333,0.005531070288270712
2025-08-22/IMG_9797.JPG,Small,Small,0.00646605109795928,0.956791341304779,0.03666422888636589,7.837513112463057e-05
2025-08-22/IMG_9967.JPG,Very Small,Small,0.37138089537620544,0.6210397481918335,0.007506952621042728,7.241540879476815e-05
2025-09-05/IMG_1211.JPG,Small,Small,0.0531952828168869,0.9291263818740845,0.017459876835346222,0.00021853393991477787
2025-08-22/IMG_9947.JPG,Very Small,Very Small,0.9170039296150208,0.08267597109079361,0.0003118129388894886,8.37108109408291e-06
2025-08-22/IMG_0058.JPG,Small,Small,0.12152379751205444,0.7948326468467712,0.08197223395109177,0.0016713478835299611
2025-09-29/IMG_1764.JPG,Small,Small,0.18276536464691162,0.7894750237464905,0.025752337649464607,0.0020071999169886112
2025-09-29/IMG_1952.JPG,Very Small,Very Small,0.6689513921737671,0.2545640468597412,0.04591398686170578,0.030570534989237785
2025-08-07/IMG_9706.JPG,Large,Large,0.009785573929548264,0.06408200412988663,0.23894712328910828,0.6871852874755859
2025-09-05/IMG_0863.JPG,Small,Medium,1.4975998965383042e-05,0.08051971346139908,0.9194198250770569,4.5477307139663026e-05
2025-08-22/IMG_0280.JPG,Medium,Medium,0.0001987439172808081,0.059255074709653854,0.9385635852813721,0.0019826581701636314
2025-09-05/IMG_1095.JPG,Medium,Medium,0.0001527428685221821,0.16597487032413483,0.83363938331604,0.00023302882618736476
