image_filename,true_class,predicted_class,decision_very_small,decision_small,decision_medium,decision_large
2025-08-07/IMG_9086.JPG,Small,Small,0.7234655756606093,3.28152743923763,2.2705888882287457,-0.2766263641761031
2025-08-07/IMG_9089.JPG,Very Small,Very Small,3.2907981992172366,2.2657017929463206,1.2303878722976624,-0.3095293969164543
2025-08-07/IMG_9090.JPG,Very Small,Very Small,3.2718212365225363,2.2746491497017223,1.2174497614471516,-0.3054988678271245
2025-08-07/IMG_9091.JPG,Small,Small,2.259345797044713,3.289914697844817,0.8469056549726057,-0.30107442170480647
2025-08-07/IMG_9093.JPG,Small,Small,2.197995303357843,3.281835551598388,1.2619216757471914,-0.3046063969652782
2025-08-07/IMG_9097.JPG,Small,Small,2.2153252343864027,3.280788270791703,1.2504564352356937,-0.30354604480230885
2025-08-07/IMG_9098.JPG,Medium,Small,2.23903612944218,3.27038959008538,1.224373097753022,-0.29962883588696715
2025-08-07/IMG_9100.JPG,Small,Small,2.1142706280040775,3.276349712151461,1.2133224485717689,-0.29242748610560065
2025-08-07/IMG_9101.JPG,Medium,Small,0.8218518574334469,3.272453007743942,2.2738027906704614,-0.2959918299193945
2025-08-07/IMG_9103.JPG,Small,Small,2.1624002088138217,3.282491037048136,1.2541171686916155,-0.302221964099497
2025-08-07/IMG_9104.JPG,Small,Small,0.9008639482635667,3.28806212059866,2.274854850629965,-0.30469603477466944
2025-08-07/IMG_9105.JPG,Small,Small,2.2312848792003317,3.2835736365449293,1.2438212104955826,-0.30481691956226864
2025-08-07/IMG_9106.JPG,Very Small,Very Small,3.2761100286521154,2.2844085792123368,1.235480899441206,-0.309599767279264
2025-08-07/IMG_9107.JPG,Small,Small,2.0434777277703544,3.290460778192922,1.2487769244445086,-0.3026597696732187
2025-08-07/IMG_9108.JPG,Small,Small,1.1368251352323913,3.2770022049916676,2.2351376199086377,-0.2963302353760192
2025-08-07/IMG_9109.JPG,Small,Small,2.2101782410747774,3.2804644652171553,1.2551930166604528,-0.303775568025541
2025-08-07/IMG_9110.JPG,Small,Small,2.2070972699578157,3.2717669041904167,1.252679251664201,-0.3006139393559333
2025-08-07/IMG_9111.JPG,Very Small,Very Small,3.2668701832053766,2.272596278816281,1.2330563632935607,-0.3051506047857085
2025-08-07/IMG_9113.JPG,Very Small,Very Small,3.288340964755689,2.276341371364608,1.158697866511302,-0.30801594131006743
2025-08-07/IMG_9114.JPG,Very Small,Very Small,3.2540421493993192,2.265537224306299,1.2391160587191834,-0.3020595031422927
2025-08-07/IMG_9115.JPG,Small,Small,0.8784764049166693,3.2867624387688537,2.269775980253666,-0.30255012352901334
2025-08-07/IMG_9116.JPG,Small,Small,2.189535916023776,3.2748079701539,1.2096767825368298,-0.29505985271229357
2025-08-07/IMG_9117.JPG,Small,Small,0.7148487465069919,3.28804305972848,2.275250820992101,-0.2794019449010365
2025-08-07/IMG_9118.JPG,Very Small,Small,2.1721660398746243,3.2741337051679795,1.0976706290086147,-0.2864731608932017
2025-08-07/IMG_9120.JPG,Small,Small,2.183835121251532,3.270289069001982,1.2595429858896927,-0.30011385687405395
2025-08-07/IMG_9121.JPG,Small,Small,0.959308745764358,3.2797631772976055,2.2755135288931276,-0.302606721435513
2025-08-07/IMG_9122.JPG,Medium,Small,1.1037399216865975,3.2604644826480973,2.258145769048991,-0.2939304949429172
2025-08-07/IMG_9124.JPG,Small,Small,0.800131427668082,3.2811706324166794,2.2595492959089656,-0.2936999248290626
2025-08-07/IMG_9125.JPG,Small,Small,0.9455350090073906,3.2828291969617247,2.2703655912897993,-0.3021763994273165
2025-08-07/IMG_9126.JPG,Small,Small,2.256521202578594,3.292129428347182,1.1352954403829971,-0.3058138261495211
2025-08-07/IMG_9127.JPG,Very Small,Very Small,3.2642021429715107,2.2877398290640105,1.1951653650888727,-0.30676286391304625
2025-08-07/IMG_9128.JPG,Medium,Medium,0.8591691887172312,2.2712509768631843,3.281431477521563,-0.3001988430100231
2025-08-07/IMG_9129.JPG,Very Small,Small,2.234501481812647,3.27813069454822,1.2543296202727392,-0.30467256877516524
2025-08-07/IMG_9131.JPG,Very Small,Very Small,3.2523207498980797,2.272285984326924,1.2292193895871508,-0.302401688096052
2025-08-07/IMG_9132.JPG,Small,Small,0.7871812075701656,3.281349906591271,2.2553761072332987,-0.2912576448610871
2025-08-07/IMG_9133.JPG,Small,Small,2.09554053375282,3.2881809937518236,1.2491492545011318,-0.3023076096577048
2025-08-07/IMG_9134.JPG,Small,Small,0.7656319162029617,3.301825707959005,2.186697733587646,-0.29818817090020094
2025-08-07/IMG_9136.JPG,Very Small,Small,2.173300706770294,3.2763801806559263,1.2103175498945502,-0.2947769676691028
2025-08-07/IMG_9137.JPG,Small,Small,2.207813475769574,3.2727399774445316,1.2479302208042404,-0.30019825996905747
2025-08-07/IMG_9139.JPG,Small,Small,2.1813317108022656,3.2759574824929443,1.2520550466651303,-0.3003422511737466
2025-08-07/IMG_9140.JPG,Very Small,Small,2.2365395841482694,3.278310810066696,1.260221589208029,-0.3056962851665047
2025-08-07/IMG_9141.JPG,Very Small,Very Small,3.303095424145968,2.252990203700666,0.739199404505273,-0.30181821903044403
2025-08-07/IMG_9143.JPG,Very Small,Very Small,3.2749312703220617,2.27723869385444,0.7205646459698816,-0.27234331991582383
2025-08-07/IMG_9144.JPG,Very Small,Very Small,3.2968331334925436,2.223213991093421,0.7314162206858994,-0.28579136084665363
2025-08-07/IMG_9145.JPG,Small,Small,2.1319447825295925,3.2795451526632426,1.242812076114686,-0.2983733094672708
2025-08-07/IMG_9146.JPG,Medium,Small,0.8278649948175623,3.2769923910502023,2.274162074373044,-0.29817856138260873
2025-08-07/IMG_9147.JPG,Small,Small,2.2361875688032096,3.2798815501066696,1.274737906057165,-0.3083760336771209
2025-08-07/IMG_9148.JPG,Very Small,Very Small,3.275938509953083,2.280094840625669,1.2229778579475068,-0.30786743568671665
2025-08-07/IMG_9149.JPG,Small,Small,2.2576957710018384,3.28588251463771,1.113043770250118,-0.30287791148230525
2025-08-07/IMG_9150.JPG,Very Small,Very Small,3.275140450131018,2.2728614622931387,0.8599233824627657,-0.2983026239443507
2025-08-07/IMG_9153.JPG,Small,Small,0.7790135267096626,3.2637244155840586,2.0546452186757835,-0.22287528265014828
2025-08-07/IMG_9155.JPG,Small,Small,1.0966018923404648,3.274306452114878,2.258264185044927,-0.2982292091906031
2025-08-07/IMG_9157.JPG,Small,Very Small,3.274271290916309,2.2791647194052564,1.229138887953902,-0.3076855100363138
2025-08-07/IMG_9159.JPG,Small,Small,2.2621553448007385,3.2789328011002614,1.2489714329930637,-0.3072135470452419
2025-08-07/IMG_9160.JPG,Small,Very Small,3.285684935801563,2.276886350206228,1.0090475750652799,-0.3053898376805378
2025-08-07/IMG_9161.JPG,Very Small,Very Small,3.2922655193772483,2.279613693092009,0.8397899571543022,-0.30644359251384795
2025-08-07/IMG_9162.JPG,Very Small,Very Small,3.291357621830591,2.23903400023868,1.152741459338631,-0.30389141433889116
2025-08-07/IMG_9164.JPG,Very Small,Very Small,3.276400683731097,2.2649595746661797,0.7864834792673706,-0.2913941206057319
2025-08-07/IMG_9165.JPG,Very Small,Very Small,3.2378929415132096,2.2711193864740853,0.8542686000581046,-0.2862099228164935
2025-08-07/IMG_9166.JPG,Small,Small,2.2519147680483163,3.2500027434635568,0.9030786619156015,-0.2834647427597736
2025-08-07/IMG_9167.JPG,Very Small,Very Small,3.2553630592422333,0.7577603518455834,2.271125859315518,-0.27753888468182625
2025-08-07/IMG_9168.JPG,Small,Small,1.8364211823372862,3.283060087502946,1.1478914544509906,-0.28176823304023263
2025-08-07/IMG_9170.JPG,Very Small,Very Small,3.269602521785793,2.260515632386273,1.1556711476941939,-0.2989129845732126
2025-08-07/IMG_9171.JPG,Very Small,Very Small,3.2496767401462816,2.2681218251265483,1.2048645833671616,-0.29893637881451074
2025-08-07/IMG_9172.JPG,Small,Small,2.2427780898207503,3.27341484461165,1.1246332576472948,-0.29563146921025063
2025-08-07/IMG_9175.JPG,Small,Small,2.131762082707627,3.269688780021149,1.2349582265606565,-0.29307319124870024
2025-08-07/IMG_9176.JPG,Medium,Medium,0.8092922800426359,2.245221355330433,3.259555779095949,-0.2774427114668909
2025-08-07/IMG_9177.JPG,Medium,Medium,0.8097883788056662,2.262199507831753,3.2770028397993594,-0.29304863931171954
2025-08-07/IMG_9179.JPG,Small,Very Small,3.28317725906262,2.269467079518467,1.216536468147258,-0.3071260691375581
2025-08-07/IMG_9181.JPG,Small,Small,2.1757193765647282,3.2702226372850993,1.1082297812617554,-0.28486538187204885
2025-08-07/IMG_9182.JPG,Very Small,Very Small,3.2731371697189444,2.253528005952825,1.2563741088812326,-0.3056606656292591
2025-08-07/IMG_9183.JPG,Small,Small,2.2231193214409024,3.293163146496607,1.06924555244677,-0.3018411982697306
2025-08-07/IMG_9184.JPG,Medium,Medium,0.7370374626053661,2.205013482475559,3.29214294735949,-0.2773425927239831
2025-08-07/IMG_9185.JPG,Very Small,Very Small,3.275571748343957,2.2868552237864095,1.0378792010493068,-0.30571868866330854
2025-08-07/IMG_9186.JPG,Small,Small,0.8840507310310203,3.2850234560310816,2.264095589678665,-0.30059211072412373
2025-08-07/IMG_9187.JPG,Small,Small,2.223366764202905,3.293269108851855,0.8950541979896349,-0.2996350181714971
2025-08-07/IMG_9188.JPG,Small,Small,0.7412557626817033,3.291997294871826,2.2900458929337275,-0.3038231162612882
2025-08-07/IMG_9189.JPG,Very Small,Very Small,3.2576621232623713,2.2792130915375513,0.8535589523172733,-0.2953708047788026
2025-08-07/IMG_9190.JPG,Very Small,Very Small,3.2824099021933186,2.290753080300936,0.7177133246101515,-0.2908388553445613
2025-08-07/IMG_9192.JPG,Small,Small,2.2418317332774604,3.283547370402739,1.2948525976436944,-0.31372617555620763
2025-08-07/IMG_9193.JPG,Very Small,Very Small,3.266592525306866,2.265534372525005,0.840263052500671,-0.2916185847556085
2025-08-07/IMG_9195.JPG,Very Small,Very Small,3.2743941042747706,2.290675787911475,0.7518904595932279,-0.2984601484116819
2025-08-07/IMG_9198.JPG,Medium,Medium,0.7857724158822903,2.277035217506834,3.3012951521037253,-0.3086903130728471
2025-08-07/IMG_9200.JPG,Small,Small,0.76828998242935,3.2926270140865546,2.2945252317171065,-0.3086381730319465
2025-08-07/IMG_9203.JPG,Very Small,Very Small,3.29197199856384,2.270022180766568,0.7453399526094275,-0.29665140459133016
2025-08-07/IMG_9204.JPG,Very Small,Very Small,3.2956108965714974,2.2742875288879087,0.7404476592798823,-0.2998793428228462
2025-08-07/IMG_9206.JPG,Very Small,Very Small,3.2865454344855203,2.282628662018823,0.7786165260804514,-0.30224124827965915
2025-08-07/IMG_9207.JPG,Very Small,Very Small,3.301978238411897,2.2143578437617935,0.7843867000479102,-0.30188986283141295
2025-08-07/IMG_9211.JPG,Very Small,Very Small,3.272677908088272,2.287550906290019,0.7974327814516826,-0.3007406919082395
2025-08-07/IMG_9212.JPG,Very Small,Very Small,3.2897670180673613,2.289604844735575,0.7341706037995498,-0.30108353893269096
2025-08-07/IMG_9213.JPG,Small,Small,0.8170845164761021,3.2882205048738014,2.2787776560566706,-0.3037898347464349
2025-08-07/IMG_9217.JPG,Medium,Medium,0.8180673890618597,2.2767437500241465,3.300216227802749,-0.3090979500164015
2025-08-07/IMG_9218.JPG,Small,Small,2.18347757930218,3.277641703705415,1.2873922983544008,-0.3085784904201754
2025-08-07/IMG_9219.JPG,Medium,Medium,0.7352283161974498,2.2773256266752795,3.2997396163322983,-0.3030640060386176
2025-08-07/IMG_9220.JPG,Small,Small,0.7544118851334143,3.281666021279358,2.2930366038410472,-0.30282122503455045
2025-08-07/IMG_9221.JPG,Small,Small,0.7197676118497878,3.289103580872678,2.282455987693941,-0.29065714785335334
2025-08-07/IMG_9222.JPG,Medium,Medium,0.7108350943988906,2.254543286261061,3.2984734202503287,-0.27996469560805803
2025-08-07/IMG_9223.JPG,Medium,Medium,0.7171108617474709,2.2701116427165817,3.290234913960354,-0.28123962664910673
2025-08-07/IMG_9224.JPG,Medium,Medium,0.747922075141235,2.256944068862585,3.295440814212059,-0.2965339995185552
2025-08-07/IMG_9225.JPG,Small,Small,0.7414087336932841,3.301519402660607,2.180671264663854,-0.29268927189238014
2025-08-07/IMG_9226.JPG,Small,Small,2.1168343079228027,3.278653395763833,0.864181252537357,-0.27729298038076994
2025-08-07/IMG_9227.JPG,Very Small,Very Small,3.265341616465636,2.2840464773171067,0.8082361152379736,-0.2975338807505382
2025-08-07/IMG_9228.JPG,Medium,Medium,0.7640831186930651,2.198144119903441,3.2772701844713694,-0.26652798815053985
2025-08-07/IMG_9229.JPG,Small,Small,0.7416272841145178,3.2847970668093334,2.2634838637090167,-0.28699265519785033
2025-08-07/IMG_9230.JPG,Very Small,Very Small,3.278509418594086,2.293100043985698,0.731899755429368,-0.29731755850326214
2025-08-07/IMG_9231.JPG,Small,Small,0.7855740694588808,3.290061394829457,2.1004556564612624,-0.28068473911643615
2025-08-07/IMG_9232.JPG,Small,Small,0.9252464401628537,3.2875014826264266,2.2025101001799086,-0.29426398294532896
2025-08-07/IMG_9233.JPG,Very Small,Very Small,3.2708867351183604,2.2934159179839484,0.7509301831334247,-0.2990842625953212
2025-08-07/IMG_9234.JPG,Medium,Medium,0.7401210395472919,2.2371110211919634,3.291636958446908,-0.28516750464636265
2025-08-07/IMG_9235.JPG,Medium,Medium,-0.30573200657129584,2.2629744922178783,3.2960191729172093,0.8757758866261939
2025-08-07/IMG_9236.JPG,Medium,Medium,0.7229280579531471,2.2404580560781926,3.299727652498216,-0.28937694818867415
2025-08-07/IMG_9237.JPG,Medium,Medium,0.7642073973798291,2.14783064276235,3.261007362288286,-0.2217874665042424
2025-08-07/IMG_9239.JPG,Small,Small,1.8645313336728857,3.283580377346706,0.8238004571889018,-0.2652196843682428
2025-08-07/IMG_9240.JPG,Very Small,Very Small,3.254102351564678,2.2933454041120434,0.7399101232055454,-0.29162456707004825
2025-08-07/IMG_9241.JPG,Very Small,Very Small,3.2574302290182082,2.2951708803511064,0.7605684027015726,-0.29852533315429025
2025-08-07/IMG_9242.JPG,Small,Small,2.1308802782214395,3.2896231093146024,0.8151416782582139,-0.2858999969643838
2025-08-07/IMG_9243.JPG,Very Small,Very Small,3.2860264433405026,2.280015239552233,0.7407248850596972,-0.2954416834663981
2025-08-07/IMG_9244.JPG,Very Small,Very Small,3.287889465839009,2.2837299906672754,0.7218634924869394,-0.29175003637374175
2025-08-07/IMG_9245.JPG,Medium,Medium,0.7402367827991461,1.8824575747396293,3.3018716937496824,-0.2822037475697523
2025-08-07/IMG_9247.JPG,Medium,Medium,0.7103918088699723,2.2639927365991923,3.2944615056947795,-0.27545291737093786
2025-08-07/IMG_9248.JPG,Small,Small,1.819439926230099,3.2763849868240573,1.1371119895781159,-0.2712616657578479
2025-08-07/IMG_9249.JPG,Medium,Medium,0.7296503220998335,2.2028391352375425,3.3023653402203013,-0.2918006885331386
2025-08-07/IMG_9250.JPG,Small,Small,0.782798495698446,3.2723147677012085,2.183104186446023,-0.2640527033422787
2025-08-07/IMG_9251.JPG,Medium,Medium,0.7127553956607273,2.277482220933406,3.2911467503202165,-0.28311157041845325
2025-08-07/IMG_9252.JPG,Small,Small,0.7307367112028429,3.2912423704352456,2.2906629442273623,-0.30167334277139557
2025-08-07/IMG_9253.JPG,Small,Small,0.722654453871442,3.297483194909241,2.2749419593053535,-0.2965126847466595
2025-08-07/IMG_9254.JPG,Small,Small,1.9754447024290425,3.3000641987516732,1.2135078076197565,-0.3048957930042876
2025-08-07/IMG_9255.JPG,Small,Small,0.7189178695666218,3.2994830252073917,2.2824438441738484,-0.300059821815989
2025-08-07/IMG_9256.JPG,Small,Small,2.1411564309086177,3.2731972141981207,1.0860899322937616,-0.283024127110572
2025-08-07/IMG_9257.JPG,Small,Small,0.7397049224244546,3.288308118879595,2.2835498972348205,-0.2983748071270395
2025-08-07/IMG_9258.JPG,Small,Small,0.8636395699994422,3.292627558900393,2.2638338736566044,-0.3038159134169735
2025-08-07/IMG_9259.JPG,Small,Small,0.7124789964954925,3.29409390442434,2.2801738402515133,-0.2888249976688261
2025-08-07/IMG_9261.JPG,Small,Small,2.221394325734084,3.2804264900191695,1.2690266031037172,-0.30658467654264354
2025-08-07/IMG_9262.JPG,Small,Small,0.989884487187115,3.2766246625504145,2.2932418754841524,-0.3080060209224575
2025-08-07/IMG_9263.JPG,Small,Small,2.225996023243674,3.2822681354133034,1.2742881294750448,-0.3082300397242095
2025-08-07/IMG_9264.JPG,Small,Small,0.9321154343303446,3.2810642143598563,2.277649695303934,-0.30332416270981594
2025-08-07/IMG_9397.JPG,Small,Small,2.247109791147931,3.300057815905718,0.7717740102345598,-0.30221539226517985
2025-08-07/IMG_9398.JPG,Very Small,Very Small,3.264262576346547,2.2890016297363935,1.2144581231214326,-0.3079830623462909
2025-08-07/IMG_9399.JPG,Small,Small,0.79475126926891,3.285932023076468,2.2763248902918596,-0.30089779931124755
2025-08-07/IMG_9402.JPG,Small,Small,1.9783312948289498,3.272650265522961,1.247886683678016,-0.29329119822188543
2025-08-07/IMG_9403.JPG,Small,Small,0.7537320198223808,3.2831653379639056,2.2626415801389688,-0.28907247008701126
2025-08-07/IMG_9404.JPG,Medium,Medium,-0.3032208990555889,2.241848714436691,3.2955058500907564,0.9071823993087816
2025-08-07/IMG_9405.JPG,Small,Small,0.7936665163833357,3.2648804950258143,2.287616328652871,-0.29837840839687474
2025-08-07/IMG_9406.JPG,Medium,Medium,0.7525103392634198,2.2544345026170514,3.2990091450787187,-0.30017612073066346
2025-08-07/IMG_9410.JPG,Very Small,Very Small,3.2744795122868573,2.2840196442919467,0.7820156602499237,-0.29836860662680176
2025-08-07/IMG_9411.JPG,Small,Small,2.135598100771533,3.288445357611061,1.2752926220682907,-0.3074025708816993
2025-08-07/IMG_9412.JPG,Small,Small,0.8260131367329515,3.2614076712612916,2.2782586225004122,-0.2945507410327554
2025-08-07/IMG_9413.JPG,Medium,Medium,0.710160396846433,2.2000883414042236,3.2997498337923554,-0.26335276201581886
2025-08-07/IMG_9414.JPG,Large,Large,-0.30363492617346405,0.8503439083736315,2.2940781052711725,3.260029537174141
2025-08-07/IMG_9416.JPG,Very Small,Very Small,3.270448957856831,2.278988014056882,1.2451039156905557,-0.3081044685954544
2025-08-07/IMG_9417.JPG,Small,Small,2.033872306601887,3.2646324651376464,1.2717894273574202,-0.2978014681720852
2025-08-07/IMG_9418.JPG,Small,Small,0.7798720058662815,3.275687198231383,2.280937403484087,-0.2971003505288601
2025-08-07/IMG_9419.JPG,Medium,Medium,0.7620036089138947,2.2542836643747997,3.296295881322842,-0.29904079004201056
2025-08-07/IMG_9420.JPG,Small,Small,0.8427227615648227,3.276554621736946,2.280296619449999,-0.300852186664038
2025-08-07/IMG_9421.JPG,Small,Small,1.0169653622688493,3.2657839479519666,2.284025510979052,-0.3023213672990647
2025-08-07/IMG_9422.JPG,Very Small,Very Small,3.28208129972733,2.259223401747192,1.249656809452488,-0.3076631307337982
2025-08-07/IMG_9424.JPG,Small,Small,0.8765405011724786,3.2665859104743844,2.285132872164683,-0.3010375284912189
2025-08-07/IMG_9426.JPG,Medium,Medium,0.8447139278942479,2.2248971111257303,3.3012970945817988,-0.30461435075821947
2025-08-07/IMG_9427.JPG,Small,Small,2.15513455308419,3.2756559721245564,1.2721826012097988,-0.30330562053141696
2025-08-07/IMG_9429.JPG,Small,Small,2.1471892669104116,3.266044680107424,1.2642539374463757,-0.2985018104883738
2025-08-07/IMG_9430.JPG,Medium,Medium,0.8132028583501242,2.2539755125449696,3.288054651862028,-0.29744260438452896
2025-08-07/IMG_9431.JPG,Very Small,Very Small,3.2869825751689157,1.7894100902313383,1.2175714017712083,-0.28801466669815745
2025-08-07/IMG_9432.JPG,Small,Small,2.2155545661753377,3.2765639064183394,1.1588111409565245,-0.2946269626576495
2025-08-07/IMG_9433.JPG,Small,Small,0.7314771239723021,3.28773988328993,2.294843168037686,-0.30254897455266755
2025-08-07/IMG_9434.JPG,Small,Small,1.064432600315468,3.2701471093867616,2.270120190195561,-0.2992786931718565
2025-08-07/IMG_9435.JPG,Very Small,Very Small,3.2909546620354577,2.2649216869775026,1.1091785757725185,-0.3060670805946152
2025-08-07/IMG_9437.JPG,Medium,Medium,0.7539154362898772,2.2724676151113936,3.2969169196346675,-0.30249604713766526
2025-08-07/IMG_9438.JPG,Very Small,Very Small,3.275927327852288,2.2775619304546577,1.262710113116975,-0.31034998707555084
2025-08-07/IMG_9439.JPG,Very Small,Very Small,3.302825863965726,2.16154757685481,0.8863971354202289,-0.30396392275526796
2025-08-07/IMG_9440.JPG,Very Small,Very Small,3.259522028684448,2.250543681717108,1.2795248931989358,-0.3071630708951519
2025-08-07/IMG_9441.JPG,Very Small,Very Small,3.2805059420403917,2.208030139921237,1.2630208733531099,-0.3048696168735316
2025-08-07/IMG_9443.JPG,Medium,Medium,0.7097818538976821,2.261708593181684,3.2959695720450477,-0.27629436427671866
2025-08-07/IMG_9444.JPG,Medium,Medium,0.7310103283731497,2.2476118034457384,3.3008943476966284,-0.29622928762109263
2025-08-07/IMG_9445.JPG,Small,Small,0.7321749022378881,3.2850317467820984,2.2916560063866664,-0.29935654616300555
2025-08-07/IMG_9447.JPG,Very Small,Very Small,3.3032667586309374,1.7938611904969164,1.1857948938866159,-0.30225373325907795
2025-08-07/IMG_9448.JPG,Very Small,Very Small,3.2592635245214048,2.2680974131199454,1.2620860315914086,-0.3062076088882081
2025-08-07/IMG_9449.JPG,Medium,Medium,0.7232985151011511,2.246362291517543,3.2865220127112797,-0.2675547886351183
2025-08-07/IMG_9450.JPG,Small,Small,0.7308138491067737,3.2814320117992963,2.293309474250486,-0.29844549059783476
2025-08-07/IMG_9451.JPG,Very Small,Very Small,3.294850236539596,2.2115221043686883,0.7968118822465226,-0.2956133321880542
2025-08-07/IMG_9452.JPG,Small,Small,-0.2835522775168268,3.267077060254603,2.2677845965641765,0.7641252225429156
2025-08-07/IMG_9453.JPG,Small,Small,0.9423163135997897,3.2899458697626027,2.229387045402974,-0.29889889210230486
2025-08-07/IMG_9454.JPG,Very Small,Very Small,3.2849553380994982,2.2906686113586296,0.7650821593518851,-0.30387662223466777
2025-08-07/IMG_9455.JPG,Small,Small,0.7555118925753368,3.288859644589525,2.218181114704786,-0.2831169849098425
2025-08-07/IMG_9456.JPG,Medium,Medium,0.7218708202842876,2.2396916603791897,3.293382431484067,-0.27649949387353256
2025-08-07/IMG_9457.JPG,Small,Small,2.2155549873644627,3.289161115816953,1.2011127997768607,-0.3027451012223832
2025-08-07/IMG_9459.JPG,Small,Small,0.8756041198976441,3.285696268280132,2.1071592050836485,-0.2848539102680385
2025-08-07/IMG_9460.JPG,Small,Small,1.9653971994534891,3.281978112796941,1.187122468537646,-0.2897872078662983
2025-08-07/IMG_9461.JPG,Small,Small,0.9027041587863089,3.2782931662941843,2.2443404426832183,-0.2936015815966677
2025-08-07/IMG_9462.JPG,Very Small,Very Small,3.300963774839849,2.253038165318848,1.1400207915570484,-0.30981512342224443
2025-08-07/IMG_9463.JPG,Medium,Medium,0.7169236957209859,2.2355387394772346,3.2933090245153536,-0.26802770623064615
2025-08-07/IMG_9466.JPG,Very Small,Very Small,3.3030128049124086,2.2178665195574103,0.7673406800736908,-0.3017959515874186
2025-08-07/IMG_9467.JPG,Medium,Medium,0.7199293239055709,2.177405443636656,3.2911309197701017,-0.2451006454942478
2025-08-07/IMG_9470.JPG,Medium,Medium,0.8160191336144582,2.1858356311135387,3.29470625865211,-0.29483147604931176
2025-08-07/IMG_9472.JPG,Medium,Medium,0.7362169250162426,1.8097938650421979,3.295242266567866,-0.24148902155256458
2025-08-07/IMG_9473.JPG,Very Small,Very Small,3.2928294164982077,2.273418885032601,0.8495111212362353,-0.305486174179337
2025-08-07/IMG_9474.JPG,Small,Small,0.8061352076819052,3.272317755795863,2.274280916506302,-0.29509722542435085
2025-08-07/IMG_9475.JPG,Small,Small,0.9423845968251242,3.2708062945279877,2.2928593819786895,-0.30635984149943574
2025-08-07/IMG_9477.JPG,Medium,Medium,0.7723942261128999,2.1014533924866217,3.2933867427887473,-0.28305107451212397
2025-08-07/IMG_9478.JPG,Medium,Medium,-0.28343899446451437,1.8112231109990844,3.3031505585687624,0.7488263958180679
2025-08-07/IMG_9479.JPG,Medium,Medium,-0.2946080956593719,1.048130195654882,3.295371814137627,1.9150654365346897
2025-08-07/IMG_9485.JPG,Medium,Medium,0.7441032745921887,2.2686564239437153,3.2813582834853596,-0.28743583641929465
2025-08-07/IMG_9486.JPG,Small,Small,2.2460730251871106,3.2801532386815397,1.2824397590544963,-0.3105609496823098
2025-08-07/IMG_9487.JPG,Small,Small,2.187452732874214,3.2810887106060336,1.2759071779140316,-0.30660202309208684
2025-08-07/IMG_9488.JPG,Small,Small,0.8284225547334787,3.2717547195266317,2.283694484041959,-0.3002237768387605
2025-08-07/IMG_9489.JPG,Very Small,Very Small,3.2785626685937466,2.2809481316643994,1.2680458396094365,-0.31190361937249955
2025-08-07/IMG_9492.JPG,Small,Small,2.230848267397596,3.273408270896832,1.2343155534766934,-0.30059391942392955
2025-08-07/IMG_9493.JPG,Medium,Medium,-0.25563539813676783,2.224806921550725,3.250712285917108,0.7850456503423184
2025-08-07/IMG_9495.JPG,Small,Small,0.7311142430561712,3.2781566802902873,2.2822327696329077,-0.288240302611657
2025-08-07/IMG_9502.JPG,Small,Small,2.226335371165022,3.2671603111956493,1.1976040021520948,-0.29461187747035195
2025-08-07/IMG_9503.JPG,Medium,Medium,0.7258701686563693,2.2063602784726535,3.302544255042677,-0.2907145698236486
2025-08-07/IMG_9504.JPG,Small,Small,1.8177333149019619,3.295237125348354,1.2274481813217708,-0.2989382604172539
2025-08-07/IMG_9505.JPG,Medium,Medium,0.7913662413273296,2.227984515656396,3.2836106211090996,-0.2870038677037743
2025-08-07/IMG_9506.JPG,Very Small,Very Small,3.2732303723247136,2.2889141994819413,1.2747497393502591,-0.3134211704650674
2025-08-07/IMG_9507.JPG,Small,Small,0.7910811770871071,3.2614915243578806,2.2202258129974988,-0.2654122491934481
2025-08-07/IMG_9509.JPG,Small,Small,0.7839436411659028,3.2607259506875743,2.130485746885671,-0.2350599077914041
2025-08-07/IMG_9512.JPG,Small,Small,2.2259368564415025,3.2778356968991793,1.258454966633052,-0.30450248474132685
2025-08-07/IMG_9513.JPG,Small,Small,1.8362182429972151,3.2832015121493687,1.1937577197566318,-0.2861948183258633
2025-08-07/IMG_9514.JPG,Small,Small,1.8662341249155456,3.2770298936937583,1.2304267769976747,-0.28882483836718986
2025-08-07/IMG_9515.JPG,Small,Small,2.2030103367909017,3.2833747759939906,0.8031578162521655,-0.28422550301509125
2025-08-07/IMG_9516.JPG,Small,Small,2.271775767272784,3.273241060118567,1.2096772947120207,-0.3047398303520472
2025-08-07/IMG_9517.JPG,Small,Small,2.240027049411809,3.274233198376333,1.236312905257488,-0.3020294658320302
2025-08-07/IMG_9519.JPG,Small,Small,2.194005518693391,3.2849708674651623,1.2443343374795264,-0.3031132633101739
2025-08-07/IMG_9522.JPG,Small,Small,2.242198724334088,3.2896886199362756,0.8359649326690164,-0.2975913823632544
2025-08-07/IMG_9523.JPG,Small,Small,2.19732568026234,3.274377285602256,1.1028002432150406,-0.28918729217510436
2025-08-07/IMG_9524.JPG,Medium,Medium,-0.25559440521148624,1.137697646130547,3.250014144806563,1.901960181814292
2025-08-07/IMG_9525.JPG,Medium,Medium,0.7918527778804565,2.176422957761654,3.2711541981388903,-0.2642130033892581
2025-08-07/IMG_9528.JPG,Medium,Medium,0.7174463289505424,2.2568515171773638,3.273171107168141,-0.23337137150548323
2025-08-07/IMG_9529.JPG,Medium,Medium,0.7149976593517622,2.231898246758682,3.284399316155757,-0.22920513150770058
2025-08-07/IMG_9530.JPG,Small,Small,0.7635382839229911,3.2634840455635543,2.24899123560866,-0.27024213910825823
2025-08-07/IMG_9531.JPG,Medium,Medium,0.80060079189969,2.249481846741489,3.285962558429879,-0.29422431813205924
2025-08-07/IMG_9532.JPG,Medium,Medium,-0.2851704641098252,2.2057285511871285,3.285494231003486,0.7920236748600873
2025-08-07/IMG_9534.JPG,Large,Large,-0.29145558718446885,1.0956937976925354,2.242745371568934,3.264989895308867
2025-08-07/IMG_9536.JPG,Very Small,Very Small,3.2586181108900254,2.2382052530474805,1.2768834502796125,-0.3052522211560121
2025-08-07/IMG_9537.JPG,Medium,Medium,0.7682041957657378,2.1236355825491415,3.261522081513571,-0.22028261634933977
2025-08-07/IMG_9538.JPG,Large,Large,-0.27733856236649806,0.9988239473309842,2.2086079581178844,3.2555233282846623
2025-08-07/IMG_9539.JPG,Large,Large,-0.29913375297967404,1.2008037345518774,2.242302971313578,3.273486403383041
2025-08-07/IMG_9541.JPG,Medium,Medium,-0.28908250544529607,0.8832718093434625,3.2911765178559875,2.04714364427968
2025-08-07/IMG_9542.JPG,Large,Large,-0.26033909716969844,0.8383888906923262,2.1952849687442586,3.2518950141597616
2025-08-07/IMG_9543.JPG,Small,Small,-0.2518267418664045,3.2558895778581265,2.2597948635731253,0.7368816453927758
2025-08-07/IMG_9544.JPG,Large,Large,-0.2798724658903519,1.2262004607342964,2.036621776356419,3.250005492892704
2025-08-07/IMG_9545.JPG,Medium,Medium,-0.2603241862420738,1.0876517744602807,3.2558957147636045,1.9708939704104844
2025-08-07/IMG_9546.JPG,Medium,Medium,-0.27337513400307856,1.1765331885214132,3.2596611429928863,1.9722059167016506
2025-08-07/IMG_9547.JPG,Small,Small,0.7799492688130827,3.260274354907435,2.242334942140801,-0.2702390484742238
2025-08-07/IMG_9548.JPG,Medium,Medium,-0.27888134506769297,1.1698896319773,3.249993621930214,2.173266899045996
2025-08-07/IMG_9550.JPG,Small,Medium,0.752997842325333,2.2438692693964573,3.283182207477971,-0.2821408116332422
2025-08-07/IMG_9551.JPG,Medium,Medium,-0.2987390608415968,0.8227149782344931,3.2880488656632574,2.257759905769746
2025-08-07/IMG_9553.JPG,Large,Large,-0.26430560483282833,2.222922712520059,0.8188824411408208,3.249996204793228
2025-08-07/IMG_9555.JPG,Medium,Medium,-0.29804076315521094,1.2427538061586523,3.2780509089060725,2.141233317945455
2025-08-07/IMG_9556.JPG,Very Small,Very Small,3.2743866562735806,1.2510574477085448,2.2950404657006316,-0.31302185186794795
2025-08-07/IMG_9558.JPG,Small,Small,0.9236882553100467,3.25413329036516,2.2616432474746655,-0.28925029568285704
2025-08-07/IMG_9559.JPG,Small,Small,1.1070379112511803,3.2688920115052955,2.2667520690374747,-0.29879845779412995
2025-08-07/IMG_9561.JPG,Medium,Medium,0.78975159996233,2.249530249492998,3.297527765797263,-0.3018242512474246
2025-08-07/IMG_9562.JPG,Medium,Medium,0.765887622128214,2.1042423949366356,3.299085994900205,-0.290754616446939
2025-08-07/IMG_9564.JPG,Very Small,Very Small,3.255284896558989,2.2710995098320095,1.2676953285667176,-0.3070976766588701
2025-08-07/IMG_9571.JPG,Large,Large,-0.2799804807361005,0.831993881317369,2.1961201621640383,3.2762029505806374
2025-08-07/IMG_9574.JPG,Large,Large,-0.28690946657925903,1.1960672603201563,2.180521820860123,3.2604019235061052
2025-08-07/IMG_9575.JPG,Large,Large,-0.2709090593273037,0.8084313586490595,2.1648077238204952,3.274988695756473
2025-08-07/IMG_9576.JPG,Medium,Medium,-0.2857054776325901,2.107614614460669,3.2912243483586465,0.8059021508246849
2025-08-07/IMG_9578.JPG,Large,Large,-0.2826183931958517,0.7824423534813333,2.271052094424501,3.2520275490665633
2025-08-07/IMG_9579.JPG,Medium,Medium,-0.29867922682603604,1.1772416119785745,3.2928586327767895,2.0661913304629214
2025-08-07/IMG_9581.JPG,Medium,Medium,0.7564372026640132,1.888390563535814,3.284627473534641,-0.24143663945907567
2025-08-07/IMG_9583.JPG,Medium,Medium,-0.24469092628711606,2.1043822211878167,3.258830668858614,0.8203047870467275
2025-08-07/IMG_9584.JPG,Medium,Medium,-0.2706462996336819,0.852044365371641,3.282144380342988,1.9053979164371402
2025-08-07/IMG_9585.JPG,Large,Large,-0.2831179804278981,0.8486928359910514,2.234506758869753,3.2679277217342673
2025-08-07/IMG_9586.JPG,Medium,Medium,0.7751329243443623,2.0463680689458035,3.2888085888131093,-0.27354155236945854
2025-08-07/IMG_9589.JPG,Medium,Medium,-0.27864843060676936,1.0545052917730988,3.2595150368989367,2.1935390028383597
2025-08-07/IMG_9590.JPG,Medium,Medium,-0.27896726347096656,2.251763554955949,3.2499995458869773,0.8371536176345952
2025-08-07/IMG_9593.JPG,Small,Small,2.2249454864779037,3.276367468988325,1.1227450384094428,-0.2941623497399876
2025-08-07/IMG_9594.JPG,Large,Large,-0.2958435190577027,0.7773911565111034,2.2819755193767497,3.2717346140170536
2025-08-07/IMG_9595.JPG,Medium,Medium,0.7341441144287048,1.7835457535410153,3.30447285787702,-0.27544234953977087
2025-08-07/IMG_9597.JPG,Medium,Medium,-0.30449904393308524,1.1069353457198468,3.2991905065672498,2.189968301052869
2025-08-07/IMG_9598.JPG,Small,Small,0.7235554067835044,3.281769959472004,2.3001369023394576,-0.3020238060774594
2025-08-07/IMG_9599.JPG,Medium,Medium,-0.3023739848226266,2.251904890996262,3.30001959516328,0.7666872114274235
2025-08-07/IMG_9600.JPG,Medium,Medium,-0.2989126505663417,1.2662841444906656,3.290534977037698,1.7750383005748442
2025-08-07/IMG_9601.JPG,Very Small,Very Small,3.250004046359386,2.2259851221121716,1.2608794501015583,-0.29899024965641874
2025-08-07/IMG_9602.JPG,Small,Small,2.1542794155888285,3.2688308210896153,1.258069434838939,-0.2980907501871743
2025-08-07/IMG_9603.JPG,Medium,Medium,-0.2787338831425159,1.216002351666303,3.279719011798099,1.779540768943258
2025-08-07/IMG_9607.JPG,Medium,Medium,-0.28471722747192696,2.231435073725613,3.301741990516288,0.714516677463247
2025-08-07/IMG_9608.JPG,Large,Large,-0.2910097944382503,0.7165534998088259,2.2801470030655135,3.293125959199548
2025-08-07/IMG_9609.JPG,Large,Large,-0.31009925766355706,0.7926973653156068,2.2780648158909305,3.3029209318336568
2025-08-07/IMG_9610.JPG,Large,Large,-0.3030380711975208,0.7258826783316599,2.2792796116881657,3.3014818097032625
2025-08-07/IMG_9611.JPG,Large,Large,-0.3048657705290327,0.7567982494642502,2.280889469698332,3.2965071358860185
2025-08-07/IMG_9614.JPG,Medium,Medium,-0.2815605402294465,0.7653806969186955,3.3010892744007836,1.7988014708418456
2025-08-07/IMG_9615.JPG,Large,Large,-0.23383463457692405,0.7562594591058245,2.2248136128535934,3.249979716152044
2025-08-07/IMG_9616.JPG,Large,Large,-0.30918626896074913,0.7766659741278161,2.282649391935626,3.300838108967108
2025-08-07/IMG_9623.JPG,Large,Large,-0.3037154355284047,0.7361020950824835,2.2803420942745434,3.299196876652673
2025-08-07/IMG_9625.JPG,Large,Large,-0.3058001324844704,1.1734924620446991,2.2873956643512217,3.2633784993608312
2025-08-07/IMG_9628.JPG,Large,Large,-0.3076022547118387,0.8645460404790701,2.292342915314413,3.2821068357210947
2025-08-07/IMG_9629.JPG,Medium,Medium,-0.2704477108263588,1.9545474938975538,3.2959200771988284,0.7415564928157763
2025-08-07/IMG_9633.JPG,Large,Large,-0.27729865056000325,0.8135254989474529,2.2543252510542677,3.2499890081490315
2025-08-07/IMG_9634.JPG,Large,Large,-0.2874060021419637,0.7738256295182049,2.275471734312012,3.2609892912562946
2025-08-07/IMG_9635.JPG,Large,Large,-0.3027153566272211,0.7898581254934969,2.277436193850474,3.289642304928223
2025-08-07/IMG_9636.JPG,Large,Large,-0.3075523347248773,1.0461846983623333,2.2832483387698828,3.2864722748292126
2025-08-07/IMG_9637.JPG,Large,Large,-0.28498472331942987,0.7277242271563905,2.272064025465386,3.285116675543686
2025-08-07/IMG_9638.JPG,Large,Large,-0.3059749093082435,0.7439843781151787,2.267187295823036,3.304235988240012
2025-08-07/IMG_9639.JPG,Large,Large,-0.27034037800647964,0.7188356505229148,2.231897539432197,3.29362686844299
2025-08-07/IMG_9640.JPG,Large,Large,-0.2713431861491472,0.7331642814246613,2.2751145120496927,3.2618698129489987
2025-08-07/IMG_9641.JPG,Large,Large,-0.29294268001754176,0.8172814321045028,2.2770859301134903,3.2599068261308783
2025-08-07/IMG_9643.JPG,Large,Large,-0.2985002739979312,0.7334560907065035,2.2623291195268096,3.2995462609739725
2025-08-07/IMG_9645.JPG,Large,Large,-0.28633994227886167,0.7508487418332227,2.186393178439368,3.2953871474740297
2025-08-07/IMG_9646.JPG,Large,Large,-0.2833806634458219,0.7289263295006654,2.288210246322387,3.261489656760018
2025-08-07/IMG_9652.JPG,Large,Large,-0.2849578731354784,0.7322936397494864,2.2896622127093784,3.256474388310058
2025-08-07/IMG_9654.JPG,Large,Large,-0.30916062758172314,1.0675419212047204,2.2805960403291747,3.2927566740803904
2025-08-07/IMG_9655.JPG,Large,Large,-0.3071687461267916,1.1761551823792404,2.292400071982817,3.2588586405509785
2025-08-07/IMG_9656.JPG,Large,Large,-0.2990855239929412,0.7537579291133178,2.2349176548205136,3.3005681197098906
2025-08-07/IMG_9658.JPG,Large,Large,-0.2963139490153605,1.1830266002936571,2.259075032052193,3.2557737016793724
2025-08-07/IMG_9659.JPG,Large,Large,-0.30254150927162876,0.7622020235313528,2.25308996424279,3.300526434067349
2025-08-07/IMG_9660.JPG,Large,Large,-0.3025606421259288,1.1639160754700568,2.283920942745066,3.2524004690513415
2025-08-07/IMG_9669.JPG,Medium,Medium,-0.27997673501636666,2.243095936442133,3.2918596011391426,0.7274506485551724
2025-08-07/IMG_9671.JPG,Large,Large,-0.30478487207304367,1.2050856868433018,2.2804464040115144,3.2635130226756304
2025-08-07/IMG_9672.JPG,Medium,Medium,-0.30694547345012985,2.2856235383041126,3.284930754287629,0.9352024800431403
2025-08-07/IMG_9673.JPG,Large,Large,-0.27815054150538837,0.7069128957964868,2.2931507811723604,3.2780303782525406
2025-08-07/IMG_9674.JPG,Large,Large,-0.30271280428037195,0.7617249485831786,2.2760330770576536,3.2944617927172244
2025-08-07/IMG_9675.JPG,Large,Large,-0.29918314253046363,0.7715095278518361,2.2360172515639425,3.2983005640940224
2025-08-07/IMG_9678.JPG,Large,Large,-0.29166408343015965,1.0806351968122458,2.2530706293862646,3.2597072035347203
2025-08-07/IMG_9679.JPG,Large,Large,-0.3113999106331615,0.7723367224728649,2.2875896636573207,3.3032083053603998
2025-08-07/IMG_9681.JPG,Large,Large,-0.30103427176115727,0.744051614480215,2.2785629735639086,3.2943089597417976
2025-08-07/IMG_9683.JPG,Large,Large,-0.30484294185399374,0.7783290473856073,2.27491786577555,3.2962088016577327
2025-08-07/IMG_9685.JPG,Medium,Medium,-0.2798152436480557,0.739923720362195,3.298124403188163,2.0791357713665146
2025-08-07/IMG_9686.JPG,Medium,Medium,-0.26341410512149804,0.7698416410294862,3.273184902301868,2.197628837471905
2025-08-07/IMG_9687.JPG,Large,Large,-0.3019714163676953,0.7270850652382325,2.2827135116708024,3.298468198611087
2025-08-07/IMG_9688.JPG,Large,Large,-0.3061327950886597,0.8058385119738675,2.265856203261364,3.2990038779446618
2025-08-07/IMG_9689.JPG,Large,Large,-0.27926714040493944,0.7071178543429714,2.284703630436299,3.289189918674772
2025-08-07/IMG_9693.JPG,Medium,Medium,-0.28177154366844137,2.1750372425597835,3.2966533286239437,0.7371593030880621
2025-08-07/IMG_9694.JPG,Medium,Medium,-0.30328621614586215,1.2566754774350313,3.288975436700732,2.062491018440953
2025-08-07/IMG_9695.JPG,Small,Small,0.7983130300130209,3.290628701208462,2.2603270878136508,-0.2994557150643228
2025-08-07/IMG_9696.JPG,Large,Large,-0.3085005270764313,0.7817136911409186,2.289533137822319,3.2950638204807916
2025-08-07/IMG_9697.JPG,Large,Large,-0.3017238899477686,0.7270260465806146,2.297568353198277,3.2839341187275997
2025-08-07/IMG_9698.JPG,Large,Large,-0.24979133118333116,0.8031391353815467,2.167737664405668,3.25791119583024
2025-08-07/IMG_9700.JPG,Large,Large,-0.2758230709452365,0.7183202784721985,2.2911664261681164,3.2566029772776273
2025-08-07/IMG_9701.JPG,Medium,Medium,-0.29673600447574244,1.0106591967097196,3.2959239531269087,2.047131133833833
2025-08-07/IMG_9702.JPG,Large,Large,-0.27734610106621577,0.7138938231340235,2.284318568407633,3.27966642825248
2025-08-07/IMG_9704.JPG,Large,Large,-0.25548943881982433,0.7401272763958187,2.2163189117434765,3.2775079707668495
2025-08-07/IMG_9705.JPG,Large,Large,-0.26964662908605,0.7989523496141566,2.2445253872391695,3.2500069985175024
2025-08-07/IMG_9706.JPG,Large,Large,-0.28119199404688655,0.7634410943150495,2.2406939572963567,3.2799071178142385
2025-08-07/IMG_9707.JPG,Medium,Medium,-0.28993464204850505,1.0668705183288199,3.284684484986754,2.1220878690630878
2025-08-07/IMG_9709.JPG,Large,Large,-0.28710656680454244,0.7118312436013804,2.2926345061741906,3.2812581416226596
2025-08-07/IMG_9710.JPG,Large,Large,-0.3028442161728608,1.0726578188421687,2.281622048655767,3.269330312567829
2025-08-07/IMG_9711.JPG,Large,Large,-0.3099379165674048,0.8476409193349869,2.294017493491186,3.289539032842738
2025-08-07/IMG_9712.JPG,Large,Large,-0.3010105836342942,0.7473826540127295,2.2831083675999353,3.2906287030697694
2025-08-07/IMG_9713.JPG,Large,Large,-0.2921911225088782,0.8182365441670234,2.272765918184331,3.2638552423797003
2025-08-07/IMG_9714.JPG,Large,Large,-0.30414171838275944,0.7405533703688671,2.2826428895756523,3.297699304338838
2025-08-07/IMG_9715.JPG,Medium,Medium,-0.25724406371126224,0.8746047953725821,3.2798015504304487,1.8152791288533647
2025-08-07/IMG_9716.JPG,Medium,Medium,-0.2681278066372781,2.185666377191962,3.291916537242927,0.7308487747140539
2025-08-07/IMG_9717.JPG,Large,Large,-0.29609668552176865,0.7278722151414556,2.2644526899981763,3.298460704851332
2025-08-22/IMG_0001.JPG,Very Small,Small,2.27087973250619,3.27686883786076,1.2021482241366108,-0.3050407464247393
2025-08-22/IMG_0002.JPG,Very Small,Very Small,3.2939387403686613,2.2750052277479287,0.9121330020404976,-0.3073287161013185
2025-08-22/IMG_0003.JPG,Small,Small,2.2623768833899165,3.27961259617364,1.2566116880698308,-0.30817107979912767
2025-08-22/IMG_0004.JPG,Small,Small,2.2759257644095428,3.273508081101239,1.2328814882985386,-0.3070794988132749
2025-08-22/IMG_0005.JPG,Very Small,Very Small,3.286812993397467,2.260599416580794,1.1668669856764078,-0.30496609840823913
2025-08-22/IMG_0009.JPG,Very Small,Very Small,3.292183987568613,2.2533013360939886,1.2528154391184212,-0.3101939293557076
2025-08-22/IMG_0010.JPG,Small,Very Small,3.2734664544492755,2.2727462184695577,1.2168604133560104,-0.3053961375907404
2025-08-22/IMG_0011.JPG,Very Small,Small,2.224207783562669,3.26738370183285,1.146970478722771,-0.2911262755980356
2025-08-22/IMG_0012.JPG,Very Small,Very Small,3.2521262292253725,2.082408149727809,0.8188421264467106,-0.23053816243905442
2025-08-22/IMG_0013.JPG,Very Small,Very Small,3.248724596468997,2.2156088407645007,0.8237038893046189,-0.261626140885337
2025-08-22/IMG_0017.JPG,Small,Very Small,3.274441632398902,2.2054530381079496,0.7695503432920673,-0.2670221802979121
2025-08-22/IMG_0018.JPG,Small,Small,2.2384579817515933,3.2662369269454667,0.7858660813087498,-0.27469871192640966
2025-08-22/IMG_0019.JPG,Very Small,Small,2.2689415250033607,3.274930940698833,1.0632528389769944,-0.3003899527021379
2025-08-22/IMG_0020.JPG,Small,Small,2.2671091429689096,3.2788034195389404,1.2472925725687758,-0.30773246757121814
2025-08-22/IMG_0021.JPG,Very Small,Very Small,3.285914066019159,2.261755999698477,1.2604966348208804,-0.3099626881349996
2025-08-22/IMG_0023.JPG,Very Small,Small,2.2531898890278916,3.2830488145037457,0.9303010501381236,-0.2983332143182532
2025-08-22/IMG_0024.JPG,Small,Very Small,3.2722194627858894,2.248407604864272,0.879312405842125,-0.2906625430576934
2025-08-22/IMG_0025.JPG,Small,Small,2.2638991268162756,3.276451188254427,1.2495177906932053,-0.3069573605688398
2025-08-22/IMG_0027.JPG,Small,Small,2.226625500261014,3.2681294408465007,1.078625013818357,-0.28915191637294707
2025-08-22/IMG_0030.JPG,Medium,Small,2.2145823973200516,3.2328307163302057,0.9249880851437481,-0.2643670057550008
2025-08-22/IMG_0031.JPG,Small,Small,2.143051426072745,3.2563110658106402,0.9870340352789746,-0.2671835270555319
2025-08-22/IMG_0033.JPG,Small,Small,2.2366569107586645,3.271003515968494,1.207106930656504,-0.29800980431012414
2025-08-22/IMG_0035.JPG,Very Small,Small,2.249636907054367,3.2793411229155165,0.9438810382223066,-0.29610576710804803
2025-08-22/IMG_0036.JPG,Small,Small,2.244705348372675,3.266091847635774,1.07030994478609,-0.29159158798894175
2025-08-22/IMG_0037.JPG,Medium,Small,2.2055999573959784,3.2372998621856386,1.201810355653858,-0.28294300398472344
2025-08-22/IMG_0038.JPG,Small,Small,2.2102459449783396,3.2661304289616067,0.8837925750941782,-0.27898254099770275
2025-08-22/IMG_0041.JPG,Small,Small,0.968995111109573,3.265431153471536,2.231724945736304,-0.28629910908182915
2025-08-22/IMG_0042.JPG,Medium,Small,1.1951188357099554,3.2591844694972383,2.239257691730239,-0.29388755983047454
2025-08-22/IMG_0043.JPG,Small,Small,2.2195590819503996,3.2653416478466877,1.1996103488310415,-0.2932935523628389
2025-08-22/IMG_0044.JPG,Very Small,Very Small,3.2729142860423766,2.2766910220421255,1.1955882475467363,-0.30513692178482593
2025-08-22/IMG_0046.JPG,Very Small,Very Small,3.260580750091048,2.2784250369828016,1.2392718264658553,-0.3060025220845063
2025-08-22/IMG_0049.JPG,Small,Small,2.1809485510980293,3.2734541070499663,1.0721360195402776,-0.28592006145006815
2025-08-22/IMG_0051.JPG,Very Small,Very Small,3.275974775586455,2.2410929479135713,1.0335605055508679,-0.2942880495535049
2025-08-22/IMG_0052.JPG,Small,Small,2.136077447137906,3.252155777709641,0.9007744251786355,-0.2570946215936706
2025-08-22/IMG_0053.JPG,Small,Small,2.2693809065272568,3.2906607508531853,0.7884957089953493,-0.3009317092972839
2025-08-22/IMG_0054.JPG,Small,Small,2.2440028808894805,3.251118578549559,0.8442048937376098,-0.2769160601190873
2025-08-22/IMG_0055.JPG,Medium,Medium,0.8383700014920753,1.99771328034565,3.250001865713489,-0.224109934166243
2025-08-22/IMG_0056.JPG,Small,Small,2.1975551909382025,3.2691701192173706,0.7821197122458163,-0.2633478622751862
2025-08-22/IMG_0057.JPG,Small,Small,1.9985180687536992,3.2571285674128916,0.8622417965356518,-0.2423913158776729
2025-08-22/IMG_0058.JPG,Small,Small,2.2400672961706745,3.278612066646552,1.2248055733416867,-0.30228772960103806
2025-08-22/IMG_0060.JPG,Very Small,Very Small,3.268680530757895,2.276250353863963,1.1793589645562046,-0.30346491369584383
2025-08-22/IMG_0061.JPG,Medium,Small,2.248723322846105,3.276720004275772,1.1863301657942968,-0.3003138957344183
2025-08-22/IMG_0062.JPG,Small,Small,2.2268310112777816,3.276540434857335,1.2457124964682125,-0.30247876577453703
2025-08-22/IMG_0063.JPG,Small,Small,0.7376955457682621,3.283420234388826,2.2268825215443324,-0.26818696786966434
2025-08-22/IMG_0064.JPG,Small,Small,2.233497006680348,3.277548605614482,0.8401047364185747,-0.288240962828518
2025-08-22/IMG_0065.JPG,Small,Small,2.2537956177654834,3.2784071854192787,0.7930429216699244,-0.2896003521846371
2025-08-22/IMG_0066.JPG,Small,Small,2.258629873987762,3.2848406411810362,0.8328245092945792,-0.2976057149634097
2025-08-22/IMG_0068.JPG,Small,Small,2.2111431000473623,3.2694874509883904,1.149770349541998,-0.29040455851284114
2025-08-22/IMG_0071.JPG,Very Small,Very Small,3.219615682848262,2.063912801470483,1.1880755941387435,-0.25864902778768606
2025-08-22/IMG_0072.JPG,Very Small,Very Small,3.2440309967186653,2.0522581840042493,1.1218057904998946,-0.25916696010330353
2025-08-22/IMG_0073.JPG,Small,Small,2.228554142865623,3.270032206355207,1.1168348173941358,-0.2915977266908765
2025-08-22/IMG_0075.JPG,Small,Small,2.2445797231452564,3.2382647136318417,1.0191782084086838,-0.2806157584451805
2025-08-22/IMG_0076.JPG,Very Small,Very Small,3.2850333281605058,2.223698504680669,0.9462962747732617,-0.2952365878799618
2025-08-22/IMG_0077.JPG,Very Small,Very Small,3.2572915815461476,2.2524577736159435,0.9814641838825883,-0.28856797086070346
2025-08-22/IMG_0078.JPG,Small,Small,2.168615163009423,3.246585023381586,1.085649639369774,-0.2693782972179206
2025-08-22/IMG_0079.JPG,Small,Small,0.8099883155552275,3.250009579484088,2.0975815610256783,-0.2254097604392571
2025-08-22/IMG_0081.JPG,Small,Small,2.2410537587736252,3.278758150972243,1.2441536940624378,-0.30424098809415673
2025-08-22/IMG_0082.JPG,Small,Small,2.2520051880753305,3.28556952294582,1.2443365759765546,-0.30733809513993854
2025-08-22/IMG_0084.JPG,Small,Small,2.255411796926421,3.2792315628543833,1.0780236437573942,-0.2991264915299722
2025-08-22/IMG_0085.JPG,Very Small,Very Small,3.271634871870815,2.2727366059824514,1.0184111457144085,-0.2998726133939373
2025-08-22/IMG_0086.JPG,Small,Very Small,3.2737389253447726,2.27171401025075,1.2132837592164454,-0.30503571696175874
2025-08-22/IMG_0087.JPG,Small,Small,2.194315597611017,3.2830569375712693,1.2177635394001505,-0.2997042391221922
2025-08-22/IMG_0089.JPG,Medium,Medium,1.1001756159974567,2.2571423323435487,3.2870286967730316,-0.30303944754106854
2025-08-22/IMG_0090.JPG,Small,Small,0.7789503997201314,3.2853557551949195,2.2593628182915824,-0.29404980222688265
2025-08-22/IMG_0091.JPG,Very Small,Small,2.226925169516883,3.2849093341405458,1.1453391260504993,-0.29928267203130265
2025-08-22/IMG_0092.JPG,Small,Small,2.158991073612455,3.282262224759036,1.2166959919339264,-0.29747814937647177
2025-08-22/IMG_0094.JPG,Very Small,Very Small,3.2862651612408613,2.269592851464709,0.771777323813786,-0.2968644186399339
2025-08-22/IMG_0098.JPG,Very Small,Very Small,3.2977209890449397,2.2671321219601763,1.1558513000798336,-0.30997975356259766
2025-08-22/IMG_0099.JPG,Very Small,Small,2.2564565981714333,3.2811956911873628,0.9684549053823839,-0.29870040536086034
2025-08-22/IMG_0100.JPG,Very Small,Very Small,3.2681112345320624,1.8098715487396675,-0.21111107168204152,0.8288093121510354
2025-08-22/IMG_0101.JPG,Medium,Medium,2.244516474432527,0.7435545509683952,3.2591667596800784,-0.24812786829258546
2025-08-22/IMG_0102.JPG,Very Small,Very Small,3.266904211980599,0.7372911723418414,2.245719004876884,-0.25208474333399034
2025-08-22/IMG_0104.JPG,Small,Small,2.186682977378356,3.2736556763255384,1.1360013983196204,-0.2891700298333483
2025-08-22/IMG_0106.JPG,Small,Very Small,3.2696669224536983,2.2773945138022005,1.206655371199199,-0.30514651435202805
2025-08-22/IMG_0107.JPG,Very Small,Very Small,3.288150634766367,2.269072519768011,1.189162994371064,-0.30744684287909074
2025-08-22/IMG_0108.JPG,Very Small,Very Small,3.2802014579886634,2.259741817390735,1.1090799782411986,-0.30093822561354466
2025-08-22/IMG_0109.JPG,Small,Small,2.2610771221589596,3.2762757455752,1.2213929886161643,-0.304178069016592
2025-08-22/IMG_0110.JPG,Very Small,Small,2.2579529727330883,3.270213403486319,1.188842824290936,-0.30003305753238346
2025-08-22/IMG_0111.JPG,Very Small,Very Small,3.2564983558370804,2.2269012113513496,1.204694649442194,-0.2919841542002296
2025-08-22/IMG_0113.JPG,Small,Small,2.1238281675220114,3.2800602858985357,1.1881166967862038,-0.29240111612705183
2025-08-22/IMG_0116.JPG,Very Small,Very Small,3.2677735509940624,2.2596848357901584,1.2409738018688774,-0.30362317038559583
2025-08-22/IMG_0117.JPG,Very Small,Very Small,3.2608814719351864,2.236828490654769,1.215162164636428,-0.29577710676523883
2025-08-22/IMG_0118.JPG,Medium,Medium,1.1034957688234868,2.2123245275170973,3.2846470575911697,-0.29650692902159514
2025-08-22/IMG_0119.JPG,Very Small,Very Small,3.284923999451677,2.2732895551644225,1.170702808235835,-0.3066386161447869
2025-08-22/IMG_0122.JPG,Very Small,Very Small,3.273331918586474,2.261097099486125,1.2097407617956606,-0.3026592798803879
2025-08-22/IMG_0123.JPG,Small,Small,0.8114221183331007,3.2671425496161097,2.27188068248378,-0.29247086025606267
2025-08-22/IMG_0125.JPG,Very Small,Very Small,3.2608909082831126,2.276596839546233,1.2260133072840118,-0.3045541447724055
2025-08-22/IMG_0126.JPG,Very Small,Very Small,3.304861447021715,2.241215404018241,0.7460179240614192,-0.30337152340772494
2025-08-22/IMG_0128.JPG,Very Small,Very Small,3.2934852999463686,2.2536979678026565,0.8517483130504386,-0.3023251539913876
2025-08-22/IMG_0129.JPG,Very Small,Very Small,3.302789928238862,2.244291175438699,0.7505462711596459,-0.30213118765709795
2025-08-22/IMG_0132.JPG,Small,Small,2.176093158996864,3.2754564304730684,1.275829854433358,-0.30478474337273853
2025-08-22/IMG_0133.JPG,Small,Small,0.8808809335658474,3.2804045901680063,2.1923144626012503,-0.2864209919559122
2025-08-22/IMG_0134.JPG,Medium,Medium,0.7180482099192764,2.2636929281208533,3.290881541842997,-0.27914269070700437
2025-08-22/IMG_0135.JPG,Small,Small,0.8485811289929945,3.2760359375302035,2.2539099599806858,-0.2925942666415865
2025-08-22/IMG_0137.JPG,Very Small,Very Small,3.2970505728498756,2.2644959075083144,0.8172904195807934,-0.30512396868058383
2025-08-22/IMG_0138.JPG,Very Small,Very Small,3.293483541913071,2.2772082481196816,0.7975827512900413,-0.30498311608719336
2025-08-22/IMG_0139.JPG,Very Small,Very Small,3.2880526634513703,2.2797791766423674,1.1978641969835453,-0.3096023033054845
2025-08-22/IMG_0140.JPG,Very Small,Very Small,3.295216613691554,2.2815237289117114,0.8684970837708651,-0.3086918619327143
2025-08-22/IMG_0141.JPG,Very Small,Very Small,3.2940497865086726,2.2807312918963505,0.9265811960210675,-0.308714434085559
2025-08-22/IMG_0143.JPG,Very Small,Very Small,3.2928932074926816,2.274412676531723,0.7481434887868841,-0.2993503154851541
2025-08-22/IMG_0144.JPG,Very Small,Very Small,3.2838832404756326,2.250853728354632,1.1191389224312052,-0.30109115507629186
2025-08-22/IMG_0146.JPG,Small,Small,0.7361044598737554,3.2790727186033735,2.2558988359023093,-0.27430959250184317
2025-08-22/IMG_0147.JPG,Medium,Medium,0.7623898964530229,2.236397925879557,3.2749977819376803,-0.2745498052128181
2025-08-22/IMG_0149.JPG,Medium,Medium,0.7581724305685501,2.2681546153709733,3.2957073065638696,-0.3010664274014644
2025-08-22/IMG_0150.JPG,Small,Small,0.8251359798526567,3.282876801570838,2.2833868704974583,-0.30350939068564575
2025-08-22/IMG_0153.JPG,Medium,Medium,0.7171435324842919,2.269567859844469,3.297732289020602,-0.2915979354273857
2025-08-22/IMG_0157.JPG,Medium,Medium,-0.3005628115569365,1.2247480552080825,3.2911999114042696,2.053358598060302
2025-08-22/IMG_0158.JPG,Very Small,Very Small,3.261378229807927,2.2715120546337038,1.1787149093177114,-0.30059019471824683
2025-08-22/IMG_0159.JPG,Very Small,Very Small,3.2695615869573804,2.2591090103702527,1.0977095439849145,-0.2968338547294708
2025-08-22/IMG_0162.JPG,Very Small,Very Small,3.272016309797008,2.2709095633279603,1.2474344693734705,-0.3069966275610418
2025-08-22/IMG_0164.JPG,Very Small,Very Small,3.265792727775943,2.268344108618674,1.2004336803132183,-0.30180504536182196
2025-08-22/IMG_0165.JPG,Very Small,Very Small,3.27122291186721,2.25793837551939,1.249985048783193,-0.3050541431275665
2025-08-22/IMG_0168.JPG,Medium,Medium,-0.2996263247998733,2.2814559478600573,3.285404337377461,0.7621503084402654
2025-08-22/IMG_0170.JPG,Large,Large,-0.30791915525178026,1.2282830260673259,2.2913690504083903,3.24999359270305
2025-08-22/IMG_0171.JPG,Medium,Medium,0.70173594366378,2.266129782077173,3.2982176473919034,-0.26595915048039787
2025-08-22/IMG_0173.JPG,Very Small,Very Small,3.270525814615324,2.283922905472256,0.9842249850776739,-0.30304065355614385
2025-08-22/IMG_0174.JPG,Small,Small,0.9376870847865576,3.278143418604006,2.237782059880762,-0.2931647520024143
2025-08-22/IMG_0175.JPG,Very Small,Very Small,3.2722424285420426,2.2683921720404245,1.1342066972699316,-0.30085476337893635
2025-08-22/IMG_0178.JPG,Very Small,Very Small,3.280210668434572,2.2628972328796735,0.9166271383677123,-0.2988755144644601
2025-08-22/IMG_0179.JPG,Very Small,Very Small,3.2874576929198573,2.2581374876095524,0.8217044890660214,-0.2984252118182123
2025-08-22/IMG_0180.JPG,Small,Small,2.0742213398412734,3.2855769041618803,1.1897154826573964,-0.29451624049793124
2025-08-22/IMG_0181.JPG,Small,Small,0.7258449881660183,3.2869954013469727,2.283319983581138,-0.29281005398445015
2025-08-22/IMG_0182.JPG,Very Small,Very Small,3.263554780747075,2.2698445564760767,1.2541977747556583,-0.3060990391941881
2025-08-22/IMG_0183.JPG,Small,Small,0.7319551326024498,3.281914615784917,2.2674251795686966,-0.2815310254062256
2025-08-22/IMG_0185.JPG,Medium,Medium,-0.30030081275402115,2.275115043940919,3.284807181788924,0.7998050695497829
2025-08-22/IMG_0186.JPG,Medium,Medium,-0.29331299331963107,2.2755706465751575,3.2793706061352204,0.7587796774716187
2025-08-22/IMG_0188.JPG,Small,Small,2.2390775739445465,3.2933352574279855,1.1723255608559744,-0.30541714878924425
2025-08-22/IMG_0189.JPG,Small,Small,0.7261183304370085,3.2899099947147707,2.271044838000293,-0.28841582273605065
2025-08-22/IMG_0190.JPG,Small,Small,2.2106053969829254,3.2913270967346975,1.2672320268214385,-0.30899200182639225
2025-08-22/IMG_0191.JPG,Small,Small,-0.29761686934543363,3.291427139533004,2.2616270996885195,0.7686001660892567
2025-08-22/IMG_0192.JPG,Small,Small,1.9774372570381098,3.285148659722645,1.2794777195028613,-0.3056354529883416
2025-08-22/IMG_0193.JPG,Small,Small,1.860978000873312,3.2931752420353257,1.263965512530588,-0.3040688447134762
2025-08-22/IMG_0194.JPG,Small,Small,2.26629422419122,3.3089148359624843,0.7819303296436333,-0.312143959275153
2025-08-22/IMG_0196.JPG,Small,Small,2.056879986040283,3.296032545742469,1.2578942755190634,-0.30679550967077834
2025-08-22/IMG_0197.JPG,Small,Small,2.0640241868213387,3.2736342085109293,1.2664737032486095,-0.299343517983443
2025-08-22/IMG_0199.JPG,Small,Small,0.7517071470028815,3.293519246130617,2.2785694201863906,-0.30170561157295467
2025-08-22/IMG_0200.JPG,Small,Small,1.8267475285531987,3.290173104636369,1.2704055481272227,-0.30285841269826064
2025-08-22/IMG_0201.JPG,Small,Small,1.748871531981141,3.2904666014379225,1.2743751385291466,-0.2977772143035719
2025-08-22/IMG_0202.JPG,Small,Small,0.7608600019787923,3.2907409627831394,2.240224727497126,-0.2909641622854657
2025-08-22/IMG_0203.JPG,Medium,Medium,-0.29718958265088086,2.275683135836894,3.2758700765760715,0.8078872867832645
2025-08-22/IMG_0204.JPG,Small,Small,0.7835272897600011,3.2655106183429705,2.1509633148619716,-0.2476470389808303
2025-08-22/IMG_0206.JPG,Medium,Medium,0.7457544645807226,2.24081290235512,3.2617138669974732,-0.25087224779711137
2025-08-22/IMG_0208.JPG,Small,Small,1.905166469871568,3.259004368822897,1.2178477791444442,-0.2775295177901958
2025-08-22/IMG_0209.JPG,Very Small,Very Small,3.2662240475968547,2.276240899110513,1.0737759319157782,-0.3002964897413736
2025-08-22/IMG_0213.JPG,Very Small,Very Small,3.282953995059707,2.249316845666118,0.8098541572383735,-0.29295862792026006
2025-08-22/IMG_0214.JPG,Medium,Medium,-0.284915717803199,2.2520672037458525,3.276313148388644,0.7754893729501907
2025-08-22/IMG_0215.JPG,Very Small,Very Small,3.283006901571735,2.260087650323333,0.8289220518411768,-0.2967834017588363
2025-08-22/IMG_0217.JPG,Small,Small,0.7447040238662634,3.2821157313174103,2.2555699401662967,-0.28223388608161043
2025-08-22/IMG_0218.JPG,Small,Small,0.8519829377863342,3.28441914169013,2.138637966264091,-0.2837891727111405
2025-08-22/IMG_0219.JPG,Small,Small,-0.2751364086769717,3.273280812671526,2.229751632989317,0.7762765276206747
2025-08-22/IMG_0221.JPG,Very Small,Very Small,3.2774397415659995,2.244099071758378,1.103720141467992,-0.2969071062052436
2025-08-22/IMG_0222.JPG,Very Small,Very Small,3.282939116857073,2.254958245161853,1.2181848468580372,-0.30499439914183796
2025-08-22/IMG_0223.JPG,Small,Small,0.7594100553819947,3.275848353962886,2.2502330974563183,-0.279705602591123
2025-08-22/IMG_0224.JPG,Small,Small,-0.2851429073223251,3.2881905161649074,2.243050352678964,0.7468128961544283
2025-08-22/IMG_0226.JPG,Small,Small,0.7537522337087478,3.2918549399947263,2.2242912789335985,-0.2874549388457342
2025-08-22/IMG_0227.JPG,Small,Small,1.7576071246322709,3.293420527152559,1.257857469124505,-0.2967135957357228
2025-08-22/IMG_0228.JPG,Small,Small,0.720989738739932,3.287485543927364,2.2727622442125006,-0.283113481785298
2025-08-22/IMG_0229.JPG,Small,Small,1.88456896471223,3.2937319325594667,1.1772248618270171,-0.2963896428190092
2025-08-22/IMG_0231.JPG,Small,Small,2.133384589854524,3.288300803151298,1.0669566702274629,-0.2932716927234212
2025-08-22/IMG_0233.JPG,Small,Small,2.1384459842860766,3.2852195164137723,1.1678701822312065,-0.2948108427780633
2025-08-22/IMG_0234.JPG,Very Small,Very Small,3.2866850888686097,2.265262843747377,1.2042604333942268,-0.30693086560795513
2025-08-22/IMG_0235.JPG,Very Small,Very Small,3.2499959614697023,2.274753216577868,1.228191206098608,-0.30264059136239296
2025-08-22/IMG_0236.JPG,Very Small,Very Small,3.2949038362643828,2.2705247040003345,1.215248729459103,-0.3108166741047248
2025-08-22/IMG_0237.JPG,Very Small,Very Small,3.23786375243904,2.2685099067961922,1.264063209510201,-0.3042104847904226
2025-08-22/IMG_0238.JPG,Very Small,Very Small,3.2653256688517005,2.25974781899144,1.2090604580965616,-0.3003742660766008
2025-08-22/IMG_0242.JPG,Very Small,Very Small,3.268021236120546,2.22950247268013,1.260885884186556,-0.3027945581843546
2025-08-22/IMG_0243.JPG,Very Small,Very Small,3.2830091593965687,2.2508781064385692,1.2453271419399274,-0.30656802512763637
2025-08-22/IMG_0244.JPG,Small,Medium,-0.2959068573093723,2.281583662362374,3.29406199161781,0.7220112897099311
2025-08-22/IMG_0245.JPG,Small,Small,1.9060909681899574,3.295967370551558,0.8346751720760466,-0.2891511520661932
2025-08-22/IMG_0246.JPG,Small,Small,0.8252180563880418,3.2727113398130476,2.2770082952520774,-0.29754575170644654
2025-08-22/IMG_0247.JPG,Small,Small,0.851559438609137,3.26515177654493,2.2927009798649203,-0.3038079065624542
2025-08-22/IMG_0248.JPG,Very Small,Very Small,3.2571312841200557,2.2478284493658025,1.2502646730993914,-0.3009252291245287
2025-08-22/IMG_0249.JPG,Very Small,Very Small,3.2658410055579745,2.264384429557234,1.2337778332622473,-0.30336148395022183
2025-08-22/IMG_0250.JPG,Very Small,Very Small,3.2529313966688997,2.2406672243780417,1.25816140683836,-0.30058057724803533
2025-08-22/IMG_0251.JPG,Very Small,Very Small,3.286383139705732,2.194475517418123,1.2161798392362773,-0.30111329693662364
2025-08-22/IMG_0252.JPG,Small,Small,2.1503061438412105,3.2767328669125306,1.2646689051387485,-0.3017825653711438
2025-08-22/IMG_0254.JPG,Small,Small,2.088879099104543,3.2901296846548935,1.1984407357857363,-0.29842961628556736
2025-08-22/IMG_0255.JPG,Very Small,Very Small,3.2732081558014783,2.2858804393868035,0.9388138561318732,-0.3039483743380558
2025-08-22/IMG_0256.JPG,Medium,Medium,0.7158573493396052,2.255807909653212,3.2936188877368515,-0.27699434016997443
2025-08-22/IMG_0257.JPG,Medium,Medium,-0.2871432883558056,2.2728372815224196,3.287063257915332,0.7273000738402229
2025-08-22/IMG_0258.JPG,Medium,Medium,-0.2990607327763048,2.269873161056365,3.2905038517398486,0.7673869033823253
2025-08-22/IMG_0259.JPG,Very Small,Very Small,3.283658204737995,2.234099504067326,1.200324771571927,-0.301813762246866
2025-08-22/IMG_0261.JPG,Medium,Medium,-0.29440774047633694,2.2546663981488595,3.293515940055607,0.7490631886884466
2025-08-22/IMG_0262.JPG,Small,Small,1.8540547946696502,3.289801959431753,1.223114226505684,-0.29589172894892624
2025-08-22/IMG_0263.JPG,Small,Small,2.043585272820718,3.2907291725101198,1.2319410241683586,-0.3008508684539207
2025-08-22/IMG_0264.JPG,Small,Small,2.18761453980994,3.289751090669748,1.1297086339278763,-0.2985127590139761
2025-08-22/IMG_0265.JPG,Medium,Medium,0.7259328732930054,2.2714087919477253,3.2914369067830376,-0.29012568127328536
2025-08-22/IMG_0266.JPG,Very Small,Very Small,3.2548265013827566,2.279443957492543,0.8922083987429466,-0.29610395693519975
2025-08-22/IMG_0267.JPG,Medium,Medium,0.7132186366460914,2.2882002423123726,3.284339158091336,-0.2859083072764854
2025-08-22/IMG_0268.JPG,Very Small,Very Small,3.2726599706073305,2.2675630329667755,1.2018335189875884,-0.3032949159017928
2025-08-22/IMG_0269.JPG,Very Small,Very Small,3.261748442725881,2.2459127405143002,1.2753806638544183,-0.306058504357839
2025-08-22/IMG_0270.JPG,Small,Small,2.1902768842804416,3.282133654077514,1.2740860614748926,-0.30659538990321333
2025-08-22/IMG_0271.JPG,Small,Small,2.0697007120933653,3.2749678268180378,1.2640613445946627,-0.2992761881645816
2025-08-22/IMG_0272.JPG,Small,Small,1.9864430648554225,3.2724909885905866,1.2734362151559766,-0.3000044775825708
2025-08-22/IMG_0274.JPG,Small,Small,0.8084741604264194,3.2810761099120396,2.283281015642196,-0.30214511695149776
2025-08-22/IMG_0276.JPG,Small,Small,1.8199857163203104,3.282469175205445,1.264383938255902,-0.2971555235222407
2025-08-22/IMG_0278.JPG,Small,Small,2.0024204740822413,3.2786330200295324,1.246508281303136,-0.2960488206798104
2025-08-22/IMG_0279.JPG,Medium,Medium,0.7162441027775542,2.2450412719920965,3.2884708805436045,-0.2589614157022385
2025-08-22/IMG_0280.JPG,Medium,Medium,0.7211302427247293,2.2493998470915155,3.293644090150232,-0.27999728250774275
2025-08-22/IMG_0281.JPG,Medium,Medium,-0.29486092805193564,2.263941237490479,3.2956991405856457,0.73337875063287
2025-08-22/IMG_0283.JPG,Very Small,Very Small,3.263036099221313,2.255831667248026,1.2562708408773555,-0.3040118963918595
2025-08-22/IMG_0286.JPG,Very Small,Very Small,3.2949623210589767,2.282356998415252,0.7889960499525551,-0.3066692513190389
2025-08-22/IMG_0289.JPG,Small,Small,2.263764570010846,3.293486642617349,1.2084336425720077,-0.30922351555078054
2025-08-22/IMG_0290.JPG,Medium,Medium,0.7128752648764072,2.254916969166182,3.2754988105068317,-0.21431627400539716
2025-08-22/IMG_0291.JPG,Small,Small,0.7584477413873432,3.278370640090551,2.258005376349411,-0.28472818136961897
2025-08-22/IMG_0292.JPG,Medium,Medium,0.7441786410375599,2.263185438885873,3.2825335689627817,-0.2858036722455494
2025-08-22/IMG_0293.JPG,Small,Small,0.8306796690394721,3.28725063615761,2.267965570759844,-0.30097202774460946
2025-08-22/IMG_0297.JPG,Small,Small,0.7993567316802304,3.2788424265223677,2.261669454364954,-0.2929608693917138
2025-08-22/IMG_0298.JPG,Very Small,Very Small,3.279563202458484,2.290926373014191,1.1056947669246422,-0.3086855800331386
2025-08-22/IMG_0299.JPG,Very Small,Very Small,3.2695143054382236,2.2884069028060456,0.9096863467953301,-0.3037589330606738
2025-08-22/IMG_0300.JPG,Small,Small,2.207833456358786,3.2898310477817208,1.2260882600337557,-0.3041616949005494
2025-08-22/IMG_9733.JPG,Small,Small,2.208033293686847,3.2791801470337387,1.269273165644246,-0.3055996997665495
2025-08-22/IMG_9735.JPG,Very Small,Small,2.227138765339987,3.2668426282140506,1.280077421371079,-0.30647589408731324
2025-08-22/IMG_9736.JPG,Medium,Medium,0.7810718299082815,1.9000077158461064,3.298913775886034,-0.28793411915385025
2025-08-22/IMG_9738.JPG,Medium,Medium,0.7472613427793501,2.254274054969459,3.2832115495996583,-0.28380968682612157
2025-08-22/IMG_9739.JPG,Small,Small,0.7485293977876366,3.2709341064880295,2.26585785600526,-0.27965781533396056
2025-08-22/IMG_9740.JPG,Very Small,Very Small,3.280891428070038,2.2084382635651156,1.2610861419372499,-0.30469383238347136
2025-08-22/IMG_9741.JPG,Small,Small,0.7360998861163215,3.2670009230126724,2.2445460529568906,-0.24955410748575893
2025-08-22/IMG_9742.JPG,Small,Small,2.2331622247190475,3.27757742436049,1.2636621278540419,-0.30576337863723096
2025-08-22/IMG_9743.JPG,Medium,Medium,0.747609494623364,2.2466905847278245,3.287696710016012,-0.2859387860061786
2025-08-22/IMG_9744.JPG,Small,Small,2.2292348985760855,3.295095230749845,1.0121030654669083,-0.3029116115682002
2025-08-22/IMG_9746.JPG,Medium,Medium,0.7897577991614803,2.1837330189693867,3.2831918424474327,-0.27929090342175206
2025-08-22/IMG_9747.JPG,Very Small,Very Small,3.291178781759258,2.24770221799436,1.2436307655565362,-0.30867131502789874
2025-08-22/IMG_9748.JPG,Very Small,Very Small,3.261177818711416,2.223464648795467,1.2881231287710697,-0.30774455427162367
2025-08-22/IMG_9749.JPG,Very Small,Very Small,3.289996574087354,2.2629286836624454,1.2766989562737179,-0.3128984071002155
2025-08-22/IMG_9750.JPG,Medium,Medium,0.7313971635387002,2.237610794606929,3.302918748334811,-0.2974616661055078
2025-08-22/IMG_9751.JPG,Medium,Medium,-0.29137467831881053,0.8386492307090492,3.297993623184275,1.881755034795179
2025-08-22/IMG_9752.JPG,Medium,Medium,0.7079106624050681,2.203678764197024,3.3018239031237284,-0.26755848217314004
2025-08-22/IMG_9753.JPG,Medium,Medium,0.7480522648869903,2.2562565021485645,3.28859529897271,-0.2899290986371533
2025-08-22/IMG_9754.JPG,Very Small,Very Small,3.2791895388649053,2.269829615254178,1.2508590134802486,-0.30854492288820645
2025-08-22/IMG_9755.JPG,Small,Small,0.7790898335253773,3.2656639106012335,2.2885391262656505,-0.29788123446774517
2025-08-22/IMG_9757.JPG,Small,Small,0.772500083765633,3.2748803178220474,2.2989699477992067,-0.30612961991358106
2025-08-22/IMG_9759.JPG,Medium,Medium,-0.3017954799588182,2.27530645491016,3.2985246533072847,0.7368227518135961
2025-08-22/IMG_9760.JPG,Small,Small,0.7250345819019903,3.2831372074789664,2.2872830991141324,-0.2925246222278283
2025-08-22/IMG_9762.JPG,Very Small,Very Small,3.26624409890037,2.233364753544493,1.281023185169851,-0.3070351315718277
2025-08-22/IMG_9764.JPG,Medium,Medium,0.7662014336705567,1.8543365181372982,3.3050710331901936,-0.29488300042553933
2025-08-22/IMG_9766.JPG,Large,Large,-0.29155437767807696,0.8124782723310604,2.2771488778696956,3.256381504704365
2025-08-22/IMG_9767.JPG,Small,Small,2.2513042098499,3.2717143526401915,1.257553945693727,-0.3052558743074692
2025-08-22/IMG_9768.JPG,Small,Small,0.7586746244388425,3.2771839367835156,2.300560216758701,-0.30663378634112676
2025-08-22/IMG_9769.JPG,Medium,Small,0.8043047970140227,3.262693574852724,2.2961209122480097,-0.30371568491595446
2025-08-22/IMG_9770.JPG,Medium,Medium,0.7836472954982959,2.221766401015452,3.300392457547488,-0.3008364961211762
2025-08-22/IMG_9772.JPG,Medium,Medium,0.7390448297671095,2.248505177912506,3.3001418097459663,-0.2977466398226579
2025-08-22/IMG_9773.JPG,Medium,Medium,0.7698434470513762,2.226659742861259,3.297292428133125,-0.29687495726780483
2025-08-22/IMG_9774.JPG,Medium,Medium,0.717436974211115,2.2595635820838944,3.3025298799592915,-0.29534378898271046
2025-08-22/IMG_9775.JPG,Very Small,Very Small,3.287652204353231,2.272985175963875,0.7491044432130405,-0.29535532882003995
2025-08-22/IMG_9776.JPG,Small,Small,2.185103320698357,3.283164905234038,1.2631773826252677,-0.3047071759741927
2025-08-22/IMG_9777.JPG,Medium,Medium,-0.2775325996541323,1.9964955835448803,3.29290328613076,0.7689026360291247
2025-08-22/IMG_9778.JPG,Small,Small,2.128805829034611,3.263742586227174,1.2842874375681652,-0.30361398234862846
2025-08-22/IMG_9779.JPG,Very Small,Very Small,3.303900329415696,1.949109533076658,0.9617335309955755,-0.30307236008248417
2025-08-22/IMG_9780.JPG,Very Small,Very Small,3.2830881658380884,2.268747685225385,1.2276142584481273,-0.30758983435431053
2025-08-22/IMG_9782.JPG,Very Small,Very Small,3.2900550715575987,1.9080300055496748,1.2708403926046288,-0.3047332757278883
2025-08-22/IMG_9783.JPG,Medium,Medium,0.721896068306972,2.273453904808792,3.301261592857531,-0.29974701206230314
2025-08-22/IMG_9784.JPG,Medium,Medium,0.8350014553873355,2.253102719117542,3.299473473968164,-0.30559948503218204
2025-08-22/IMG_9785.JPG,Small,Small,0.7791028818310763,3.2892004911163837,2.284149458817398,-0.30400506618690876
2025-08-22/IMG_9786.JPG,Medium,Medium,0.7706433193821187,2.2157703521368215,3.297812467186466,-0.2963524550841061
2025-08-22/IMG_9787.JPG,Very Small,Very Small,3.3027999067283997,1.924116692818987,1.178176501313316,-0.3050142154129947
2025-08-22/IMG_9788.JPG,Very Small,Very Small,3.273634329549832,2.2593733291231084,1.2665623831056836,-0.3078543880315178
2025-08-22/IMG_9791.JPG,Small,Small,0.7969061144590297,3.280623161124299,2.294978498340006,-0.3065709193983831
2025-08-22/IMG_9792.JPG,Very Small,Very Small,3.30202192895059,1.9604225439891287,0.8565684186002823,-0.2991653643955849
2025-08-22/IMG_9793.JPG,Small,Small,-0.26769288625733245,3.2499989470641992,2.2243636567541776,0.8349543929176362
2025-08-22/IMG_9795.JPG,Small,Small,0.9105250810747273,3.2808259495113905,2.2851266789549673,-0.30531288633850684
2025-08-22/IMG_9797.JPG,Small,Small,0.7445889020284904,3.280389259511872,2.2785119019108997,-0.2921735988606485
2025-08-22/IMG_9798.JPG,Medium,Medium,0.7078599895998938,2.1815444605818604,3.306859520382275,-0.28354616215850886
2025-08-22/IMG_9799.JPG,Small,Small,2.222753164424599,3.2785509475592565,1.2846314482430157,-0.30942724111907344
2025-08-22/IMG_9802.JPG,Small,Small,-0.2450208564824281,3.2804285228355674,2.2657608972790624,0.7113546542744047
2025-08-22/IMG_9803.JPG,Medium,Medium,-0.2902075504767945,2.2592985004951935,3.2941631445779596,0.7297629670459782
2025-08-22/IMG_9804.JPG,Very Small,Very Small,3.3012451888699554,2.247716348463214,1.1785844255864342,-0.310241932554522
2025-08-22/IMG_9805.JPG,Medium,Medium,-0.2998736403546527,2.265420144818117,3.2950704298829487,0.7577998705973923
2025-08-22/IMG_9807.JPG,Very Small,Very Small,3.2528925264489845,2.270258652740808,1.2691926063412495,-0.3069316980685792
2025-08-22/IMG_9810.JPG,Large,Large,0.7352805816483181,-0.28546515717586857,2.2633243326456487,3.286121502705154
2025-08-22/IMG_9811.JPG,Medium,Medium,-0.2880974973662226,2.185568502216143,3.2981300006175793,0.7431921383947719
2025-08-22/IMG_9812.JPG,Large,Large,-0.2940123503464433,0.766660689959787,2.2885303364417147,3.257069506679474
2025-08-22/IMG_9813.JPG,Medium,Medium,-0.2962446848886076,1.0043270753179543,3.2981861567147828,1.8874749449696713
2025-08-22/IMG_9815.JPG,Large,Large,-0.3012261307751099,0.7435000389181075,2.2617795617038428,3.300204661911003
2025-08-22/IMG_9816.JPG,Very Small,Very Small,3.2500026927375782,2.200899987514587,1.2148261783975225,-0.28785742487395805
2025-08-22/IMG_9817.JPG,Very Small,Very Small,3.2469382151935924,2.248329299947889,1.269355364345124,-0.303002045532195
2025-08-22/IMG_9818.JPG,Medium,Medium,-0.30057716665655587,0.9278871747150933,3.2964296826633883,2.195577030333835
2025-08-22/IMG_9820.JPG,Medium,Medium,-0.30597066336361384,2.2655296809194896,3.2916523045441317,1.0705863534007027
2025-08-22/IMG_9822.JPG,Large,Large,-0.30461328606325516,0.7692591634827615,2.2472690867136618,3.3029815183965368
2025-08-22/IMG_9823.JPG,Large,Large,-0.3007863173625141,1.186702229017123,2.2346422275736506,3.2827575843953296
2025-08-22/IMG_9827.JPG,Large,Large,-0.30341989437694084,0.7369545670908764,2.279667393739586,3.298878135926991
2025-08-22/IMG_9832.JPG,Large,Large,-0.3045495008472777,0.7298609570942833,2.282509289621352,3.3009606201480626
2025-08-22/IMG_9833.JPG,Small,Small,0.8088400612511374,3.2572681464321764,2.28482967223593,-0.2959221206950791
2025-08-22/IMG_9834.JPG,Medium,Medium,-0.2650876350944609,0.8716445248974387,3.299962805121409,1.7275122449944098
2025-08-22/IMG_9835.JPG,Medium,Medium,-0.29674148773550896,0.9806223369165117,3.305468904570384,1.754583443001577
2025-08-22/IMG_9837.JPG,Medium,Medium,0.7466944432340001,2.215907785484124,3.300613862748177,-0.29571561051342926
2025-08-22/IMG_9839.JPG,Medium,Medium,-0.2977109619621115,0.8856297383082641,3.2965859243087676,2.1490499080546153
2025-08-22/IMG_9840.JPG,Medium,Medium,-0.29027969705681433,1.1422548474492418,3.2851011269467687,2.0266183375758917
2025-08-22/IMG_9842.JPG,Medium,Medium,-0.2965243496535,0.7793307941666888,3.2995930470499424,2.177206787954464
2025-08-22/IMG_9843.JPG,Large,Large,-0.28746453247748693,0.7111742381363121,2.282720048896228,3.2925365554915094
2025-08-22/IMG_9844.JPG,Large,Large,-0.2919518341984959,0.711400246818285,2.28101400971237,3.2968457221820984
2025-08-22/IMG_9845.JPG,Large,Large,-0.29997608703220585,0.7279981721265499,2.285762943711984,3.2937479465245514
2025-08-22/IMG_9846.JPG,Large,Large,-0.2993050120930244,0.7259151770379729,2.2722508678650666,3.299881845842971
2025-08-22/IMG_9847.JPG,Large,Large,-0.29490718232686747,0.7251513693730003,2.266829180771586,3.2977281230834294
2025-08-22/IMG_9848.JPG,Medium,Medium,-0.27896669987497336,2.173102136426981,3.2891733428277283,0.7619748403923365
2025-08-22/IMG_9849.JPG,Medium,Medium,-0.24749266090837949,0.7304362455971154,3.299746752321956,1.785110112893741
2025-08-22/IMG_9851.JPG,Very Small,Very Small,3.2754299687735133,2.278598801389879,0.8216676741281204,-0.2989555862644207
2025-08-22/IMG_9853.JPG,Medium,Medium,-0.26084938182993794,2.1138060830889085,3.2836321490119733,0.7585840859549875
2025-08-22/IMG_9854.JPG,Large,Large,-0.30204140662012696,0.7796323858926876,2.279238512961323,3.2885371078166195
2025-08-22/IMG_9855.JPG,Large,Large,-0.28454475293347503,0.7827567851496148,2.2733091812264163,3.2530161562151814
2025-08-22/IMG_9856.JPG,Large,Large,-0.3025208893041889,1.20128619526098,2.2326893729348924,3.28559004136293
2025-08-22/IMG_9859.JPG,Large,Large,-0.30693514007801975,1.2062067655160704,2.2620904375684567,3.2878347716612066
2025-08-22/IMG_9860.JPG,Large,Large,-0.28032630130134323,2.218948546417364,1.090963972924702,3.2499796205880833
2025-08-22/IMG_9861.JPG,Small,Small,0.7884519716581457,3.271073524170273,2.2895050878286085,-0.30072487657401953
2025-08-22/IMG_9863.JPG,Small,Small,1.8768897663910646,3.282998434668618,1.2053280101115398,-0.2897076094576876
2025-08-22/IMG_9864.JPG,Medium,Medium,-0.2919874466605721,2.264189555838392,3.286990957686108,0.7510197073392416
2025-08-22/IMG_9865.JPG,Very Small,Very Small,3.2702948961628397,2.2715322349462683,1.2841900687047028,-0.3117783332525969
2025-08-22/IMG_9866.JPG,Small,Small,1.803202148421999,3.282249030249373,1.2559390182191912,-0.29360701111344295
2025-08-22/IMG_9870.JPG,Large,Large,-0.29392275529044226,0.7208376795462831,2.2472261405603993,3.3022972147801486
2025-08-22/IMG_9871.JPG,Large,Large,-0.2960658202517308,0.8245313433403214,2.281970230052155,3.260331748473432
2025-08-22/IMG_9872.JPG,Large,Large,-0.2964506988237372,1.1343855499114945,2.2429908398555676,3.274570633159109
2025-08-22/IMG_9875.JPG,Small,Small,-0.27659770608491,3.273556302496699,2.2827662928782133,0.7196357099766445
2025-08-22/IMG_9878.JPG,Very Small,Very Small,3.2620724117366158,2.261878069884048,1.2739774125537808,-0.3076100101666121
2025-08-22/IMG_9881.JPG,Very Small,Very Small,3.250006134037014,2.275691176513954,1.2630248799325994,-0.30671800808447425
2025-08-22/IMG_9882.JPG,Small,Small,2.1820253239110596,3.287391097286359,1.0105078770714138,-0.29407630867921647
2025-08-22/IMG_9885.JPG,Medium,Medium,-0.2853951898103032,2.1580692788394567,3.2894801808112786,0.7974054657765345
2025-08-22/IMG_9886.JPG,Small,Small,0.7640065641245751,3.278621689019105,2.295889074492601,-0.3045237971000318
2025-08-22/IMG_9887.JPG,Medium,Medium,-0.292677075283774,2.2572340498790378,3.2941491428419205,0.7377663239448042
2025-08-22/IMG_9889.JPG,Small,Small,0.8380204973710861,3.270064165380894,2.2789456761030507,-0.29806759476186107
2025-08-22/IMG_9890.JPG,Small,Small,1.9448709966978115,3.2757717206690398,1.2526273035119995,-0.29511997102247856
2025-08-22/IMG_9891.JPG,Small,Small,0.8366897922320962,3.2804829484563425,2.2734813153651277,-0.2997172434640795
2025-08-22/IMG_9892.JPG,Small,Small,2.069903180288843,3.2895150345429895,1.240507621624365,-0.30147652663919655
2025-08-22/IMG_9893.JPG,Small,Small,1.80163912862274,3.2937981500949087,1.2731150456130085,-0.30434047979270684
2025-08-22/IMG_9894.JPG,Small,Small,2.115337914686558,3.2786619664969012,1.2839253986604433,-0.3063922459818264
2025-08-22/IMG_9895.JPG,Small,Small,0.7728078557848381,3.280711921414917,2.2676098674678755,-0.2930067258350283
2025-08-22/IMG_9897.JPG,Small,Small,1.9855993594305623,3.2878603804337736,1.282217906161093,-0.30730468231594554
2025-08-22/IMG_9898.JPG,Small,Small,2.2234209586863676,3.2762240960501816,1.290126830333726,-0.31047782191492096
2025-08-22/IMG_9899.JPG,Small,Small,2.1971795502338884,3.2880548601806137,1.2576431208867667,-0.3060421977284818
2025-08-22/IMG_9903.JPG,Small,Small,0.7240611590194678,3.2896657229058524,2.293024283982885,-0.300314034350718
2025-08-22/IMG_9904.JPG,Small,Small,1.8539119142655194,3.2762465052771503,1.2073708098214573,-0.283620315350822
2025-08-22/IMG_9905.JPG,Small,Small,0.8706047136148276,3.2837707390197135,2.292756766766609,-0.3082818668145951
2025-08-22/IMG_9907.JPG,Small,Small,-0.24492580331376707,3.2626165635883098,2.2869107443841403,0.7076992080353084
2025-08-22/IMG_9908.JPG,Small,Small,0.7479995923842062,3.255411011006401,2.2890280320933867,-0.29005979761725614
2025-08-22/IMG_9909.JPG,Small,Medium,-0.2691013560316728,2.253265030099126,3.2953262418309817,0.7097113985072476
2025-08-22/IMG_9910.JPG,Very Small,Very Small,3.267110344679528,2.265460302848119,0.9810935158963725,-0.2958148070424543
2025-08-22/IMG_9911.JPG,Small,Small,2.179731673021238,3.2657361154600792,0.855818258239714,-0.27090001841219663
2025-08-22/IMG_9912.JPG,Small,Small,2.232276613463512,3.2777237797747163,0.8051686252418587,-0.28492556204727937
2025-08-22/IMG_9914.JPG,Very Small,Small,2.2487639366123835,3.274430571946948,1.1245887484205657,-0.2970913180626174
2025-08-22/IMG_9916.JPG,Small,Small,2.2610519807512652,3.268386023587534,0.970331887995284,-0.2947810832912441
2025-08-22/IMG_9917.JPG,Small,Very Small,3.2838633603323055,2.2516976176115517,0.7842906220326369,-0.29160085660589125
2025-08-22/IMG_9918.JPG,Very Small,Very Small,3.2739135418660887,2.270412780778201,0.8340312149812054,-0.29594664290652156
2025-08-22/IMG_9920.JPG,Very Small,Very Small,3.284809628209225,2.2725682589923903,1.1537497967516377,-0.3060360968333514
2025-08-22/IMG_9921.JPG,Very Small,Very Small,3.272747273114227,2.2639948006106816,0.9454596096441117,-0.29675762561317615
2025-08-22/IMG_9922.JPG,Very Small,Very Small,3.2844156953624957,2.2659401662642837,1.0667765174535386,-0.3030599976818398
2025-08-22/IMG_9923.JPG,Small,Very Small,3.2674521574105095,2.273808109551952,0.9283492182064609,-0.29781821057933744
2025-08-22/IMG_9925.JPG,Very Small,Very Small,3.278910629567756,2.242088804680715,0.8199954297121957,-0.28949735566104146
2025-08-22/IMG_9927.JPG,Very Small,Very Small,3.2603564885498324,0.7402193443645255,2.263129255477574,-0.26365403757013006
2025-08-22/IMG_9929.JPG,Very Small,Very Small,3.2408510617637676,2.1247866698049154,-0.23573443185381932,0.8531657679804796
2025-08-22/IMG_9930.JPG,Very Small,Small,2.227943779763848,3.2585502454637623,1.046173071976231,-0.2841763505295478
2025-08-22/IMG_9931.JPG,Very Small,Very Small,3.2885484815857957,2.266182938217154,0.8259245789302592,-0.30101459397529506
2025-08-22/IMG_9932.JPG,Very Small,Very Small,3.293459677283606,2.266300977833518,1.0085913031410962,-0.3063622540897006
2025-08-22/IMG_9936.JPG,Very Small,Very Small,3.2789077100896105,2.2671768656487394,1.126716963614735,-0.3024016075346995
2025-08-22/IMG_9937.JPG,Small,Small,2.2075493934038444,3.267468013163035,1.0885013592990567,-0.2862014742453484
2025-08-22/IMG_9938.JPG,Very Small,Very Small,3.2800891606752622,2.2734407700390635,1.0853919625681063,-0.3034925399213834
2025-08-22/IMG_9939.JPG,Small,Small,2.2054687161163016,3.272724282144784,1.1938239566527775,-0.2940990833942241
2025-08-22/IMG_9940.JPG,Small,Small,2.1752355272082324,3.2663171574483636,0.9690663304317172,-0.2775922436594885
2025-08-22/IMG_9941.JPG,Small,Small,2.240941929998123,3.27916979713568,1.1920028635212347,-0.3003971427709711
2025-08-22/IMG_9942.JPG,Small,Small,2.241925153815139,3.262369207213096,1.0389878955724206,-0.2887480704866491
2025-08-22/IMG_9944.JPG,Very Small,Very Small,3.2606821616861574,2.205949727941041,1.1171003501772996,-0.2839246273102965
2025-08-22/IMG_9945.JPG,Very Small,Very Small,3.2715186862367585,2.2537199292587853,0.7921602429020608,-0.2851859465004137
2025-08-22/IMG_9946.JPG,Very Small,Very Small,3.2811692145915927,2.2648593964113495,0.7999390039900598,-0.29526844498532306
2025-08-22/IMG_9947.JPG,Very Small,Very Small,3.2895232461713064,2.272046167265524,0.8086262521145244,-0.3021789042652536
2025-08-22/IMG_9949.JPG,Small,Small,1.8638703190888306,3.261756286358789,0.8750094804740464,-0.23432615341884086
2025-08-22/IMG_9950.JPG,Small,Small,2.1502429731763093,3.2566212093601283,1.0341244543934158,-0.27020074438706704
2025-08-22/IMG_9951.JPG,Very Small,Very Small,3.249183639042027,2.2247221090224,1.0629067053577885,-0.28010956063091447
2025-08-22/IMG_9952.JPG,Very Small,Very Small,3.276877954496214,2.198008085649201,0.8589534844642243,-0.28308748949525053
2025-08-22/IMG_9954.JPG,Very Small,Very Small,3.2600219196652516,2.2417996663594355,1.1238065448958672,-0.290484837694126
2025-08-22/IMG_9956.JPG,Small,Small,2.248777842205384,3.2564440006740822,0.9050395153011662,-0.2848770292237282
2025-08-22/IMG_9958.JPG,Very Small,Small,2.1110720695864753,3.2097343126938096,1.1588255611200018,-0.2521664281419382
2025-08-22/IMG_9959.JPG,Very Small,Very Small,3.276441197236152,2.2134426568498156,1.1418413616497565,-0.2935564101349445
2025-08-22/IMG_9961.JPG,Very Small,Very Small,3.259484496642238,2.2663927064329052,1.0043813371346395,-0.29414798599037784
2025-08-22/IMG_9962.JPG,Very Small,Small,2.2507795082024113,3.2689827974952714,1.0831020982952406,-0.2943462168787723
2025-08-22/IMG_9963.JPG,Small,Small,2.267790409842483,3.267957412828154,1.1029791942228155,-0.2987246358665122
2025-08-22/IMG_9967.JPG,Very Small,Small,2.2488359447762507,3.2682642502948958,1.2450923619321517,-0.30259774259007727
2025-08-22/IMG_9968.JPG,Very Small,Very Small,3.2681818566838423,2.264677119774738,1.0784963450738871,-0.2974115318507088
2025-08-22/IMG_9971.JPG,Small,Small,2.241707680612159,3.274608678315575,1.2278041497301306,-0.3015051025100206
2025-08-22/IMG_9972.JPG,Very Small,Very Small,3.2647625018247806,2.2601033816204956,1.171992895507159,-0.29816806426808445
2025-08-22/IMG_9973.JPG,Very Small,Small,2.2410631625622224,3.263508210100988,0.875354068207001,-0.28423520552414694
2025-08-22/IMG_9976.JPG,Small,Small,2.248564115581393,3.2504792822811877,0.9914373337209981,-0.2852264709053215
2025-08-22/IMG_9977.JPG,Very Small,Very Small,3.2877032904667236,2.2578486239744855,1.0627715005856233,-0.30290037723441465
2025-08-22/IMG_9979.JPG,Very Small,Very Small,3.259828278720092,2.249561574116285,1.1484168766991805,-0.2932524520222813
2025-08-22/IMG_9981.JPG,Small,Very Small,3.24787263560226,2.255458394725609,1.1348769512489132,-0.2909268096851641
2025-08-22/IMG_9982.JPG,Very Small,Small,2.2180783259142114,3.275063310432625,1.2267276710539494,-0.29910816075747854
2025-08-22/IMG_9983.JPG,Very Small,Very Small,3.285119038371704,2.2762285052071625,1.1904227888550736,-0.3078554804075833
2025-08-22/IMG_9984.JPG,Very Small,Very Small,3.2921904150196717,2.2673532663686666,1.1849314817422678,-0.30845775621015115
2025-08-22/IMG_9985.JPG,Very Small,Very Small,3.281733372102857,2.272473064855523,1.190306671725591,-0.30616137248547765
2025-08-22/IMG_9986.JPG,Very Small,Very Small,3.284748278393499,2.2628534509368223,1.236990775231354,-0.30779089877157484
2025-08-22/IMG_9987.JPG,Very Small,Very Small,3.2718200337578045,2.266190445946383,1.1057200493720358,-0.29948513969437757
2025-08-22/IMG_9988.JPG,Small,Small,2.2505534539617407,3.2716766581119154,1.2310693455373714,-0.302159016440824
2025-08-22/IMG_9990.JPG,Small,Small,2.2452707266076013,3.2731683204405986,1.168542740616478,-0.29767612537903176
2025-08-22/IMG_9991.JPG,Very Small,Very Small,3.2926420694315808,2.277023632613444,1.1347156699637997,-0.3091606599436503
2025-08-22/IMG_9993.JPG,Very Small,Small,2.2482452784322557,3.2623514376349556,1.052606037877048,-0.2906034149229224
2025-08-22/IMG_9994.JPG,Very Small,Very Small,3.272511526452503,2.2386966509919635,1.1631976647401698,-0.29613906211561064
2025-08-22/IMG_9996.JPG,Small,Small,2.2315883883143868,3.27060959072429,0.8856729049152663,-0.2861754101270545
2025-08-22/IMG_9998.JPG,Very Small,Very Small,3.2729328311611585,2.255403438045512,1.2423138991864826,-0.3042423094703488
2025-08-22/IMG_9999.JPG,Very Small,Very Small,3.26129805137906,2.200066889168117,1.0283481544847084,-0.27975625587438563
2025-09-29/IMG_1672.JPG,Small,Small,2.191165793169732,3.2906239432889333,0.772959195556076,-0.285804839520248
2025-09-29/IMG_1673.JPG,Small,Small,2.187398782552446,3.295804166665279,0.7454080709890898,-0.2852530123102464
2025-09-29/IMG_1674.JPG,Small,Small,0.7405258005262015,3.2901960695016887,2.2313110888709446,-0.2819044076252046
2025-09-29/IMG_1675.JPG,Medium,Medium,0.6989802424422196,2.1826543616141327,3.3056979774519974,-0.24912572025262664
2025-09-29/IMG_1677.JPG,Small,Small,0.7329291928694169,3.2863665498566856,2.246006522241143,-0.2766805838631026
2025-09-29/IMG_1678.JPG,Small,Small,0.7266053417344429,3.2865178134958453,2.2972289311728913,-0.3024445129423414
2025-09-29/IMG_1679.JPG,Medium,Medium,0.7088759102323314,2.270592886660341,3.2937025444775436,-0.2761254071628944
2025-09-29/IMG_1681.JPG,Medium,Medium,0.7041028876619173,2.147625794767183,3.305882511306884,-0.267114722591998
2025-09-29/IMG_1684.JPG,Medium,Medium,0.7123136222037922,2.276877276546179,3.289306801714634,-0.27933532607019057
2025-09-29/IMG_1685.JPG,Very Small,Very Small,3.251265392543701,0.9318704635871409,2.250893214038234,-0.28465816772647873
2025-09-29/IMG_1688.JPG,Very Small,Very Small,3.253618931327133,2.1703745045578673,1.2717513234449316,-0.29875496256651435
2025-09-29/IMG_1689.JPG,Very Small,Very Small,3.254659738815967,2.2658491052015064,0.7880011776346781,-0.28148586275065224
2025-09-29/IMG_1690.JPG,Medium,Medium,0.768722548092367,2.08647666157549,3.280821601379494,-0.258121294439906
2025-09-29/IMG_1691.JPG,Medium,Medium,0.7281720722173332,1.7794534060579126,3.3040100807927204,-0.26656698380478305
2025-09-29/IMG_1692.JPG,Medium,Medium,0.703758810921695,2.2596950541114715,3.300096097111737,-0.27347726770223696
2025-09-29/IMG_1693.JPG,Medium,Medium,0.7156037403881366,2.2850991580957576,3.279367843102693,-0.28022135263867815
2025-09-29/IMG_1697.JPG,Medium,Medium,0.7373661279592406,2.2631095701402373,3.2744402184057453,-0.2747706765872562
2025-09-29/IMG_1699.JPG,Medium,Medium,0.7203099924133124,2.280477160296774,3.2815751876801817,-0.28230836502428575
2025-09-29/IMG_1700.JPG,Small,Small,0.7516286315190007,3.282861581767333,2.246864627588604,-0.2823336584390732
2025-09-29/IMG_1701.JPG,Small,Small,0.8870291231740013,3.2679159643841205,2.285539013094631,-0.3017591755025501
2025-09-29/IMG_1702.JPG,Very Small,Very Small,3.27153658697159,2.244700896200143,1.2365541012842578,-0.301884249008038
2025-09-29/IMG_1703.JPG,Very Small,Very Small,3.2865311144876803,2.280199863593814,1.2731932877981262,-0.3136540632899072
2025-09-29/IMG_1704.JPG,Medium,Medium,0.7254018800947164,2.267440883191202,3.2748568547046344,-0.26776634197232135
2025-09-29/IMG_1705.JPG,Very Small,Very Small,3.2960911432077737,1.800465691854165,0.9671632310916914,-0.2879809259827882
2025-09-29/IMG_1706.JPG,Medium,Medium,0.729124276374982,2.2318710851753116,3.281440417241646,-0.257087531725643
2025-09-29/IMG_1707.JPG,Small,Small,2.0683146270707264,3.2806125821538794,0.9039201294401069,-0.279355956973442
2025-09-29/IMG_1708.JPG,Small,Small,2.137634218519893,3.28406847574343,0.8695965696408736,-0.28450644838141426
2025-09-29/IMG_1709.JPG,Small,Small,0.8117465637044395,3.2767510547350414,2.2310538995542792,-0.28468990364546365
2025-09-29/IMG_1710.JPG,Medium,Medium,0.7171723522343043,2.2416651904257052,3.2934491446857814,-0.27153534482679137
2025-09-29/IMG_1711.JPG,Very Small,Very Small,3.271271660703089,2.119944570488504,1.2416036336007346,-0.29442416179930864
2025-09-29/IMG_1712.JPG,Small,Small,0.7719598183669072,3.2725517929984744,2.251734194232401,-0.28127738629528026
2025-09-29/IMG_1713.JPG,Medium,Medium,0.7744385484896029,2.2156785358443063,3.276234412028736,-0.273574931207817
2025-09-29/IMG_1714.JPG,Medium,Medium,0.7202284114709967,2.065805315394922,3.298370745697952,-0.2601798373377883
2025-09-29/IMG_1715.JPG,Very Small,Very Small,3.2927928882340125,1.8258336727063882,1.0415521123036848,-0.2874854147785036
2025-09-29/IMG_1716.JPG,Very Small,Very Small,3.2522075285618866,2.2822609722600027,0.7564078296750983,-0.2851717517438522
2025-09-29/IMG_1717.JPG,Medium,Medium,0.8536017489018559,2.004425426564449,3.2734477423161334,-0.2638378373141647
2025-09-29/IMG_1718.JPG,Small,Small,2.247485704149551,3.282569746921285,1.282420688602215,-0.31110577212020885
2025-09-29/IMG_1719.JPG,Very Small,Very Small,3.2825659658768602,1.982459893631868,1.2582039014812016,-0.2998228709248162
2025-09-29/IMG_1720.JPG,Small,Small,1.9957208881465742,3.25802843377756,1.282042804455782,-0.2997053205643751
2025-09-29/IMG_1721.JPG,Very Small,Very Small,3.2771901590732586,0.8447429118554531,2.2742448691303827,-0.2989924490310606
2025-09-29/IMG_1722.JPG,Very Small,Very Small,3.258967306489816,2.265861095520126,0.8116529585605333,-0.2865403101471346
2025-09-29/IMG_1723.JPG,Medium,Medium,0.7538644513282845,2.233394549750468,3.277994657713775,-0.27312315872947746
2025-09-29/IMG_1725.JPG,Small,Small,0.8077213334137472,3.2811641218479184,2.178791716688017,-0.27942408525788703
2025-09-29/IMG_1726.JPG,Small,Small,0.75105563592138,3.2858264674784676,2.236940321430532,-0.2822448811648528
2025-09-29/IMG_1727.JPG,Very Small,Very Small,3.302659747934266,1.8148536313018775,1.1205628607788864,-0.30060333262768
2025-09-29/IMG_1728.JPG,Very Small,Very Small,3.3015873958749955,1.7813699553873943,1.1913447309614484,-0.29980415216885625
2025-09-29/IMG_1729.JPG,Very Small,Very Small,3.3000359419915477,1.7621369240890885,1.2210230197607932,-0.29819854342506424
2025-09-29/IMG_1731.JPG,Small,Small,2.0921071277011682,3.284455611920349,0.9148076925953706,-0.2847300437336002
2025-09-29/IMG_1732.JPG,Very Small,Very Small,3.287934915340699,2.1570347280055717,1.2067111707158769,-0.2995460173010924
2025-09-29/IMG_1735.JPG,Very Small,Very Small,3.2598727952332913,2.2696747797245274,0.8004170242588386,-0.2875561489338598
2025-09-29/IMG_1736.JPG,Very Small,Very Small,3.2967841225149854,1.772744287504113,1.1128054310648776,-0.2888253638974093
2025-09-29/IMG_1737.JPG,Small,Small,2.199411301683283,3.277869385655553,0.9320294469002692,-0.2873104793979896
2025-09-29/IMG_1738.JPG,Medium,Medium,0.7288831120416237,2.253228465189765,3.2850906489031186,-0.2749877108801969
2025-09-29/IMG_1739.JPG,Small,Small,1.7945607071931318,3.2874767756628427,1.1735063702627597,-0.2839382400370274
2025-09-29/IMG_1740.JPG,Small,Small,2.1929717266340556,3.284501602550977,0.8304028390131696,-0.2868120920375173
2025-09-29/IMG_1742.JPG,Small,Small,0.9069247762038282,3.2559161153517584,2.227395311659208,-0.27837110818380356
2025-09-29/IMG_1746.JPG,Medium,Medium,0.7254643480505201,2.2009874520078454,3.2941119576313804,-0.27100779117795437
2025-09-29/IMG_1748.JPG,Very Small,Very Small,3.2963964019869536,2.2583061540002847,0.8231873228107852,-0.30393258952845076
2025-09-29/IMG_1750.JPG,Medium,Medium,0.7415900025842534,2.241674067667762,3.294401957276327,-0.2903211341936328
2025-09-29/IMG_1751.JPG,Small,Small,2.2115532549170256,3.2872511330480023,1.2305900641694856,-0.3036111237222108
2025-09-29/IMG_1752.JPG,Small,Small,2.227134199204347,3.2845615031259983,1.2735172830974792,-0.30872572174985025
2025-09-29/IMG_1753.JPG,Small,Small,2.238124838640665,3.280079950249141,1.2726994308391308,-0.3081911781479204
2025-09-29/IMG_1754.JPG,Very Small,Very Small,3.278353336919302,2.2751357147285463,1.2224386295528333,-0.30728408946145713
2025-09-29/IMG_1755.JPG,Medium,Medium,0.8019783592327449,2.2431302745346624,3.2940893642641105,-0.2990602040548378
2025-09-29/IMG_1757.JPG,Very Small,Very Small,3.2742753438567083,1.1756691175825502,2.2822544871159316,-0.3061982643438614
2025-09-29/IMG_1759.JPG,Very Small,Very Small,3.2692231782872385,2.2464977441352216,1.2647387981694045,-0.30531631301629936
2025-09-29/IMG_1760.JPG,Very Small,Very Small,3.2814418806137757,2.2654931083473575,1.1863179740650198,-0.30460886404075566
2025-09-29/IMG_1761.JPG,Small,Small,1.0787395532384663,3.285067916014491,2.28510586701043,-0.3079408069909542
2025-09-29/IMG_1763.JPG,Medium,Medium,0.8956711014859263,2.253348188213674,3.293189554142843,-0.3030725339944298
2025-09-29/IMG_1764.JPG,Small,Small,2.2531784119237557,3.2800319177560455,1.285351658120695,-0.3116311710969751
2025-09-29/IMG_1768.JPG,Medium,Medium,0.7210666392450309,2.274886073401496,3.271883014508646,-0.2666683923878946
2025-09-29/IMG_1769.JPG,Medium,Medium,0.7254727135868262,2.2736517538954253,3.278085939952791,-0.2773138626598087
2025-09-29/IMG_1770.JPG,Very Small,Very Small,3.2847851784136104,0.7754392698940646,2.240178080121681,-0.2881649528657046
2025-09-29/IMG_1772.JPG,Very Small,Very Small,3.300512406444752,1.7556788918704584,1.1068575884136045,-0.29104902972117214
2025-09-29/IMG_1773.JPG,Very Small,Very Small,3.291379022730046,1.8017745808407095,1.2196321968550914,-0.2936963273903492
2025-09-29/IMG_1776.JPG,Very Small,Very Small,3.30200038765467,1.7526863285039236,0.9768913896061188,-0.2899805497669198
2025-09-29/IMG_1777.JPG,Very Small,Very Small,3.30048035925346,1.7548263916488405,1.085782202255295,-0.2901090918455205
2025-09-29/IMG_1779.JPG,Very Small,Very Small,3.3023774065326563,1.7583146808766728,0.9187510053924851,-0.29064527325352074
2025-09-29/IMG_1780.JPG,Small,Small,0.7289712429466029,3.2874795171439946,2.253484373688316,-0.27863440841180565
2025-09-29/IMG_1781.JPG,Small,Small,0.7110156423965823,3.291215326941608,2.2660412878549585,-0.2710473502107566
2025-09-29/IMG_1784.JPG,Small,Small,0.7156112096712066,3.290096218101257,2.262402177047633,-0.27379239755105356
2025-09-29/IMG_1785.JPG,Very Small,Very Small,3.2744473529867,1.9641652021045641,1.2221269417883205,-0.28911078512112015
2025-09-29/IMG_1786.JPG,Very Small,Very Small,3.2939329201260623,1.8643066107244521,0.9368020335288016,-0.2891225004766404
2025-09-29/IMG_1787.JPG,Very Small,Very Small,3.3017261632979915,1.7733566896696116,0.8523024369769668,-0.2896242703637735
2025-09-29/IMG_1788.JPG,Very Small,Very Small,3.254848594131311,2.242906866902732,1.0089461548067824,-0.2854469786592961
2025-09-29/IMG_1791.JPG,Very Small,Very Small,3.3018036808853073,1.7326280360952697,1.1867667236674375,-0.2905592153464908
2025-09-29/IMG_1792.JPG,Small,Small,2.1943526094762023,3.2577041987283795,1.1937192515403103,-0.2869946914300223
2025-09-29/IMG_1793.JPG,Very Small,Very Small,3.260969797919766,2.211692381570414,1.1768112681721992,-0.28874801106779485
2025-09-29/IMG_1794.JPG,Very Small,Very Small,3.2844268335565765,2.2352574497361926,1.248002074521282,-0.3058323992937946
2025-09-29/IMG_1797.JPG,Small,Small,0.7320969913887763,3.287017925195485,2.2368220637577947,-0.27334222834152755
2025-09-29/IMG_1799.JPG,Small,Small,2.13381390974113,3.2803938198352607,0.8775228173707372,-0.2811384220895061
2025-09-29/IMG_1800.JPG,Very Small,Very Small,3.257030388913396,2.236985970389213,1.0860618038124599,-0.2868841474942275
2025-09-29/IMG_1801.JPG,Very Small,Very Small,3.3055951940733284,1.7251548361244173,1.0952341328436044,-0.29014406554917566
2025-09-29/IMG_1802.JPG,Very Small,Very Small,3.2945654597219107,1.7770345909344254,1.1802558503285066,-0.29035324844012234
2025-09-29/IMG_1803.JPG,Very Small,Very Small,3.283745448414711,2.186753701557209,0.8569190822440556,-0.2873188147155072
2025-09-29/IMG_1804.JPG,Very Small,Very Small,3.3050984788571647,1.7418003631915764,0.8401637362571422,-0.2885782381392728
2025-09-29/IMG_1806.JPG,Very Small,Very Small,3.253526706365853,2.269899164381488,0.7853737163104397,-0.28300763243717814
2025-09-29/IMG_1809.JPG,Medium,Medium,0.7165129360030169,2.1933344409906024,3.2863092689579045,-0.21352893953170016
2025-09-29/IMG_1811.JPG,Medium,Medium,0.8423355477330627,2.23154094238547,3.307025519766435,-0.30960454944536236
2025-09-29/IMG_1815.JPG,Very Small,Very Small,3.276145658086559,2.264559639377154,0.753661298982665,-0.28462831802322397
2025-09-29/IMG_1816.JPG,Very Small,Very Small,3.255287418774348,2.238956128407923,1.0586880768472804,-0.285826966164505
2025-09-29/IMG_1817.JPG,Very Small,Very Small,3.295318240530003,1.835060877975453,0.8975374903282443,-0.287951952251221
2025-09-29/IMG_1818.JPG,Very Small,Very Small,3.2500068085648692,2.2652939941027834,0.7995485013381457,-0.2811763202724493
2025-09-29/IMG_1819.JPG,Small,Small,2.0921636065562708,3.2813311019918108,0.8488444849141727,-0.2774276185416982
2025-09-29/IMG_1820.JPG,Very Small,Very Small,3.262415813937329,2.1108527032746616,1.2092444821055903,-0.2849175065561608
2025-09-29/IMG_1821.JPG,Very Small,Very Small,3.2749749259731304,2.1595717195027797,1.1424328793323264,-0.288143425823849
2025-09-29/IMG_1822.JPG,Very Small,Very Small,3.2551140275681325,2.189871084997461,1.1798590349691764,-0.2840012683412323
2025-09-29/IMG_1824.JPG,Medium,Medium,0.7053346984089879,2.2781189984187384,3.281418250289909,-0.24646977478254506
2025-09-29/IMG_1825.JPG,Small,Small,0.7403276189556676,3.2768612309990615,2.254627089871082,-0.2739425068857601
2025-09-29/IMG_1826.JPG,Small,Small,0.8371740963865951,3.2714796036129794,2.2787189998661037,-0.29838362040917843
2025-09-29/IMG_1827.JPG,Medium,Medium,0.8829706825551312,2.1465215765846044,3.2730363964687808,-0.2755781053524132
2025-09-29/IMG_1828.JPG,Small,Small,2.2555605852868186,3.2962010925951355,1.2165260255962314,-0.30972050271714924
2025-09-29/IMG_1830.JPG,Small,Small,0.7754019952656331,3.2981793725251376,2.291442308882578,-0.31014283877656845
2025-09-29/IMG_1831.JPG,Small,Small,0.714301511610675,3.2978550789129275,2.293174840172556,-0.3021754211951226
2025-09-29/IMG_1832.JPG,Small,Small,0.7652532214560791,3.2958568964225226,2.3008467720370795,-0.312201522527797
2025-09-29/IMG_1833.JPG,Small,Small,0.7948073695435498,3.2858474045596866,2.3014921369877372,-0.3109423344873979
2025-09-29/IMG_1834.JPG,Small,Small,0.735092062278154,3.2973600400814242,2.2823850496196685,-0.30285639024713634
2025-09-29/IMG_1835.JPG,Small,Small,0.9330600672378819,3.2806945604079494,2.288857443513214,-0.30682757332236704
2025-09-29/IMG_1836.JPG,Small,Small,0.7758235361078958,3.2980422751273335,2.295626100602138,-0.3114489922787344
2025-09-29/IMG_1838.JPG,Small,Small,0.8830655801895115,3.285661973709771,2.286136324574059,-0.3066976662210973
2025-09-29/IMG_1840.JPG,Small,Small,0.8730818731809622,3.3045986093400463,2.2454368934209326,-0.30913989458190094
2025-09-29/IMG_1841.JPG,Small,Small,0.821566244448001,3.300190143266641,2.2629314214161864,-0.3069623555738921
2025-09-29/IMG_1843.JPG,Small,Small,0.8165661425517291,3.291752801533125,2.3003653906526984,-0.31237383929319623
2025-09-29/IMG_1844.JPG,Small,Small,0.7153780683580541,3.2911331571894578,2.2879292955411383,-0.2936381634035728
2025-09-29/IMG_1845.JPG,Small,Small,0.8280282178686225,3.288590350315917,2.294758732732124,-0.3095670438538117
2025-09-29/IMG_1846.JPG,Small,Small,0.8213787814014022,3.2879706217575895,2.28999278762922,-0.30746279117383046
2025-09-29/IMG_1847.JPG,Medium,Medium,2.1944078766476234,1.1835805941445081,3.3008581140506554,-0.30747248297855345
2025-09-29/IMG_1848.JPG,Medium,Medium,0.8855722605221616,2.259938209563025,3.299768896014908,-0.3075934020675087
2025-09-29/IMG_1849.JPG,Small,Small,1.8849109824945227,3.2499962547870602,1.187285541235076,-0.26322929564875924
2025-09-29/IMG_1850.JPG,Small,Small,2.242612439337379,3.27914577673646,0.7530667525892545,-0.27747732778578577
2025-09-29/IMG_1854.JPG,Very Small,Very Small,3.2643516705206395,2.25007213820184,1.21005797525758,-0.29839141912204853
2025-09-29/IMG_1857.JPG,Very Small,Very Small,3.2666690754508143,2.257565778725962,1.114253884595198,-0.29596881375864537
2025-09-29/IMG_1858.JPG,Small,Small,1.19223216128285,3.2622005912010956,2.141709185253113,-0.28422679246445864
2025-09-29/IMG_1859.JPG,Medium,Very Small,2.249231773451059,2.223477844453801,2.2562563284133517,-0.29757727927134064
2025-09-29/IMG_1861.JPG,Very Small,Very Small,3.24081314410479,2.2522232340258026,0.8388274318449899,-0.275626093734069
2025-09-29/IMG_1862.JPG,Small,Small,2.2133770792817513,3.2778216269719103,0.8398588789931571,-0.28473457889718745
2025-09-29/IMG_1865.JPG,Small,Small,0.7290195055635362,3.282975927626863,2.0740977477703204,-0.20308744093153044
2025-09-29/IMG_1869.JPG,Small,Small,1.7926451452232945,3.2933367134993343,1.1840215161007401,-0.29124870060625624
2025-09-29/IMG_1870.JPG,Small,Small,0.7383831253054349,3.2946084751096048,2.2588431006398615,-0.29381386545148247
2025-09-29/IMG_1871.JPG,Small,Small,2.242129485369822,3.286647951385921,0.7778843379907661,-0.2905856012662659
2025-09-29/IMG_1873.JPG,Small,Small,1.8726090766286976,3.298750255372106,0.8945953377404359,-0.29438162095595244
2025-09-29/IMG_1874.JPG,Small,Small,2.261787817540195,3.2824851799823325,0.7416312430467942,-0.28408166347199965
2025-09-29/IMG_1875.JPG,Small,Small,2.2633453598684303,3.2710058840749157,1.0736875785692763,-0.2978520402101189
2025-09-29/IMG_1877.JPG,Very Small,Very Small,3.262716116028479,2.2562408979319466,0.7557335770857931,-0.2704591519294671
2025-09-29/IMG_1878.JPG,Small,Small,2.1302285714768066,3.2662154469014277,0.808328181785094,-0.254985810045387
2025-09-29/IMG_1879.JPG,Very Small,Very Small,3.2825475121176226,2.2142507080339264,0.9071312950954714,-0.2915438230788279
2025-09-29/IMG_1880.JPG,Very Small,Very Small,3.2611155628057773,2.2407067286273774,0.8328852005219137,-0.2796474350212742
2025-09-29/IMG_1881.JPG,Small,Small,1.8532809319410617,3.295154272748294,1.2088977453990766,-0.2986953091064116
2025-09-29/IMG_1882.JPG,Small,Small,1.8804941553903896,3.286137736565003,0.7637295886658585,-0.25142758226177286
2025-09-29/IMG_1883.JPG,Small,Small,2.218272347159179,3.2715375072865704,1.063656320623319,-0.28904930624691894
2025-09-29/IMG_1885.JPG,Very Small,Very Small,3.2499865387413873,2.233574523024809,0.8012964486539024,-0.26481419305889903
2025-09-29/IMG_1886.JPG,Very Small,Small,2.2273579007020223,3.2790938299836996,1.256302473559824,-0.30464280334791943
2025-09-29/IMG_1889.JPG,Very Small,Very Small,3.279038722770528,1.2310721193524228,2.271112741064152,-0.30720236033737786
2025-09-29/IMG_1890.JPG,Small,Small,2.185653852191686,3.271470746400945,1.186558825315357,-0.29122709987310386
2025-09-29/IMG_1891.JPG,Medium,Medium,0.7269955281635356,2.277319410499837,3.2991365558527024,-0.30056730183533653
2025-09-29/IMG_1893.JPG,Very Small,Very Small,2.1574213784911733,2.251018089392276,2.213525536749242,-0.28377878482968427
2025-09-29/IMG_1895.JPG,Small,Medium,-0.24874665459034845,2.217302759235512,3.241292456201366,0.7971985521309388
2025-09-29/IMG_1897.JPG,Small,Small,2.2000121241101422,3.2877068551351405,0.7491692291247896,-0.27551965424847397
2025-09-29/IMG_1898.JPG,Medium,Medium,0.9798987558054068,2.1648712397268,3.277541012906618,-0.28494735948470884
2025-09-29/IMG_1899.JPG,Medium,Small,0.830765709090753,3.276755151661015,2.281383045682115,-0.30089734022669323
2025-09-29/IMG_1900.JPG,Medium,Medium,0.7697504240234561,2.229533769419994,3.2644258921773632,-0.26410677604464694
2025-09-29/IMG_1901.JPG,Small,Small,0.7518253055397282,3.269974557006465,2.2132074957959316,-0.2524595537700061
2025-09-29/IMG_1902.JPG,Small,Small,1.9339104092495185,3.2410310497127495,1.1797118755519098,-0.25981242534822246
2025-09-29/IMG_1903.JPG,Medium,Medium,0.7953513807993757,2.2165558218982606,3.288809885880001,-0.2903270894852793
2025-09-29/IMG_1904.JPG,Very Small,Very Small,3.2410345016052013,0.9777321893399316,2.2795298164136075,-0.2951737868049331
2025-09-29/IMG_1905.JPG,Medium,Medium,-0.26907421950469745,0.7039716865418437,3.2983543951588055,2.2607612672403454
2025-09-29/IMG_1906.JPG,Large,Large,-0.2672910636182695,0.7193754603330929,2.2723037306681784,3.2769269596329376
2025-09-29/IMG_1907.JPG,Very Small,Very Small,3.281224004733158,1.8209038862532732,0.8531799236898854,-0.2584008849823432
2025-09-29/IMG_1908.JPG,Large,Large,2.238006460023321,0.7916974814884356,-0.26433324360055266,3.2500037621930415
2025-09-29/IMG_1909.JPG,Very Small,Very Small,3.2500055941488313,2.022248809385296,0.8914749434625983,-0.24045808385251655
2025-09-29/IMG_1912.JPG,Small,Small,2.2294875032105557,3.2785868186946376,0.8300784198146837,-0.2874115372882536
2025-09-29/IMG_1914.JPG,Very Small,Very Small,3.2952551751431916,2.1918989686151957,1.229477782950104,-0.3062777518591827
2025-09-29/IMG_1915.JPG,Very Small,Very Small,3.2908827275141794,2.182267180334293,1.257084065665535,-0.30651741743676897
2025-09-29/IMG_1916.JPG,Very Small,Very Small,3.2872055887330074,2.2326135312718587,1.1298875796256846,-0.3005709137821494
2025-09-29/IMG_1917.JPG,Very Small,Very Small,3.2728401449162097,2.246721172624849,1.1242946121352446,-0.29610368431049683
2025-09-29/IMG_1919.JPG,Very Small,Very Small,3.277761618085063,2.2503190675403206,1.0628194482827273,-0.29728113034438053
2025-09-29/IMG_1920.JPG,Very Small,Very Small,3.2784538093818045,2.2358055410855013,1.1141982503999257,-0.2963491907219956
2025-09-29/IMG_1921.JPG,Very Small,Very Small,3.2759965537356814,2.2378193529806856,1.2697967343914545,-0.30677251598667243
2025-09-29/IMG_1922.JPG,Very Small,Very Small,3.289941384514911,2.188037063948208,1.2189473263445498,-0.30272474316589026
2025-09-29/IMG_1923.JPG,Very Small,Very Small,3.267879615867223,2.2593327391684364,1.1049508992808226,-0.2965280286548687
2025-09-29/IMG_1924.JPG,Very Small,Very Small,3.2857263874554703,2.241837529923832,1.2380054350567262,-0.30587959341148235
2025-09-29/IMG_1925.JPG,Small,Very Small,3.2814149005716167,2.242045258003435,1.1977412156627412,-0.3016781221553825
2025-09-29/IMG_1927.JPG,Very Small,Very Small,3.2928352337160307,2.217486940449046,1.0398262490610852,-0.30079365338378633
2025-09-29/IMG_1930.JPG,Very Small,Very Small,3.2894842050688995,2.2356143700477324,1.0972426216411642,-0.3013584617956741
2025-09-29/IMG_1931.JPG,Very Small,Very Small,3.281042640316121,2.245162329100031,0.8455614346326004,-0.29313326674133683
2025-09-29/IMG_1933.JPG,Very Small,Very Small,3.2628175225515217,2.2789281403167068,0.7716427303174477,-0.289922706235921
2025-09-29/IMG_1934.JPG,Small,Small,2.232316976095926,3.285368357571298,0.7311283274926383,-0.26769429287327867
2025-09-29/IMG_1935.JPG,Very Small,Very Small,3.2772875479919437,2.254954501853672,0.7148034776163154,-0.23157266468980028
2025-09-29/IMG_1937.JPG,Very Small,Very Small,3.277045007938591,2.2406959330695724,0.8606146497094904,-0.29060637551833
2025-09-29/IMG_1939.JPG,Very Small,Very Small,3.2775206314408507,2.2213155735206076,0.9765826066521487,-0.2909919261671653
2025-09-29/IMG_1940.JPG,Very Small,Very Small,3.274018414258822,2.188011672807022,1.1211201618004207,-0.28879524875904994
2025-09-29/IMG_1941.JPG,Very Small,Very Small,3.2575523709865695,2.231748918640199,0.849268635234316,-0.27639728063761704
2025-09-29/IMG_1942.JPG,Very Small,Very Small,3.279352892255004,2.229225110710635,1.189365788857226,-0.29894144945442
2025-09-29/IMG_1944.JPG,Very Small,Very Small,3.261783919868891,2.2322510737498718,1.2253644647116684,-0.2964754213704679
2025-09-29/IMG_1946.JPG,Very Small,Very Small,3.2756560236169907,2.2512144596716834,0.8197437878055441,-0.2898222579860127
2025-09-29/IMG_1947.JPG,Small,Small,2.2033162603903174,3.257481224899012,0.946798608362794,-0.2755469014727218
2025-09-29/IMG_1948.JPG,Very Small,Very Small,3.269240457085005,2.215646262279679,0.8659254067733058,-0.2809248151231177
2025-09-29/IMG_1950.JPG,Very Small,Very Small,3.2499843526692764,2.1647755014705647,1.0968278923733137,-0.271447019880258
