image_filename,true_class,predicted_class,probability_very_small,probability_small,probability_medium,probability_large
2025-08-07/IMG_9086.JPG,Small,Small,3.76827156287618e-05,0.9955398440361023,0.004422453232109547,8.917902860616778e-09
2025-08-07/IMG_9089.JPG,Very Small,Very Small,0.9999526739120483,4.734653339255601e-05,3.3287228529133017e-09,2.452518188533759e-09
2025-08-07/IMG_9090.JPG,Very Small,Very Small,0.9980744123458862,0.0019255117513239384,6.680334951880695e-09,6.499942806215131e-10
2025-08-07/IMG_9091.JPG,Small,Small,0.006394774187356234,0.9917227625846863,0.001882184180431068,2.0031941971865308e-07
2025-08-07/IMG_9093.JPG,Small,Small,0.006812820211052895,0.9927675724029541,0.0004195765941403806,3.3957320511035505e-08
2025-08-07/IMG_9097.JPG,Small,Small,0.004953356925398111,0.9937149882316589,0.001331632724031806,2.9256689515477774e-08
2025-08-07/IMG_9098.JPG,Medium,Medium,0.00037619451177306473,0.030593981966376305,0.9659071564674377,0.003122699912637472
2025-08-07/IMG_9100.JPG,Small,Small,0.002675928408280015,0.9938958287239075,0.0034277206286787987,4.6494804450958327e-07
2025-08-07/IMG_9101.JPG,Medium,Medium,0.0008294129511341453,0.20229625701904297,0.7963340282440186,0.0005402798415161669
2025-08-07/IMG_9103.JPG,Small,Small,0.00093535688938573,0.9986831545829773,0.00038149894680827856,1.4094166722600221e-08
2025-08-07/IMG_9104.JPG,Small,Small,0.0002778732741717249,0.9977695941925049,0.0019524975214153528,4.137656439695547e-09
2025-08-07/IMG_9105.JPG,Small,Small,0.00028500412008725107,0.9266780018806458,0.07303627580404282,7.461141535713978e-07
2025-08-07/IMG_9106.JPG,Very Small,Very Small,0.9999591112136841,4.088794958079234e-05,6.262534935075337e-10,2.997624093392659e-10
2025-08-07/IMG_9107.JPG,Small,Small,0.0006055934936739504,0.997026264667511,0.0023681018501520157,2.382221175878385e-08
2025-08-07/IMG_9108.JPG,Small,Small,0.0018444323213770986,0.9957860112190247,0.002369600348174572,8.806806839345427e-09
2025-08-07/IMG_9109.JPG,Small,Small,0.017235716804862022,0.9630750417709351,0.019686676561832428,2.5426040792808635e-06
2025-08-07/IMG_9110.JPG,Small,Small,0.01890552043914795,0.9810801148414612,1.4382917470356915e-05,1.9838040932196321e-10
2025-08-07/IMG_9111.JPG,Very Small,Very Small,0.9995717406272888,0.0004282647860236466,3.3856888848049493e-08,4.807390041605686e-09
2025-08-07/IMG_9113.JPG,Very Small,Very Small,0.9999070167541504,9.294079791288823e-05,1.1753232165290228e-08,6.3196989863456565e-09
2025-08-07/IMG_9114.JPG,Very Small,Very Small,0.9998390674591064,0.00016090981080196798,5.798069580009724e-09,1.3871640502927107e-09
2025-08-07/IMG_9115.JPG,Small,Small,7.584932609461248e-05,0.9949709177017212,0.004953179508447647,4.1506464931728715e-09
2025-08-07/IMG_9116.JPG,Small,Small,0.008985107764601707,0.9685301184654236,0.02248251438140869,2.2261990579863777e-06
2025-08-07/IMG_9117.JPG,Small,Small,0.06652717292308807,0.932992696762085,0.00047995144268497825,2.2240099895043386e-07
2025-08-07/IMG_9118.JPG,Very Small,Very Small,0.9980931878089905,0.0019050948321819305,1.5022540083009517e-06,1.6950525605352595e-07
2025-08-07/IMG_9120.JPG,Small,Small,0.019249383360147476,0.9805364608764648,0.00021408408065326512,6.525033313664608e-08
2025-08-07/IMG_9121.JPG,Small,Small,0.007955881766974926,0.9833407998085022,0.008702723309397697,6.182452807479422e-07
2025-08-07/IMG_9122.JPG,Medium,Medium,0.0003414860984776169,0.03416148200631142,0.9524369239807129,0.013060124590992928
2025-08-07/IMG_9124.JPG,Small,Small,0.03454544395208359,0.9640539884567261,0.0014000285882502794,4.959231318935053e-07
2025-08-07/IMG_9125.JPG,Small,Small,0.0030251697171479464,0.9954891800880432,0.001485598273575306,5.875824982126687e-08
2025-08-07/IMG_9126.JPG,Small,Small,0.00012579666508827358,0.9884606599807739,0.011413561180233955,3.273048676533108e-08
2025-08-07/IMG_9127.JPG,Very Small,Very Small,0.999279797077179,0.0007202406995929778,1.749820555119186e-08,2.369556995063249e-09
2025-08-07/IMG_9128.JPG,Medium,Medium,0.0008422136888839304,0.14512383937835693,0.8520582318305969,0.001975639257580042
2025-08-07/IMG_9129.JPG,Very Small,Very Small,0.9994788765907288,0.0005211879615671933,1.5097274541631123e-08,8.87414308703427e-10
2025-08-07/IMG_9131.JPG,Very Small,Very Small,0.999329686164856,0.0006703383987769485,4.8952832898407905e-09,3.126799166808247e-11
2025-08-07/IMG_9132.JPG,Small,Small,5.1378920034039766e-05,0.9671013355255127,0.032847292721271515,5.0980951016299514e-08
2025-08-07/IMG_9133.JPG,Small,Small,2.4040280550252646e-05,0.9767069816589355,0.023268934339284897,1.3188603098512885e-08
2025-08-07/IMG_9134.JPG,Small,Small,0.02329200878739357,0.9700351357460022,0.006671135313808918,1.7327591876892257e-06
2025-08-07/IMG_9136.JPG,Very Small,Very Small,0.9989690780639648,0.001030967221595347,4.336598191656549e-09,1.4981960116955406e-10
2025-08-07/IMG_9137.JPG,Small,Small,0.03055397979915142,0.9694119691848755,3.399653724045493e-05,1.0587894117009e-08
2025-08-07/IMG_9139.JPG,Small,Small,0.01359616406261921,0.9838932752609253,0.0025090950075536966,1.5424083130710642e-06
2025-08-07/IMG_9140.JPG,Very Small,Very Small,0.9913881421089172,0.008610939607024193,8.579722816648427e-07,4.867103697847597e-08
2025-08-07/IMG_9141.JPG,Very Small,Very Small,0.9980022311210632,0.0019975800532847643,1.7494056692157756e-07,4.505270467802802e-08
2025-08-07/IMG_9143.JPG,Very Small,Very Small,0.9995887875556946,0.0004112064198125154,2.931365905567418e-08,1.8862738038194493e-09
2025-08-07/IMG_9144.JPG,Very Small,Very Small,0.999237060546875,0.000762964366003871,5.511780187816839e-08,5.348916864988951e-09
2025-08-07/IMG_9145.JPG,Small,Small,0.012316431850194931,0.9775787591934204,0.010101216845214367,3.6031028685101774e-06
2025-08-07/IMG_9146.JPG,Medium,Medium,0.000573672354221344,0.07695702463388443,0.9222850799560547,0.00018422167340759188
2025-08-07/IMG_9147.JPG,Small,Small,0.03760377690196037,0.9237322807312012,0.03863687068223953,2.7036865503760055e-05
2025-08-07/IMG_9148.JPG,Very Small,Very Small,0.9988197684288025,0.0011800441425293684,1.2760223455643427e-07,1.0243602410753283e-08
2025-08-07/IMG_9149.JPG,Small,Very Small,0.8390346765518188,0.1608983427286148,6.655018660239875e-05,5.027698648518708e-07
2025-08-07/IMG_9150.JPG,Very Small,Very Small,0.9998619556427002,0.00013801909517496824,1.2455875442185516e-08,5.329260144293357e-09
2025-08-07/IMG_9153.JPG,Small,Small,0.008488481864333153,0.9860649108886719,0.005445993039757013,6.281806008701096e-07
2025-08-07/IMG_9155.JPG,Small,Small,0.0002989050990436226,0.9792476892471313,0.020453236997127533,8.057132561134495e-08
2025-08-07/IMG_9157.JPG,Small,Small,0.05564097315073013,0.932808518409729,0.011549132876098156,1.3308056168170879e-06
2025-08-07/IMG_9159.JPG,Small,Small,0.01717088557779789,0.9046621918678284,0.07806464284658432,0.00010222286800853908
2025-08-07/IMG_9160.JPG,Small,Small,0.05836748331785202,0.9388895034790039,0.002730241511017084,1.2771116416843142e-05
2025-08-07/IMG_9161.JPG,Very Small,Very Small,0.9999431371688843,5.6845532526494935e-05,8.762520709026944e-10,3.224369105048197e-10
2025-08-07/IMG_9162.JPG,Very Small,Very Small,0.999233603477478,0.000766386219765991,1.2981651309473818e-08,5.105677658434615e-09
2025-08-07/IMG_9164.JPG,Very Small,Very Small,0.9884403944015503,0.01155272126197815,6.728865173499798e-06,2.1705096742152818e-07
2025-08-07/IMG_9165.JPG,Very Small,Very Small,0.9980212450027466,0.0019786569755524397,1.644593226046709e-07,4.854012303212585e-09
2025-08-07/IMG_9166.JPG,Small,Small,0.03173793852329254,0.966888427734375,0.0013733666855841875,2.696650653888355e-07
2025-08-07/IMG_9167.JPG,Very Small,Very Small,0.9741447567939758,0.02575819008052349,6.377408135449514e-05,3.3237043680856004e-05
2025-08-07/IMG_9168.JPG,Small,Small,0.00715454900637269,0.9925286769866943,0.00031681047403253615,2.593684023111109e-08
2025-08-07/IMG_9170.JPG,Very Small,Very Small,0.9984330534934998,0.0015667818952351809,1.1892157658621727e-07,1.1239522201833552e-08
2025-08-07/IMG_9171.JPG,Very Small,Very Small,0.9963482022285461,0.003651150269433856,6.328766062324576e-07,5.9388337803056857e-08
2025-08-07/IMG_9172.JPG,Small,Small,0.0006242714007385075,0.9777870178222656,0.02158828265964985,4.839596954298031e-07
2025-08-07/IMG_9175.JPG,Small,Small,0.0012132505653426051,0.983521580696106,0.015265116468071938,1.750729872185275e-08
2025-08-07/IMG_9176.JPG,Medium,Medium,3.2472267776029184e-05,0.021744290366768837,0.9779496788978577,0.0002734925365075469
2025-08-07/IMG_9177.JPG,Medium,Medium,0.00031950935954228044,0.024736318737268448,0.972115159034729,0.0028290986083447933
2025-08-07/IMG_9179.JPG,Small,Small,0.00022108221310190856,0.8698157072067261,0.129962757229805,4.211599957670842e-07
2025-08-07/IMG_9181.JPG,Small,Small,0.00011827053094748408,0.9224368929862976,0.07744447141885757,3.5438614531813073e-07
2025-08-07/IMG_9182.JPG,Very Small,Very Small,0.9103686213493347,0.08917269855737686,0.0004549794248305261,3.7344295833463548e-06
2025-08-07/IMG_9183.JPG,Small,Small,0.01586212031543255,0.9838528633117676,0.00028467908850871027,3.521022335917223e-07
2025-08-07/IMG_9184.JPG,Medium,Medium,7.706789801886771e-06,0.01601496711373329,0.9838901162147522,8.715726289665326e-05
2025-08-07/IMG_9185.JPG,Very Small,Very Small,0.9405376315116882,0.05938561260700226,6.440031575039029e-05,1.2467294254747685e-05
2025-08-07/IMG_9186.JPG,Small,Small,0.0004691118956543505,0.9926275610923767,0.006903252098709345,1.701354364058716e-07
2025-08-07/IMG_9187.JPG,Small,Small,0.030744777992367744,0.96528559923172,0.003965366166085005,4.227289537084289e-06
2025-08-07/IMG_9188.JPG,Small,Small,0.0006612278521060944,0.9844557046890259,0.014882666990160942,4.2840699165935803e-07
2025-08-07/IMG_9189.JPG,Very Small,Very Small,0.8506717085838318,0.148916095495224,0.0003878159914165735,2.447841688990593e-05
2025-08-07/IMG_9190.JPG,Very Small,Very Small,0.9974048733711243,0.0022159551735967398,6.376125384122133e-05,0.00031543633667752147
2025-08-07/IMG_9192.JPG,Small,Small,0.0021824517752975225,0.9972405433654785,0.0005769944982603192,5.5292634471015845e-08
2025-08-07/IMG_9193.JPG,Very Small,Very Small,0.9884257316589355,0.0028545712120831013,0.0005321158678270876,0.008187538012862206
2025-08-07/IMG_9195.JPG,Very Small,Very Small,0.9952049255371094,0.004794680513441563,1.97508768451371e-07,1.2380084513097245e-07
2025-08-07/IMG_9198.JPG,Medium,Medium,1.6961277651716955e-05,0.02292361855506897,0.9769548177719116,0.00010449526598677039
2025-08-07/IMG_9200.JPG,Small,Small,0.00028182758251205087,0.9148738980293274,0.08484314382076263,1.1061478062401875e-06
2025-08-07/IMG_9203.JPG,Very Small,Very Small,0.9996272325515747,0.0003726566501427442,4.9174470717616714e-08,5.452625373436604e-08
2025-08-07/IMG_9204.JPG,Very Small,Very Small,0.9996298551559448,0.00035844836384058,9.575929880156764e-07,1.0734136594692245e-05
2025-08-07/IMG_9206.JPG,Very Small,Very Small,0.9989144802093506,0.0010852479608729482,1.779333729245991e-07,1.711795363235069e-07
2025-08-07/IMG_9207.JPG,Very Small,Very Small,0.9998052716255188,0.0001946300471900031,4.7879055387056724e-08,1.3729049896937795e-07
2025-08-07/IMG_9211.JPG,Very Small,Very Small,0.9998196959495544,0.00018033328524325043,2.541748855833248e-08,4.1308467757517064e-08
2025-08-07/IMG_9212.JPG,Very Small,Very Small,0.9987452030181885,0.0012411236530169845,2.3688578494329704e-06,1.1212152458028868e-05
2025-08-07/IMG_9213.JPG,Small,Small,0.0073379878886044025,0.987846851348877,0.004814268089830875,8.760813443586812e-07
2025-08-07/IMG_9217.JPG,Medium,Medium,0.0002007568400586024,0.1985018104314804,0.8012614250183105,3.597175600589253e-05
2025-08-07/IMG_9218.JPG,Small,Small,0.0009073193068616092,0.992651641368866,0.0064410250633955,1.9792240735228006e-08
2025-08-07/IMG_9219.JPG,Medium,Medium,4.169633939454798e-06,0.044622261077165604,0.9553700685501099,3.3834487567219185e-06
2025-08-07/IMG_9220.JPG,Small,Small,0.0007328211795538664,0.6835764050483704,0.3156840205192566,6.7946439230581746e-06
2025-08-07/IMG_9221.JPG,Small,Small,4.8595506996207405e-06,0.7136401534080505,0.2863548994064331,7.75486057591479e-08
2025-08-07/IMG_9222.JPG,Medium,Medium,1.8808909771905746e-06,0.0670861303806305,0.9329103827476501,1.606695377631695e-06
2025-08-07/IMG_9223.JPG,Medium,Medium,0.00025855182320810854,0.016326135024428368,0.9733967781066895,0.010018572211265564
2025-08-07/IMG_9224.JPG,Medium,Medium,1.1496648767206352e-05,0.01740916632115841,0.9824799299240112,9.949050581781194e-05
2025-08-07/IMG_9225.JPG,Small,Small,0.014118107967078686,0.9824084639549255,0.003471514442935586,1.9042229268961819e-06
2025-08-07/IMG_9226.JPG,Small,Small,0.0011717197485268116,0.9937374591827393,0.005089587531983852,1.147340640272887e-06
2025-08-07/IMG_9227.JPG,Very Small,Very Small,0.8287754058837891,0.17115752398967743,6.375966040650383e-05,3.3410285595891764e-06
2025-08-07/IMG_9228.JPG,Medium,Medium,3.426601324463263e-05,0.022504257038235664,0.9773198366165161,0.00014159739657770842
2025-08-07/IMG_9229.JPG,Small,Small,7.680399721721187e-05,0.9854552745819092,0.014467906206846237,2.4726185543499923e-08
2025-08-07/IMG_9230.JPG,Very Small,Very Small,0.9671410322189331,0.03282049670815468,2.4811857656459324e-05,1.3660058357345406e-05
2025-08-07/IMG_9231.JPG,Small,Small,0.0004147107247263193,0.9894844889640808,0.010100550018250942,1.87753656177847e-07
2025-08-07/IMG_9232.JPG,Small,Small,0.07937493175268173,0.9153275489807129,0.005279647186398506,1.7935832147486508e-05
2025-08-07/IMG_9233.JPG,Very Small,Very Small,0.9033266305923462,0.09651662409305573,0.00010497775656403974,5.172187593416311e-05
2025-08-07/IMG_9234.JPG,Medium,Medium,6.424270395655185e-07,0.02174188941717148,0.9782560467720032,1.3460644368024077e-06
2025-08-07/IMG_9235.JPG,Medium,Medium,7.621809800184565e-06,0.003432934870943427,0.9964781403541565,8.129797788569704e-05
2025-08-07/IMG_9236.JPG,Medium,Medium,7.441106504302297e-07,0.02462693862617016,0.9753718972206116,4.7437868033739505e-07
2025-08-07/IMG_9237.JPG,Medium,Medium,9.483878238825127e-05,0.005167817696928978,0.9803498983383179,0.014387332834303379
2025-08-07/IMG_9239.JPG,Small,Small,0.0008266263175755739,0.9726478457450867,0.026522811502218246,2.755959940259345e-06
2025-08-07/IMG_9240.JPG,Very Small,Very Small,0.9493764638900757,0.0505802258849144,3.331385232741013e-05,1.0073481462313794e-05
2025-08-07/IMG_9241.JPG,Very Small,Very Small,0.9995062351226807,0.0004934992757625878,8.977137611054786e-08,1.738854962241021e-07
2025-08-07/IMG_9242.JPG,Small,Small,0.006763260345906019,0.9915359020233154,0.0016991933807730675,1.6850818838065607e-06
2025-08-07/IMG_9243.JPG,Very Small,Very Small,0.989827036857605,0.009627184830605984,9.218558261636645e-05,0.00045359888463281095
2025-08-07/IMG_9244.JPG,Very Small,Very Small,0.9905471205711365,0.006598381325602531,0.00028255837969481945,0.0025719262193888426
2025-08-07/IMG_9245.JPG,Medium,Medium,1.9547128431440797e-06,0.005290777422487736,0.9946804642677307,2.67939358309377e-05
2025-08-07/IMG_9247.JPG,Medium,Medium,5.066253652330488e-05,0.2420334815979004,0.7579087018966675,7.074197128531523e-06
2025-08-07/IMG_9248.JPG,Small,Small,0.00016386601782869548,0.9987646341323853,0.0010715271346271038,2.8816853347990445e-09
2025-08-07/IMG_9249.JPG,Medium,Medium,1.3173887509765336e-06,0.018452968448400497,0.9815450310707092,7.182704280239705e-07
2025-08-07/IMG_9250.JPG,Small,Small,1.653449726291001e-05,0.9985034465789795,0.0014800903154537082,5.170992523062523e-10
2025-08-07/IMG_9251.JPG,Medium,Medium,1.3916584066464566e-05,0.04012465104460716,0.9598526358604431,8.758300282352138e-06
2025-08-07/IMG_9252.JPG,Small,Small,1.9305771274957806e-06,0.9629151821136475,0.03708292171359062,5.950830495038417e-09
2025-08-07/IMG_9253.JPG,Small,Small,2.9924687623861246e-05,0.9997400641441345,0.0002299799962202087,9.140269791041433e-11
2025-08-07/IMG_9254.JPG,Small,Small,1.0222947821603157e-06,0.9853909015655518,0.01460814569145441,3.930183734013326e-09
2025-08-07/IMG_9255.JPG,Small,Small,1.0191384717472829e-05,0.9688156843185425,0.031174154952168465,4.5246753010985685e-09
2025-08-07/IMG_9256.JPG,Small,Small,0.0012253057211637497,0.9986187219619751,0.00015600796905346215,7.55240137095825e-09
2025-08-07/IMG_9257.JPG,Small,Small,0.00016564791440032423,0.9983301758766174,0.0015042123850435019,1.0118989202112516e-08
2025-08-07/IMG_9258.JPG,Small,Small,0.0001903859811136499,0.9997881054878235,2.147217128367629e-05,1.0546045980941443e-10
2025-08-07/IMG_9259.JPG,Small,Small,0.00023188706836663187,0.9905282258987427,0.009239859879016876,3.7413091291682576e-08
2025-08-07/IMG_9261.JPG,Small,Small,0.00014424127584788948,0.9904892444610596,0.009366336278617382,1.3567546375270467e-07
2025-08-07/IMG_9262.JPG,Small,Small,3.836200903606368e-06,0.9972555041313171,0.002740627620369196,3.1682034773439227e-10
2025-08-07/IMG_9263.JPG,Small,Small,0.00035510535235516727,0.9706754088401794,0.028969528153538704,5.1532829559164384e-08
2025-08-07/IMG_9264.JPG,Small,Small,0.00039227245724759996,0.998938262462616,0.0006694855983369052,7.683496061616779e-10
2025-08-07/IMG_9397.JPG,Small,Small,0.06735814362764359,0.9326417446136475,5.8965898830365404e-08,1.9348163349253156e-10
2025-08-07/IMG_9398.JPG,Very Small,Very Small,0.9717454314231873,0.028254583477973938,3.311196294930596e-08,5.4126942927723576e-09
2025-08-07/IMG_9399.JPG,Small,Small,1.2515822163550183e-05,0.9970043301582336,0.0029831347055733204,1.449724340574221e-09
2025-08-07/IMG_9402.JPG,Small,Small,0.00038899772334843874,0.9977320432662964,0.0018788811285048723,1.637019053646327e-08
2025-08-07/IMG_9403.JPG,Small,Small,0.0003296138602308929,0.99745112657547,0.002219265326857567,3.4981731289462914e-08
2025-08-07/IMG_9404.JPG,Medium,Medium,1.1970058721999521e-06,0.0040984852239489555,0.9958882927894592,1.19892465590965e-05
2025-08-07/IMG_9405.JPG,Small,Small,0.00045683025382459164,0.9989745616912842,0.000568672432564199,3.67878727480786e-09
2025-08-07/IMG_9406.JPG,Medium,Medium,8.486574188282248e-06,0.050317082554101944,0.9496654868125916,8.918017556425184e-06
2025-08-07/IMG_9410.JPG,Very Small,Very Small,0.9992808699607849,0.0007191837066784501,7.408140767495297e-09,3.98943900137283e-09
2025-08-07/IMG_9411.JPG,Small,Small,0.1929977834224701,0.8066639304161072,0.0003366045712027699,1.5874921928116237e-06
2025-08-07/IMG_9412.JPG,Small,Small,0.0006703853723593056,0.9911543130874634,0.008175245486199856,5.273217595913593e-08
2025-08-07/IMG_9413.JPG,Medium,Medium,0.00010456419113324955,0.004950365517288446,0.9827507138252258,0.012194297276437283
2025-08-07/IMG_9414.JPG,Large,Large,0.001876248512417078,0.001564595615491271,0.09240920841693878,0.9041500091552734
2025-08-07/IMG_9416.JPG,Very Small,Very Small,0.9942650198936462,0.005732771474868059,8.707834240340162e-07,1.3566809684562031e-06
2025-08-07/IMG_9417.JPG,Small,Small,0.00027532983222045004,0.9933174848556519,0.006407137494534254,1.4707294049287611e-08
2025-08-07/IMG_9418.JPG,Small,Small,0.0017054612981155515,0.9964327812194824,0.0018617181340232491,3.397338943500472e-08
2025-08-07/IMG_9419.JPG,Medium,Small,1.0523924174776766e-05,0.545772910118103,0.45421648025512695,8.579585397683331e-08
2025-08-07/IMG_9420.JPG,Small,Small,0.0002453394699841738,0.9995228052139282,0.0002318076294614002,8.155014441513231e-10
2025-08-07/IMG_9421.JPG,Small,Small,0.0005743500660173595,0.9991599321365356,0.00026572978822514415,2.6553279575125543e-09
2025-08-07/IMG_9422.JPG,Very Small,Very Small,0.99149489402771,0.008504807949066162,2.4721362024138216e-07,7.501019183564495e-08
2025-08-07/IMG_9424.JPG,Small,Small,0.00025116794859059155,0.9970611929893494,0.0026875659823417664,1.2686802719485968e-09
2025-08-07/IMG_9426.JPG,Medium,Medium,0.00015763092960696667,0.08649685978889465,0.9132154583930969,0.00013010761176701635
2025-08-07/IMG_9427.JPG,Small,Small,0.0013378061121329665,0.9986403584480286,2.183154720114544e-05,3.82176956748026e-10
2025-08-07/IMG_9429.JPG,Small,Small,2.9614914183184737e-06,0.9996154308319092,0.00038154402864165604,3.0457913968717776e-11
2025-08-07/IMG_9430.JPG,Medium,Medium,4.35057700087782e-06,0.11642277240753174,0.8835725784301758,3.6227552868695057e-07
2025-08-07/IMG_9431.JPG,Very Small,Very Small,0.9994188547134399,0.0005752313300035894,1.1904357961611822e-06,4.7260755309253e-06
2025-08-07/IMG_9432.JPG,Small,Small,1.3919710909249261e-05,0.9956811666488647,0.00430486723780632,2.775916996267114e-10
2025-08-07/IMG_9433.JPG,Small,Small,0.002605432877317071,0.984441339969635,0.012952818535268307,3.55045983724267e-07
2025-08-07/IMG_9434.JPG,Small,Small,0.004040971398353577,0.9947769641876221,0.0011820236686617136,6.958304155091355e-09
2025-08-07/IMG_9435.JPG,Very Small,Very Small,0.9995042085647583,0.0004958417266607285,4.4699538515047266e-10,6.1069993506635e-10
2025-08-07/IMG_9437.JPG,Medium,Medium,0.00014966915477998555,0.16281060874462128,0.8370225429534912,1.723347850202117e-05
2025-08-07/IMG_9438.JPG,Very Small,Very Small,0.992276132106781,0.007723801303654909,7.926341538677661e-08,1.6036644012729084e-08
2025-08-07/IMG_9439.JPG,Very Small,Very Small,0.9981421232223511,0.0018540075980126858,1.3047917946096277e-06,2.5153808564937208e-06
2025-08-07/IMG_9440.JPG,Very Small,Very Small,0.999528169631958,0.00047189267934300005,4.399518971354155e-09,7.567603432789838e-09
2025-08-07/IMG_9441.JPG,Very Small,Very Small,0.9995377063751221,0.00046235366608016193,1.3699658296673078e-08,1.684511552468848e-08
2025-08-07/IMG_9443.JPG,Medium,Medium,3.7863405850657728e-06,0.07834858447313309,0.921646773815155,8.97932693533221e-07
2025-08-07/IMG_9444.JPG,Medium,Medium,4.819041350856423e-06,0.2291976511478424,0.7707967758178711,8.060363825279637e-07
2025-08-07/IMG_9445.JPG,Small,Small,3.0715809771209024e-06,0.9993442893028259,0.0006526792421936989,1.7281521699774594e-11
2025-08-07/IMG_9447.JPG,Very Small,Very Small,0.9992338418960571,0.0007575705531053245,2.057127858279273e-06,6.542253686347976e-06
2025-08-07/IMG_9448.JPG,Very Small,Very Small,0.9980481863021851,0.0019482033094391227,1.909985940073966e-06,1.667634478508262e-06
2025-08-07/IMG_9449.JPG,Medium,Medium,1.732180749058898e-06,0.22575682401657104,0.7742413878440857,5.676488257222445e-08
2025-08-07/IMG_9450.JPG,Small,Small,0.00037437808350659907,0.9913833141326904,0.008242227137088776,2.278397559507539e-08
2025-08-07/IMG_9451.JPG,Very Small,Very Small,0.9995717406272888,0.0004245156014803797,6.674418955299188e-07,3.048664893867681e-06
2025-08-07/IMG_9452.JPG,Small,Small,0.00016123545356094837,0.9995273351669312,0.00031149390270002186,4.8595710788745805e-11
2025-08-07/IMG_9453.JPG,Small,Small,0.0006303764530457556,0.9993398785591125,2.9735341740888543e-05,5.084901943952502e-11
2025-08-07/IMG_9454.JPG,Very Small,Very Small,0.9800670146942139,0.019932202994823456,4.912773761134304e-07,3.937166752621124e-07
2025-08-07/IMG_9455.JPG,Small,Small,4.37607786807348e-06,0.9993742108345032,0.0006214395398274064,4.7657568863490596e-11
2025-08-07/IMG_9456.JPG,Medium,Medium,3.582743488550477e-07,0.06619438529014587,0.9338052868843079,3.855865671198444e-08
2025-08-07/IMG_9457.JPG,Small,Small,0.04519735276699066,0.9547821283340454,2.043464883172419e-05,1.3979369839489664e-07
2025-08-07/IMG_9459.JPG,Small,Small,0.0007768160430714488,0.9991233944892883,9.982232586480677e-05,7.707173232951448e-10
2025-08-07/IMG_9460.JPG,Small,Small,0.0014076577499508858,0.9985882639884949,4.108945631742245e-06,1.4447391893934736e-10
2025-08-07/IMG_9461.JPG,Small,Small,2.1787061996292323e-05,0.9992148876190186,0.0007633207715116441,1.0537788697195793e-10
2025-08-07/IMG_9462.JPG,Very Small,Very Small,0.9999088048934937,9.114792919717729e-05,3.598965292450629e-10,5.060256103028848e-10
2025-08-07/IMG_9463.JPG,Medium,Medium,1.6820609744172543e-05,0.12276522070169449,0.8772172927856445,5.839175400979002e-07
2025-08-07/IMG_9466.JPG,Very Small,Very Small,0.9986373782157898,0.0013214423088356853,6.833805400674464e-06,3.433133679209277e-05
2025-08-07/IMG_9467.JPG,Medium,Medium,0.0001026405516313389,0.006091691087931395,0.9920032024383545,0.0018025283934548497
2025-08-07/IMG_9470.JPG,Medium,Medium,0.007020306307822466,0.11763894557952881,0.8745990991592407,0.0007416681619361043
2025-08-07/IMG_9472.JPG,Medium,Medium,0.00011426702985772863,0.03461628779768944,0.9651529788970947,0.00011640367301879451
2025-08-07/IMG_9473.JPG,Very Small,Very Small,0.9975536465644836,0.0024461785797029734,1.281051851265147e-07,3.223601652280195e-08
2025-08-07/IMG_9474.JPG,Small,Small,0.00021375528012868017,0.9981087446212769,0.001677520340308547,3.1876892236937238e-09
2025-08-07/IMG_9475.JPG,Small,Small,0.0026980962138623,0.994866132736206,0.0024357023648917675,5.8445593253964034e-08
2025-08-07/IMG_9477.JPG,Medium,Medium,2.5282440674345708e-06,0.02983018197119236,0.9701650738716125,2.2376943888957612e-06
2025-08-07/IMG_9478.JPG,Medium,Medium,5.7544097217032686e-05,0.0033798457589000463,0.9908453822135925,0.0057172272354364395
2025-08-07/IMG_9479.JPG,Medium,Medium,9.009158929984551e-06,0.0041681136935949326,0.9957696199417114,5.324112862581387e-05
2025-08-07/IMG_9485.JPG,Medium,Medium,0.00016847882943693548,0.14108064770698547,0.8587350249290466,1.5832654753467068e-05
2025-08-07/IMG_9486.JPG,Small,Small,0.0007923155790194869,0.9985731840133667,0.0006345086731016636,8.31723578897936e-09
2025-08-07/IMG_9487.JPG,Small,Small,0.11364175379276276,0.8863572478294373,1.040537426888477e-06,2.2551073508569885e-10
2025-08-07/IMG_9488.JPG,Small,Small,2.8740352718159556e-05,0.9997722506523132,0.00019899915787391365,2.7241969097202556e-11
2025-08-07/IMG_9489.JPG,Very Small,Very Small,0.9997934699058533,0.00020659279834944755,1.3905915308143335e-10,5.884766285380039e-11
2025-08-07/IMG_9492.JPG,Small,Small,0.007044277619570494,0.9928843975067139,7.129271398298442e-05,1.742754496270038e-09
2025-08-07/IMG_9493.JPG,Medium,Medium,4.6154545998433605e-06,0.037215083837509155,0.9627717137336731,8.544725460524205e-06
2025-08-07/IMG_9495.JPG,Small,Small,3.062394171138294e-06,0.9980395436286926,0.001957458909600973,7.438863414144237e-11
2025-08-07/IMG_9502.JPG,Small,Small,0.00023459903604816645,0.9931408762931824,0.006624506786465645,4.7168891015303416e-09
2025-08-07/IMG_9503.JPG,Medium,Medium,3.909213319275295e-06,0.0037392855156213045,0.9961989521980286,5.7777542679104954e-05
2025-08-07/IMG_9504.JPG,Small,Small,0.0012845678720623255,0.9987109899520874,4.469824489206076e-06,4.3304488467343916e-11
2025-08-07/IMG_9505.JPG,Medium,Medium,4.297769464756129e-06,0.030158303678035736,0.9698323011398315,5.1410006562946364e-06
2025-08-07/IMG_9506.JPG,Very Small,Very Small,0.9992353916168213,0.0007645629812031984,1.0031536490373583e-08,2.5462190134106777e-09
2025-08-07/IMG_9507.JPG,Small,Small,7.020981138339266e-05,0.972836971282959,0.027092786505818367,3.213551735825604e-08
2025-08-07/IMG_9509.JPG,Small,Small,0.0005515249213203788,0.9946900606155396,0.004758399911224842,4.514518536780088e-08
2025-08-07/IMG_9512.JPG,Small,Small,0.020105289295315742,0.9774441123008728,0.002449783030897379,7.633255449945864e-07
2025-08-07/IMG_9513.JPG,Small,Small,0.00036304874811321497,0.9965587258338928,0.003078225301578641,1.6680049341744052e-08
2025-08-07/IMG_9514.JPG,Small,Small,0.0031341786962002516,0.6532239317893982,0.3430509567260742,0.0005908620078116655
2025-08-07/IMG_9515.JPG,Small,Small,0.0022925897501409054,0.9800881743431091,0.017618434503674507,7.928014156277641e-07
2025-08-07/IMG_9516.JPG,Small,Small,0.000478885107440874,0.9979077577590942,0.0016132183372974396,6.131620011728955e-08
2025-08-07/IMG_9517.JPG,Small,Small,0.001719443709589541,0.8849630355834961,0.11330354958772659,1.397727828589268e-05
2025-08-07/IMG_9519.JPG,Small,Small,0.006700859405100346,0.9870124459266663,0.006285666488111019,1.0615647170197917e-06
2025-08-07/IMG_9522.JPG,Small,Small,0.0009328725864179432,0.973360002040863,0.025704387575387955,2.7556820896279532e-06
2025-08-07/IMG_9523.JPG,Small,Small,5.76141792407725e-05,0.9946449995040894,0.0052973865531384945,3.026490613677879e-09
2025-08-07/IMG_9524.JPG,Medium,Medium,8.174885442713276e-05,0.020030897110700607,0.9777379035949707,0.002149527193978429
2025-08-07/IMG_9525.JPG,Medium,Medium,7.463859219569713e-05,0.024894971400499344,0.974264919757843,0.0007653976208530366
2025-08-07/IMG_9528.JPG,Medium,Medium,0.0001659019326325506,0.020047321915626526,0.9785528182983398,0.0012339625973254442
2025-08-07/IMG_9529.JPG,Medium,Medium,0.00015654100570827723,0.04737437143921852,0.9521079659461975,0.0003611283900681883
2025-08-07/IMG_9530.JPG,Small,Small,0.0007537236087955534,0.9924461245536804,0.006799652241170406,4.929262900077447e-07
2025-08-07/IMG_9531.JPG,Medium,Medium,0.00012153860734542832,0.07075820863246918,0.9287901520729065,0.00033011409686878324
2025-08-07/IMG_9532.JPG,Medium,Medium,0.0005066802841611207,0.010992789641022682,0.9752237200737,0.013276854529976845
2025-08-07/IMG_9534.JPG,Large,Large,0.0031695994548499584,0.000615431577898562,0.010353023186326027,0.9858618974685669
2025-08-07/IMG_9536.JPG,Very Small,Very Small,0.934385359287262,0.06493894755840302,0.0006465184851549566,2.920616498158779e-05
2025-08-07/IMG_9537.JPG,Medium,Medium,0.0037815517280250788,0.026536718010902405,0.877191960811615,0.09248974919319153
2025-08-07/IMG_9538.JPG,Large,Large,0.0030677919276058674,0.0013957979390397668,0.04452461376786232,0.9510118365287781
2025-08-07/IMG_9539.JPG,Large,Large,0.003001176519319415,0.0013669729232788086,0.03934568166732788,0.9562861323356628
2025-08-07/IMG_9541.JPG,Medium,Medium,0.00022791809169575572,0.021616658195853233,0.9771750569343567,0.0009803237626329064
2025-08-07/IMG_9542.JPG,Large,Large,0.0018085493938997388,0.00045156036503612995,0.011137072928249836,0.9866029024124146
2025-08-07/IMG_9543.JPG,Small,Small,0.05290094017982483,0.9308146834373474,0.016276691108942032,7.68363770475844e-06
2025-08-07/IMG_9544.JPG,Large,Large,0.0038893423043191433,0.0027363270055502653,0.06726382672786713,0.9261105060577393
2025-08-07/IMG_9545.JPG,Medium,Medium,0.0002328800765099004,0.013776238076388836,0.9759238362312317,0.010066984221339226
2025-08-07/IMG_9546.JPG,Medium,Medium,0.0002521984279155731,0.22812318801879883,0.7715900540351868,3.457503407844342e-05
2025-08-07/IMG_9547.JPG,Small,Small,0.053348831832408905,0.9435749650001526,0.0030546721536666155,2.1468988052220084e-05
2025-08-07/IMG_9548.JPG,Medium,Medium,0.002499349182471633,0.055999454110860825,0.9267312288284302,0.01476997509598732
2025-08-07/IMG_9550.JPG,Small,Small,0.002212338848039508,0.9765496253967285,0.021237190812826157,8.057297691266285e-07
2025-08-07/IMG_9551.JPG,Medium,Medium,0.014920653775334358,0.05191425979137421,0.8364442586898804,0.09672081470489502
2025-08-07/IMG_9553.JPG,Large,Large,0.002373290713876486,0.0009462620364502072,0.024345561861991882,0.9723348617553711
2025-08-07/IMG_9555.JPG,Medium,Medium,0.00019216607324779034,0.00882961880415678,0.9705145955085754,0.020463649183511734
2025-08-07/IMG_9556.JPG,Very Small,Very Small,0.9997742772102356,0.00022576027549803257,5.644991585285197e-09,8.562483500007545e-10
2025-08-07/IMG_9558.JPG,Small,Small,0.05971786379814148,0.8573858141899109,0.08271434158086777,0.00018198625184595585
2025-08-07/IMG_9559.JPG,Small,Small,0.019677821546792984,0.9778861999511719,0.0024352699983865023,7.16255271981936e-07
2025-08-07/IMG_9561.JPG,Medium,Medium,0.0003898001741617918,0.016378171741962433,0.9778347611427307,0.005397191736847162
2025-08-07/IMG_9562.JPG,Medium,Medium,0.00014775796444155276,0.017204398289322853,0.9766895771026611,0.005958333145827055
2025-08-07/IMG_9564.JPG,Very Small,Very Small,0.9596540927886963,0.04025557264685631,8.233788685174659e-05,7.93757317296695e-06
2025-08-07/IMG_9571.JPG,Large,Large,0.0024530580267310143,0.00048589915968477726,0.009224497713148594,0.9878365397453308
2025-08-07/IMG_9574.JPG,Large,Large,0.0034831163939088583,0.0014926696894690394,0.04853864014148712,0.9464855790138245
2025-08-07/IMG_9575.JPG,Large,Large,0.0020873970352113247,0.0004234788357280195,0.009928206913173199,0.9875609278678894
2025-08-07/IMG_9576.JPG,Medium,Medium,0.0004230458871461451,0.016852866858243942,0.9647171497344971,0.018006952479481697
2025-08-07/IMG_9578.JPG,Large,Large,0.002296343445777893,0.0006814838270656765,0.01828225888311863,0.978739857673645
2025-08-07/IMG_9579.JPG,Medium,Medium,0.0017271391116082668,0.014929535798728466,0.9499918818473816,0.033351462334394455
2025-08-07/IMG_9581.JPG,Medium,Medium,0.000987336621619761,0.03396023437380791,0.9357598423957825,0.029292568564414978
2025-08-07/IMG_9583.JPG,Medium,Medium,0.0010493608424440026,0.006245866417884827,0.8253906965255737,0.1673140525817871
2025-08-07/IMG_9584.JPG,Medium,Medium,0.0002640376042108983,0.008992119692265987,0.9883260130882263,0.0024178060702979565
2025-08-07/IMG_9585.JPG,Large,Large,0.0016427941154688597,0.00044949818402528763,0.014319558627903461,0.9835880994796753
2025-08-07/IMG_9586.JPG,Medium,Medium,0.003052718471735716,0.14203490316867828,0.8521329164505005,0.0027794097550213337
2025-08-07/IMG_9589.JPG,Medium,Medium,0.01193641871213913,0.036837246268987656,0.9338058829307556,0.01742040365934372
2025-08-07/IMG_9590.JPG,Medium,Medium,0.0005196607671678066,0.04998023062944412,0.9463582038879395,0.0031419352162629366
2025-08-07/IMG_9593.JPG,Small,Small,0.005666966084390879,0.8453545570373535,0.1489671915769577,1.1312442438793369e-05
2025-08-07/IMG_9594.JPG,Large,Large,0.0026579485274851322,0.001640994451008737,0.08181194961071014,0.9138891100883484
2025-08-07/IMG_9595.JPG,Medium,Medium,0.00018827470194082707,0.009849712252616882,0.9811583757400513,0.00880357250571251
2025-08-07/IMG_9597.JPG,Medium,Medium,0.0006113790441304445,0.005368503741919994,0.9460225701332092,0.04799756035208702
2025-08-07/IMG_9598.JPG,Small,Small,0.00966219138354063,0.9750983119010925,0.015234262682497501,5.265210802463116e-06
2025-08-07/IMG_9599.JPG,Medium,Medium,1.5498737411689945e-05,0.0104371951892972,0.9894973039627075,5.0003065553028136e-05
2025-08-07/IMG_9600.JPG,Medium,Medium,6.06266121394583e-06,0.15446913242340088,0.8455247282981873,1.389659871620097e-07
2025-08-07/IMG_9601.JPG,Very Small,Very Small,0.9709257483482361,0.02903131954371929,3.8085432606749237e-05,4.871142664342187e-06
2025-08-07/IMG_9602.JPG,Small,Small,0.15736325085163116,0.8356068730354309,0.007024007849395275,5.8551368056214415e-06
2025-08-07/IMG_9603.JPG,Medium,Medium,3.904168352164561e-06,0.018516086041927338,0.9814784526824951,1.5710699017290608e-06
2025-08-07/IMG_9607.JPG,Medium,Medium,1.3705051969736814e-05,0.0882289707660675,0.9117566347122192,7.331628353313135e-07
2025-08-07/IMG_9608.JPG,Large,Large,0.0017112069763243198,0.00023362984939012676,0.005007971543818712,0.9930471777915955
2025-08-07/IMG_9609.JPG,Large,Large,0.002026923233643174,0.00030743161914870143,0.00698563689365983,0.9906800389289856
2025-08-07/IMG_9610.JPG,Large,Large,0.00177608837839216,0.00021103823382873088,0.00373442261479795,0.9942783117294312
2025-08-07/IMG_9611.JPG,Large,Large,0.0024087808560580015,0.0005247771041467786,0.013210136443376541,0.9838563203811646
2025-08-07/IMG_9614.JPG,Medium,Medium,0.0002222236362285912,0.005167949013411999,0.9726118445396423,0.021997982636094093
2025-08-07/IMG_9615.JPG,Large,Large,0.0016577980713918805,0.0006968872621655464,0.024869581684470177,0.9727757573127747
2025-08-07/IMG_9616.JPG,Large,Large,0.0017844380345195532,0.0003107060329057276,0.0071206665597856045,0.9907841682434082
2025-08-07/IMG_9623.JPG,Large,Large,0.0023411086294800043,0.0005335589521564543,0.014055375941097736,0.9830700159072876
2025-08-07/IMG_9625.JPG,Large,Large,0.0026746089570224285,0.001596241258084774,0.1172226294875145,0.878506600856781
2025-08-07/IMG_9628.JPG,Large,Large,0.001551598310470581,0.0001465211680624634,0.0024296401534229517,0.9958723187446594
2025-08-07/IMG_9629.JPG,Medium,Medium,4.268586781108752e-05,0.0061059086583554745,0.9910556077957153,0.0027957672718912363
2025-08-07/IMG_9633.JPG,Large,Large,0.0020688830409199,0.0009117191075347364,0.030783172696828842,0.9662362337112427
2025-08-07/IMG_9634.JPG,Large,Large,0.0024723601527512074,0.000887325790245086,0.02925310842692852,0.967387318611145
2025-08-07/IMG_9635.JPG,Large,Large,0.0017054142663255334,0.0003937751753255725,0.010898149572312832,0.9870026111602783
2025-08-07/IMG_9636.JPG,Large,Large,0.0017190307844430208,0.00036652846029028296,0.011953943409025669,0.9859606027603149
2025-08-07/IMG_9637.JPG,Large,Large,0.0021888192277401686,0.0003278413787484169,0.006537306122481823,0.9909460544586182
2025-08-07/IMG_9638.JPG,Large,Large,0.0017853077733889222,0.00035361837944947183,0.009928781539201736,0.9879322648048401
2025-08-07/IMG_9639.JPG,Large,Large,0.00164443114772439,0.00043613932211883366,0.012857623398303986,0.9850618243217468
2025-08-07/IMG_9640.JPG,Large,Large,0.0020498556550592184,0.0005836469354107976,0.017615696415305138,0.9797508120536804
2025-08-07/IMG_9641.JPG,Large,Large,0.0023704541381448507,0.0008025994757190347,0.024126555770635605,0.9727003574371338
2025-08-07/IMG_9643.JPG,Large,Large,0.0018862239085137844,0.0002563685702625662,0.004079068545252085,0.9937783479690552
2025-08-07/IMG_9645.JPG,Large,Large,0.0017261841567233205,0.00024219602346420288,0.004886267241090536,0.9931453466415405
2025-08-07/IMG_9646.JPG,Large,Large,0.0016587672289460897,0.00033877193345688283,0.01039868500083685,0.9876037836074829
2025-08-07/IMG_9652.JPG,Large,Large,0.0023871292360126972,0.0011759625049307942,0.04266640543937683,0.9537705183029175
2025-08-07/IMG_9654.JPG,Large,Large,0.0019799943547695875,0.0003994761500507593,0.008457131683826447,0.9891633987426758
2025-08-07/IMG_9655.JPG,Large,Large,0.0019316010875627398,0.00037191063165664673,0.008741200901567936,0.9889551997184753
2025-08-07/IMG_9656.JPG,Large,Large,0.001641752663999796,0.00016277231043204665,0.002568405121564865,0.9956271648406982
2025-08-07/IMG_9658.JPG,Large,Large,0.00266970694065094,0.0012891939841210842,0.06604696810245514,0.9299941062927246
2025-08-07/IMG_9659.JPG,Large,Large,0.00185923813842237,0.00022402814647648484,0.003929527942091227,0.9939872026443481
2025-08-07/IMG_9660.JPG,Large,Large,0.0030269287526607513,0.0010660496773198247,0.02947203814983368,0.9664350748062134
2025-08-07/IMG_9669.JPG,Medium,Medium,0.006870168726891279,0.1182178258895874,0.8743937015533447,0.0005182446329854429
2025-08-07/IMG_9671.JPG,Large,Large,0.0047270432114601135,0.0024507103953510523,0.0750555545091629,0.9177666902542114
2025-08-07/IMG_9672.JPG,Medium,Medium,0.0017667770152911544,0.057680800557136536,0.937396764755249,0.0031555930618196726
2025-08-07/IMG_9673.JPG,Large,Large,0.00215340917930007,0.0006532125407829881,0.019451837986707687,0.977741539478302
2025-08-07/IMG_9674.JPG,Large,Large,0.0016485960222780704,0.00016101750952657312,0.002470859792083502,0.9957194924354553
2025-08-07/IMG_9675.JPG,Large,Large,0.0017258188454434276,0.00020446357666514814,0.003645247546955943,0.9944244623184204
2025-08-07/IMG_9678.JPG,Large,Large,0.002996204188093543,0.0005017532967031002,0.011269714683294296,0.9852323532104492
2025-08-07/IMG_9679.JPG,Large,Large,0.0016432289266958833,0.0004096472403034568,0.012578394263982773,0.9853687882423401
2025-08-07/IMG_9681.JPG,Large,Large,0.002132425084710121,0.0007721409201622009,0.027917493134737015,0.9691779017448425
2025-08-07/IMG_9683.JPG,Large,Large,0.0020527439191937447,0.0003072395920753479,0.00545867532491684,0.9921813011169434
2025-08-07/IMG_9685.JPG,Medium,Medium,7.263220322784036e-05,0.005390748847275972,0.9874382615089417,0.007098321802914143
2025-08-07/IMG_9686.JPG,Medium,Medium,0.0003050377999898046,0.014862812124192715,0.9697775840759277,0.01505457516759634
2025-08-07/IMG_9687.JPG,Large,Large,0.0022108452394604683,0.0003719387168530375,0.009016149677336216,0.9884010553359985
2025-08-07/IMG_9688.JPG,Large,Large,0.0017878883518278599,0.0005280975019559264,0.01378158200532198,0.9839025139808655
2025-08-07/IMG_9689.JPG,Large,Large,0.0018512916285544634,0.00028176323394291103,0.006723522208631039,0.9911433458328247
2025-08-07/IMG_9693.JPG,Medium,Medium,5.703798251488479e-06,0.04671231657266617,0.9532777667045593,4.182370958005777e-06
2025-08-07/IMG_9694.JPG,Medium,Medium,0.0005235291318967938,0.004012546502053738,0.9188823103904724,0.07658170163631439
2025-08-07/IMG_9695.JPG,Small,Small,0.019737964496016502,0.978495180606842,0.0017664681654423475,4.005121923000843e-07
2025-08-07/IMG_9696.JPG,Large,Large,0.0024743990506976843,0.0007357853464782238,0.03498566150665283,0.961804211139679
2025-08-07/IMG_9697.JPG,Large,Large,0.0023411917500197887,0.0002771698636934161,0.004262608475983143,0.9931190013885498
2025-08-07/IMG_9698.JPG,Large,Large,0.002153530716896057,0.001304697128944099,0.059587616473436356,0.9369542002677917
2025-08-07/IMG_9700.JPG,Large,Large,0.001547746011056006,0.001210681744851172,0.09326159209012985,0.9039798974990845
2025-08-07/IMG_9701.JPG,Medium,Medium,3.66160566045437e-05,0.003290886990725994,0.9927265644073486,0.003945948556065559
2025-08-07/IMG_9702.JPG,Large,Large,0.0012991185067221522,0.00039384933188557625,0.01625455543398857,0.9820525050163269
2025-08-07/IMG_9704.JPG,Large,Large,0.002082795137539506,0.0008789726998656988,0.027418404817581177,0.969619870185852
2025-08-07/IMG_9705.JPG,Large,Large,0.0016637166263535619,0.0006951593677513301,0.028830651193857193,0.9688104391098022
2025-08-07/IMG_9706.JPG,Large,Large,0.0018039538990706205,0.0005127146141603589,0.01486109010875225,0.9828222393989563
2025-08-07/IMG_9707.JPG,Medium,Medium,0.00020337199384812266,0.008242841809988022,0.9641896486282349,0.027364224195480347
2025-08-07/IMG_9709.JPG,Large,Large,0.0016628747107461095,0.00024100078735500574,0.0060143135488033295,0.9920817613601685
2025-08-07/IMG_9710.JPG,Large,Large,0.0025316488463431597,0.00079014350194484,0.0327947773039341,0.9638833999633789
2025-08-07/IMG_9711.JPG,Large,Large,0.0024033987428992987,0.0009217668557539582,0.02443479187786579,0.9722400903701782
2025-08-07/IMG_9712.JPG,Large,Large,0.0014248803490772843,0.00022091667051427066,0.005396474152803421,0.9929578304290771
2025-08-07/IMG_9713.JPG,Large,Large,0.0022008311934769154,0.0006914159166626632,0.01871851086616516,0.9783892631530762
2025-08-07/IMG_9714.JPG,Large,Large,0.0027165410574525595,0.0007160088280215859,0.014026802964508533,0.9825406670570374
2025-08-07/IMG_9715.JPG,Medium,Medium,2.597085949673783e-05,0.0032724528573453426,0.9931429624557495,0.003558651078492403
2025-08-07/IMG_9716.JPG,Medium,Medium,2.6752093617687933e-05,0.005634037312120199,0.9917727112770081,0.002566523617133498
2025-08-07/IMG_9717.JPG,Large,Large,0.0017566296737641096,0.0003724158159457147,0.009334467351436615,0.9885364770889282
2025-09-05/IMG_0795.JPG,Small,Small,0.002696782350540161,0.997266411781311,3.681825546664186e-05,5.319724105667945e-10
2025-09-05/IMG_0797.JPG,Small,Small,0.021017685532569885,0.9789823293685913,2.4454942959550863e-08,3.065108496874691e-12
2025-09-05/IMG_0798.JPG,Small,Small,2.4972227947728243e-06,0.999147891998291,0.0008495741640217602,1.6225538274072804e-11
2025-09-05/IMG_0801.JPG,Small,Small,0.002941203536465764,0.9969882369041443,7.05739003024064e-05,4.0992678695950246e-10
2025-09-05/IMG_0804.JPG,Medium,Medium,4.815342890651664e-06,0.09241116046905518,0.9075824022293091,1.6168065712918178e-06
2025-09-05/IMG_0805.JPG,Medium,Medium,3.2907630043155223e-07,0.0015117075527086854,0.9984800219535828,7.91697129898239e-06
2025-09-05/IMG_0806.JPG,Small,Small,0.0020563353318721056,0.9976797699928284,0.0002639160957187414,1.655419468171715e-09
2025-09-05/IMG_0808.JPG,Very Small,Very Small,0.9986577033996582,0.0013423364143818617,2.078832661567276e-09,3.745870835736298e-10
2025-09-05/IMG_0809.JPG,Very Small,Very Small,0.9990888833999634,0.0009110607206821442,5.9768554550032604e-09,1.2478827970952011e-09
2025-09-05/IMG_0811.JPG,Medium,Medium,8.533647815056611e-06,0.00394885940477252,0.9957289099693298,0.00031366158509626985
2025-09-05/IMG_0812.JPG,Medium,Medium,5.710716504836455e-05,0.004573937505483627,0.989575982093811,0.005793026648461819
2025-09-05/IMG_0813.JPG,Medium,Medium,4.291009645385202e-06,0.013393259607255459,0.9865531325340271,4.9343343562213704e-05
2025-09-05/IMG_0814.JPG,Small,Small,1.8515239617045154e-06,0.9984899759292603,0.0015081773744896054,1.786432807238114e-11
2025-09-05/IMG_0818.JPG,Small,Small,0.00031804759055376053,0.9918072819709778,0.007874483242630959,6.497167248653568e-08
2025-09-05/IMG_0820.JPG,Medium,Medium,9.000683576232404e-07,0.11093145608901978,0.889067530632019,2.0886051288471208e-07
2025-09-05/IMG_0821.JPG,Small,Small,3.923242911696434e-05,0.9964516162872314,0.0035091035533696413,5.7005045128732945e-09
2025-09-05/IMG_0822.JPG,Small,Small,0.11509037762880325,0.8848467469215393,6.29241912974976e-05,1.4127830016974485e-09
2025-09-05/IMG_0823.JPG,Very Small,Very Small,0.998875081539154,0.001124935457482934,8.923712435660036e-09,8.819205365995231e-10
2025-09-05/IMG_0824.JPG,Very Small,Very Small,0.9996832609176636,0.00031680671963840723,3.620720667729671e-10,3.6285360566906677e-12
2025-09-05/IMG_0825.JPG,Medium,Medium,4.254403029335663e-05,0.08753000199794769,0.9124096035957336,1.7888989532366395e-05
2025-09-05/IMG_0827.JPG,Medium,Medium,5.963911917206133e-06,0.08906345069408417,0.9109301567077637,4.885151270173083e-07
2025-09-05/IMG_0828.JPG,Small,Small,6.13650627201423e-05,0.9994999170303345,0.0004387188528198749,2.461085779614791e-10
2025-09-05/IMG_0829.JPG,Small,Small,0.0006993386195972562,0.9992774128913879,2.3214544853544794e-05,2.44793130210752e-10
2025-09-05/IMG_0830.JPG,Small,Small,6.4042174017231446e-06,0.9995294809341431,0.0004640733532141894,2.913912861002288e-11
2025-09-05/IMG_0832.JPG,Very Small,Very Small,0.9999631643295288,3.688990182126872e-05,2.7529117874180997e-10,6.86599166410673e-10
2025-09-05/IMG_0833.JPG,Small,Small,0.0002381186786806211,0.996852695941925,0.0029092475306242704,7.366142140696752e-10
2025-09-05/IMG_0834.JPG,Medium,Medium,1.1261161489528604e-05,0.008360899984836578,0.9915387034416199,8.912481280276552e-05
2025-09-05/IMG_0836.JPG,Very Small,Very Small,0.9995729327201843,0.0004270384961273521,1.0987631811343324e-11,3.0496116157525954e-13
2025-09-05/IMG_0838.JPG,Medium,Medium,6.906186627020361e-06,0.0055551971308887005,0.9942998886108398,0.00013799233420286328
2025-09-05/IMG_0839.JPG,Small,Small,0.05183031037449837,0.9481192231178284,5.042515476816334e-05,1.18926424264032e-08
2025-09-05/IMG_0840.JPG,Very Small,Very Small,0.9953464865684509,0.00465312460437417,2.19033424286863e-07,9.61706447810684e-08
2025-09-05/IMG_0842.JPG,Very Small,Very Small,0.9994662404060364,0.0005337205366231501,9.343660289928835e-10,6.97269325611316e-11
2025-09-05/IMG_0843.JPG,Very Small,Very Small,0.9998409748077393,0.0001590178580954671,5.925009927132407e-10,2.626680817297e-10
2025-09-05/IMG_0846.JPG,Small,Small,0.0006830919301137328,0.9992966651916504,2.020179817918688e-05,2.5695043315288046e-10
2025-09-05/IMG_0847.JPG,Medium,Medium,2.5461697532591643e-06,0.1912747323513031,0.8087226152420044,1.4402530723600648e-07
2025-09-05/IMG_0848.JPG,Very Small,Very Small,0.9998090863227844,0.00019093454466201365,4.665025699068792e-09,4.552139110103326e-09
2025-09-05/IMG_0849.JPG,Very Small,Very Small,0.9993391633033752,0.0006608463590964675,2.3911976398949264e-08,1.1581485104272815e-08
2025-09-05/IMG_0851.JPG,Medium,Medium,7.180240686466277e-07,0.03725069388747215,0.9627478718757629,7.235900625346403e-07
2025-09-05/IMG_0852.JPG,Small,Small,1.5860381381571642e-06,0.9974470138549805,0.002551447367295623,3.788116348379944e-11
2025-09-05/IMG_0853.JPG,Very Small,Very Small,0.9994450211524963,0.0005541537539102137,2.728843355725985e-07,5.50382139863359e-07
2025-09-05/IMG_0854.JPG,Small,Small,0.001621913630515337,0.9982315897941589,0.00014648010255768895,1.126243875937405e-09
2025-09-05/IMG_0856.JPG,Small,Small,0.0010526988189667463,0.9988610744476318,8.618178981123492e-05,3.57865820310721e-10
2025-09-05/IMG_0857.JPG,Very Small,Very Small,0.9979078769683838,0.0020917265210300684,1.69771908531402e-07,3.1568549729854567e-07
2025-09-05/IMG_0858.JPG,Small,Small,4.591144715959672e-06,0.999962568283081,3.278295844211243e-05,1.3676442790766519e-12
2025-09-05/IMG_0861.JPG,Small,Small,4.232649371260777e-05,0.9998928308486938,6.477889837697148e-05,2.4391532196799126e-11
2025-09-05/IMG_0862.JPG,Medium,Medium,5.75357148591138e-07,0.11286153644323349,0.887137770652771,1.1377571951243226e-07
2025-09-05/IMG_0863.JPG,Small,Small,2.3925354071252514e-06,0.9894948601722717,0.010502784512937069,3.341124321654121e-10
2025-09-05/IMG_0865.JPG,Very Small,Very Small,0.9996490478515625,0.00035097255022265017,8.034483633956313e-10,1.1693137569324108e-09
2025-09-05/IMG_0866.JPG,Medium,Medium,3.64150655514095e-05,0.1061476394534111,0.8938124775886536,3.410726321817492e-06
2025-09-05/IMG_0868.JPG,Very Small,Very Small,0.9998779296875,0.00012201904610265046,9.356285746164872e-10,4.142366172299461e-10
2025-09-05/IMG_0869.JPG,Very Small,Very Small,0.9997166991233826,0.00028267380548641086,1.4888738064655627e-07,4.5338828158492106e-07
2025-09-05/IMG_0871.JPG,Medium,Medium,6.714323535561562e-05,0.004191097337752581,0.9851946234703064,0.01054716482758522
2025-09-05/IMG_0872.JPG,Small,Small,0.0057671209797263145,0.994218111038208,1.4798518350289669e-05,6.51123877037918e-10
2025-09-05/IMG_0874.JPG,Small,Small,0.13363862037658691,0.8660228252410889,0.00033848831662908196,9.787363097757407e-08
2025-09-05/IMG_0875.JPG,Very Small,Very Small,0.9999370574951172,6.294206104939803e-05,5.494533272809576e-09,3.969606865439346e-09
2025-09-05/IMG_0876.JPG,Medium,Medium,6.258865596464602e-06,0.005711736623197794,0.9942435622215271,3.8414571463363245e-05
2025-09-05/IMG_0878.JPG,Very Small,Very Small,0.9995260238647461,0.00047395232832059264,8.34724200871051e-09,1.482480693759669e-09
2025-09-05/IMG_0880.JPG,Very Small,Very Small,0.973741888999939,0.026257967576384544,1.38607205713015e-07,7.987928096753194e-10
2025-09-05/IMG_0882.JPG,Small,Small,1.158029590442311e-05,0.9945861101150513,0.0054023414850234985,1.1991339032846327e-09
2025-09-05/IMG_0884.JPG,Medium,Medium,3.6005651054438204e-05,0.028599655255675316,0.9713501334190369,1.4201389603840653e-05
2025-09-05/IMG_0885.JPG,Small,Small,2.5596671093808254e-06,0.9970963001251221,0.0029012064915150404,7.06550096207792e-11
2025-09-05/IMG_0887.JPG,Medium,Medium,2.7341850000084378e-05,0.01133422926068306,0.9882661700248718,0.0003722211404237896
2025-09-05/IMG_0888.JPG,Small,Small,0.0007098126807250082,0.9547862410545349,0.044503841549158096,1.6686475134974899e-07
2025-09-05/IMG_0891.JPG,Very Small,Very Small,0.9994984865188599,0.0005012407782487571,1.3566075551807444e-07,1.9006337481641822e-07
2025-09-05/IMG_0892.JPG,Very Small,Very Small,0.9998202919960022,0.0001797698496375233,4.3302135210865345e-09,4.130973341176514e-09
2025-09-05/IMG_0893.JPG,Very Small,Very Small,0.9960849285125732,0.003914692439138889,2.5845255890999397e-07,1.8591441630633199e-07
2025-09-05/IMG_0894.JPG,Very Small,Very Small,0.9998985528945923,0.00010137497883988544,1.4496248645912146e-08,4.0659770661477523e-08
2025-09-05/IMG_0895.JPG,Very Small,Very Small,0.9998214840888977,0.00017819576896727085,9.545116341769244e-08,2.454859497902362e-07
2025-09-05/IMG_0896.JPG,Very Small,Very Small,0.9998530149459839,0.00014667816867586225,6.081571513050221e-08,1.3445568924908002e-07
2025-09-05/IMG_0897.JPG,Very Small,Very Small,0.9858511090278625,0.014148139394819736,5.834726835018955e-07,1.6864233032265474e-07
2025-09-05/IMG_0900.JPG,Very Small,Very Small,0.9934440851211548,0.0065434034913778305,5.34973287358298e-06,7.154018021537922e-06
2025-09-05/IMG_0901.JPG,Medium,Medium,1.786106440704316e-05,0.011140694841742516,0.9883766770362854,0.00046468726941384375
2025-09-05/IMG_0902.JPG,Medium,Medium,8.129669731715694e-05,0.009751389734447002,0.9892783761024475,0.0008889599121175706
2025-09-05/IMG_0903.JPG,Small,Small,3.2099453619593987e-06,0.9846974611282349,0.015299379825592041,1.9723678246208465e-09
2025-09-05/IMG_0904.JPG,Small,Medium,7.741614922451845e-07,0.26063263416290283,0.7393664121627808,1.6700110450074135e-07
2025-09-05/IMG_0905.JPG,Medium,Medium,4.389420155348489e-06,0.01804373785853386,0.9819430708885193,8.921037988329772e-06
2025-09-05/IMG_0906.JPG,Very Small,Very Small,0.9994248151779175,0.0005744031514041126,2.513062327125226e-07,5.196623646952503e-07
2025-09-05/IMG_0907.JPG,Very Small,Very Small,0.9924749732017517,0.007523949258029461,9.539722896079184e-07,1.3763001049937884e-07
2025-09-05/IMG_0908.JPG,Very Small,Very Small,0.9897324442863464,0.010267241857945919,2.1540061823088763e-07,2.4693600053637965e-08
2025-09-05/IMG_0910.JPG,Very Small,Very Small,0.99689781665802,0.0017160362331196666,0.00010467164247529581,0.0012814351357519627
2025-09-05/IMG_0911.JPG,Small,Small,0.0035433568991720676,0.9959720969200134,0.00048453337512910366,2.1548451911712618e-08
2025-09-05/IMG_0912.JPG,Very Small,Very Small,0.9918630123138428,0.008134819567203522,1.8804397541316575e-06,2.603746338536439e-07
2025-09-05/IMG_0913.JPG,Small,Small,0.005485876929014921,0.9917449355125427,0.0027684420347213745,7.379508701887971e-07
2025-09-05/IMG_0914.JPG,Small,Small,0.0009228471317328513,0.9980132579803467,0.0010638948297128081,1.209449163042109e-08
2025-09-05/IMG_0915.JPG,Small,Small,0.0006967064691707492,0.9990135431289673,0.000289752846583724,1.7680781283502256e-09
2025-09-05/IMG_0921.JPG,Very Small,Very Small,0.9997105002403259,0.00028905848739668727,2.736086344157229e-07,1.653070995644157e-07
2025-09-05/IMG_0922.JPG,Very Small,Very Small,0.9982739686965942,0.0017257996369153261,8.299664244759697e-08,6.784280515148566e-08
2025-09-05/IMG_0923.JPG,Small,Small,0.0036832403857260942,0.9937885403633118,0.0025280858390033245,6.109699768330756e-08
2025-09-05/IMG_0929.JPG,Large,Large,0.0013367143692448735,0.00029016321059316397,0.010545292869210243,0.9878277778625488
2025-09-05/IMG_0930.JPG,Medium,Medium,7.076843030517921e-05,0.004212596919387579,0.9876905679702759,0.00802605040371418
2025-09-05/IMG_0932.JPG,Medium,Medium,8.254865861090366e-06,0.007783885579556227,0.9920763969421387,0.00013149820733815432
2025-09-05/IMG_0934.JPG,Very Small,Very Small,0.978376030921936,0.021621858701109886,1.8412184772387263e-06,2.0778720966063702e-07
2025-09-05/IMG_0935.JPG,Small,Small,0.015643322840332985,0.9840205907821655,0.00033596655703149736,1.3266473786188726e-07
2025-09-05/IMG_0936.JPG,Small,Small,0.01054876483976841,0.9892939329147339,0.00015729194274172187,3.248672797440122e-08
2025-09-05/IMG_0937.JPG,Very Small,Very Small,0.9997634291648865,0.0002364365354878828,7.248319633390565e-08,6.489797499398264e-08
2025-09-05/IMG_0939.JPG,Small,Small,3.632197331171483e-05,0.9358235597610474,0.06414000689983368,5.7619033100309025e-08
2025-09-05/IMG_0940.JPG,Very Small,Very Small,0.9282099008560181,0.07176411896944046,2.3223952666739933e-05,2.7812548069050536e-06
2025-09-05/IMG_0941.JPG,Small,Small,0.00014076175284571946,0.9975736737251282,0.002285522175952792,9.564319114474529e-09
2025-09-05/IMG_0942.JPG,Very Small,Very Small,0.9924463629722595,0.007550636772066355,2.4132627913786564e-06,6.829085918980127e-07
2025-09-05/IMG_0943.JPG,Medium,Medium,8.156149851856753e-05,0.00507124001160264,0.9900134801864624,0.004833713639527559
2025-09-05/IMG_0944.JPG,Medium,Medium,0.0005685222567990422,0.01130051352083683,0.9583279490470886,0.029803013429045677
2025-09-05/IMG_0946.JPG,Medium,Medium,2.3417401280312333e-06,0.020488832145929337,0.9795071482658386,1.6269063962681685e-06
2025-09-05/IMG_0947.JPG,Medium,Medium,3.0291064376797294e-06,0.02804587595164776,0.9719454050064087,5.735585091315443e-06
2025-09-05/IMG_0948.JPG,Medium,Medium,6.21039216639474e-05,0.037121232599020004,0.9627195596694946,9.709478035802022e-05
2025-09-05/IMG_0949.JPG,Small,Small,0.00015176078886725008,0.9974523186683655,0.0023959397803992033,3.8040964822627643e-10
2025-09-05/IMG_0951.JPG,Small,Small,1.3695281268155668e-05,0.9996800422668457,0.00030630402034148574,1.2559238371512293e-11
2025-09-05/IMG_0953.JPG,Small,Small,6.072668384149438e-06,0.9992294311523438,0.0007645237492397428,6.388549411706634e-11
2025-09-05/IMG_0954.JPG,Small,Small,5.6739881983958185e-06,0.9967799782752991,0.003214413532987237,2.8882274349939507e-10
2025-09-05/IMG_0956.JPG,Small,Small,0.00013129212311469018,0.9998205304145813,4.822501796297729e-05,6.042526895511102e-11
2025-09-05/IMG_0957.JPG,Very Small,Very Small,0.9962694644927979,0.003730504307895899,4.6916159845977745e-08,1.8769252818628956e-09
2025-09-05/IMG_0959.JPG,Small,Small,7.439272394549334e-06,0.9984270334243774,0.0015655977185815573,3.6155362037604277e-10
2025-09-05/IMG_0960.JPG,Small,Small,7.247380153785343e-07,0.9957626461982727,0.004236634820699692,2.913853880404105e-11
2025-09-05/IMG_0963.JPG,Small,Small,0.00023825826065149158,0.9997579455375671,3.835106781480135e-06,9.750296924015966e-12
2025-09-05/IMG_0964.JPG,Small,Small,9.49688114815217e-07,0.6593145728111267,0.3406844735145569,1.8869581452918283e-09
2025-09-05/IMG_0968.JPG,Medium,Medium,5.330484782462008e-06,0.024309741333127022,0.9756837487220764,1.1345263146722573e-06
2025-09-05/IMG_0969.JPG,Small,Small,0.02924337610602379,0.9688031673431396,0.001953189494088292,2.727354342368926e-07
2025-09-05/IMG_0971.JPG,Small,Small,0.0015565443318337202,0.7521005272865295,0.24632641673088074,1.6478670659125783e-05
2025-09-05/IMG_0973.JPG,Very Small,Very Small,0.9998302459716797,0.00016972215962596238,7.604898932811466e-09,1.866178767073734e-09
2025-09-05/IMG_0975.JPG,Very Small,Very Small,0.9191558957099915,0.07280250638723373,0.00794980302453041,9.180554479826242e-05
2025-09-05/IMG_0976.JPG,Medium,Medium,0.0007492805598303676,0.044237393885850906,0.9419570565223694,0.01305618230253458
2025-09-05/IMG_0977.JPG,Small,Small,0.0033702717628329992,0.9884735941886902,0.008155650459229946,5.017635089643591e-07
2025-09-05/IMG_0978.JPG,Small,Small,0.0007883175276219845,0.9990445971488953,0.00016705527377780527,5.104465738980934e-10
2025-09-05/IMG_0979.JPG,Medium,Medium,0.0011035192292183638,0.04518574848771095,0.8914095759391785,0.06230108067393303
2025-09-05/IMG_0980.JPG,Very Small,Very Small,0.9698922634124756,0.030104247853159904,3.3358155633322895e-06,8.164744258465362e-08
2025-09-05/IMG_0981.JPG,Very Small,Very Small,0.8758052587509155,0.12343230843544006,0.0007596457144245505,2.8282959192438284e-06
2025-09-05/IMG_0982.JPG,Small,Small,0.02858545072376728,0.8515318632125854,0.11930675804615021,0.0005759540945291519
2025-09-05/IMG_0983.JPG,Very Small,Very Small,0.9882245063781738,0.011772614903748035,2.6577249627735e-06,1.7077208269711264e-07
2025-09-05/IMG_0984.JPG,Small,Small,0.003303342033177614,0.9940643906593323,0.0026321334298700094,9.531205336088533e-08
2025-09-05/IMG_0985.JPG,Small,Small,0.0007324456819333136,0.9802520871162415,0.019015289843082428,2.361316830956639e-07
2025-09-05/IMG_0988.JPG,Very Small,Very Small,0.9662135243415833,0.03378184884786606,4.548636752588209e-06,6.372253835706942e-08
2025-09-05/IMG_0989.JPG,Small,Small,0.004821246024221182,0.9940151572227478,0.001163529697805643,8.633108450339932e-08
2025-09-05/IMG_0991.JPG,Medium,Medium,0.000431439169915393,0.04265527054667473,0.9463977217674255,0.010515599511563778
2025-09-05/IMG_0993.JPG,Small,Small,0.00039513519732281566,0.86876380443573,0.1308387666940689,2.2525980512000388e-06
2025-09-05/IMG_0994.JPG,Medium,Medium,6.339461833704263e-05,0.06116639822721481,0.9386701583862305,9.999011672334746e-05
2025-09-05/IMG_0995.JPG,Small,Small,0.0001589414750924334,0.9872846007347107,0.012556232511997223,2.380692336600987e-07
2025-09-05/IMG_0996.JPG,Small,Small,0.006814574357122183,0.9906736016273499,0.0025117159821093082,7.461998308144757e-08
2025-09-05/IMG_0997.JPG,Very Small,Very Small,0.9986349940299988,0.0013649513712152839,2.7696740900751138e-08,4.6442222290110635e-10
2025-09-05/IMG_0998.JPG,Small,Small,0.010014333762228489,0.9862546920776367,0.0037307909224182367,1.9179773858013505e-07
2025-09-05/IMG_1000.JPG,Very Small,Very Small,0.997408926486969,0.002590514486655593,4.535684468010004e-07,6.959678700013683e-08
2025-09-05/IMG_1001.JPG,Small,Small,1.4276987485573045e-06,0.9823779463768005,0.017620600759983063,3.4732619558219824e-10
2025-09-05/IMG_1002.JPG,Small,Small,0.0003696533676702529,0.9543629884719849,0.045264992862939835,2.381416152275051e-06
2025-09-05/IMG_1004.JPG,Very Small,Very Small,0.996077835559845,0.0039046325255185366,1.4813960660831071e-05,2.6944594537781086e-06
2025-09-05/IMG_1005.JPG,Very Small,Very Small,0.9961955547332764,0.003773946315050125,2.9333123165997677e-05,1.1290062502666842e-06
2025-09-05/IMG_1006.JPG,Very Small,Very Small,0.9976184964179993,0.002381490543484688,6.846486932943208e-09,7.333801968489873e-12
2025-09-05/IMG_1007.JPG,Small,Small,0.0013022463535889983,0.9154487252235413,0.08324727416038513,1.7138278280981467e-06
2025-09-05/IMG_1008.JPG,Medium,Medium,0.0009757941588759422,0.023972541093826294,0.9495227336883545,0.025528861209750175
2025-09-05/IMG_1009.JPG,Very Small,Very Small,0.998837411403656,0.001162195228971541,3.3021535728039453e-07,8.822330954671997e-08
2025-09-05/IMG_1010.JPG,Very Small,Very Small,0.9714070558547974,0.028578680008649826,1.3859461432730313e-05,3.8017591919015103e-07
2025-09-05/IMG_1011.JPG,Small,Small,0.03108648955821991,0.9667011499404907,0.0022118755150586367,4.237101336457272e-07
2025-09-05/IMG_1013.JPG,Very Small,Very Small,0.9985051155090332,0.00149417738430202,6.865765840302629e-07,2.4027746903243496e-08
2025-09-05/IMG_1014.JPG,Medium,Medium,0.0006108633824624121,0.0914778858423233,0.9074420928955078,0.0004691826761700213
2025-09-05/IMG_1015.JPG,Small,Small,0.083704374730587,0.9156708121299744,0.000624821288511157,5.2044160980813103e-08
2025-09-05/IMG_1016.JPG,Small,Small,0.000605106761213392,0.9546613097190857,0.04473280906677246,7.544958293692616e-07
2025-09-05/IMG_1018.JPG,Small,Small,2.480438752172631e-06,0.9622674584388733,0.037730056792497635,1.913600833347573e-09
2025-09-05/IMG_1019.JPG,Small,Small,2.2590465960092843e-05,0.9457740187644958,0.05420337989926338,5.212380305152919e-09
2025-09-05/IMG_1021.JPG,Small,Small,0.0002044600114459172,0.9997625946998596,3.298640513094142e-05,2.705154156235068e-10
2025-09-05/IMG_1022.JPG,Very Small,Very Small,0.9996806383132935,0.0003192878793925047,1.2812954253149655e-07,1.0642192016518948e-08
2025-09-05/IMG_1023.JPG,Small,Small,0.005851429421454668,0.9803933501243591,0.01375395618379116,1.3354444945434807e-06
2025-09-05/IMG_1024.JPG,Very Small,Very Small,0.9994015693664551,0.0005984540330246091,1.6212604592169555e-08,2.8843154531443815e-09
2025-09-05/IMG_1025.JPG,Very Small,Very Small,0.9937524199485779,0.006182777229696512,6.107029184931889e-05,3.636981546151219e-06
2025-09-05/IMG_1026.JPG,Small,Small,0.017465034499764442,0.9820682406425476,0.0004664979060180485,1.9995104594272561e-07
2025-09-05/IMG_1027.JPG,Very Small,Very Small,0.9983242154121399,0.0016733140219002962,1.7311143665210693e-06,7.010635272308718e-07
2025-09-05/IMG_1029.JPG,Very Small,Very Small,0.9992361068725586,0.0007637593080289662,7.941332569316728e-08,5.248797396717464e-09
2025-09-05/IMG_1032.JPG,Medium,Medium,0.00011490856559248641,0.0264607984572649,0.9730036854743958,0.0004205823061056435
2025-09-05/IMG_1034.JPG,Small,Small,0.04106597974896431,0.8771738409996033,0.0817129835486412,4.7172816266538575e-05
2025-09-05/IMG_1035.JPG,Very Small,Very Small,0.9986190795898438,0.001380749512463808,7.96779389133917e-08,7.511858912678804e-10
2025-09-05/IMG_1038.JPG,Small,Small,0.029628733173012733,0.9593170881271362,0.01104972418397665,4.469429313758155e-06
2025-09-05/IMG_1039.JPG,Small,Small,0.001748283626511693,0.9799251556396484,0.01832568272948265,8.927255521484767e-07
2025-09-05/IMG_1040.JPG,Small,Small,0.0003951416874770075,0.7663131952285767,0.2332848161458969,6.873992788314354e-06
2025-09-05/IMG_1041.JPG,Small,Small,0.00012113309639971703,0.9768237471580505,0.02305504120886326,3.2580569353513056e-08
2025-09-05/IMG_1042.JPG,Medium,Medium,0.0001426610251655802,0.013026973232626915,0.98550945520401,0.0013210148317739367
2025-09-05/IMG_1043.JPG,Small,Small,0.0031634634360671043,0.8106498718261719,0.18618009984493256,6.584438324352959e-06
2025-09-05/IMG_1044.JPG,Small,Small,0.0008062032866291702,0.9912220239639282,0.007971820421516895,4.323677771367329e-08
2025-09-05/IMG_1045.JPG,Medium,Medium,0.0003546717925928533,0.12463200092315674,0.8741576075553894,0.000855625665280968
2025-09-05/IMG_1046.JPG,Small,Small,0.014100105501711369,0.9792936444282532,0.006598217878490686,8.085785339062568e-06
2025-09-05/IMG_1047.JPG,Very Small,Very Small,0.9993164539337158,0.0006835186504758894,1.878509259256589e-08,1.3600586212803023e-09
2025-09-05/IMG_1050.JPG,Very Small,Very Small,0.9989914298057556,0.0010085481917485595,2.3584782127272774e-08,5.4097091251037455e-09
2025-09-05/IMG_1051.JPG,Very Small,Very Small,0.9998138546943665,0.00018620303308125585,1.0426793872753137e-09,2.828537959409516e-10
2025-09-05/IMG_1052.JPG,Very Small,Very Small,0.9941444993019104,0.0057931081391870975,5.5146720114862546e-05,7.288420874829171e-06
2025-09-05/IMG_1053.JPG,Very Small,Very Small,0.9985551238059998,0.0014433034230023623,1.3968979146739002e-06,1.450336810648878e-07
2025-09-05/IMG_1054.JPG,Medium,Medium,0.002911265939474106,0.05786629393696785,0.9224971532821655,0.016725273802876472
2025-09-05/IMG_1057.JPG,Small,Small,0.06290620565414429,0.935356080532074,0.0017374554881826043,3.027273010047793e-07
2025-09-05/IMG_1059.JPG,Small,Small,0.0232248455286026,0.9555206894874573,0.02124711684882641,7.3166334004781675e-06
2025-09-05/IMG_1061.JPG,Very Small,Very Small,0.9761912822723389,0.02377813309431076,3.025423029612284e-05,2.8536592822092643e-07
2025-09-05/IMG_1062.JPG,Small,Small,0.0008131870999932289,0.9668604731559753,0.032325275242328644,1.083932488654682e-06
2025-09-05/IMG_1063.JPG,Very Small,Very Small,0.9895646572113037,0.010434197261929512,1.0700773600547109e-06,4.201605818821008e-08
2025-09-05/IMG_1065.JPG,Small,Small,0.00019602218526415527,0.9824163913726807,0.017387526109814644,6.699048427094567e-09
2025-09-05/IMG_1066.JPG,Medium,Medium,3.961300171795301e-05,0.06771762669086456,0.9321374893188477,0.00010538120841374621
2025-09-05/IMG_1067.JPG,Medium,Medium,9.312303882325068e-05,0.02668065018951893,0.9728249311447144,0.0004013612342532724
2025-09-05/IMG_1069.JPG,Small,Small,0.00014913738414179534,0.866054117679596,0.1337948441505432,1.8455248209647834e-06
2025-09-05/IMG_1071.JPG,Medium,Medium,0.00019438500748947263,0.03480207920074463,0.9642902612686157,0.0007133118342608213
2025-09-05/IMG_1072.JPG,Small,Small,0.016251087188720703,0.955167293548584,0.028578652068972588,2.974994913529372e-06
2025-09-05/IMG_1076.JPG,Small,Small,7.126629498088732e-05,0.9975383281707764,0.0023904573172330856,2.2791295239965592e-10
2025-09-05/IMG_1077.JPG,Small,Small,0.0004346551722846925,0.999500036239624,6.530489918077365e-05,1.3771356277558766e-10
2025-09-05/IMG_1078.JPG,Small,Small,0.0011225866619497538,0.9988549947738647,2.2461732442025095e-05,2.1683873446809443e-11
2025-09-05/IMG_1079.JPG,Medium,Medium,8.814756711217342e-07,0.3276459276676178,0.6723531484603882,4.861028557456848e-08
2025-09-05/IMG_1081.JPG,Medium,Medium,0.00013466214295476675,0.24818842113018036,0.7516737580299377,3.097307171628927e-06
2025-09-05/IMG_1082.JPG,Small,Small,0.00015182941569946706,0.9998372793197632,1.0817846487043425e-05,2.7405710079780876e-12
2025-09-05/IMG_1084.JPG,Small,Small,4.527013879851438e-05,0.9983886480331421,0.0015661505749449134,4.980382217745216e-10
2025-09-05/IMG_1085.JPG,Small,Small,0.0001448322436772287,0.9998301267623901,2.4976377972052433e-05,2.182297745290107e-11
2025-09-05/IMG_1086.JPG,Medium,Medium,4.822694791073445e-06,0.16968925297260284,0.830304741859436,1.1243516837566858e-06
2025-09-05/IMG_1087.JPG,Very Small,Very Small,0.9875281453132629,0.012471613474190235,2.183830645208218e-07,2.8941402607784994e-09
2025-09-05/IMG_1091.JPG,Very Small,Very Small,0.9949683547019958,0.005030923057347536,5.416387693912839e-07,1.3863406422842672e-07
2025-09-05/IMG_1092.JPG,Very Small,Very Small,0.9958678483963013,0.004131607245653868,4.414877139424789e-07,7.601190787909218e-08
2025-09-05/IMG_1093.JPG,Medium,Medium,3.979497341788374e-05,0.22242949903011322,0.7775296568870544,1.102211626857752e-06
2025-09-05/IMG_1094.JPG,Medium,Medium,1.31908745970577e-06,0.039746832102537155,0.9602499604225159,1.8911747474703589e-06
2025-09-05/IMG_1096.JPG,Small,Small,1.5414416338899173e-05,0.9983633160591125,0.0016212260816246271,4.1969405728536913e-10
2025-09-05/IMG_1098.JPG,Small,Small,0.00018627950339578092,0.998497486114502,0.001316274981945753,3.059450026654531e-09
2025-09-05/IMG_1100.JPG,Medium,Medium,1.6127232811413705e-05,0.27336248755455017,0.7266192436218262,2.093316879836493e-06
2025-09-05/IMG_1101.JPG,Small,Small,0.00012327049626037478,0.9974185228347778,0.002458162372931838,1.2955697847871761e-08
2025-09-05/IMG_1102.JPG,Small,Small,0.0002478624228388071,0.9996342658996582,0.00011788120900746435,4.774789452710593e-10
2025-09-05/IMG_1103.JPG,Very Small,Very Small,0.9985974431037903,0.0014025478158146143,2.8064368606806056e-08,3.4938314463772713e-09
2025-09-05/IMG_1104.JPG,Very Small,Very Small,0.9980865716934204,0.001913493382744491,8.077278401685817e-09,4.3993489406979336e-11
2025-09-05/IMG_1106.JPG,Very Small,Very Small,0.9960581064224243,0.00394112803041935,5.563902050198521e-07,1.903438828776416e-07
2025-09-05/IMG_1108.JPG,Small,Small,0.013637002557516098,0.9806962609291077,0.005665704607963562,1.0281380582455313e-06
2025-09-05/IMG_1109.JPG,Small,Small,0.000478440138977021,0.9989019632339478,0.0006195816677063704,2.8351381242686102e-09
2025-09-05/IMG_1111.JPG,Medium,Medium,1.2973575849173358e-06,0.02023712918162346,0.9797595143318176,2.004798716370715e-06
2025-09-05/IMG_1113.JPG,Medium,Medium,1.4408949937205762e-05,0.05789327248930931,0.9420912861824036,1.0276739885739516e-06
2025-09-05/IMG_1114.JPG,Medium,Medium,0.0001266643375856802,0.03282042592763901,0.9668444395065308,0.0002085402375087142
2025-09-05/IMG_1116.JPG,Very Small,Very Small,0.9819745421409607,0.018024275079369545,1.0006556294683833e-06,9.098079800651249e-08
2025-09-05/IMG_1118.JPG,Medium,Medium,1.8899663700722158e-06,0.027398908510804176,0.9725969433784485,2.241599077024148e-06
2025-09-05/IMG_1119.JPG,Small,Small,0.03525041043758392,0.9647290110588074,2.0651061277021654e-05,1.1077643691237427e-08
2025-09-05/IMG_1120.JPG,Very Small,Very Small,0.999477207660675,0.0005220375023782253,1.9046377985887375e-07,4.833167963624874e-07
2025-09-05/IMG_1122.JPG,Very Small,Very Small,0.9990088939666748,0.0009910969529300928,1.016263251329974e-08,6.647259187531063e-09
2025-09-05/IMG_1123.JPG,Very Small,Very Small,0.9976856708526611,0.0023139161057770252,1.8415309455122042e-07,1.232900359582345e-07
2025-09-05/IMG_1124.JPG,Medium,Medium,3.892453150911024e-06,0.10138668119907379,0.898608922958374,5.45363946002908e-07
2025-09-05/IMG_1125.JPG,Medium,Medium,3.2277075661113486e-05,0.17269177734851837,0.8272716999053955,4.319736945035402e-06
2025-09-05/IMG_1126.JPG,Small,Small,0.004916541278362274,0.995071530342102,1.1978831935266498e-05,1.4522859581589387e-09
2025-09-05/IMG_1127.JPG,Small,Small,3.309251042082906e-05,0.9979711174964905,0.001995793543756008,6.995504731044377e-10
2025-09-05/IMG_1129.JPG,Very Small,Very Small,0.9990471005439758,0.0009528265800327063,4.357843508273618e-08,6.524278006736495e-08
2025-09-05/IMG_1130.JPG,Small,Small,4.7776400606380776e-05,0.9999425411224365,9.693571882962715e-06,1.3209872432029535e-11
2025-09-05/IMG_1131.JPG,Small,Small,0.006805769633501768,0.9931921362876892,2.0937170575052733e-06,1.9723496447188182e-10
2025-09-05/IMG_1132.JPG,Very Small,Very Small,0.9988582134246826,0.0011377191403880715,1.3804724403598811e-06,2.6680731934902724e-06
2025-09-05/IMG_1134.JPG,Small,Small,0.0009524506167508662,0.9989711046218872,7.646290032425895e-05,1.1449144965425262e-09
2025-09-05/IMG_1135.JPG,Very Small,Very Small,0.9981294274330139,0.0018705610418692231,5.3524122911596805e-09,2.2752892903099564e-09
2025-09-05/IMG_1137.JPG,Small,Small,9.545333341520745e-06,0.994684636592865,0.005305879283696413,1.3766293660566475e-09
2025-09-05/IMG_1139.JPG,Small,Small,5.026353755965829e-05,0.9925992488861084,0.007350524887442589,7.605920337994121e-09
2025-09-05/IMG_1142.JPG,Medium,Medium,2.7214207420911407e-06,0.3937220573425293,0.606275200843811,4.75756642970282e-08
2025-09-05/IMG_1143.JPG,Very Small,Very Small,0.9997501969337463,0.00024984541232697666,2.789432240746237e-09,3.1171354386572148e-09
2025-09-05/IMG_1144.JPG,Medium,Medium,9.477516141487285e-05,0.04988892003893852,0.9500077366828918,8.584268471167888e-06
2025-09-05/IMG_1145.JPG,Small,Small,4.641045961761847e-05,0.9982483386993408,0.0017052748007699847,2.4427301847929073e-10
2025-09-05/IMG_1147.JPG,Very Small,Very Small,0.9998629093170166,0.00013679986295755953,5.1026148639721214e-08,2.2193515292201482e-07
2025-09-05/IMG_1148.JPG,Medium,Medium,1.0116675639437744e-06,0.004947002045810223,0.9950481057167053,3.828721219178988e-06
2025-09-05/IMG_1149.JPG,Small,Small,0.011517966166138649,0.9871843457221985,0.0012972988188266754,3.0774310744163813e-07
2025-09-05/IMG_1150.JPG,Small,Small,7.574727351311594e-05,0.9997029900550842,0.0002211875544162467,2.6599794589188264e-10
2025-09-05/IMG_1151.JPG,Small,Small,0.01556035503745079,0.9818122982978821,0.002627334091812372,5.328866947706956e-08
2025-09-05/IMG_1152.JPG,Very Small,Very Small,0.9975505471229553,0.0024493280798196793,1.3410654275958223e-07,2.2334829097303555e-08
2025-09-05/IMG_1153.JPG,Medium,Medium,0.0004808213852811605,0.3235364556312561,0.6759604811668396,2.221663271484431e-05
2025-09-05/IMG_1154.JPG,Very Small,Very Small,0.9974774718284607,0.0025223090779036283,2.782488763841684e-07,3.59992746723492e-08
2025-09-05/IMG_1155.JPG,Small,Small,0.003941424190998077,0.9959397315979004,0.00011887028813362122,7.077583519254915e-10
2025-09-05/IMG_1156.JPG,Small,Small,0.250222384929657,0.7497738599777222,3.7089369016030105e-06,2.6295647881369177e-09
2025-09-05/IMG_1157.JPG,Small,Small,0.037432923913002014,0.9625462889671326,2.0796816897927783e-05,6.428912069367243e-09
2025-09-05/IMG_1158.JPG,Small,Small,5.08846733282553e-06,0.9686250686645508,0.03136986494064331,8.229362191691791e-10
2025-09-05/IMG_1159.JPG,Medium,Medium,2.557553443693905e-06,0.07167564332485199,0.9283212423324585,4.915341946798435e-07
2025-09-05/IMG_1160.JPG,Medium,Medium,2.5631563403294422e-05,0.19489765167236328,0.8050733804702759,3.332562982905074e-06
2025-09-05/IMG_1161.JPG,Small,Small,2.7782270990428515e-06,0.9995887875556946,0.00040845549665391445,1.0007983157478417e-11
2025-09-05/IMG_1162.JPG,Small,Small,2.931197923317086e-05,0.9915274977684021,0.008443235419690609,3.3910163566019946e-09
2025-09-05/IMG_1163.JPG,Medium,Medium,0.0001525653206044808,0.11310683935880661,0.8866993188858032,4.1373641579411924e-05
2025-09-05/IMG_1166.JPG,Small,Small,0.017873181030154228,0.961757242679596,0.02031220868229866,5.7438446674495935e-05
2025-09-05/IMG_1167.JPG,Very Small,Very Small,0.9999759197235107,2.4042625227593817e-05,1.2199175003502205e-10,1.4351211885532678e-10
2025-09-05/IMG_1169.JPG,Very Small,Very Small,0.9976859092712402,0.0023139852564781904,7.073156638170985e-08,2.36412791565499e-08
2025-09-05/IMG_1170.JPG,Very Small,Very Small,0.9999709129333496,2.9105724024702795e-05,1.710066310778302e-09,3.554504912628431e-09
2025-09-05/IMG_1171.JPG,Very Small,Very Small,0.9993101358413696,0.0006896021659485996,1.0733251087913231e-07,1.1517161624396977e-07
2025-09-05/IMG_1172.JPG,Very Small,Very Small,0.999051034450531,0.0009480127482675016,2.3818709848910657e-07,6.946532948859385e-07
2025-09-05/IMG_1174.JPG,Very Small,Very Small,0.9992971420288086,0.00070275116013363,3.4405800874992565e-08,4.549186272129191e-08
2025-09-05/IMG_1175.JPG,Very Small,Very Small,0.9997159838676453,0.0002838914515450597,4.47442012330157e-08,6.103268646029392e-08
2025-09-05/IMG_1176.JPG,Very Small,Very Small,0.9985002279281616,0.0014982445864006877,9.647559409131645e-07,6.292160037446592e-07
2025-09-05/IMG_1177.JPG,Medium,Medium,2.235474494227674e-05,0.135838583111763,0.8641258478164673,1.3248917639430147e-05
2025-09-05/IMG_1178.JPG,Medium,Medium,0.0007090838043950498,0.16089209914207458,0.8381338119506836,0.00026505309506319463
2025-09-05/IMG_1179.JPG,Small,Small,0.00021531915990635753,0.9720239043235779,0.027760503813624382,2.544291248796071e-07
2025-09-05/IMG_1180.JPG,Small,Small,4.67713107354939e-05,0.9752163290977478,0.024736957624554634,2.3834251905441306e-08
2025-09-05/IMG_1182.JPG,Very Small,Very Small,0.9988061189651489,0.0011938369134441018,8.510905757930232e-09,4.0577305959743626e-09
2025-09-05/IMG_1184.JPG,Very Small,Very Small,0.9974742531776428,0.002525501884520054,1.2074507083070785e-07,6.027310206491165e-08
2025-09-05/IMG_1185.JPG,Very Small,Very Small,0.9836190342903137,0.01637997478246689,8.291064546028792e-07,1.637413191701853e-07
2025-09-05/IMG_1186.JPG,Very Small,Very Small,0.9989069700241089,0.0010651100892573595,5.632018655887805e-06,2.2273028662311845e-05
2025-09-05/IMG_1187.JPG,Small,Small,0.00019214364874642342,0.9997929930686951,1.4938787899154704e-05,6.537463625999607e-11
2025-09-05/IMG_1188.JPG,Very Small,Very Small,0.9744724631309509,0.025466645136475563,5.898693416384049e-05,1.8900946088251658e-06
2025-09-05/IMG_1189.JPG,Small,Small,0.0036112237721681595,0.9874058365821838,0.008982422761619091,4.760146055104997e-07
2025-09-05/IMG_1190.JPG,Very Small,Very Small,0.9646522402763367,0.03528153896331787,6.601168570341542e-05,2.5049973828572547e-07
2025-09-05/IMG_1191.JPG,Small,Small,0.019632143899798393,0.9803655743598938,2.2996473489911295e-06,1.3087690931001816e-09
2025-09-05/IMG_1192.JPG,Small,Small,0.0005654434207826853,0.9916468262672424,0.007787741720676422,1.7169874411138153e-08
2025-09-05/IMG_1193.JPG,Very Small,Very Small,0.9969379901885986,0.003061988390982151,1.0955631957187961e-08,1.324587106665831e-09
2025-09-05/IMG_1194.JPG,Small,Small,0.013776472769677639,0.9856325387954712,0.0005908540333621204,9.112971355307309e-08
2025-09-05/IMG_1195.JPG,Small,Small,0.008358812890946865,0.9914719462394714,0.00016928832337725908,1.4043946450215117e-08
2025-09-05/IMG_1198.JPG,Very Small,Very Small,0.9839030504226685,0.016096975654363632,2.632487827725072e-08,2.6571038702627447e-09
2025-09-05/IMG_1200.JPG,Very Small,Very Small,0.99601811170578,0.003981631714850664,1.2138437455178064e-07,1.5360410543507896e-07
2025-09-05/IMG_1202.JPG,Very Small,Very Small,0.9844571948051453,0.015540911816060543,1.525826064607827e-06,3.8554833281523315e-07
2025-09-05/IMG_1203.JPG,Large,Large,0.003131976816803217,0.0014933471102267504,0.0767476037144661,0.9186270236968994
2025-09-05/IMG_1204.JPG,Medium,Medium,0.00024007100728340447,0.005040250718593597,0.9569276571273804,0.0377919040620327
2025-09-05/IMG_1205.JPG,Medium,Medium,8.282393537228927e-05,0.0075032953172922134,0.9893065094947815,0.0031073391437530518
2025-09-05/IMG_1206.JPG,Medium,Medium,1.136256196332397e-05,0.03641216829419136,0.9635538458824158,2.2649215679848567e-05
2025-09-05/IMG_1209.JPG,Very Small,Very Small,0.9951013922691345,0.004898630082607269,3.4975151663729775e-08,9.486343266473796e-09
2025-09-05/IMG_1211.JPG,Small,Small,0.021053915843367577,0.9789285659790039,1.7492633560323156e-05,3.420882244142831e-09
2025-09-05/IMG_1212.JPG,Small,Small,3.9283759178943e-06,0.9990251064300537,0.0009710240992717445,3.449427202206756e-11
2025-09-05/IMG_1214.JPG,Small,Small,0.1187916025519371,0.8811941742897034,1.4250370441004634e-05,5.038017647507331e-08
2025-09-05/IMG_1215.JPG,Very Small,Very Small,0.9983465671539307,0.0016531734727323055,2.3801641191312228e-07,6.0751432329198e-08
2025-09-05/IMG_1216.JPG,Medium,Medium,9.209221025230363e-05,0.0050206659361720085,0.9853498935699463,0.00953727774322033
2025-09-05/IMG_1217.JPG,Medium,Medium,0.00021835870575159788,0.005538967438042164,0.9833623766899109,0.010880268178880215
2025-09-05/IMG_1218.JPG,Medium,Medium,1.356482925984892e-06,0.1149587631225586,0.8850396871566772,1.9064484035880014e-07
2025-09-05/IMG_1219.JPG,Medium,Medium,1.3559951185015962e-05,0.02913695201277733,0.9708275198936462,2.193056388932746e-05
2025-09-05/IMG_1220.JPG,Medium,Medium,2.5526831450406462e-05,0.436237096786499,0.5637370347976685,2.887632604142709e-07
2025-09-05/IMG_1221.JPG,Small,Small,0.00014087682939134538,0.9962311387062073,0.0036280155181884766,1.0931312521833547e-09
2025-09-05/IMG_1223.JPG,Small,Small,1.5463186855413369e-06,0.9024882316589355,0.09751028567552567,1.5001011544057974e-09
2025-09-05/IMG_1224.JPG,Small,Small,2.890957375711878e-07,0.9776589274406433,0.022340750321745872,3.708124085566311e-11
2025-09-05/IMG_1225.JPG,Small,Small,0.007855892181396484,0.9921091198921204,3.4945674997288734e-05,6.4013316869449e-10
2025-09-05/IMG_1226.JPG,Small,Small,7.650945917703211e-05,0.9998862743377686,3.715999991982244e-05,2.24877078763841e-11
2025-09-05/IMG_1227.JPG,Small,Small,1.1717240340658464e-05,0.9988228678703308,0.0011653980473056436,5.356207144480152e-11
2025-09-05/IMG_1228.JPG,Small,Small,0.003595141228288412,0.9964005947113037,4.279573659005109e-06,1.9256206351681016e-10
2025-09-05/IMG_1229.JPG,Small,Small,0.00034999597119167447,0.9995187520980835,0.00013128241698723286,1.0911836711979817e-10
2025-09-05/IMG_1230.JPG,Small,Small,0.00012499660078901798,0.9998480081558228,2.6939043891616166e-05,2.1186699963871014e-11
2025-09-05/IMG_1232.JPG,Small,Small,0.0002719599287956953,0.9997026324272156,2.5345643734908663e-05,5.181260628872586e-11
2025-09-05/IMG_1233.JPG,Small,Small,4.5541892177425325e-06,0.9960863590240479,0.003909045364707708,2.8120225592509485e-10
2025-09-05/IMG_1235.JPG,Medium,Medium,8.822779591355356e-07,0.16584116220474243,0.8341578841209412,6.497768367808021e-08
2025-09-05/IMG_1237.JPG,Medium,Medium,4.929893748339964e-06,0.12154208868741989,0.8784527778625488,2.0865574867912073e-07
2025-09-05/IMG_1239.JPG,Small,Small,2.4217892132583074e-05,0.9592989683151245,0.040676869451999664,5.96995652912824e-09
2025-09-05/IMG_1240.JPG,Medium,Medium,8.625043847132474e-06,0.011560504324734211,0.9884010553359985,2.9812146749463864e-05
2025-09-05/IMG_1241.JPG,Medium,Medium,9.987857083615381e-07,0.21600177884101868,0.7839971780776978,1.5781990825303183e-08
2025-09-05/IMG_1246.JPG,Small,Small,1.0610016943246592e-05,0.9581793546676636,0.041810039430856705,4.5487340116778796e-08
2025-09-05/IMG_1247.JPG,Small,Small,0.0009627770050428808,0.9544256329536438,0.04461126774549484,3.502857168768969e-07
2025-09-05/IMG_1248.JPG,Small,Small,0.0002092014765366912,0.9995766282081604,0.0002141368022421375,1.5169863976094433e-10
2025-09-05/IMG_1251.JPG,Very Small,Very Small,0.9495154023170471,0.05047781765460968,6.646380370511906e-06,1.0521913651473369e-07
2025-09-05/IMG_1252.JPG,Small,Small,6.50236033834517e-05,0.9736116528511047,0.026323214173316956,1.239385056805986e-07
2025-09-05/IMG_1257.JPG,Small,Small,0.017629943788051605,0.9498602151870728,0.03250546753406525,4.253954102750868e-06
2025-09-05/IMG_1258.JPG,Medium,Medium,0.00013587635476142168,0.08266804367303848,0.9169678688049316,0.0002282647037645802
2025-09-05/IMG_1259.JPG,Very Small,Very Small,0.9845415353775024,0.015421130694448948,3.570829358068295e-05,1.6413179082519491e-06
2025-09-05/IMG_1260.JPG,Small,Small,0.002184085315093398,0.997753918170929,6.202140502864495e-05,6.454548007184258e-10
2025-09-05/IMG_1261.JPG,Medium,Medium,0.0010015217121690512,0.134433776140213,0.864176332950592,0.00038836084422655404
2025-09-05/IMG_1262.JPG,Very Small,Very Small,0.9279537200927734,0.07201626896858215,2.863117515516933e-05,1.385044697599369e-06
2025-09-05/IMG_1263.JPG,Small,Small,0.002653588308021426,0.9864525198936462,0.010891836136579514,2.0149341253272723e-06
2025-09-05/IMG_1264.JPG,Small,Small,0.0002799662761390209,0.9597234725952148,0.03999627009034157,2.1986549825214752e-07
2025-09-05/IMG_1265.JPG,Small,Small,0.0005994650418870151,0.8783012628555298,0.12109158933162689,7.657899004698265e-06
2025-09-05/IMG_1266.JPG,Very Small,Very Small,0.9976244568824768,0.0023752637207508087,2.652279249559797e-07,2.3520950520605766e-08
2025-09-05/IMG_1267.JPG,Small,Small,1.7858996216091327e-05,0.9994749426841736,0.000507210090290755,2.6229410310385504e-10
2025-09-05/IMG_1268.JPG,Small,Small,6.6760867412085645e-06,0.9315730929374695,0.06842026859521866,6.747985281663205e-09
2025-09-05/IMG_1269.JPG,Small,Small,0.0011550376657396555,0.9975576400756836,0.001287252875044942,8.549095653620498e-09
2025-09-05/IMG_1270.JPG,Small,Small,0.0006863659364171326,0.9992544054985046,5.9190871979808435e-05,1.069122151919899e-10
2025-09-05/IMG_1272.JPG,Small,Small,0.01764764077961445,0.9803646802902222,0.0019872519187629223,4.229358410157147e-07
2025-09-05/IMG_1273.JPG,Very Small,Very Small,0.9950704574584961,0.004928648006170988,6.589939971490821e-07,1.6673423886004457e-07
2025-09-05/IMG_1274.JPG,Very Small,Very Small,0.9905501008033752,0.009441457688808441,6.742281584593002e-06,1.7844630519903149e-06
2025-09-05/IMG_1276.JPG,Medium,Medium,0.0012808283790946007,0.06034807860851288,0.9371631145477295,0.0012079615844413638
2025-09-05/IMG_1277.JPG,Small,Small,0.0036053876392543316,0.9930497407913208,0.003344706492498517,8.151330632699683e-08
2025-09-05/IMG_1278.JPG,Very Small,Very Small,0.9992515444755554,0.0007481396896764636,2.3764448542351602e-07,2.3516573577353483e-08
2025-09-05/IMG_1279.JPG,Very Small,Very Small,0.9705997109413147,0.027599947527050972,0.0017795414896681905,2.0773539290530607e-05
2025-09-05/IMG_1281.JPG,Small,Small,0.00015277817146852612,0.9969750642776489,0.002872176468372345,3.289267302974963e-09
2025-09-05/IMG_1282.JPG,Small,Small,2.396670424786862e-05,0.9708377718925476,0.02913832664489746,5.370974776042203e-08
2025-09-05/IMG_1283.JPG,Very Small,Very Small,0.961206316947937,0.038779065012931824,1.4294523680291604e-05,2.855722982531006e-07
2025-09-05/IMG_1284.JPG,Small,Small,0.001021146890707314,0.9910154938697815,0.007963222451508045,6.712073741255153e-08
2025-09-05/IMG_1285.JPG,Small,Small,0.046644531190395355,0.893815815448761,0.05950283631682396,3.688048309413716e-05
2025-09-05/IMG_1286.JPG,Medium,Medium,0.00024848556495271623,0.16911999881267548,0.8304070234298706,0.00022452912526205182
2025-09-05/IMG_1287.JPG,Very Small,Very Small,0.99224853515625,0.007749158889055252,2.2750750758859795e-06,3.7973915567590666e-08
2025-09-05/IMG_1288.JPG,Small,Small,0.00024214180302806199,0.9554012417793274,0.04435644671320915,2.4156574340850057e-07
2025-09-05/IMG_1290.JPG,Small,Small,0.00013637077063322067,0.9909998774528503,0.008863323368132114,3.217774633412773e-07
2025-09-05/IMG_1292.JPG,Small,Small,5.772362783318385e-07,0.9998825788497925,0.00011684337368933484,1.8276825365648453e-12
2025-09-05/IMG_1294.JPG,Small,Small,1.7013269825838506e-05,0.9860796332359314,0.013903385028243065,7.640671206843308e-09
2025-09-05/IMG_1295.JPG,Small,Small,0.0034954987931996584,0.992534875869751,0.0039695315062999725,9.667417799619216e-08
2025-09-05/IMG_1296.JPG,Very Small,Very Small,0.8458775281906128,0.15404558181762695,7.678032852709293e-05,1.2484821354519227e-07
2025-09-05/IMG_1298.JPG,Very Small,Very Small,0.9993016719818115,0.0006982986233197153,2.4772511153514643e-08,2.8485958036839065e-09
2025-09-05/IMG_1299.JPG,Very Small,Very Small,0.9620988368988037,0.03470323979854584,0.003133316757157445,6.456040864577517e-05
2025-09-05/IMG_1300.JPG,Small,Small,0.0019283463479951024,0.9953051805496216,0.0027663663495332003,7.039689364773949e-08
2025-09-05/IMG_1301.JPG,Very Small,Very Small,0.9994113445281982,0.0005884322454221547,1.9986488553058734e-07,4.136111897423689e-08
2025-09-05/IMG_1302.JPG,Small,Small,0.0004097891505807638,0.9984751343727112,0.0011151148937642574,1.1049280379538118e-09
2025-09-05/IMG_1303.JPG,Very Small,Very Small,0.9999490976333618,5.0845399528043345e-05,2.9371849397108463e-09,2.9474925278272224e-10
2025-09-05/IMG_1304.JPG,Very Small,Very Small,0.9900162816047668,0.009979751892387867,3.860885044559836e-06,2.7577055305982867e-08
2025-09-05/IMG_1310.JPG,Very Small,Very Small,0.9945641756057739,0.005434510763734579,1.1467180911495234e-06,6.247517347901521e-08
2025-09-05/IMG_1311.JPG,Small,Small,0.006873217411339283,0.9883926510810852,0.00473384652286768,2.5781125145840633e-07
2025-09-05/IMG_1312.JPG,Small,Small,0.0022828741930425167,0.9965195655822754,0.0011975745437666774,4.2284895584998594e-08
2025-09-05/IMG_1316.JPG,Medium,Medium,1.608288766874466e-05,0.02896079421043396,0.970999538898468,2.3534656065749004e-05
2025-09-05/IMG_1317.JPG,Small,Small,0.0006435966352000833,0.8827897310256958,0.11656367033720016,2.9072734832880087e-06
2025-09-05/IMG_1318.JPG,Very Small,Very Small,0.994187593460083,0.005804010201245546,8.411122507823166e-06,2.3482161992660622e-08
2025-09-05/IMG_1319.JPG,Small,Small,5.5228043493116274e-05,0.9026370048522949,0.09730564057826996,2.1378978090069722e-06
2025-09-05/IMG_1320.JPG,Small,Small,0.0026352417189627886,0.9972746968269348,9.001542639452964e-05,1.0228810687351597e-08
2025-09-05/IMG_1323.JPG,Very Small,Very Small,0.9968208074569702,0.0031786735635250807,5.217323177930666e-07,4.216444793314622e-08
2025-09-05/IMG_1324.JPG,Small,Small,0.013069449923932552,0.9860193729400635,0.0009111555409617722,1.6383147283249855e-08
2025-09-05/IMG_1325.JPG,Very Small,Very Small,0.9987707734107971,0.0012191490968689322,8.969564987637568e-06,1.1071367680415278e-06
2025-09-05/IMG_1327.JPG,Very Small,Very Small,0.9909232258796692,0.009064056910574436,1.0916554856521543e-05,1.8804790897775092e-06
2025-09-05/IMG_1329.JPG,Small,Small,0.0035692150704562664,0.9770565629005432,0.019373390823602676,8.432710956185474e-07
2025-09-05/IMG_1330.JPG,Very Small,Very Small,0.9693803787231445,0.030603645369410515,1.5520899978582747e-05,4.5514599378293497e-07
2025-09-05/IMG_1331.JPG,Very Small,Very Small,0.9868404865264893,0.013137477450072765,2.190383747802116e-05,1.015989852248822e-07
2025-09-05/IMG_1332.JPG,Small,Small,0.003479448612779379,0.9540647864341736,0.04244671389460564,9.085911187867168e-06
2025-09-05/IMG_1333.JPG,Small,Small,0.037075962871313095,0.9616243839263916,0.0012977448059245944,1.912697143779951e-06
2025-09-05/IMG_1334.JPG,Small,Small,0.004865662660449743,0.9875507950782776,0.007582963909953833,5.587770601778175e-07
2025-09-05/IMG_1335.JPG,Small,Small,0.0024366232100874186,0.9870461225509644,0.010517296381294727,3.1072049377911526e-09
2025-09-05/IMG_1336.JPG,Small,Small,1.3303748346515931e-05,0.8656258583068848,0.1343608796596527,3.3659507181482695e-08
2025-09-05/IMG_1337.JPG,Medium,Medium,1.90541468327865e-05,0.022340163588523865,0.9776293039321899,1.1521423402882647e-05
2025-09-05/IMG_1339.JPG,Small,Small,0.0005154345417395234,0.9969634413719177,0.0025210620369762182,1.5662939389926578e-08
2025-09-05/IMG_1340.JPG,Small,Small,0.0005499456892721355,0.97776198387146,0.021687734872102737,2.976246094021917e-07
2025-09-05/IMG_1341.JPG,Medium,Medium,0.00012905414041597396,0.026163490489125252,0.9733718037605286,0.0003356355591677129
2025-09-05/IMG_1346.JPG,Small,Small,0.00031660200329497457,0.9996711015701294,1.2298572983127087e-05,5.63850355295159e-12
2025-09-05/IMG_1347.JPG,Small,Small,0.01677335426211357,0.9832104444503784,1.6232852431130596e-05,2.5171726925066196e-09
2025-09-05/IMG_1348.JPG,Small,Small,0.00022259358956944197,0.9997052550315857,7.206713780760765e-05,7.025456605358471e-11
2025-09-05/IMG_1349.JPG,Medium,Medium,2.4037785806285683e-06,0.0469815768301487,0.9530137181282043,2.2798012651037425e-06
2025-09-05/IMG_1353.JPG,Very Small,Very Small,0.990036129951477,0.009957307018339634,6.377846148097888e-06,1.19484639071743e-07
2025-09-05/IMG_1354.JPG,Medium,Medium,5.596010055342049e-07,0.1406632363796234,0.8593361973762512,8.548995111823388e-08
2025-09-05/IMG_1355.JPG,Small,Small,0.005802210886031389,0.9906152486801147,0.0035823751240968704,2.547540418618155e-07
2025-09-05/IMG_1356.JPG,Medium,Medium,6.264329385885503e-06,0.04017210379242897,0.959815502166748,6.105319698690437e-06
2025-09-05/IMG_1357.JPG,Small,Small,0.008187348023056984,0.9915156364440918,0.0002969941997434944,1.951074146688825e-08
2025-09-05/IMG_1358.JPG,Small,Small,4.039126361021772e-05,0.9863784313201904,0.013581224717199802,1.1654874398914217e-08
2025-09-05/IMG_1360.JPG,Very Small,Very Small,0.9954627156257629,0.004536554217338562,6.043068196959211e-07,9.197909633940071e-08
2025-09-05/IMG_1362.JPG,Medium,Medium,4.249658559274394e-06,0.02253229171037674,0.9774569869041443,6.603861038456671e-06
2025-09-05/IMG_1364.JPG,Medium,Medium,3.113484297045943e-07,0.008170733228325844,0.9918272495269775,1.6816449033285608e-06
2025-09-05/IMG_1365.JPG,Small,Small,1.1122630894533359e-05,0.9922724962234497,0.007716457825154066,2.3256350178968432e-09
2025-09-05/IMG_1366.JPG,Very Small,Very Small,0.9996262788772583,0.0003735203936230391,6.019267573265097e-08,9.539759560084349e-08
2025-09-05/IMG_1367.JPG,Small,Small,0.00435111578553915,0.993519127368927,0.0021295668557286263,1.1060027560461094e-07
2025-09-05/IMG_1368.JPG,Small,Small,0.00030054355738684535,0.9978172779083252,0.0018821433186531067,9.834815628551041e-09
2025-09-05/IMG_1369.JPG,Small,Small,1.9867904484272003e-05,0.9956081509590149,0.0043719797395169735,1.5169332456821394e-09
2025-09-05/IMG_1371.JPG,Small,Small,0.0029674603138118982,0.9968891739845276,0.00014340478810481727,2.8752855651958953e-10
2025-09-05/IMG_1372.JPG,Very Small,Very Small,0.9935052394866943,0.006494572851806879,1.5039761080970493e-07,3.914545132488456e-09
2025-09-05/IMG_1374.JPG,Small,Small,2.3861513909650967e-05,0.9967153072357178,0.003260810626670718,9.466846195849143e-10
2025-09-05/IMG_1375.JPG,Very Small,Very Small,0.9996737241744995,0.00032622573780827224,1.0873105971143104e-08,8.323527644904516e-09
2025-09-05/IMG_1376.JPG,Medium,Medium,6.072042651794618e-06,0.004582063760608435,0.9952928423881531,0.0001189844697364606
2025-09-05/IMG_1378.JPG,Small,Small,2.198737774961046e-06,0.9995602965354919,0.0004374426498543471,5.447262085844784e-11
2025-09-05/IMG_1379.JPG,Medium,Medium,2.5164268890875974e-07,0.08050792664289474,0.9194917678833008,9.279559520791736e-08
2025-09-05/IMG_1382.JPG,Medium,Medium,1.4327154076454462e-06,0.037901848554611206,0.9620962738990784,4.342089141573524e-07
2025-09-05/IMG_1383.JPG,Medium,Medium,1.3510525604942814e-05,0.22552983462810516,0.7744563817977905,2.5893012889355305e-07
2025-09-05/IMG_1385.JPG,Very Small,Very Small,0.9979433417320251,0.002056664088740945,1.9480010937655834e-09,1.1353420287241178e-10
2025-09-05/IMG_1386.JPG,Small,Small,3.417829066165723e-05,0.99924635887146,0.0007195084472186863,2.0653977139684088e-10
2025-09-05/IMG_1387.JPG,Medium,Medium,2.427495564916171e-05,0.0033859731629490852,0.9932582378387451,0.0033315480686724186
2025-09-05/IMG_1392.JPG,Very Small,Very Small,0.9990130662918091,0.0009865806205198169,2.882235037304781e-07,1.052864533335196e-07
2025-09-05/IMG_1393.JPG,Medium,Medium,1.271046699002909e-06,0.023946087807416916,0.9760504364967346,2.1554385511990404e-06
2025-09-05/IMG_1395.JPG,Small,Small,0.006471673492342234,0.9935064315795898,2.1897029000683688e-05,3.0286806396162547e-10
2025-09-05/IMG_1396.JPG,Medium,Small,2.393819704593625e-05,0.8379703164100647,0.1620056927204132,9.179743898357628e-08
2025-09-05/IMG_1397.JPG,Very Small,Very Small,0.9999467134475708,5.325267557054758e-05,1.317164821657002e-09,1.7303174448812797e-09
2025-09-05/IMG_1398.JPG,Very Small,Very Small,0.9986497759819031,0.0013477650936692953,8.243563343057758e-07,1.5904968222457683e-06
2025-09-05/IMG_1399.JPG,Medium,Medium,7.68157690345106e-07,0.21309837698936462,0.7869008183479309,7.289926173825734e-08
2025-09-05/IMG_1400.JPG,Small,Small,1.3121650681569008e-06,0.9995230436325073,0.00047565848217345774,2.7906247191539224e-12
2025-09-05/IMG_1401.JPG,Small,Small,0.0034262307453900576,0.9965524673461914,2.1348985683289357e-05,3.101242873615462e-10
2025-09-05/IMG_1402.JPG,Small,Small,0.0008183709578588605,0.9990867376327515,9.489122749073431e-05,6.71022015730216e-10
2025-09-05/IMG_1403.JPG,Very Small,Very Small,0.9933652281761169,0.006634726654738188,4.64406788580618e-08,1.8500717402503142e-08
2025-09-05/IMG_1404.JPG,Small,Small,1.1238732895435533e-06,0.9999303817749023,6.843766459496692e-05,2.456106281897852e-12
2025-09-05/IMG_1405.JPG,Medium,Medium,5.02124123613612e-07,0.023460689932107925,0.9765377640724182,1.04260755051655e-06
2025-09-05/IMG_1406.JPG,Small,Small,0.005317553877830505,0.9946765899658203,5.854819846717874e-06,4.050111357400965e-10
2025-09-05/IMG_1407.JPG,Small,Small,4.437661573319929e-06,0.9943846464157104,0.005610872991383076,6.276885677891642e-10
2025-09-05/IMG_1408.JPG,Medium,Medium,1.9054671156482073e-06,0.011577331461012363,0.9884161949157715,4.628777332982281e-06
2025-09-05/IMG_1409.JPG,Small,Small,0.0007296638214029372,0.9979464411735535,0.0013239403488114476,7.0566708032515635e-09
2025-09-05/IMG_1410.JPG,Medium,Medium,2.492932935638237e-07,0.04844291880726814,0.9515566825866699,9.885063434467156e-08
2025-09-05/IMG_1413.JPG,Medium,Medium,0.00010744234168669209,0.002626800676807761,0.987979531288147,0.009286254644393921
2025-09-05/IMG_1414.JPG,Very Small,Very Small,0.9996452331542969,0.00035469848080538213,2.4657971664510114e-08,9.537060030595512e-09
2025-09-05/IMG_1416.JPG,Very Small,Very Small,0.9999544620513916,4.553514008875936e-05,4.4948529343002974e-09,1.172826014084194e-08
2025-09-05/IMG_1417.JPG,Medium,Medium,6.475026748375967e-05,0.0033289429266005754,0.9882771372795105,0.008329161442816257
2025-09-05/IMG_1418.JPG,Small,Small,0.006566135212779045,0.9905836582183838,0.0028499464970082045,2.0700547054275376e-07
2025-09-05/IMG_1419.JPG,Small,Small,8.338932275364641e-06,0.9900193214416504,0.00997229479253292,5.718651663322305e-10
2025-09-05/IMG_1420.JPG,Small,Small,0.021297145634889603,0.8816056251525879,0.09708978980779648,7.4631716415751725e-06
2025-09-05/IMG_1421.JPG,Very Small,Very Small,0.9999663829803467,3.3630964026087895e-05,8.719492905484572e-10,5.096930655312804e-10
2025-09-05/IMG_1422.JPG,Medium,Medium,1.7491951439296827e-05,0.03281226381659508,0.9671593308448792,1.091955437004799e-05
2025-09-05/IMG_1423.JPG,Very Small,Very Small,0.9994609951972961,0.0005382588715292513,6.747087581970845e-07,6.954974907102951e-08
2025-09-05/IMG_1424.JPG,Small,Small,0.008423494175076485,0.9912745356559753,0.0003019658906850964,2.0967432234897387e-08
2025-09-05/IMG_1425.JPG,Small,Small,0.0035863544326275587,0.992669939994812,0.0037435649428516626,1.2466890098039585e-07
2025-09-05/IMG_1426.JPG,Small,Small,0.018711009994149208,0.9809531569480896,0.0003357536334078759,8.182426824987488e-08
2025-09-05/IMG_1429.JPG,Medium,Medium,5.03908677274012e-06,0.0168745294213295,0.9831175804138184,2.8800541258533485e-06
2025-09-05/IMG_1430.JPG,Small,Small,5.138190317666158e-05,0.99922776222229,0.000720891694072634,8.122971739688012e-11
2025-09-05/IMG_1431.JPG,Medium,Medium,2.730949745455291e-05,0.05336342379450798,0.9465091824531555,0.00010008537356043234
2025-09-05/IMG_1432.JPG,Medium,Medium,0.0033932989463210106,0.06327158212661743,0.9176064729690552,0.01572861336171627
2025-09-05/IMG_1433.JPG,Small,Small,0.00013546075206249952,0.5990873575210571,0.4007691442966461,8.001332389540039e-06
2025-09-05/IMG_1434.JPG,Medium,Medium,0.0019524440867826343,0.06675784289836884,0.9264235496520996,0.004866128321737051
2025-09-05/IMG_1435.JPG,Small,Small,0.007659182418137789,0.8706174492835999,0.12168444693088531,3.889384606736712e-05
2025-09-05/IMG_1436.JPG,Very Small,Very Small,0.9998607635498047,0.00013924251834396273,1.4904756540090602e-08,2.2178729963684418e-08
2025-09-05/IMG_1437.JPG,Very Small,Very Small,0.9835264086723328,0.01646842248737812,4.598035957315005e-06,6.121751425780531e-07
2025-09-05/IMG_1438.JPG,Very Small,Very Small,0.9972332119941711,0.0027666136156767607,1.45402466955602e-07,5.19553253752747e-08
2025-09-05/IMG_1440.JPG,Very Small,Very Small,0.9996881484985352,0.0003118457389064133,5.18479197353372e-08,4.4665021903256275e-08
2025-09-05/IMG_1441.JPG,Very Small,Very Small,0.9998375177383423,0.00016238994430750608,1.8578509397570997e-08,1.953617534411478e-08
2025-09-05/IMG_1442.JPG,Very Small,Very Small,0.9929238557815552,0.0070747737772762775,1.189556655845081e-06,1.821441912852606e-07
2025-09-05/IMG_1444.JPG,Very Small,Very Small,0.9995934367179871,0.00040639008511789143,8.729593758971532e-08,7.115597355777936e-08
2025-09-05/IMG_1445.JPG,Very Small,Very Small,0.9978748559951782,0.0021248592529445887,2.6735915525932796e-07,3.6125822333588076e-08
2025-09-05/IMG_1446.JPG,Medium,Medium,0.00010855812433874235,0.023613395169377327,0.9740113019943237,0.002266762312501669
2025-09-05/IMG_1447.JPG,Medium,Medium,0.00015141557378228754,0.03160599246621132,0.9665327072143555,0.0017099325777962804
2025-09-05/IMG_1448.JPG,Medium,Medium,2.6389077902422287e-05,0.02280004508793354,0.9768324494361877,0.00034113303991034627
2025-09-05/IMG_1450.JPG,Medium,Medium,1.0590077181404922e-05,0.10508454591035843,0.8948994278907776,5.508933554665418e-06
2025-09-05/IMG_1451.JPG,Very Small,Very Small,0.9995670914649963,0.0004328558570705354,2.6192161328708607e-08,2.736879700648842e-08
2025-09-05/IMG_1452.JPG,Very Small,Very Small,0.8644613027572632,0.1353357583284378,0.0001953671162482351,7.53748736315174e-06
2025-09-05/IMG_1453.JPG,Small,Small,0.030532799661159515,0.9673976898193359,0.002065905136987567,3.5666832900460577e-06
2025-09-05/IMG_1456.JPG,Small,Small,0.0026671148370951414,0.9971253275871277,0.00020757885067723691,6.135930874506812e-09
2025-09-05/IMG_1458.JPG,Small,Small,0.000934203271754086,0.9903802871704102,0.008685268461704254,2.5633110567468975e-07
2025-09-05/IMG_1459.JPG,Very Small,Very Small,0.6926391124725342,0.3064112067222595,0.0009368425817228854,1.2858584341302048e-05
2025-09-05/IMG_1460.JPG,Small,Small,0.01205750834196806,0.9828957319259644,0.005041083786636591,5.7507099882059265e-06
2025-09-05/IMG_1461.JPG,Medium,Medium,6.187063991092145e-05,0.08353277295827866,0.9161677956581116,0.00023761314514558762
2025-09-05/IMG_1462.JPG,Small,Small,0.017485886812210083,0.981778621673584,0.0007345958147197962,9.726927601150237e-07
2025-09-05/IMG_1464.JPG,Very Small,Very Small,0.7805688977241516,0.2192339450120926,0.0001943563111126423,2.7753092126658885e-06
2025-09-05/IMG_1466.JPG,Very Small,Very Small,0.9777927398681641,0.02216981165111065,2.3147353203967214e-05,1.4231906789063942e-05
2025-09-05/IMG_1467.JPG,Small,Small,0.023423004895448685,0.9761280417442322,0.00044774115667678416,1.2594250620168168e-06
2025-09-05/IMG_1468.JPG,Very Small,Very Small,0.9988400340080261,0.001148176845163107,5.229255748417927e-06,6.5508606894582044e-06
2025-09-05/IMG_1469.JPG,Very Small,Very Small,0.9908047914505005,0.009192935191094875,1.439301513528335e-06,8.716461366020667e-07
2025-09-05/IMG_1470.JPG,Small,Small,0.010606764815747738,0.9891548752784729,0.0002378652134211734,4.1825964558483975e-07
2025-09-05/IMG_1472.JPG,Large,Large,0.0018459864659234881,0.0016619678353890777,0.09914537519216537,0.8973467350006104
2025-09-05/IMG_1475.JPG,Medium,Medium,0.00014029703743290156,0.014709385111927986,0.9803339838981628,0.004816257860511541
2025-09-05/IMG_1476.JPG,Small,Small,0.0117045808583498,0.9836807250976562,0.004610748495906591,3.966467829741305e-06
2025-09-05/IMG_1477.JPG,Small,Small,0.00026207423070445657,0.9971246123313904,0.002613116754218936,2.447110318826162e-07
2025-09-05/IMG_1480.JPG,Small,Small,0.00022040033945813775,0.9975348711013794,0.0022447325754910707,3.571791040712924e-08
2025-09-05/IMG_1481.JPG,Small,Small,6.258300709305331e-05,0.9873485565185547,0.012588788755238056,1.1235012919996734e-07
2025-09-05/IMG_1482.JPG,Small,Small,0.08918902277946472,0.9106305241584778,0.00017468076839577407,5.747462637373246e-06
2025-09-05/IMG_1483.JPG,Small,Small,0.0017080216202884912,0.9968258142471313,0.0014659027801826596,2.3417919692292344e-07
2025-09-05/IMG_1484.JPG,Very Small,Very Small,0.974013090133667,0.025957301259040833,2.3167754989117384e-05,6.426180789276259e-06
2025-09-05/IMG_1485.JPG,Medium,Medium,0.0007086933474056423,0.006666312925517559,0.8612896203994751,0.13133543729782104
2025-09-05/IMG_1486.JPG,Large,Large,0.0015600844053551555,0.0008083275170065463,0.042783960700035095,0.9548476934432983
2025-09-05/IMG_1487.JPG,Medium,Medium,5.2890834922436625e-05,0.02061876282095909,0.9778407216072083,0.001487556379288435
2025-09-05/IMG_1490.JPG,Medium,Medium,7.195674697868526e-05,0.22091978788375854,0.778998076915741,1.0183265658270102e-05
2025-09-05/IMG_1491.JPG,Small,Small,1.4008566722623073e-05,0.9995793700218201,0.00040667265420779586,3.340984433553018e-11
2025-09-05/IMG_1492.JPG,Small,Small,1.870506480372569e-06,0.9542222619056702,0.04577585682272911,3.151302996329264e-09
2025-09-05/IMG_1493.JPG,Small,Small,4.2798328649951145e-06,0.9973735809326172,0.0026221591979265213,1.2496734203004678e-10
2025-09-05/IMG_1495.JPG,Small,Small,9.265813423553482e-05,0.966044545173645,0.03386285901069641,4.5454648045506474e-08
2025-09-05/IMG_1496.JPG,Medium,Medium,1.0570236099738395e-06,0.04992327094078064,0.9500752687454224,4.7477286102548533e-07
2025-09-05/IMG_1498.JPG,Small,Small,0.0001675496605457738,0.9981822967529297,0.0016501954523846507,1.171813046596526e-08
2025-09-05/IMG_1500.JPG,Small,Small,0.00018685187387745827,0.9817168116569519,0.018096329644322395,2.366470575054791e-08
2025-09-05/IMG_1501.JPG,Small,Small,0.00022361695300787687,0.9995068311691284,0.00026954428176395595,9.93333193477497e-10
2025-09-05/IMG_1502.JPG,Small,Small,1.070042230821855e-06,0.9930157661437988,0.006983194500207901,1.6453496898272135e-10
2025-09-05/IMG_1505.JPG,Small,Small,2.12067311622377e-06,0.944015622138977,0.05598227679729462,6.884888659186572e-09
2025-09-05/IMG_1506.JPG,Small,Small,6.389608188328566e-06,0.9441866278648376,0.055807001888751984,5.900728794472343e-09
2025-09-05/IMG_1507.JPG,Small,Small,0.00018585557700134814,0.9983240962028503,0.0014900299720466137,6.481439385197518e-09
2025-09-05/IMG_1508.JPG,Medium,Medium,2.2722515495843254e-05,0.16870719194412231,0.831267774105072,2.3428549411619315e-06
2025-09-05/IMG_1510.JPG,Medium,Medium,8.251797225966584e-06,0.024287734180688858,0.9756345152854919,6.946699431864545e-05
2025-09-05/IMG_1511.JPG,Small,Small,0.0017947456799447536,0.981431245803833,0.0167737677693367,2.3130947113259026e-07
2025-09-05/IMG_1512.JPG,Small,Small,0.00040825054747983813,0.9990319013595581,0.0005598996649496257,7.700270643340446e-09
2025-09-05/IMG_1513.JPG,Small,Small,0.0008789618732407689,0.983426570892334,0.015694255009293556,2.423417413410789e-07
2025-09-05/IMG_1514.JPG,Small,Small,0.0048331147991120815,0.9949107766151428,0.0002560903085395694,6.2987561832983374e-09
2025-09-05/IMG_1515.JPG,Very Small,Very Small,0.9998797178268433,0.00012013817467959598,4.288111554728857e-08,7.202428520258763e-08
2025-09-05/IMG_1516.JPG,Very Small,Very Small,0.9997665286064148,0.00023347954265773296,1.6443281181111047e-09,8.167101717138081e-11
2025-09-05/IMG_1517.JPG,Small,Small,0.006936512887477875,0.9928391575813293,0.00022440473549067974,9.042366855283035e-09
2025-09-05/IMG_1518.JPG,Small,Small,0.01075734943151474,0.9604467153549194,0.028713401407003403,8.250883547589183e-05
2025-09-05/IMG_1519.JPG,Small,Small,0.0006853892700746655,0.9986370205879211,0.0006775496294721961,6.541367447709945e-09
2025-09-05/IMG_1520.JPG,Small,Small,0.00090379873290658,0.9983491897583008,0.0007470083073712885,1.102894220395001e-08
2025-09-05/IMG_1522.JPG,Very Small,Very Small,0.9981689453125,0.001831062138080597,1.3547559518656271e-08,7.607895563532807e-11
2025-09-05/IMG_1523.JPG,Very Small,Very Small,0.9783074855804443,0.02169233001768589,2.0447868109840783e-07,2.2629893792203148e-10
2025-09-05/IMG_1524.JPG,Small,Small,0.003946545999497175,0.9320032596588135,0.06400524824857712,4.4957545469515026e-05
2025-09-05/IMG_1525.JPG,Very Small,Very Small,0.9817079305648804,0.018290333449840546,1.5860642861298402e-06,2.7127127211201696e-08
2025-09-05/IMG_1527.JPG,Small,Small,0.0007896471652202308,0.9987461566925049,0.00046420525177381933,9.766880637585018e-09
2025-09-05/IMG_1528.JPG,Small,Small,0.01755661703646183,0.9708250761032104,0.011602390557527542,1.598626477061771e-05
2025-09-05/IMG_1529.JPG,Small,Small,4.145357888774015e-05,0.9990757703781128,0.0008827867568470538,4.517725304964415e-09
2025-09-05/IMG_1530.JPG,Small,Small,7.444758375640959e-05,0.9813690185546875,0.018556375056505203,6.54362821705945e-08
2025-09-05/IMG_1531.JPG,Small,Small,4.737853305414319e-05,0.9581448435783386,0.04180755838751793,2.442641005018231e-07
2025-09-05/IMG_1532.JPG,Very Small,Very Small,0.9997770190238953,0.0002229609526693821,6.402611774092293e-09,4.397744390871594e-09
2025-09-05/IMG_1533.JPG,Small,Small,6.08456575719174e-05,0.9968486428260803,0.0030904586892575026,3.029657191788715e-09
2025-09-05/IMG_1534.JPG,Small,Small,6.139730248833075e-05,0.9940736889839172,0.005864883307367563,1.095012702734266e-08
2025-09-05/IMG_1535.JPG,Small,Small,0.00034899989259429276,0.9982351064682007,0.001415918697603047,1.4716194485231426e-08
2025-09-05/IMG_1536.JPG,Small,Small,6.705739360768348e-05,0.999747097492218,0.000185865763342008,1.0509474401843022e-09
2025-09-05/IMG_1537.JPG,Very Small,Very Small,0.9943494200706482,0.005648941732943058,1.5789067902005627e-06,1.1348132744615214e-07
2025-09-05/IMG_1538.JPG,Very Small,Very Small,0.9933809041976929,0.006611148361116648,6.67676158627728e-06,1.3313100453160587e-06
2025-09-05/IMG_1539.JPG,Very Small,Very Small,0.999438464641571,0.0005610761581920087,1.9729247924260562e-07,1.5615187010098452e-07
2025-09-05/IMG_1540.JPG,Very Small,Very Small,0.9998055100440979,0.000194401916814968,4.304969181134766e-08,7.051531980550862e-08
2025-09-05/IMG_1541.JPG,Small,Small,3.8609425246249884e-05,0.999835729598999,0.0001256876566912979,8.83484188585193e-11
2025-09-05/IMG_1542.JPG,Small,Small,0.00647326186299324,0.9757281541824341,0.017793426290154457,5.229456746747019e-06
2025-09-05/IMG_1544.JPG,Very Small,Very Small,0.9702437520027161,0.028315484523773193,0.00136106729041785,7.971604645717889e-05
2025-09-05/IMG_1545.JPG,Very Small,Very Small,0.9809015393257141,0.01897665299475193,0.00010807381477206945,1.3758663044427522e-05
2025-09-05/IMG_1549.JPG,Very Small,Very Small,0.9979259967803955,0.002073208335787058,7.297730348909681e-07,1.0416172813165758e-07
2025-09-05/IMG_1550.JPG,Very Small,Very Small,0.9986217021942139,0.0013778015272691846,4.401535989018157e-07,1.6910734146335926e-08
2025-09-05/IMG_1551.JPG,Small,Small,0.014830379746854305,0.8368600606918335,0.14816808700561523,0.00014142962754704058
2025-09-05/IMG_1552.JPG,Medium,Medium,0.0043798163533210754,0.09453233331441879,0.8680737614631653,0.033014096319675446
2025-09-05/IMG_1553.JPG,Very Small,Very Small,0.9973389506340027,0.0026609289925545454,9.975142489793143e-08,1.0678312456491312e-08
2025-09-05/IMG_1554.JPG,Small,Small,0.0005656047724187374,0.929338812828064,0.07009091973304749,4.649889433494536e-06
2025-09-05/IMG_1555.JPG,Very Small,Very Small,0.9482144713401794,0.05178450793027878,1.0228976634607534e-06,7.168631910303702e-09
2025-09-05/IMG_1557.JPG,Very Small,Very Small,0.9974537491798401,0.0025462626945227385,1.4112786494990814e-08,2.468436288705078e-10
2025-09-05/IMG_1558.JPG,Small,Small,0.0007610823377035558,0.9986108541488647,0.0006280717207118869,1.1624789131303714e-08
2025-09-05/IMG_1559.JPG,Small,Small,3.6132165405433625e-05,0.9683700203895569,0.03159388154745102,3.0838776865493855e-08
2025-09-05/IMG_1560.JPG,Small,Small,0.0002263091446366161,0.9932286143302917,0.006544951815158129,8.852902055878076e-08
2025-09-05/IMG_1562.JPG,Very Small,Very Small,0.9943503737449646,0.0056497096084058285,5.853943108036219e-08,1.5310110956789913e-09
2025-09-05/IMG_1564.JPG,Very Small,Very Small,0.9994897842407227,0.0005102168652229011,5.0359587611126244e-09,1.1660230558874218e-09
2025-09-05/IMG_1565.JPG,Very Small,Very Small,0.9904252886772156,0.009547275491058826,2.490592305548489e-05,2.5494982764939778e-06
2025-09-05/IMG_1566.JPG,Small,Small,0.003303568810224533,0.9864422082901001,0.010252827778458595,1.4000087276144768e-06
2025-09-05/IMG_1568.JPG,Small,Small,0.0006456997361965477,0.9991280436515808,0.00022624868142884225,1.6549539516574896e-09
2025-09-05/IMG_1569.JPG,Very Small,Very Small,0.999981164932251,1.8828171960194595e-05,6.363783389140565e-10,2.3281382377504656e-10
2025-09-05/IMG_1570.JPG,Very Small,Very Small,0.9999328851699829,6.710401794407517e-05,1.3003973897696142e-08,5.842799133404242e-09
2025-09-05/IMG_1571.JPG,Small,Small,0.012723254971206188,0.9754793047904968,0.01179269514977932,4.739504220196977e-06
2025-09-05/IMG_1572.JPG,Medium,Medium,6.032760938978754e-05,0.022859275341033936,0.9767246246337891,0.0003558540192898363
2025-09-05/IMG_1574.JPG,Small,Small,0.0058871968649327755,0.9760981798171997,0.018010105937719345,4.520922630035784e-06
2025-09-05/IMG_1576.JPG,Very Small,Very Small,0.9858062863349915,0.01416467409580946,2.4233395379269496e-05,4.851372978009749e-06
2025-09-05/IMG_1577.JPG,Very Small,Very Small,0.9883208870887756,0.011677740141749382,1.2997018075111555e-06,7.027762904954216e-08
2025-09-05/IMG_1579.JPG,Small,Small,0.0002668355009518564,0.9285162091255188,0.07121510803699493,1.8587462591312942e-06
2025-09-05/IMG_1580.JPG,Small,Small,0.00010216150985797867,0.9967273473739624,0.0031704821158200502,7.785605049548394e-09
2025-09-05/IMG_1581.JPG,Small,Small,2.191558451158926e-05,0.9999169111251831,6.117056909715757e-05,5.0982908866847865e-11
2025-09-05/IMG_1582.JPG,Medium,Medium,1.3144533113518264e-05,0.037540797144174576,0.9624220132827759,2.4024526283028536e-05
2025-09-05/IMG_1583.JPG,Small,Small,0.0035738011356443167,0.9959642887115479,0.00046194600872695446,9.479839135906332e-09
2025-09-05/IMG_1585.JPG,Medium,Medium,0.0035839590709656477,0.12183191627264023,0.8654471635818481,0.00913690309971571
2025-09-05/IMG_1586.JPG,Very Small,Very Small,0.9850327968597412,0.014966378919780254,6.525076514662942e-07,1.1952627687605855e-07
2025-09-05/IMG_1588.JPG,Very Small,Very Small,0.9990988969802856,0.0009009893983602524,1.0785111470568154e-07,5.6939768455777084e-08
2025-09-05/IMG_1589.JPG,Very Small,Very Small,0.9995483756065369,0.0004515552718658,5.705601546779349e-10,1.362648466285421e-10
2025-09-05/IMG_1590.JPG,Small,Small,0.009637238457798958,0.9892852902412415,0.0010773675749078393,6.073342717627384e-08
2025-09-05/IMG_1591.JPG,Very Small,Very Small,0.9996403455734253,0.00035661939182318747,1.4100427279117866e-06,1.5419617511724937e-06
2025-09-05/IMG_1592.JPG,Small,Small,0.0009486451162956655,0.9824416041374207,0.01660965569317341,1.437205838783484e-07
2025-09-05/IMG_1593.JPG,Very Small,Very Small,0.9962080717086792,0.0037816695403307676,8.844065632729325e-06,1.5023093737909221e-06
2025-09-05/IMG_1595.JPG,Small,Small,0.003857384203001857,0.9925795197486877,0.0035627102479338646,4.1405482420486805e-07
2025-09-05/IMG_1596.JPG,Very Small,Very Small,0.9992490410804749,0.0007509499555453658,2.184317438036487e-08,7.926989620266056e-10
2025-09-05/IMG_1597.JPG,Very Small,Very Small,0.9933229088783264,0.006676725577563047,4.0047953575594875e-07,5.169948025240956e-09
2025-09-05/IMG_1598.JPG,Small,Small,0.004526530392467976,0.9789584875106812,0.01650668866932392,8.343450645043049e-06
2025-09-05/IMG_1599.JPG,Small,Small,0.0011556119425222278,0.9640378355979919,0.03480622172355652,3.2992323895086884e-07
2025-09-05/IMG_1600.JPG,Small,Small,0.013178793713450432,0.9818772077560425,0.004940537270158529,3.5686848605109844e-06
2025-09-05/IMG_1601.JPG,Small,Small,0.0003351591294631362,0.9773703217506409,0.022294189780950546,3.9957438957571867e-07
2025-09-05/IMG_1602.JPG,Medium,Medium,3.4710058116615983e-06,0.024191340431571007,0.9757826328277588,2.2587526473216712e-05
2025-09-05/IMG_1603.JPG,Medium,Medium,0.00017813302110880613,0.02146323025226593,0.972858190536499,0.005500455852597952
2025-09-05/IMG_1604.JPG,Small,Small,0.00025774104869924486,0.9987127780914307,0.0010295443935319781,5.417192472378929e-09
2025-09-05/IMG_1605.JPG,Small,Small,0.0028992292936891317,0.9938430786132812,0.0032570003531873226,7.631992389178777e-07
2025-09-05/IMG_1606.JPG,Small,Small,0.0005128469201736152,0.9449720978736877,0.05450737103819847,7.71385293774074e-06
2025-09-05/IMG_1607.JPG,Medium,Medium,0.0003237178607378155,0.050157155841588974,0.9473962187767029,0.002122961450368166
2025-09-05/IMG_1608.JPG,Small,Small,0.04383023828268051,0.9235404133796692,0.03253691643476486,9.249470895156264e-05
2025-09-29/IMG_1672.JPG,Small,Small,0.013166363351047039,0.9868084788322449,2.5164343242067844e-05,7.023190473631757e-09
2025-09-29/IMG_1673.JPG,Small,Small,0.009603424929082394,0.9903594255447388,3.7099747714819387e-05,5.32066257719066e-09
2025-09-29/IMG_1674.JPG,Small,Small,4.447649189387448e-06,0.9902162551879883,0.009779282845556736,6.088556325778427e-10
2025-09-29/IMG_1675.JPG,Medium,Medium,4.388619709061459e-05,0.11188443750143051,0.8880690336227417,2.579605279606767e-06
2025-09-29/IMG_1677.JPG,Small,Small,7.313316018553451e-05,0.9975566864013672,0.002370145870372653,1.5324482793843686e-09
2025-09-29/IMG_1678.JPG,Small,Small,3.3602482290007174e-05,0.999687671661377,0.00027877092361450195,5.776129019530174e-10
2025-09-29/IMG_1679.JPG,Medium,Medium,1.5547800558124436e-06,0.02636522240936756,0.9736314415931702,1.8369576082477579e-06
2025-09-29/IMG_1681.JPG,Medium,Medium,8.22765377961332e-06,0.0021749187726527452,0.9974855184555054,0.0003313476627226919
2025-09-29/IMG_1684.JPG,Medium,Medium,4.89240755996434e-06,0.28087714314460754,0.7191178202629089,1.5693505872604874e-07
2025-09-29/IMG_1685.JPG,Very Small,Very Small,0.9981380701065063,0.0018617874011397362,1.0732487965015025e-07,4.343394266470568e-08
2025-09-29/IMG_1688.JPG,Very Small,Very Small,0.9987120628356934,0.0012879525311291218,3.1212380235956516e-08,4.750293491895263e-09
2025-09-29/IMG_1689.JPG,Very Small,Very Small,0.9792152643203735,0.020780088379979134,4.469996383704711e-06,1.7286365050495078e-07
2025-09-29/IMG_1690.JPG,Medium,Medium,4.886102487944299e-06,0.07036261260509491,0.9296299815177917,2.5338949853903614e-06
2025-09-29/IMG_1691.JPG,Medium,Medium,3.316213405923918e-05,0.002323080785572529,0.9952878952026367,0.002355769742280245
2025-09-29/IMG_1692.JPG,Medium,Medium,1.4367566336659365e-06,0.012322291731834412,0.987671971321106,4.295658982300665e-06
2025-09-29/IMG_1693.JPG,Medium,Medium,6.179629963298794e-07,0.3332618176937103,0.6667375564575195,2.0337376227530513e-08
2025-09-29/IMG_1697.JPG,Medium,Medium,0.00024232278519775718,0.4216153025627136,0.5781400799751282,2.2855174393043853e-06
2025-09-29/IMG_1699.JPG,Medium,Medium,3.6504970921669155e-06,0.04714221507310867,0.9528533220291138,7.857122454879573e-07
2025-09-29/IMG_1700.JPG,Small,Small,6.617292092414573e-05,0.9979034662246704,0.0020303656347095966,1.494068868623799e-09
2025-09-29/IMG_1701.JPG,Small,Small,0.01657221093773842,0.9832953810691833,0.00013242868590168655,1.46716088167409e-08
2025-09-29/IMG_1702.JPG,Very Small,Very Small,0.9998137354850769,0.00018629113037604839,1.333678389947579e-09,3.7924594020743996e-10
2025-09-29/IMG_1703.JPG,Very Small,Very Small,0.9993371367454529,0.0006627955590374768,1.2104639512955373e-09,4.058079913771273e-11
2025-09-29/IMG_1704.JPG,Medium,Medium,1.0353399375162553e-05,0.1276603788137436,0.8723265528678894,2.628604079291108e-06
2025-09-29/IMG_1705.JPG,Very Small,Very Small,0.9974059462547302,0.0025844464544206858,4.230600552546093e-06,5.286031864670804e-06
2025-09-29/IMG_1706.JPG,Medium,Medium,2.6914569389191456e-05,0.05761409550905228,0.9423468708992004,1.2086034075764474e-05
2025-09-29/IMG_1707.JPG,Small,Small,0.0009577414020895958,0.9987121820449829,0.0003300507378298789,1.2060008103276232e-08
2025-09-29/IMG_1708.JPG,Small,Small,0.00043890607776120305,0.9994617104530334,9.936679271049798e-05,6.264053165061512e-10
2025-09-29/IMG_1709.JPG,Small,Small,1.6176192730199546e-05,0.9645664691925049,0.035417333245277405,3.4724880748626674e-09
2025-09-29/IMG_1710.JPG,Medium,Medium,5.5873888413771056e-06,0.02321571297943592,0.9767771363258362,1.5101561530173058e-06
2025-09-29/IMG_1711.JPG,Very Small,Very Small,0.999745786190033,0.00025418546283617616,4.266422770626832e-09,5.473913322617818e-09
2025-09-29/IMG_1712.JPG,Small,Small,0.00019017177692148834,0.9986584186553955,0.0011513445060700178,4.265458208863038e-09
2025-09-29/IMG_1713.JPG,Medium,Medium,7.981983799254522e-05,0.19512467086315155,0.8047856688499451,9.77773015620187e-06
2025-09-29/IMG_1714.JPG,Medium,Medium,2.181550797786258e-07,0.005944458302110434,0.9940551519393921,1.3477908566983388e-07
2025-09-29/IMG_1715.JPG,Very Small,Very Small,0.9994494318962097,0.0005505785229615867,1.9877244294974616e-09,1.866845567022324e-09
2025-09-29/IMG_1716.JPG,Very Small,Very Small,0.9870169758796692,0.012982745654881,2.4999977199513523e-07,8.789280414589484e-09
2025-09-29/IMG_1717.JPG,Medium,Medium,8.130783498927485e-06,0.14730803668498993,0.8526829481124878,8.587011848248949e-07
2025-09-29/IMG_1718.JPG,Small,Small,0.007758131716400385,0.9922049641609192,3.6839523090748116e-05,4.357466831805823e-09
2025-09-29/IMG_1719.JPG,Very Small,Very Small,0.9983251690864563,0.0016746213659644127,8.41331981860094e-08,1.1204346606064064e-07
2025-09-29/IMG_1720.JPG,Small,Small,0.0579027496278286,0.9420084953308105,8.86715788510628e-05,6.408374986222043e-08
2025-09-29/IMG_1721.JPG,Very Small,Very Small,0.9980005621910095,0.0019993961323052645,9.739523854079835e-09,4.703600842148603e-10
2025-09-29/IMG_1722.JPG,Very Small,Very Small,0.9888428449630737,0.011155923828482628,8.90692490429501e-07,3.188173138823913e-07
2025-09-29/IMG_1723.JPG,Medium,Medium,3.0282174066087464e-06,0.04655562713742256,0.9534410834312439,2.793455848859594e-07
2025-09-29/IMG_1725.JPG,Small,Small,0.0006532442639581859,0.9991921782493591,0.0001546283601783216,6.733854029938868e-10
2025-09-29/IMG_1726.JPG,Small,Small,6.465759361162782e-05,0.9955839514732361,0.004351458046585321,6.507365313268565e-09
2025-09-29/IMG_1727.JPG,Very Small,Very Small,0.9997702240943909,0.00022980297217145562,8.054858113837327e-09,6.203191738052283e-09
2025-09-29/IMG_1728.JPG,Very Small,Very Small,0.9979946613311768,0.0020052099134773016,1.0783080028886616e-07,8.990442523781894e-08
2025-09-29/IMG_1729.JPG,Very Small,Very Small,0.9999852180480957,1.482932930230163e-05,3.10249659296602e-10,1.5672715902859125e-10
2025-09-29/IMG_1731.JPG,Small,Small,0.00042696783202700317,0.9992511868476868,0.0003218247729819268,8.354354430473165e-10
2025-09-29/IMG_1732.JPG,Very Small,Very Small,0.9996044039726257,0.00039534003008157015,7.70554038354021e-08,1.0404062322777463e-07
2025-09-29/IMG_1735.JPG,Very Small,Very Small,0.9199753999710083,0.08000793308019638,1.6040101399994455e-05,6.323699039967323e-07
2025-09-29/IMG_1736.JPG,Very Small,Very Small,0.9990159273147583,0.0009837959660217166,7.66703109889022e-08,1.8129397005850478e-07
2025-09-29/IMG_1737.JPG,Small,Small,0.040329113602638245,0.9596664905548096,4.379860456538154e-06,6.8624426141639105e-09
2025-09-29/IMG_1738.JPG,Medium,Medium,8.679610800754745e-06,0.26278212666511536,0.7372086048126221,6.168153845464985e-07
2025-09-29/IMG_1739.JPG,Small,Small,0.05020624026656151,0.9496935606002808,9.995467553380877e-05,2.4842961465765256e-07
2025-09-29/IMG_1740.JPG,Small,Small,0.002911372110247612,0.9970318078994751,5.6787215726217255e-05,4.6566217548615896e-09
2025-09-29/IMG_1742.JPG,Small,Small,4.69668120786082e-05,0.9981496334075928,0.0018034044187515974,2.5492938315885283e-10
2025-09-29/IMG_1746.JPG,Medium,Medium,3.854205351672135e-05,0.07058946788311005,0.9293567538261414,1.520255500508938e-05
2025-09-29/IMG_1748.JPG,Very Small,Very Small,0.9999743700027466,2.5573877792339772e-05,1.1663637833336793e-09,2.3857711362040845e-09
2025-09-29/IMG_1750.JPG,Medium,Medium,6.037952061888063e-06,0.011060848832130432,0.9888672232627869,6.590724660782143e-05
2025-09-29/IMG_1751.JPG,Small,Small,0.04147602990269661,0.9580636620521545,0.0004602012922987342,9.680048407290087e-08
2025-09-29/IMG_1752.JPG,Small,Small,1.2078588042641059e-05,0.9987061023712158,0.00128183513879776,2.8840446697486755e-10
2025-09-29/IMG_1753.JPG,Small,Small,0.017441991716623306,0.9814836382865906,0.0010742342565208673,7.144650737700431e-08
2025-09-29/IMG_1754.JPG,Very Small,Very Small,0.9998879432678223,0.00011207838542759418,2.7211459752152223e-08,2.5232381517525937e-08
2025-09-29/IMG_1755.JPG,Medium,Medium,1.4985826055635698e-05,0.045965105295181274,0.9540050029754639,1.4821381228102837e-05
2025-09-29/IMG_1757.JPG,Very Small,Very Small,0.9998819828033447,0.00011802382505265996,2.368535145791384e-09,2.664960474518807e-10
2025-09-29/IMG_1759.JPG,Very Small,Very Small,0.9996366500854492,0.00036338859354145825,9.788686305967076e-09,4.4628870043972313e-10
2025-09-29/IMG_1760.JPG,Very Small,Very Small,0.9933273792266846,0.006672605872154236,4.644200757297767e-08,4.269583353533335e-09
2025-09-29/IMG_1761.JPG,Small,Small,0.0029422969091683626,0.9961639642715454,0.0008937290986068547,2.5252637314565618e-08
2025-09-29/IMG_1763.JPG,Medium,Medium,0.0003400262212380767,0.2833363711833954,0.7162995934486389,2.4006003513932228e-05
2025-09-29/IMG_1764.JPG,Small,Small,0.0043932851403951645,0.9955691695213318,3.7607602280331776e-05,1.1017080581154914e-09
2025-09-29/IMG_1768.JPG,Medium,Medium,2.1623125576297753e-05,0.038000546395778656,0.9618774056434631,0.0001003818615572527
2025-09-29/IMG_1769.JPG,Medium,Medium,8.811070438241586e-05,0.058030981570482254,0.9417770504951477,0.00010385543282609433
2025-09-29/IMG_1770.JPG,Very Small,Very Small,0.9999535083770752,4.645578519557603e-05,2.267012133572166e-09,8.081081581678973e-09
2025-09-29/IMG_1772.JPG,Very Small,Very Small,0.9995139837265015,0.00048572022933512926,9.87993971079959e-08,2.2701190971474716e-07
2025-09-29/IMG_1773.JPG,Very Small,Very Small,0.99944669008255,0.0005359259666875005,2.7172670797881437e-06,1.4624074538005516e-05
2025-09-29/IMG_1776.JPG,Very Small,Very Small,0.9994058609008789,0.0005941349663771689,4.384683904845588e-08,4.8449766865132915e-08
2025-09-29/IMG_1777.JPG,Very Small,Very Small,0.9993683695793152,0.0006234509637579322,1.308358491769468e-06,6.83009966451209e-06
2025-09-29/IMG_1779.JPG,Very Small,Very Small,0.9970430731773376,0.002954453695565462,1.0012946631832165e-06,1.569367668707855e-06
2025-09-29/IMG_1780.JPG,Small,Small,7.110455044312403e-05,0.990288496017456,0.009640445001423359,1.4335582498858912e-08
2025-09-29/IMG_1781.JPG,Small,Small,0.00022084139345679432,0.9479430913925171,0.05183597281575203,1.6842170680320123e-07
2025-09-29/IMG_1784.JPG,Small,Small,0.00016458712343592197,0.9115468263626099,0.08828853070735931,1.2512838054590247e-07
2025-09-29/IMG_1785.JPG,Very Small,Very Small,0.9998400211334229,0.0001599193928996101,2.5102430356582772e-08,3.508578316768762e-08
2025-09-29/IMG_1786.JPG,Very Small,Very Small,0.9445984959602356,0.055393021553754807,6.931518328201491e-06,1.5353429034803412e-06
2025-09-29/IMG_1787.JPG,Very Small,Very Small,0.9920353293418884,0.007949480786919594,7.550140708190156e-06,7.629514584550634e-06
2025-09-29/IMG_1788.JPG,Very Small,Very Small,0.9926404356956482,0.007354483008384705,4.3024388105550315e-06,7.458328923348745e-07
2025-09-29/IMG_1791.JPG,Very Small,Very Small,0.9962632060050964,0.0037363984156399965,2.4981198976092855e-07,1.3538759446873883e-07
2025-09-29/IMG_1792.JPG,Small,Small,0.003694242564961314,0.995733916759491,0.0005715693114325404,2.1886575041207834e-07
2025-09-29/IMG_1793.JPG,Very Small,Very Small,0.9937392473220825,0.006258964538574219,1.2305082464081352e-06,5.823350761602342e-07
2025-09-29/IMG_1794.JPG,Very Small,Very Small,0.9976488947868347,0.0023509026505053043,1.0327180177682749e-07,2.8457792566882745e-08
2025-09-29/IMG_1797.JPG,Small,Small,0.0005495261866599321,0.979526162147522,0.01992388814687729,4.395072892293683e-07
2025-09-29/IMG_1799.JPG,Small,Small,0.012633652426302433,0.9868240356445312,0.0005418449873104692,4.7366523858727305e-07
2025-09-29/IMG_1800.JPG,Very Small,Very Small,0.9940577745437622,0.005909415427595377,2.006473187066149e-05,1.2804349353245925e-05
2025-09-29/IMG_1801.JPG,Very Small,Very Small,0.9997269511222839,0.0002703714417293668,1.013808855532261e-06,1.5440203924299567e-06
2025-09-29/IMG_1802.JPG,Very Small,Very Small,0.9988449811935425,0.0011403147364035249,3.471457603154704e-06,1.1281426850473508e-05
2025-09-29/IMG_1803.JPG,Very Small,Very Small,0.9926041960716248,0.00739526329562068,4.405913784921722e-07,5.824367477202941e-08
2025-09-29/IMG_1804.JPG,Very Small,Very Small,0.999002993106842,0.0009928978979587555,1.674306190579955e-06,2.437179318803828e-06
2025-09-29/IMG_1806.JPG,Very Small,Very Small,0.9590409994125366,0.04095637425780296,2.367438810324529e-06,1.6344239384125103e-07
2025-09-29/IMG_1809.JPG,Medium,Medium,4.1457999031990767e-05,0.007023312617093325,0.9908129572868347,0.0021223092917352915
2025-09-29/IMG_1811.JPG,Medium,Medium,6.458883490267908e-06,0.039949849247932434,0.9600357413291931,7.956284207466524e-06
2025-09-29/IMG_1815.JPG,Very Small,Very Small,0.935175895690918,0.06481549143791199,7.862253369239625e-06,7.551841463282472e-07
2025-09-29/IMG_1816.JPG,Very Small,Very Small,0.9464771151542664,0.053372278809547424,0.00014418939827010036,6.354282049869653e-06
2025-09-29/IMG_1817.JPG,Very Small,Very Small,0.9977567791938782,0.0022397071588784456,1.9921390048693866e-06,1.5134626210056012e-06
2025-09-29/IMG_1818.JPG,Very Small,Very Small,0.9843554496765137,0.015640180557966232,3.4515569495852105e-06,9.685204531706404e-07
2025-09-29/IMG_1819.JPG,Small,Small,0.05239701643586159,0.9471743702888489,0.00042825815035030246,3.303231892459735e-07
2025-09-29/IMG_1820.JPG,Very Small,Very Small,0.9799823760986328,0.02001214027404785,4.424915459821932e-06,9.994793117584777e-07
2025-09-29/IMG_1821.JPG,Very Small,Very Small,0.9926228523254395,0.007364473305642605,7.689902304264251e-06,5.021344350097934e-06
2025-09-29/IMG_1822.JPG,Very Small,Very Small,0.99024897813797,0.009748928248882294,1.246741476279567e-06,7.882229624556203e-07
2025-09-29/IMG_1824.JPG,Medium,Medium,1.791306203813292e-05,0.02281268499791622,0.9770957231521606,7.362418546108529e-05
2025-09-29/IMG_1825.JPG,Small,Small,1.1624405487964395e-05,0.9625551104545593,0.037433162331581116,6.087596915449467e-08
2025-09-29/IMG_1826.JPG,Small,Small,0.0013760938309133053,0.9975529313087463,0.0010709454072639346,4.67960425964975e-08
2025-09-29/IMG_1827.JPG,Medium,Medium,9.417194087291136e-05,0.09247209131717682,0.9073926210403442,4.1038321796804667e-05
2025-09-29/IMG_1828.JPG,Small,Small,0.0002730857813730836,0.9791491627693176,0.02057756669819355,1.7244036598640378e-07
2025-09-29/IMG_1830.JPG,Small,Small,0.00048049635370261967,0.9967188239097595,0.00280072377063334,1.1485954409806709e-08
2025-09-29/IMG_1831.JPG,Small,Small,0.0009643642697483301,0.9989261031150818,0.00010945399844786152,9.387025601270693e-10
2025-09-29/IMG_1832.JPG,Small,Small,0.0025607335846871138,0.9968859553337097,0.000553349032998085,9.035016290681597e-09
2025-09-29/IMG_1833.JPG,Small,Small,1.1489734106362448e-06,0.9993047714233398,0.0006940787425264716,1.511009199706148e-11
2025-09-29/IMG_1834.JPG,Small,Small,4.094000541954301e-05,0.9805229306221008,0.019436074420809746,1.61745052906781e-08
2025-09-29/IMG_1835.JPG,Small,Small,1.0712201401474886e-05,0.9997910857200623,0.00019826696370728314,2.043686053720961e-11
2025-09-29/IMG_1836.JPG,Small,Small,0.0003383623552508652,0.9979839324951172,0.0016776497941464186,9.502306497211066e-09
2025-09-29/IMG_1838.JPG,Small,Small,1.7643960745772347e-05,0.9653744697570801,0.03460783511400223,2.099280305145612e-09
2025-09-29/IMG_1840.JPG,Small,Small,6.594232399947941e-05,0.9998331069946289,0.00010088142153108492,4.3834151586263914e-11
2025-09-29/IMG_1841.JPG,Small,Small,8.856584463501349e-05,0.9989847540855408,0.0009266134584322572,8.777479854060743e-10
2025-09-29/IMG_1843.JPG,Small,Small,0.0004123818944208324,0.9995836615562439,3.981557256338419e-06,1.5872202857591944e-11
2025-09-29/IMG_1844.JPG,Small,Small,1.293087552767247e-05,0.994411051273346,0.005576023366302252,4.1774486647661035e-10
2025-09-29/IMG_1845.JPG,Small,Small,5.3341394959716126e-05,0.9936957955360413,0.006250846665352583,4.6209522319706764e-10
2025-09-29/IMG_1846.JPG,Small,Small,0.000491890124976635,0.9911303520202637,0.008377800695598125,1.4238014323098014e-08
2025-09-29/IMG_1847.JPG,Medium,Medium,1.6757907360442914e-05,0.048214104026556015,0.9516772627830505,9.176958701573312e-05
2025-09-29/IMG_1848.JPG,Medium,Medium,3.4045256143144798e-06,0.03930094093084335,0.9606910347938538,4.630013336281991e-06
2025-09-29/IMG_1849.JPG,Small,Small,0.005363039206713438,0.861091136932373,0.13333217799663544,0.00021362082043197006
2025-09-29/IMG_1850.JPG,Small,Small,0.003004923462867737,0.9956978559494019,0.001297068316489458,7.303798810198714e-08
2025-09-29/IMG_1854.JPG,Very Small,Very Small,0.9989011287689209,0.0010988179128617048,5.451333162653782e-09,1.5283270204946575e-09
2025-09-29/IMG_1857.JPG,Very Small,Very Small,0.9965079426765442,0.0034918123856186867,1.848469821652543e-07,4.867440672740031e-09
2025-09-29/IMG_1858.JPG,Small,Small,0.004489326383918524,0.9954559803009033,5.471178883453831e-05,1.9954582430870005e-09
2025-09-29/IMG_1859.JPG,Medium,Medium,6.665272667305544e-05,0.04867476224899292,0.9510259628295898,0.00023264798801392317
2025-09-29/IMG_1861.JPG,Very Small,Very Small,0.9874528050422668,0.01254523266106844,1.90966488844424e-06,1.2149124017923896e-07
2025-09-29/IMG_1862.JPG,Small,Small,0.004594446625560522,0.9468834400177002,0.04851827397942543,3.833279606624274e-06
2025-09-29/IMG_1865.JPG,Small,Small,0.0006691924063488841,0.8261709809303284,0.1731516718864441,8.128997251333203e-06
2025-09-29/IMG_1869.JPG,Small,Small,0.0005631341482512653,0.9988190531730652,0.0006177988834679127,1.5296953037591265e-08
2025-09-29/IMG_1870.JPG,Small,Small,0.0008160810102708638,0.9987327456474304,0.00045114377280697227,7.1515735555749416e-09
2025-09-29/IMG_1871.JPG,Small,Small,0.00018309075676370412,0.9358017444610596,0.06401485949754715,3.3317712677671807e-07
2025-09-29/IMG_1873.JPG,Small,Small,0.0003267134597990662,0.9708940386772156,0.02877878025174141,4.077471089658502e-07
2025-09-29/IMG_1874.JPG,Small,Small,0.00012322794646024704,0.8040313720703125,0.19584479928016663,5.769406357103435e-07
2025-09-29/IMG_1875.JPG,Small,Small,0.001343499985523522,0.9976801872253418,0.0009763201232999563,4.97001106936068e-09
2025-09-29/IMG_1877.JPG,Very Small,Very Small,0.9919883012771606,0.008011682890355587,1.829472573433577e-08,1.253692566427489e-10
2025-09-29/IMG_1878.JPG,Small,Small,0.001252441667020321,0.9985527396202087,0.0001947688579093665,5.897941690591324e-09
2025-09-29/IMG_1879.JPG,Very Small,Very Small,0.9986681938171387,0.0013317987322807312,3.978009033289709e-08,7.0522991890697995e-09
2025-09-29/IMG_1880.JPG,Very Small,Very Small,0.9892220497131348,0.010776465758681297,1.3894141375203617e-06,7.712907290624571e-08
2025-09-29/IMG_1881.JPG,Small,Small,0.0006482293829321861,0.998579740524292,0.0007720363792032003,2.07094164039745e-09
2025-09-29/IMG_1882.JPG,Small,Small,0.0001100664958357811,0.9950017333030701,0.004888167139142752,2.4377433405220472e-08
2025-09-29/IMG_1883.JPG,Small,Small,9.19979574973695e-05,0.9987008571624756,0.0012070845114067197,1.1103733488226908e-09
2025-09-29/IMG_1885.JPG,Very Small,Very Small,0.9784482717514038,0.019546546041965485,0.0016791479429230094,0.0003260492521803826
2025-09-29/IMG_1886.JPG,Very Small,Very Small,0.9995859265327454,0.00041404605144634843,2.08801664847158e-09,3.778166321466436e-11
2025-09-29/IMG_1889.JPG,Very Small,Very Small,0.9986166954040527,0.001383245806209743,3.817486415869098e-08,1.3277447585835489e-08
2025-09-29/IMG_1890.JPG,Small,Small,0.01180794183164835,0.9392106533050537,0.04897823557257652,3.0993548989499686e-06
2025-09-29/IMG_1891.JPG,Medium,Medium,5.2322026022011414e-05,0.04650251567363739,0.953420877456665,2.4279641365865245e-05
2025-09-29/IMG_1893.JPG,Very Small,Very Small,0.958158552646637,0.041669148951768875,0.0001667958131292835,5.540085567190545e-06
2025-09-29/IMG_1895.JPG,Small,Small,0.002367249457165599,0.9268475770950317,0.07077935338020325,5.896557468076935e-06
2025-09-29/IMG_1897.JPG,Small,Small,0.018449364230036736,0.9753937721252441,0.00615662569180131,2.440833952732646e-07
2025-09-29/IMG_1898.JPG,Medium,Medium,0.0004166224389337003,0.010708125308156013,0.9756394028663635,0.013235891237854958
2025-09-29/IMG_1899.JPG,Medium,Medium,1.3997128917253576e-05,0.01407034695148468,0.98582524061203,9.0392044512555e-05
2025-09-29/IMG_1900.JPG,Medium,Medium,9.15645359782502e-05,0.011940092779695988,0.987501859664917,0.0004664385924115777
2025-09-29/IMG_1901.JPG,Small,Small,0.0001223470753757283,0.9151147603988647,0.08476240932941437,5.248214733910572e-07
2025-09-29/IMG_1902.JPG,Small,Small,0.017306040972471237,0.945634126663208,0.037033561617136,2.628890251799021e-05
2025-09-29/IMG_1903.JPG,Medium,Medium,0.0006666132248938084,0.03983055800199509,0.9536376595497131,0.00586514500901103
2025-09-29/IMG_1904.JPG,Very Small,Very Small,0.9990990161895752,0.000900326413102448,5.598645316240436e-07,1.0980914311176093e-07
2025-09-29/IMG_1905.JPG,Medium,Medium,0.005725771188735962,0.016710175201296806,0.6995078921318054,0.27805620431900024
2025-09-29/IMG_1906.JPG,Large,Large,0.0050196112133562565,0.0026646447367966175,0.05428023263812065,0.9380355477333069
2025-09-29/IMG_1907.JPG,Very Small,Very Small,0.9964568018913269,0.0035237129777669907,1.6865893485373817e-05,2.6263553536409745e-06
2025-09-29/IMG_1908.JPG,Large,Large,0.0028659021481871605,0.0014667646028101444,0.06898945569992065,0.9266777634620667
2025-09-29/IMG_1909.JPG,Very Small,Very Small,0.9782137274742126,0.0216277614235878,0.00015217899635899812,6.364103228406748e-06
2025-09-29/IMG_1912.JPG,Small,Small,0.0006233099848031998,0.9993568062782288,1.987373616429977e-05,3.8732114737705103e-10
2025-09-29/IMG_1914.JPG,Very Small,Very Small,0.9999198913574219,8.00682173576206e-05,1.2909199265109805e-09,5.2977403713905247e-11
2025-09-29/IMG_1915.JPG,Very Small,Very Small,0.9999203681945801,7.958766218507662e-05,1.455146336759583e-09,3.2209029887653173e-10
2025-09-29/IMG_1916.JPG,Very Small,Very Small,0.9999886751174927,1.1360185453668237e-05,2.2192123139141984e-10,8.167623521959655e-11
2025-09-29/IMG_1917.JPG,Very Small,Very Small,0.9999574422836304,4.261417416273616e-05,1.5901814587326868e-10,3.709564599940762e-11
2025-09-29/IMG_1919.JPG,Very Small,Very Small,0.9995829463005066,0.00041694450192153454,7.131786361469494e-08,7.7944148912934e-09
2025-09-29/IMG_1920.JPG,Very Small,Very Small,0.9660032391548157,0.033992987126111984,3.6515727970254375e-06,3.099948031604072e-08
2025-09-29/IMG_1921.JPG,Very Small,Very Small,0.9995928406715393,0.00040715912473388016,1.8351968833485444e-08,1.2169577567888723e-09
2025-09-29/IMG_1922.JPG,Very Small,Very Small,0.9874809384346008,0.01251891441643238,1.0662157734486755e-07,3.407542692457355e-09
2025-09-29/IMG_1923.JPG,Very Small,Very Small,0.9905915856361389,0.009408168494701385,1.8241019006381975e-07,1.7544179442552377e-08
2025-09-29/IMG_1924.JPG,Very Small,Very Small,0.9995549321174622,0.0004449763218872249,3.555781091790777e-08,1.329225529644873e-08
2025-09-29/IMG_1925.JPG,Small,Small,0.03490922972559929,0.9646430015563965,0.00044759680167771876,1.432342884299942e-07
2025-09-29/IMG_1927.JPG,Very Small,Very Small,0.9998958110809326,0.00010422585910419002,8.298992049127207e-10,1.1689059442598904e-10
2025-09-29/IMG_1930.JPG,Very Small,Very Small,0.9999871253967285,1.2825491467083339e-05,1.072075414554341e-10,2.8584355368788117e-11
2025-09-29/IMG_1931.JPG,Very Small,Very Small,0.999955415725708,4.456634633243084e-05,1.334014898546343e-09,5.529293689576775e-10
2025-09-29/IMG_1933.JPG,Very Small,Very Small,0.9999129772186279,8.696089207660407e-05,4.0771720222210206e-08,1.3517804653417897e-08
2025-09-29/IMG_1934.JPG,Small,Small,0.020577646791934967,0.9780428409576416,0.0013787150382995605,8.14512645774812e-07
2025-09-29/IMG_1935.JPG,Very Small,Very Small,0.9997616410255432,0.00023802180658094585,2.849499196599936e-07,7.66511902838829e-08
2025-09-29/IMG_1937.JPG,Very Small,Very Small,0.9964478015899658,0.0035518361255526543,3.5401484410613193e-07,1.3204563664714897e-08
2025-09-29/IMG_1939.JPG,Very Small,Very Small,0.9992547631263733,0.0007451443234458566,1.0916380688286154e-07,6.885817249724369e-09
2025-09-29/IMG_1940.JPG,Very Small,Very Small,0.9999932050704956,6.755765298294136e-06,1.3333804893544965e-10,4.864702043971825e-11
2025-09-29/IMG_1941.JPG,Very Small,Very Small,0.9983287453651428,0.001671115169301629,1.4409043558316625e-07,4.11199874150725e-09
2025-09-29/IMG_1942.JPG,Very Small,Very Small,0.9998699426651001,0.00013001942716073245,6.854056211480497e-11,1.7150419539396777e-12
2025-09-29/IMG_1944.JPG,Very Small,Very Small,0.9990383386611938,0.0009615315939299762,9.8158402295212e-08,6.7987246943346236e-09
2025-09-29/IMG_1946.JPG,Very Small,Very Small,0.9914807081222534,0.008518704213202,5.96201743974234e-07,2.162785328607697e-08
2025-09-29/IMG_1947.JPG,Small,Small,0.019562121480703354,0.9803025722503662,0.00013525373651646078,2.1998781463139494e-08
2025-09-29/IMG_1948.JPG,Very Small,Very Small,0.9995032548904419,0.0004967940039932728,2.7845830530282e-08,2.0488988283773324e-09
2025-09-29/IMG_1950.JPG,Very Small,Very Small,0.9963940978050232,0.0036038937978446484,1.930443886521971e-06,9.600744732551902e-08
