image_path,true_class,predicted_class,probability_Very Small,probability_Small,probability_Medium,probability_Large
2025-09-05/IMG_1080.JPG,Medium,Medium,0.001968391938135028,0.0669015571475029,0.7222815752029419,0.20884844660758972
2025-09-05/IMG_0865.JPG,Very Small,Very Small,0.9987603425979614,0.001239571487531066,9.443188275781722e-08,2.7275130938531067e-12
2025-08-07/IMG_9235.JPG,Medium,Medium,0.002674176823347807,0.15842027962207794,0.807245135307312,0.03166041523218155
2025-08-07/IMG_9241.JPG,Very Small,Very Small,0.9744199514389038,0.025546729564666748,3.3307394915027544e-05,1.619007861108912e-08
2025-09-05/IMG_1600.JPG,Small,Small,0.19704928994178772,0.7783278822898865,0.024495115503668785,0.00012768233136739582
2025-09-05/IMG_1521.JPG,Small,Small,0.1571042835712433,0.8183826804161072,0.024236125871539116,0.00027692349976859987
2025-09-29/IMG_1906.JPG,Large,Large,0.012873305939137936,0.04839480295777321,0.18197952210903168,0.7567523121833801
2025-08-22/IMG_0061.JPG,Medium,Small,0.3456732928752899,0.6271042227745056,0.027065865695476532,0.00015663550584577024
2025-09-05/IMG_1341.JPG,Medium,Medium,0.026436084881424904,0.41507962346076965,0.49092888832092285,0.06755547970533371
2025-09-29/IMG_1903.JPG,Medium,Small,0.054861102253198624,0.7212398052215576,0.21272870898246765,0.011170412413775921
2025-09-05/IMG_1307.JPG,Small,Small,0.10105673968791962,0.8182373046875,0.07925251871347427,0.001453499193303287
2025-09-05/IMG_1120.JPG,Very Small,Very Small,0.9993522763252258,0.0006477400893345475,5.5669470810926214e-08,1.303915309058823e-12
2025-08-07/IMG_9607.JPG,Medium,Medium,0.015107285231351852,0.174434095621109,0.6046352982521057,0.20582328736782074
2025-08-22/IMG_0119.JPG,Very Small,Small,0.3631865680217743,0.6131947040557861,0.02341090701520443,0.00020784225489478558
2025-09-05/IMG_0940.JPG,Very Small,Very Small,0.5547437071800232,0.43758708238601685,0.007632339373230934,3.682218084577471e-05
2025-09-05/IMG_1021.JPG,Small,Small,0.048546671867370605,0.7866792678833008,0.1598132699728012,0.004960827995091677
2025-09-05/IMG_1389.JPG,Very Small,Very Small,0.9918375611305237,0.008158784359693527,3.706824600158143e-06,4.131469333312765e-10
2025-08-07/IMG_9581.JPG,Medium,Medium,0.00844700075685978,0.10818827897310257,0.4745732545852661,0.40879151225090027
2025-08-22/IMG_9953.JPG,Very Small,Very Small,0.9309450387954712,0.06881330162286758,0.0002409277221886441,7.7381741903082e-07
2025-09-29/IMG_1682.JPG,Small,Small,0.020890286192297935,0.9757958054542542,0.0033139707520604134,4.591741031845231e-08
2025-08-07/IMG_9479.JPG,Medium,Medium,0.0006801922572776675,0.0891234427690506,0.8989329934120178,0.011263451538980007
2025-08-07/IMG_9578.JPG,Large,Large,0.007075049448758364,0.07731975615024567,0.4072062373161316,0.5083989500999451
2025-09-05/IMG_0975.JPG,Very Small,Small,0.1330406814813614,0.690761387348175,0.171162948012352,0.0050349184311926365
2025-08-07/IMG_9402.JPG,Small,Small,0.15728865563869476,0.8361526727676392,0.006549075711518526,9.557347766531166e-06
2025-09-05/IMG_0806.JPG,Small,Small,0.003878488903865218,0.84453284740448,0.15155144035816193,3.7247307773213834e-05
2025-08-22/IMG_0177.JPG,Very Small,Very Small,0.8720051050186157,0.12792713940143585,6.782754644518718e-05,5.700756755544489e-09
2025-09-29/IMG_1939.JPG,Very Small,Very Small,0.900558590888977,0.09306812286376953,0.006043015047907829,0.0003302852564956993
2025-08-07/IMG_9170.JPG,Very Small,Very Small,0.953396737575531,0.04602300003170967,0.0005765575333498418,3.7121374134585494e-06
2025-08-07/IMG_9434.JPG,Small,Small,0.011558827944099903,0.7116490006446838,0.27606552839279175,0.0007265779422596097
2025-08-07/IMG_9561.JPG,Medium,Medium,0.011895589530467987,0.2290554940700531,0.5838873386383057,0.17516152560710907
2025-08-07/IMG_9652.JPG,Large,Large,0.004852668847888708,0.06863739341497421,0.35081803798675537,0.5756919384002686
2025-08-22/IMG_0223.JPG,Small,Small,0.000868295319378376,0.9814241528511047,0.017707228660583496,2.9714473726016877e-07
2025-08-07/IMG_9635.JPG,Large,Large,0.0028672509361058474,0.02681058645248413,0.21004965901374817,0.7602725028991699
2025-08-07/IMG_9490.JPG,Medium,Medium,0.0004111912567168474,0.06938967108726501,0.9074913859367371,0.022707799449563026
2025-08-07/IMG_9107.JPG,Small,Small,0.026225140318274498,0.9008771777153015,0.07222522795200348,0.0006725136772729456
2025-09-29/IMG_1765.JPG,Medium,Small,0.0009069893858395517,0.5532755851745605,0.44543159008026123,0.0003858548298012465
2025-09-05/IMG_1332.JPG,Small,Small,0.08806880563497543,0.6321593523025513,0.2581901550292969,0.021581673994660378
2025-09-05/IMG_1456.JPG,Small,Small,0.05023156479001045,0.9444136619567871,0.0053540123626589775,7.770897241243802e-07
2025-08-22/IMG_9880.JPG,Small,Small,0.03398270532488823,0.9528139233589172,0.013188729993999004,1.4641304915130604e-05
2025-08-07/IMG_9198.JPG,Medium,Medium,0.004539011977612972,0.21917729079723358,0.7223964929580688,0.053887173533439636
2025-08-22/IMG_9801.JPG,Medium,Medium,0.0013947930419817567,0.1090988963842392,0.8624441623687744,0.027062050998210907
2025-08-07/IMG_9512.JPG,Small,Small,0.1164240688085556,0.8620566129684448,0.021422017365694046,9.729071462061256e-05
2025-09-05/IMG_1057.JPG,Small,Small,0.3133801221847534,0.6752895712852478,0.011210717260837555,0.00011951364285778254
2025-09-29/IMG_1910.JPG,Small,Small,0.07572445273399353,0.7935345768928528,0.12673436105251312,0.004006586503237486
2025-08-07/IMG_9174.JPG,Small,Small,0.31297892332077026,0.6466321349143982,0.039443109184503555,0.0009458059794269502
2025-09-05/IMG_0825.JPG,Medium,Medium,0.0020282946061342955,0.16785915195941925,0.8020095825195312,0.028102939948439598
2025-08-07/IMG_9698.JPG,Large,Large,0.009132353588938713,0.041979506611824036,0.18257319927215576,0.7663149833679199
2025-09-05/IMG_1273.JPG,Very Small,Very Small,0.8827857375144958,0.11296602338552475,0.004140612203627825,0.00010765413026092574
2025-08-22/IMG_9958.JPG,Very Small,Very Small,0.9194482564926147,0.07984845340251923,0.000700207136105746,3.1690465220890474e-06
2025-08-22/IMG_0042.JPG,Medium,Small,0.05204737186431885,0.7681594491004944,0.17630726099014282,0.0034858626313507557
2025-09-05/IMG_1351.JPG,Medium,Small,0.037947479635477066,0.5974395275115967,0.3390651345252991,0.025547856464982033
2025-09-29/IMG_1755.JPG,Medium,Medium,0.0002469459141138941,0.21999439597129822,0.779273271560669,0.00048537374823354185
2025-09-05/IMG_1106.JPG,Very Small,Very Small,0.8989789485931396,0.10098207741975784,3.9003021811367944e-05,4.598674496758548e-10
2025-09-05/IMG_0925.JPG,Very Small,Very Small,0.7076454758644104,0.29080522060394287,0.0015479143476113677,1.384343931931653e-06
2025-08-22/IMG_0074.JPG,Very Small,Very Small,0.9793965816497803,0.02040053904056549,0.0002015836798818782,1.2169191450084327e-06
2025-09-05/IMG_1597.JPG,Very Small,Very Small,0.6423051357269287,0.3277193307876587,0.02898864448070526,0.000986895291134715
2025-09-05/IMG_1258.JPG,Medium,Small,0.18561559915542603,0.4208141267299652,0.3420771658420563,0.051493167877197266
2025-09-29/IMG_1852.JPG,Small,Small,0.4655497968196869,0.5282589793205261,0.00616356311365962,2.7723708626581356e-05
2025-09-05/IMG_0910.JPG,Very Small,Very Small,0.9995043277740479,0.0004956927732564509,8.115454974699787e-09,5.3599967075445426e-14
2025-09-05/IMG_1082.JPG,Small,Small,0.014824977144598961,0.5685443878173828,0.41589656472206116,0.0007340587908402085
2025-09-29/IMG_1709.JPG,Small,Small,0.0006768454913981259,0.9799855947494507,0.019337404519319534,7.987465266978688e-08
2025-08-22/IMG_0154.JPG,Small,Small,0.022840704768896103,0.6846706867218018,0.2910638749599457,0.0014247222570702434
2025-09-05/IMG_0874.JPG,Small,Small,0.06857886910438538,0.9192118644714355,0.012202485464513302,6.801472864026437e-06
2025-09-29/IMG_1781.JPG,Small,Small,0.006145878694951534,0.7645960450172424,0.22899477183818817,0.00026330590480938554
2025-08-07/IMG_9138.JPG,Very Small,Small,0.3759092390537262,0.6145790219306946,0.00938571710139513,0.00012597671593539417
2025-09-05/IMG_1179.JPG,Small,Small,0.008492468856275082,0.7299009561538696,0.2611404359340668,0.00046613410813733935
2025-08-07/IMG_9218.JPG,Small,Medium,0.0051389457657933235,0.24181000888347626,0.7087276577949524,0.044323451817035675
2025-08-22/IMG_9739.JPG,Small,Small,0.03012958914041519,0.6064178943634033,0.3526609241962433,0.010791572742164135
2025-08-22/IMG_9950.JPG,Small,Small,0.10386605560779572,0.846314013004303,0.04944608360528946,0.0003738102677743882
2025-09-05/IMG_0956.JPG,Small,Small,0.04971061646938324,0.9047971963882446,0.04535377398133278,0.0001383884809911251
2025-08-22/IMG_9966.JPG,Very Small,Very Small,0.7133610248565674,0.2849527597427368,0.0016839710297062993,2.262760062876623e-06
2025-09-05/IMG_1007.JPG,Small,Small,0.12088172137737274,0.6239898204803467,0.234865203499794,0.020263247191905975
2025-09-05/IMG_0796.JPG,Small,Small,0.1158737987279892,0.8822969794273376,0.0018290745792910457,8.680520124926261e-08
2025-09-05/IMG_1293.JPG,Small,Small,0.06500797718763351,0.8093894720077515,0.12197078764438629,0.00363179505802691
2025-08-22/IMG_9835.JPG,Medium,Medium,0.004912690259516239,0.147054061293602,0.7491787075996399,0.09885448962450027
2025-08-22/IMG_0107.JPG,Very Small,Very Small,0.8744089603424072,0.12291616201400757,0.002645446453243494,2.9484419428627007e-05
2025-09-05/IMG_1429.JPG,Medium,Medium,0.0013202651171013713,0.23987659811973572,0.7560648322105408,0.0027383724227547646
2025-09-05/IMG_1357.JPG,Small,Small,0.022889554500579834,0.8686648607254028,0.10775414109230042,0.0006914496188983321
2025-09-05/IMG_1015.JPG,Small,Small,0.038610707968473434,0.7868380546569824,0.17206978797912598,0.002481469651684165
2025-09-05/IMG_1254.JPG,Small,Small,0.2231360524892807,0.7285807132720947,0.047749362885951996,0.0005338704795576632
2025-09-05/IMG_1517.JPG,Small,Small,0.04654962569475174,0.912600576877594,0.04048847779631615,0.0003612602304201573
2025-09-29/IMG_1918.JPG,Very Small,Very Small,0.6496036052703857,0.31789326667785645,0.0304125864058733,0.0020905751734972
2025-09-05/IMG_1361.JPG,Very Small,Very Small,0.9540416598320007,0.045892804861068726,6.555124855367467e-05,1.0835271346820718e-08
2025-09-05/IMG_1404.JPG,Small,Small,0.007845861837267876,0.9661782383918762,0.025974707677960396,1.0961489351757336e-06
2025-08-07/IMG_9411.JPG,Small,Very Small,0.8389156460762024,0.16091158986091614,0.00017273187404498458,2.0680001711070872e-08
2025-09-29/IMG_1694.JPG,Very Small,Very Small,0.9975473284721375,0.0024525176268070936,1.625285932504994e-07,1.1245690793512675e-12
2025-08-22/IMG_9768.JPG,Small,Small,0.0032445406541228294,0.9764429926872253,0.020310770720243454,1.775695068317873e-06
2025-08-22/IMG_9871.JPG,Large,Large,0.0007045408128760755,0.02908407524228096,0.4189161956310272,0.5512952208518982
2025-09-05/IMG_0998.JPG,Small,Small,0.08987531065940857,0.7393964529037476,0.1652166098356247,0.005511568859219551
2025-09-29/IMG_1875.JPG,Small,Small,0.041445065289735794,0.9017735719680786,0.056536994874477386,0.0002443231933284551
2025-09-29/IMG_1685.JPG,Very Small,Very Small,0.9988954067230225,0.001104402239434421,1.6510459488472407e-07,2.693300010098154e-12
2025-08-07/IMG_9124.JPG,Small,Small,0.2501711845397949,0.7253949642181396,0.02325616031885147,0.0011776831233873963
2025-08-22/IMG_9974.JPG,Very Small,Very Small,0.8223009705543518,0.16721919178962708,0.01020197756588459,0.00027792941546067595
2025-09-05/IMG_0963.JPG,Small,Small,0.0021932858508080244,0.8990671038627625,0.09872231632471085,1.720280670269858e-05
2025-09-05/IMG_1608.JPG,Small,Small,0.16867704689502716,0.5825072526931763,0.21752279996871948,0.031292930245399475
2025-09-05/IMG_1018.JPG,Small,Small,0.06064523756504059,0.7774624228477478,0.15781092643737793,0.004081369377672672
2025-09-05/IMG_1239.JPG,Small,Small,0.010909166187047958,0.9414873719215393,0.04756192862987518,4.149168307776563e-05
2025-08-22/IMG_9899.JPG,Small,Small,0.03921554982662201,0.959678053855896,0.0011064106365665793,2.7093657095633716e-08
2025-09-29/IMG_1823.JPG,Medium,Medium,0.0007400986505672336,0.18239428102970123,0.808444082736969,0.008421597070991993
2025-09-29/IMG_1748.JPG,Very Small,Very Small,0.9966830611228943,0.003316026646643877,8.994813356366649e-07,1.3429739265102825e-10
2025-09-05/IMG_1409.JPG,Small,Small,0.07088983803987503,0.8735899925231934,0.05549119785428047,2.8996166292927228e-05
2025-09-05/IMG_1271.JPG,Very Small,Very Small,0.9165794253349304,0.08167847990989685,0.00170813943259418,3.396726606297307e-05
2025-09-05/IMG_1490.JPG,Medium,Medium,0.0051116785034537315,0.2501673996448517,0.7405055165290833,0.004215347580611706
2025-09-29/IMG_1902.JPG,Small,Small,0.1398770958185196,0.8220859169960022,0.03767334669828415,0.0003636675246525556
2025-08-07/IMG_9522.JPG,Small,Small,0.2607666254043579,0.7306733727455139,0.008541055954992771,1.8949684090330265e-05
2025-08-22/IMG_0029.JPG,Small,Small,0.04834919422864914,0.762310266494751,0.1824485957622528,0.006891905330121517
2025-09-05/IMG_0946.JPG,Medium,Medium,0.0005664158961735666,0.17492981255054474,0.8223949074745178,0.002108862390741706
2025-08-22/IMG_0124.JPG,Very Small,Very Small,0.9941948056221008,0.005795829929411411,9.334808055427857e-06,4.994473279396061e-09
2025-09-05/IMG_0821.JPG,Small,Small,0.005556586664170027,0.8996272683143616,0.09478633850812912,2.9766084480797872e-05
2025-08-07/IMG_9092.JPG,Medium,Small,0.1492832601070404,0.8279718160629272,0.022656815126538277,8.812250598566607e-05
2025-08-22/IMG_9753.JPG,Medium,Medium,0.0004323622561059892,0.09673213958740234,0.8973817825317383,0.005453725811094046
2025-09-05/IMG_1214.JPG,Small,Small,0.3232592046260834,0.6669030785560608,0.009818478487432003,1.9241530026192777e-05
2025-09-05/IMG_1535.JPG,Small,Small,0.044151704758405685,0.8320707678794861,0.12264560908079147,0.0011319166515022516
2025-09-05/IMG_1528.JPG,Small,Small,0.11017701029777527,0.8583884239196777,0.031113171949982643,0.000321375293424353
2025-08-22/IMG_0210.JPG,Small,Small,0.13017047941684723,0.8547593355178833,0.01503046229481697,3.974681021645665e-05
2025-08-07/IMG_9204.JPG,Very Small,Very Small,0.9989405274391174,0.0010593603365123272,7.621110853506252e-08,1.920750017370132e-12
2025-08-07/IMG_9148.JPG,Very Small,Very Small,0.7557150721549988,0.23784387111663818,0.006274973042309284,0.00016602413961663842
2025-08-22/IMG_0269.JPG,Very Small,Very Small,0.6756434440612793,0.3220980167388916,0.002252970589324832,5.562890237342799e-06
2025-08-07/IMG_9585.JPG,Large,Large,0.014953228645026684,0.0970277264714241,0.3826473355293274,0.5053716897964478
2025-08-22/IMG_9936.JPG,Very Small,Very Small,0.8888568878173828,0.10972698777914047,0.0014095969963818789,6.570938239747193e-06
2025-09-05/IMG_1249.JPG,Very Small,Small,0.2780826985836029,0.5574871897697449,0.15487970411777496,0.009550346061587334
2025-09-29/IMG_1816.JPG,Very Small,Very Small,0.6610403060913086,0.3385525345802307,0.0004071923322044313,5.750672826820846e-08
2025-09-05/IMG_1485.JPG,Medium,Medium,0.0008442796533927321,0.04418865963816643,0.5844148397445679,0.3705521523952484
2025-08-22/IMG_0117.JPG,Very Small,Very Small,0.7760195136070251,0.21523790061473846,0.008587795309722424,0.000154867724631913
2025-09-05/IMG_0964.JPG,Small,Small,0.004983436781913042,0.5194432735443115,0.4712510108947754,0.004322254564613104
2025-09-29/IMG_1764.JPG,Small,Small,0.08428511768579483,0.8549549579620361,0.060534678399562836,0.00022521150822285563
2025-08-07/IMG_9117.JPG,Small,Small,0.12258689105510712,0.7415217161178589,0.11434557288885117,0.021545883268117905
2025-09-05/IMG_1408.JPG,Medium,Medium,0.0011721844784915447,0.1439829170703888,0.8500809073448181,0.004763996694236994
2025-08-22/IMG_0092.JPG,Small,Small,0.4082275629043579,0.5753011107444763,0.016396675258874893,7.45889192330651e-05
2025-09-05/IMG_1447.JPG,Medium,Medium,0.002068435540422797,0.26327258348464966,0.7262422442436218,0.008416703902184963
2025-08-07/IMG_9406.JPG,Medium,Medium,0.00988974142819643,0.26975932717323303,0.6883377432823181,0.032013148069381714
2025-09-05/IMG_1289.JPG,Very Small,Very Small,0.4955569803714752,0.45891228318214417,0.044376522302627563,0.0011542461579665542
2025-08-22/IMG_0214.JPG,Medium,Small,0.00455612363293767,0.5171141624450684,0.47698524594306946,0.0013444891665130854
2025-09-29/IMG_1926.JPG,Very Small,Very Small,0.9133901596069336,0.08471321314573288,0.0018781026592478156,1.8467981135472655e-05
2025-08-22/IMG_9805.JPG,Medium,Small,0.05283021554350853,0.7203422784805298,0.2263036072254181,0.0005238070734776556
2025-09-29/IMG_1947.JPG,Small,Very Small,0.5086471438407898,0.4554908871650696,0.03384843096137047,0.0020134916994720697
2025-08-07/IMG_9445.JPG,Small,Small,0.000913860450964421,0.7160513997077942,0.2829316258430481,0.00010308307537343353
2025-09-05/IMG_1598.JPG,Small,Small,0.3791378438472748,0.5816892981529236,0.038241468369960785,0.0009313420741818845
2025-09-05/IMG_0805.JPG,Medium,Medium,0.00015250900469254702,0.047724172472953796,0.9396955966949463,0.012427739799022675
2025-08-07/IMG_9556.JPG,Very Small,Very Small,0.9594032764434814,0.04040951281785965,0.00018681622168514878,3.669697434816044e-07
2025-09-29/IMG_1792.JPG,Small,Small,0.052403245121240616,0.9316918849945068,0.01589978113770485,5.099398094898788e-06
2025-08-22/IMG_0292.JPG,Medium,Medium,0.0013408239465206861,0.10758648067712784,0.8838483095169067,0.0072243548929691315
2025-08-22/IMG_0197.JPG,Small,Small,0.05215625837445259,0.8696708679199219,0.07729959487915039,0.0008732552523724735
2025-08-07/IMG_9638.JPG,Large,Large,0.00665653171017766,0.0365290567278862,0.19443459808826447,0.7623797655105591
2025-09-05/IMG_1213.JPG,Small,Very Small,0.6734180450439453,0.32399362325668335,0.002584754955023527,3.5758287140197353e-06
2025-09-29/IMG_1945.JPG,Very Small,Very Small,0.7661807537078857,0.22077900171279907,0.012503103353083134,0.0005370734143070877
2025-08-07/IMG_9575.JPG,Large,Large,0.011902154423296452,0.04852598160505295,0.19014333188533783,0.7494285106658936
2025-09-05/IMG_1204.JPG,Medium,Medium,0.00062374904518947,0.06322535872459412,0.8372846841812134,0.09886620938777924
2025-09-05/IMG_1087.JPG,Very Small,Very Small,0.5597237944602966,0.4326227903366089,0.00764258299022913,1.081135451386217e-05
2025-09-05/IMG_1226.JPG,Small,Small,0.009324485436081886,0.9455616474151611,0.04509462043642998,1.931425867951475e-05
2025-09-29/IMG_1723.JPG,Medium,Medium,7.667273166589439e-05,0.23330926895141602,0.7665066123008728,0.00010743126040324569
2025-08-07/IMG_9645.JPG,Large,Large,0.019731096923351288,0.06851726770401001,0.22375138103961945,0.6880002617835999
2025-08-22/IMG_9866.JPG,Small,Small,0.0208237674087286,0.9677844047546387,0.01138757262378931,4.260489276930457e-06
2025-09-05/IMG_1030.JPG,Very Small,Very Small,0.815948486328125,0.18081487715244293,0.003195496741682291,4.112012538826093e-05
2025-09-05/IMG_1265.JPG,Small,Small,0.1425701528787613,0.8168016076087952,0.040226347744464874,0.00040180940413847566
2025-08-22/IMG_0041.JPG,Small,Small,0.04252094402909279,0.6805323362350464,0.261980801820755,0.014965894632041454
2025-08-22/IMG_9984.JPG,Very Small,Very Small,0.6167253255844116,0.37233811616897583,0.010481730103492737,0.0004548156284727156
2025-09-05/IMG_1505.JPG,Small,Small,0.005362364929169416,0.8581727743148804,0.13621032238006592,0.00025456902221776545
2025-09-05/IMG_1113.JPG,Medium,Medium,0.001045830431394279,0.4072798192501068,0.5912203788757324,0.0004540080262813717
2025-09-05/IMG_1346.JPG,Small,Small,0.05278563126921654,0.8444514870643616,0.10053902119398117,0.002223817165941
2025-09-05/IMG_1066.JPG,Medium,Medium,0.02319084294140339,0.3470507860183716,0.48209139704704285,0.1476670652627945
2025-08-07/IMG_9604.JPG,Small,Small,0.1953752189874649,0.7740137577056885,0.03053925186395645,7.171774632297456e-05
2025-09-05/IMG_0981.JPG,Very Small,Small,0.3344403803348541,0.6163377165794373,0.048366203904151917,0.0008556613465771079
2025-09-05/IMG_1125.JPG,Medium,Medium,0.0009418721892870963,0.14839507639408112,0.8426768779754639,0.007986209355294704
2025-08-22/IMG_0020.JPG,Small,Small,0.10450373589992523,0.8473015427589417,0.047806087881326675,0.00038870982825756073
2025-08-07/IMG_9489.JPG,Very Small,Very Small,0.974984884262085,0.025010865181684494,4.336648999014869e-06,1.3528306253007827e-10
2025-09-05/IMG_1225.JPG,Small,Small,0.006932830438017845,0.8265588879585266,0.16522014141082764,0.0012881653383374214
2025-08-22/IMG_0028.JPG,Small,Small,0.034514736384153366,0.9201907515525818,0.045175950974226,0.00011862505925819278
2025-08-22/IMG_0218.JPG,Small,Small,0.04450976476073265,0.9536572098731995,0.0018326531862840056,2.9251324917822785e-07
2025-09-29/IMG_1701.JPG,Small,Small,0.09923796355724335,0.894015371799469,0.006746306549757719,3.047619259177736e-07
2025-08-07/IMG_9708.JPG,Large,Large,0.0029638740234076977,0.025983408093452454,0.18919558823108673,0.7818571329116821
2025-08-07/IMG_9254.JPG,Small,Small,0.003158379578962922,0.8771135807037354,0.11954054981470108,0.00018743348482530564
2025-08-22/IMG_0300.JPG,Small,Small,0.3473895490169525,0.6514047980308533,0.0012053995160385966,2.635999578615156e-07
2025-08-07/IMG_9167.JPG,Very Small,Small,0.3295978605747223,0.6072967052459717,0.059455715119838715,0.0036496766842901707
2025-08-07/IMG_9433.JPG,Small,Small,0.18609151244163513,0.5891560912132263,0.22069953382015228,0.004052907228469849
2025-09-05/IMG_1140.JPG,Medium,Medium,0.0002870938624255359,0.07792583107948303,0.9161967635154724,0.005590238142758608
2025-08-22/IMG_0109.JPG,Small,Small,0.10852596908807755,0.8491905331611633,0.04191014543175697,0.00037335368688218296
2025-08-22/IMG_9884.JPG,Medium,Medium,0.0028685778379440308,0.0926624983549118,0.6459873914718628,0.25848153233528137
2025-08-22/IMG_9860.JPG,Large,Large,0.0020079277455806732,0.020939266309142113,0.1758301556110382,0.8012226223945618
2025-09-29/IMG_1826.JPG,Small,Small,0.002082099672406912,0.6012030839920044,0.3963907063007355,0.00032406795071437955
2025-09-05/IMG_1270.JPG,Small,Small,0.03777320683002472,0.9102140069007874,0.051565587520599365,0.00044717825949192047
2025-09-05/IMG_0807.JPG,Medium,Medium,0.0008394329342991114,0.23446162045001984,0.7625210881233215,0.0021778279915452003
2025-08-07/IMG_9714.JPG,Large,Large,0.002657684264704585,0.02480440028011799,0.1844864934682846,0.788051426410675
2025-09-05/IMG_1584.JPG,Very Small,Very Small,0.771847665309906,0.21900410950183868,0.009057342074811459,9.086359932553023e-05
2025-08-22/IMG_0002.JPG,Very Small,Very Small,0.685381293296814,0.3141416311264038,0.0004768670187331736,9.358410579807241e-08
2025-08-22/IMG_0166.JPG,Very Small,Very Small,0.8657975196838379,0.13409043848514557,0.00011206355702597648,1.9875761481102927e-08
2025-09-05/IMG_1134.JPG,Small,Small,0.11993101984262466,0.8691957592964172,0.010872362181544304,9.497337032371433e-07
2025-08-07/IMG_9237.JPG,Medium,Medium,0.0016748361522331834,0.08907844871282578,0.7308195233345032,0.17842724919319153
2025-08-22/IMG_0182.JPG,Very Small,Very Small,0.9924599528312683,0.0075394511222839355,6.26750704668666e-07,1.5547644768854063e-11
2025-09-29/IMG_1671.JPG,Small,Small,0.14504526555538177,0.8303337097167969,0.024572761729359627,4.831759360968135e-05
2025-08-22/IMG_9770.JPG,Medium,Medium,0.0018277306808158755,0.15149164199829102,0.8341274857521057,0.012553109787404537
2025-08-07/IMG_9191.JPG,Small,Small,0.35594016313552856,0.6437914967536926,0.00026843565865419805,1.4281255289461114e-08
2025-09-05/IMG_1149.JPG,Small,Small,0.015727587044239044,0.9137223362922668,0.07051357626914978,3.647355697466992e-05
2025-08-22/IMG_9800.JPG,Small,Small,0.03428500518202782,0.9396734833717346,0.026034532114863396,6.998996923357481e-06
2025-08-07/IMG_9509.JPG,Small,Small,0.11375781893730164,0.7532312273979187,0.12392688542604446,0.00908409059047699
2025-09-05/IMG_1163.JPG,Medium,Medium,0.01752070151269436,0.41923224925994873,0.5556002855300903,0.007646782323718071
2025-09-05/IMG_0879.JPG,Small,Small,0.04771913215517998,0.9013001918792725,0.05089082196354866,8.98898288141936e-05
2025-08-22/IMG_9833.JPG,Small,Small,0.008145004510879517,0.966891348361969,0.024953776970505714,9.91330398392165e-06
2025-08-07/IMG_9616.JPG,Large,Large,0.009065930731594563,0.04428573325276375,0.20285701751708984,0.7437913417816162
2025-08-22/IMG_9838.JPG,Medium,Small,0.0493876077234745,0.4820594787597656,0.4126538634300232,0.05589907988905907
2025-09-05/IMG_1001.JPG,Small,Small,0.01296765822917223,0.7687782049179077,0.21572762727737427,0.0025264988653361797
2025-09-05/IMG_1549.JPG,Very Small,Very Small,0.7222225069999695,0.2597854733467102,0.017601599916815758,0.0003904234035871923
2025-08-07/IMG_9429.JPG,Small,Small,0.01430392824113369,0.8562483191490173,0.1293182075023651,0.00012959243031218648
2025-08-07/IMG_9454.JPG,Very Small,Very Small,0.9994437098503113,0.0005562699516303837,7.007189828378557e-10,1.6929524432296553e-16
2025-09-29/IMG_1766.JPG,Medium,Small,0.0011685953941196203,0.542191743850708,0.45639947056770325,0.0002401929668849334
2025-09-05/IMG_1532.JPG,Very Small,Very Small,0.7945622205734253,0.19949272274971008,0.005866063758730888,7.905124220997095e-05
2025-09-29/IMG_1681.JPG,Medium,Medium,3.138458851026371e-06,0.02343485690653324,0.9753009080886841,0.0012610742123797536
2025-09-05/IMG_0809.JPG,Very Small,Very Small,0.9979002475738525,0.002099800854921341,5.392004354121127e-08,2.497856251264946e-13
2025-09-05/IMG_1501.JPG,Small,Small,0.010869068093597889,0.9021841287612915,0.08665628731250763,0.0002904519496951252
2025-09-29/IMG_1801.JPG,Very Small,Very Small,0.9988052845001221,0.00119464797899127,6.335681490554634e-08,5.022526990659804e-13
2025-08-22/IMG_0007.JPG,Small,Very Small,0.6759843826293945,0.3231242895126343,0.0008909243624657393,4.095245174084994e-07
2025-08-07/IMG_9180.JPG,Small,Very Small,0.5487120151519775,0.41807493567466736,0.03209293261170387,0.001120163593441248
2025-09-05/IMG_1227.JPG,Small,Small,0.01689862087368965,0.9496269822120667,0.033446863293647766,2.7536694688024e-05
2025-09-29/IMG_1912.JPG,Small,Very Small,0.6497451066970825,0.34451279044151306,0.005721785128116608,2.031563053606078e-05
2025-08-07/IMG_9510.JPG,Small,Small,0.06049157679080963,0.8990538120269775,0.040042098611593246,0.00041250826325267553
2025-09-05/IMG_0949.JPG,Small,Medium,0.0013819325249642134,0.36258816719055176,0.6337206363677979,0.0023093214258551598
2025-09-05/IMG_1173.JPG,Very Small,Very Small,0.8949331045150757,0.10479528456926346,0.00027151944232173264,1.2585702791056974e-07
2025-08-07/IMG_9457.JPG,Small,Small,0.31326189637184143,0.6828974485397339,0.0038367328234016895,3.889449544658419e-06
2025-09-05/IMG_1228.JPG,Small,Small,0.011536172591149807,0.9312275052070618,0.05717486888170242,6.147687236079946e-05
2025-08-07/IMG_9160.JPG,Small,Very Small,0.6514190435409546,0.3275303244590759,0.01915166527032852,0.0018989781383424997
2025-08-07/IMG_9140.JPG,Very Small,Very Small,0.881741464138031,0.11780592799186707,0.0004510399012360722,1.5616075188518153e-06
2025-09-29/IMG_1722.JPG,Very Small,Very Small,0.9942797422409058,0.00571442348882556,5.835975571244489e-06,1.219990330980636e-09
2025-09-05/IMG_0872.JPG,Small,Small,0.008868132717907429,0.9545013308525085,0.036602649837732315,2.7911082725040615e-05
2025-09-05/IMG_1252.JPG,Small,Small,0.07909124344587326,0.8522224426269531,0.06832984834909439,0.00035645574098452926
2025-09-05/IMG_1557.JPG,Very Small,Small,0.19395875930786133,0.7431215643882751,0.06083470955491066,0.0020850144792348146
2025-08-22/IMG_9742.JPG,Small,Small,0.1253533512353897,0.776703953742981,0.09349098056554794,0.004451693966984749
2025-08-22/IMG_0163.JPG,Very Small,Very Small,0.9981260895729065,0.0018735694466158748,3.5378013762965566e-07,1.3557010548892467e-11
2025-08-22/IMG_9837.JPG,Medium,Medium,0.011602813377976418,0.43991926312446594,0.5351075530052185,0.013370386324822903
2025-09-29/IMG_1933.JPG,Very Small,Very Small,0.7374589443206787,0.25371792912483215,0.008742778562009335,8.038501255214214e-05
2025-09-05/IMG_1309.JPG,Small,Small,0.07241594046354294,0.8447769284248352,0.081589475274086,0.0012175970477983356
2025-09-05/IMG_1196.JPG,Very Small,Very Small,0.9839767217636108,0.016007328405976295,1.5932959286146797e-05,5.968221028496146e-09
2025-09-05/IMG_1167.JPG,Very Small,Very Small,0.9262112975120544,0.07367219030857086,0.000116448660264723,1.0539118022734328e-08
2025-09-29/IMG_1731.JPG,Small,Small,0.004748199135065079,0.9860261678695679,0.009225540794432163,8.845193377737814e-08
2025-09-05/IMG_1559.JPG,Small,Small,0.01860758103430271,0.7109963893890381,0.26322799921035767,0.0071680182591080666
2025-08-07/IMG_9584.JPG,Medium,Medium,0.0035453238524496555,0.12231122702360153,0.7459802031517029,0.12816329300403595
2025-08-07/IMG_9485.JPG,Medium,Medium,0.0010342755122110248,0.08848685771226883,0.8747380971908569,0.035740699619054794
2025-09-05/IMG_1494.JPG,Small,Small,0.04253954067826271,0.9503843188285828,0.007072395645081997,3.7655192954844097e-06
2025-08-07/IMG_9659.JPG,Large,Large,0.014767242595553398,0.053488247096538544,0.1834222823381424,0.7483221888542175
2025-09-05/IMG_0922.JPG,Very Small,Very Small,0.945280909538269,0.054639652371406555,7.948471466079354e-05,2.0056146965430344e-08
2025-08-22/IMG_9806.JPG,Medium,Medium,8.44242749735713e-05,0.05124559625983238,0.9211238622665405,0.027546077966690063
2025-09-29/IMG_1794.JPG,Very Small,Very Small,0.9549729824066162,0.04498293250799179,4.4016629544785246e-05,2.51040366272548e-09
2025-08-22/IMG_9979.JPG,Very Small,Small,0.08983216434717178,0.4565540850162506,0.42533960938453674,0.02827422320842743
2025-08-22/IMG_0121.JPG,Very Small,Very Small,0.9687841534614563,0.031155260279774666,6.049500370863825e-05,3.706396967118053e-08
2025-08-07/IMG_9245.JPG,Medium,Medium,0.001337508438155055,0.13243964314460754,0.813243567943573,0.05297936499118805
2025-08-22/IMG_9900.JPG,Small,Small,0.048612192273139954,0.9506801962852478,0.0007076465990394354,3.072100440704162e-08
2025-08-07/IMG_9487.JPG,Small,Small,0.070258229970932,0.9183491468429565,0.011386338621377945,6.223203399713384e-06
2025-09-05/IMG_0952.JPG,Small,Small,0.054031357169151306,0.9334457516670227,0.012514009140431881,8.86956331669353e-06
2025-09-05/IMG_1320.JPG,Small,Small,0.22112219035625458,0.5195319056510925,0.2314274162054062,0.02791851945221424
2025-08-07/IMG_9526.JPG,Medium,Medium,0.032842185348272324,0.17255118489265442,0.4752114713191986,0.31939515471458435
2025-08-22/IMG_9804.JPG,Very Small,Very Small,0.999653697013855,0.0003462791792117059,1.640200153474325e-08,3.8696075423810816e-13
2025-09-05/IMG_1568.JPG,Small,Small,0.06689652800559998,0.8453065752983093,0.08735230565071106,0.00044457713374868035
2025-09-05/IMG_1475.JPG,Medium,Medium,0.002479011658579111,0.13643193244934082,0.790982723236084,0.07010635733604431
2025-08-22/IMG_0287.JPG,Medium,Medium,0.001626322977244854,0.15009522438049316,0.839239776134491,0.009038654156029224
2025-09-29/IMG_1712.JPG,Small,Medium,0.0021862161811441183,0.3506444990634918,0.6448975205421448,0.002271668752655387
2025-09-05/IMG_0797.JPG,Small,Small,0.13723716139793396,0.8613813519477844,0.0013814590638503432,3.40909700469183e-08
2025-08-07/IMG_9506.JPG,Very Small,Very Small,0.9891582727432251,0.010813006199896336,2.8646336431847885e-05,4.684375909391747e-08
2025-09-29/IMG_1890.JPG,Small,Small,0.1769566833972931,0.7088700532913208,0.10985498130321503,0.0043183425441384315
2025-09-29/IMG_1876.JPG,Very Small,Small,0.4615083634853363,0.5272892117500305,0.011089963838458061,0.00011242967593716457
2025-08-22/IMG_0083.JPG,Very Small,Very Small,0.9348967671394348,0.06415234506130219,0.0009402466821484268,1.0583521543594543e-05
2025-09-05/IMG_0982.JPG,Small,Small,0.30350327491760254,0.6275621652603149,0.0654945969581604,0.003439947497099638
2025-09-05/IMG_1407.JPG,Small,Small,0.10808829963207245,0.872708261013031,0.0192022193223238,1.2188636446808232e-06
2025-09-05/IMG_1000.JPG,Very Small,Very Small,0.893887996673584,0.10338792204856873,0.0026932908222079277,3.071740866289474e-05
2025-09-05/IMG_1321.JPG,Very Small,Very Small,0.7646030187606812,0.2232152372598648,0.011582865379750729,0.0005988256889395416
2025-09-29/IMG_1691.JPG,Medium,Medium,2.4646865881550184e-07,0.0045411125756800175,0.9935815334320068,0.0018771603936329484
2025-09-05/IMG_1530.JPG,Small,Medium,0.06798215210437775,0.43088656663894653,0.46809160709381104,0.03303971514105797
2025-09-05/IMG_1253.JPG,Small,Small,0.04075990989804268,0.7190338373184204,0.23786769807338715,0.0023385565727949142
2025-08-22/IMG_0250.JPG,Very Small,Very Small,0.9946029782295227,0.005396606866270304,3.708624660703208e-07,2.3813039214115594e-12
2025-09-05/IMG_0906.JPG,Very Small,Very Small,0.9793884754180908,0.020594671368598938,1.6930407582549378e-05,4.283267962534865e-09
2025-09-05/IMG_0829.JPG,Small,Small,0.014388213865458965,0.971721887588501,0.013888086192309856,1.7939655663212761e-06
2025-08-22/IMG_0225.JPG,Very Small,Very Small,0.9994246959686279,0.0005753175355494022,1.9355933744691356e-08,1.6127629288466283e-13
2025-08-22/IMG_9760.JPG,Small,Small,0.0036643906496465206,0.8622581958770752,0.13405321538448334,2.4294029572047293e-05
2025-09-05/IMG_1312.JPG,Small,Small,0.20203229784965515,0.7522385716438293,0.044064711779356,0.0016644485294818878
2025-09-05/IMG_1211.JPG,Small,Small,0.1416522115468979,0.8311094045639038,0.027101438492536545,0.00013703785953111947
2025-08-22/IMG_0237.JPG,Very Small,Very Small,0.8749011158943176,0.12475882470607758,0.0003397659747861326,2.6326142688049003e-07
2025-09-05/IMG_1115.JPG,Medium,Medium,0.0001707200863165781,0.05501151829957962,0.9335333108901978,0.011284425854682922
2025-08-22/IMG_0060.JPG,Very Small,Very Small,0.527101457118988,0.45331329107284546,0.019451698288321495,0.00013355372357182205
2025-08-07/IMG_9426.JPG,Medium,Small,0.011008812114596367,0.6456495523452759,0.341189980506897,0.0021516182459890842
2025-09-05/IMG_1208.JPG,Small,Small,0.32219061255455017,0.6709313988685608,0.006867316551506519,1.0687237590900622e-05
2025-08-07/IMG_9542.JPG,Large,Large,0.037903860211372375,0.10665067285299301,0.25591030716896057,0.5995351672172546
2025-09-05/IMG_0798.JPG,Small,Small,0.0027789752930402756,0.800271213054657,0.19689571857452393,5.410270023276098e-05
2025-09-05/IMG_0903.JPG,Small,Small,0.0032092726323753595,0.5924903750419617,0.4034522771835327,0.0008480280521325767
2025-08-07/IMG_9615.JPG,Large,Large,0.0011840085498988628,0.039879053831100464,0.3250131905078888,0.6339237689971924
2025-09-05/IMG_1224.JPG,Small,Small,0.003018468851223588,0.7260236740112305,0.2704165279865265,0.0005414015613496304
2025-09-05/IMG_1416.JPG,Very Small,Very Small,0.9963732361793518,0.003622638061642647,3.983569513366092e-06,9.268915079907458e-10
2025-08-07/IMG_9544.JPG,Large,Large,0.03529420122504234,0.15023808181285858,0.39875271916389465,0.41571497917175293
2025-09-05/IMG_1544.JPG,Very Small,Very Small,0.5642551779747009,0.2886219322681427,0.13158485293388367,0.015537993051111698
2025-09-29/IMG_1821.JPG,Very Small,Very Small,0.934720516204834,0.06527438759803772,5.144532678968972e-06,3.4115814340207606e-11
2025-09-05/IMG_1002.JPG,Small,Small,0.2533424198627472,0.7295828461647034,0.017002243548631668,7.242683204822242e-05
2025-09-05/IMG_1099.JPG,Small,Small,0.11426427215337753,0.8669294714927673,0.018802134320139885,4.1073080865317024e-06
2025-09-29/IMG_1684.JPG,Medium,Medium,0.00013088223931845278,0.25889015197753906,0.740757405757904,0.00022151765006128699
2025-08-07/IMG_9150.JPG,Very Small,Very Small,0.8282314538955688,0.16400766372680664,0.007315999362617731,0.0004448404652066529
2025-09-05/IMG_1410.JPG,Medium,Medium,0.0002943348081316799,0.11977238208055496,0.8776540756225586,0.002279225504025817
2025-08-22/IMG_9807.JPG,Very Small,Very Small,0.8304658532142639,0.16634097695350647,0.0031891497783362865,3.956994987674989e-06
2025-08-22/IMG_0113.JPG,Small,Small,0.12019611150026321,0.7850260138511658,0.09400416910648346,0.0007737405830994248
2025-08-07/IMG_9231.JPG,Small,Small,0.13343237340450287,0.8327487707138062,0.03359949216246605,0.0002194318367401138
2025-08-07/IMG_9634.JPG,Large,Large,0.0020671235397458076,0.019662128761410713,0.15404681861400604,0.8242238759994507
2025-09-29/IMG_1737.JPG,Small,Small,0.06368237733840942,0.936075747013092,0.00024194522120524198,7.41501138268319e-10
2025-08-07/IMG_9656.JPG,Large,Large,0.005796998739242554,0.03638651967048645,0.1947084218263626,0.7631080746650696
2025-09-05/IMG_1268.JPG,Small,Small,0.16782709956169128,0.8012230396270752,0.030688200145959854,0.00026174631784670055
2025-09-05/IMG_1336.JPG,Small,Small,0.14399448037147522,0.6434016823768616,0.1860371232032776,0.026566680520772934
2025-09-29/IMG_1697.JPG,Medium,Medium,4.540169902611524e-05,0.16813087463378906,0.831692099571228,0.0001315582194365561
2025-09-29/IMG_1805.JPG,Very Small,Very Small,0.9968007802963257,0.003198557998985052,6.330408837129653e-07,3.2248953507618694e-11
2025-08-07/IMG_9441.JPG,Very Small,Very Small,0.9920910596847534,0.007907681167125702,1.2525426882348256e-06,3.658433972431041e-11
2025-09-05/IMG_1045.JPG,Medium,Small,0.18053214251995087,0.7069509625434875,0.10776212066411972,0.004754760768264532
2025-09-05/IMG_1518.JPG,Small,Small,0.17597007751464844,0.7925184369087219,0.031172970309853554,0.0003385272284504026
2025-09-05/IMG_1502.JPG,Small,Small,0.004522557370364666,0.6977066397666931,0.2964164912700653,0.0013543188106268644
2025-08-07/IMG_9693.JPG,Medium,Medium,0.0006138568860478699,0.10835769772529602,0.8834848999977112,0.007543532643467188
2025-08-22/IMG_0251.JPG,Very Small,Very Small,0.9997267127037048,0.0002732468710746616,5.510388145779643e-09,1.7015828036957142e-14
2025-09-29/IMG_1862.JPG,Small,Small,0.23985056579113007,0.70774245262146,0.051294710487127304,0.0011122984578832984
2025-08-22/IMG_0200.JPG,Small,Small,0.03037615865468979,0.9615422487258911,0.008079652674496174,1.8959136696139467e-06
2025-08-07/IMG_9420.JPG,Small,Small,0.08103237301111221,0.8739798665046692,0.04478301480412483,0.00020477025827858597
2025-09-05/IMG_1580.JPG,Small,Small,0.14249354600906372,0.7194389700889587,0.12901626527309418,0.009051245637238026
2025-09-05/IMG_0965.JPG,Small,Small,0.0019516984466463327,0.5550912618637085,0.4410068988800049,0.0019500890048220754
2025-08-07/IMG_9458.JPG,Small,Small,0.1587752252817154,0.838874876499176,0.0023496164940297604,3.059938933347439e-07
2025-08-22/IMG_9763.JPG,Very Small,Very Small,0.8167599439620972,0.18025262653827667,0.002958473516628146,2.9032898964942433e-05
2025-09-05/IMG_1504.JPG,Medium,Medium,0.0012253012973815203,0.18080507218837738,0.7869412302970886,0.03102843090891838
2025-08-22/IMG_0070.JPG,Small,Small,0.08844120055437088,0.844160795211792,0.06662152707576752,0.0007764575420878828
2025-09-05/IMG_1234.JPG,Small,Small,0.011396633461117744,0.717244565486908,0.26802194118499756,0.0033368172589689493
2025-08-07/IMG_9590.JPG,Medium,Small,0.05729877948760986,0.7295812368392944,0.20682737231254578,0.006292694713920355
2025-08-22/IMG_0241.JPG,Very Small,Very Small,0.99970942735672,0.0002905916189774871,4.364873795736912e-09,2.3527592024684234e-14
2025-08-07/IMG_9558.JPG,Small,Small,0.01721377484500408,0.4893537163734436,0.4677806794643402,0.02565182000398636
2025-09-29/IMG_1917.JPG,Very Small,Very Small,0.8686598539352417,0.1245773658156395,0.006441829260438681,0.0003210061986465007
2025-09-05/IMG_1536.JPG,Small,Small,0.07592564076185226,0.8839297890663147,0.039805348962545395,0.0003391613718122244
2025-09-05/IMG_0820.JPG,Medium,Medium,3.313829438411631e-05,0.07671573013067245,0.9226325154304504,0.0006186760147102177
2025-08-22/IMG_9734.JPG,Very Small,Very Small,0.9074681997299194,0.09189353883266449,0.0006352835916914046,2.8775841656170087e-06
2025-08-07/IMG_9159.JPG,Small,Very Small,0.49191349744796753,0.4291839599609375,0.06574530899524689,0.013157171197235584
2025-09-05/IMG_1342.JPG,Very Small,Very Small,0.9033058881759644,0.08951719850301743,0.006899717263877392,0.0002771133731584996
2025-09-05/IMG_1276.JPG,Medium,Small,0.24570778012275696,0.7023513913154602,0.05129782855510712,0.0006430439534597099
2025-09-29/IMG_1807.JPG,Very Small,Very Small,0.9902966618537903,0.009699809364974499,3.585383410609211e-06,3.790778246859361e-10
2025-08-22/IMG_9894.JPG,Small,Small,0.06690552830696106,0.9297763705253601,0.0033174336422234774,7.202212941592734e-07
2025-09-05/IMG_1323.JPG,Very Small,Very Small,0.6306036710739136,0.33541586995124817,0.03288376331329346,0.0010966664412990212
2025-08-22/IMG_0102.JPG,Very Small,Very Small,0.5738519430160522,0.35629796981811523,0.05546743795275688,0.014382622204720974
2025-09-29/IMG_1718.JPG,Small,Small,0.04744268208742142,0.9339606761932373,0.01858355849981308,1.3010439943172969e-05
2025-09-29/IMG_1680.JPG,Small,Small,0.038286615163087845,0.9422250390052795,0.019462229683995247,2.6105721190106124e-05
2025-08-22/IMG_9960.JPG,Very Small,Very Small,0.8842397332191467,0.11528629809617996,0.0004726744082290679,1.373429540763027e-06
2025-09-29/IMG_1883.JPG,Small,Small,0.028477227315306664,0.9504764676094055,0.021015077829360962,3.1139621569309384e-05
2025-09-05/IMG_0867.JPG,Medium,Medium,0.00028851351817138493,0.07730616629123688,0.9192244410514832,0.0031809001229703426
2025-09-05/IMG_1324.JPG,Small,Small,0.03458813205361366,0.7501404285430908,0.21186000108718872,0.0034114480949938297
2025-09-05/IMG_0804.JPG,Medium,Medium,0.0041102091781795025,0.16107062995433807,0.767667829990387,0.06715132296085358
2025-08-22/IMG_0138.JPG,Very Small,Very Small,0.9848644733428955,0.01510631013661623,2.9111535695847124e-05,2.367027285288259e-08
2025-08-22/IMG_0128.JPG,Very Small,Very Small,0.992779552936554,0.0071981786750257015,2.224180570919998e-05,2.1121220328268464e-08
2025-09-05/IMG_1078.JPG,Small,Small,0.003769392380490899,0.880882203578949,0.11533214151859283,1.6299469280056655e-05
2025-08-22/IMG_0236.JPG,Very Small,Very Small,0.982394278049469,0.01758408173918724,2.158305505872704e-05,1.18702487839073e-08
2025-09-29/IMG_1672.JPG,Small,Small,0.07404907047748566,0.9239229559898376,0.0020279777236282825,4.986512180948921e-08
2025-08-07/IMG_9475.JPG,Small,Small,0.010668390430510044,0.9782651662826538,0.011066226288676262,2.819615190219338e-07
2025-09-05/IMG_1188.JPG,Very Small,Very Small,0.8184549808502197,0.17386893928050995,0.0075545646250247955,0.0001214656513184309
2025-08-07/IMG_9713.JPG,Large,Large,0.005360345356166363,0.03641992807388306,0.19930079579353333,0.7589189410209656
2025-09-05/IMG_1452.JPG,Very Small,Small,0.4141497313976288,0.5842631459236145,0.0015867132460698485,4.3773883362518973e-07
2025-09-05/IMG_1589.JPG,Very Small,Small,0.13094747066497803,0.6742666959762573,0.1732790321111679,0.021506786346435547
2025-09-29/IMG_1923.JPG,Very Small,Very Small,0.8627533912658691,0.1329583376646042,0.004220450296998024,6.780616968171671e-05
2025-08-22/IMG_0173.JPG,Very Small,Very Small,0.933047354221344,0.06693591177463531,1.6676161976647563e-05,9.53957024485419e-10
2025-09-05/IMG_1465.JPG,Very Small,Very Small,0.9746692776679993,0.025295212864875793,3.555644798325375e-05,8.556034103435195e-09
2025-08-07/IMG_9414.JPG,Large,Large,0.0032740964088588953,0.05406297743320465,0.3787687420845032,0.5638941526412964
2025-08-07/IMG_9182.JPG,Very Small,Very Small,0.6121512055397034,0.3277716338634491,0.054698437452316284,0.005378711968660355
2025-08-22/IMG_0253.JPG,Medium,Medium,1.897909169201739e-05,0.06578140705823898,0.9336904287338257,0.0005091850180178881
2025-08-22/IMG_9999.JPG,Very Small,Very Small,0.826646089553833,0.17308813333511353,0.00026569937472231686,1.0418224860586633e-07
2025-09-05/IMG_1241.JPG,Medium,Medium,0.004275492392480373,0.39127933979034424,0.5942866802215576,0.010158497840166092
2025-08-22/IMG_9861.JPG,Small,Small,0.001965257339179516,0.5938251614570618,0.40284785628318787,0.0013617398217320442
2025-09-05/IMG_0808.JPG,Very Small,Very Small,0.9844064712524414,0.015562647022306919,3.087903678533621e-05,4.308286172260978e-09
2025-09-05/IMG_1006.JPG,Very Small,Very Small,0.8334784507751465,0.16205227375030518,0.004426190629601479,4.3094554712297395e-05
2025-08-22/IMG_0115.JPG,Very Small,Very Small,0.6007129549980164,0.3897566795349121,0.009482761844992638,4.7655539674451575e-05
2025-08-22/IMG_0045.JPG,Small,Small,0.1365145742893219,0.8050968050956726,0.057596880942583084,0.0007916883914731443
2025-09-05/IMG_1269.JPG,Small,Small,0.030087854713201523,0.9333948493003845,0.03638337925076485,0.0001339907175861299
2025-09-05/IMG_1261.JPG,Medium,Small,0.09670703113079071,0.5853832960128784,0.2935667335987091,0.02434294857084751
2025-09-05/IMG_1360.JPG,Very Small,Very Small,0.9731802940368652,0.026732290163636208,8.732104470254853e-05,3.34765708487339e-08
2025-09-05/IMG_1144.JPG,Medium,Medium,0.0005643456825055182,0.07444488257169724,0.9158108830451965,0.009179925546050072
2025-09-05/IMG_1178.JPG,Medium,Medium,0.008935528807342052,0.4611671566963196,0.5280957818031311,0.0018015397945418954
2025-09-05/IMG_0892.JPG,Very Small,Very Small,0.9938564896583557,0.006139534059911966,3.85421299142763e-06,6.954076203768977e-10
2025-09-05/IMG_1333.JPG,Small,Very Small,0.6894115805625916,0.2976002097129822,0.01274869404733181,0.00023948632588144392
2025-09-05/IMG_1111.JPG,Medium,Medium,1.6795125702628866e-05,0.03019610606133938,0.9684858322143555,0.0013013584539294243
2025-08-07/IMG_9690.JPG,Large,Large,0.004343466367572546,0.052660468965768814,0.37213680148124695,0.5708592534065247
2025-08-07/IMG_9709.JPG,Large,Large,0.007996967062354088,0.04360305890440941,0.20543451607227325,0.7429653406143188
2025-09-05/IMG_0852.JPG,Small,Small,0.01649964600801468,0.9761431217193604,0.00735672190785408,4.261212609435461e-07
2025-09-05/IMG_1440.JPG,Very Small,Very Small,0.967173159122467,0.032821834087371826,5.096587301522959e-06,1.3162609890926547e-10
2025-09-05/IMG_1255.JPG,Small,Small,0.009253976866602898,0.9272485375404358,0.06344176083803177,5.574534588959068e-05
2025-09-05/IMG_1564.JPG,Very Small,Very Small,0.7049415707588196,0.2893359363079071,0.0056890565901994705,3.3417549275327474e-05
2025-08-22/IMG_0174.JPG,Small,Small,0.30750027298927307,0.690908670425415,0.0015906901098787785,3.8465819329758233e-07
2025-08-07/IMG_9155.JPG,Small,Small,0.15120552480220795,0.5765494108200073,0.21749670803546906,0.05474834889173508
2025-09-05/IMG_1310.JPG,Very Small,Very Small,0.9037126898765564,0.09035195410251617,0.005623520351946354,0.0003117895976174623
2025-09-05/IMG_1154.JPG,Very Small,Very Small,0.6295250058174133,0.3638281524181366,0.0066333007998764515,1.3508070878742728e-05
2025-09-05/IMG_0875.JPG,Very Small,Very Small,0.94707852602005,0.05284624174237251,7.524414832005277e-05,1.9046165533609383e-08
2025-09-05/IMG_0970.JPG,Small,Small,0.04651322588324547,0.7158728241920471,0.22847871482372284,0.009135289117693901
2025-08-07/IMG_9574.JPG,Large,Large,0.0038649931084364653,0.05118507146835327,0.3458488881587982,0.5991010665893555
2025-09-05/IMG_1572.JPG,Medium,Medium,0.012095698155462742,0.3028008043766022,0.6018303632736206,0.08327315002679825
2025-08-22/IMG_0039.JPG,Very Small,Very Small,0.7229416370391846,0.2669278085231781,0.010019663721323013,0.00011085839651059359
2025-08-22/IMG_9919.JPG,Very Small,Very Small,0.7511131763458252,0.24639974534511566,0.002480366500094533,6.697937351418659e-06
2025-08-07/IMG_9216.JPG,Medium,Medium,0.004156037233769894,0.4333225190639496,0.5594136714935303,0.003107746597379446
2025-09-29/IMG_1710.JPG,Medium,Medium,1.56023509134684e-06,0.030422961339354515,0.9691557288169861,0.0004196655936539173
2025-09-29/IMG_1849.JPG,Small,Large,0.07770249247550964,0.19721300899982452,0.35348060727119446,0.37160390615463257
2025-08-22/IMG_0089.JPG,Medium,Small,0.013163745403289795,0.5423532724380493,0.4335967004299164,0.010886305011808872
2025-09-05/IMG_1072.JPG,Small,Small,0.4290740191936493,0.45660221576690674,0.10204911977052689,0.012274602428078651
2025-08-07/IMG_9263.JPG,Small,Small,0.08736580610275269,0.8892084956169128,0.023302316665649414,0.0001233371440321207
2025-09-05/IMG_1077.JPG,Small,Small,0.10353245586156845,0.8870617151260376,0.009401796385645866,3.9840242607169785e-06
2025-09-29/IMG_1719.JPG,Very Small,Very Small,0.9726866483688354,0.027305476367473602,7.84317762736464e-06,3.012378124722659e-10
2025-09-05/IMG_1482.JPG,Small,Small,0.050544802099466324,0.9472615122795105,0.0021933424286544323,3.610028045386571e-07
2025-09-05/IMG_1439.JPG,Very Small,Very Small,0.9911811351776123,0.008813775144517422,5.0450366870791186e-06,4.6181466983874486e-10
2025-08-07/IMG_9641.JPG,Large,Large,0.0021393494680523872,0.03141824156045914,0.2717955410480499,0.6946468353271484
2025-09-05/IMG_0888.JPG,Small,Medium,0.004931604024022818,0.4387522339820862,0.5529417395591736,0.0033744601532816887
2025-08-22/IMG_0213.JPG,Very Small,Very Small,0.997564435005188,0.002434859750792384,7.078027124407527e-07,6.858787149344181e-11
2025-08-22/IMG_0058.JPG,Small,Small,0.06219226494431496,0.8894551396369934,0.048040471971035004,0.0003121218178421259
2025-09-05/IMG_1197.JPG,Very Small,Very Small,0.8367514610290527,0.1629813313484192,0.00026711312239058316,1.191824168245148e-07
2025-08-07/IMG_9115.JPG,Small,Small,0.1455993950366974,0.8347267508506775,0.01955142617225647,0.00012249751307535917
2025-08-22/IMG_9896.JPG,Small,Small,0.07875696569681168,0.9210327863693237,0.0002102648577420041,2.224456174815259e-09
2025-09-05/IMG_1005.JPG,Very Small,Very Small,0.6235189437866211,0.2922770380973816,0.06729985028505325,0.016904205083847046
2025-08-22/IMG_9904.JPG,Small,Small,0.03985558822751045,0.9583407044410706,0.0018036429537460208,1.2635366886115662e-07
2025-09-29/IMG_1898.JPG,Medium,Medium,0.0027730807196348906,0.31207147240638733,0.6581536531448364,0.027001749724149704
2025-09-05/IMG_1112.JPG,Very Small,Very Small,0.9835294485092163,0.016469227150082588,1.3638527889270335e-06,5.945609022478537e-12
2025-09-29/IMG_1881.JPG,Small,Small,0.01765573024749756,0.9433507919311523,0.038966815918684006,2.6601399440551177e-05
2025-09-05/IMG_1187.JPG,Small,Small,0.016170209273695946,0.846305251121521,0.13720378279685974,0.0003207233385182917
2025-08-07/IMG_9243.JPG,Very Small,Very Small,0.9755223989486694,0.024456687271595,2.0903067706967704e-05,5.197844821225317e-09
2025-09-05/IMG_0929.JPG,Large,Large,0.000789473473560065,0.025432074442505836,0.3184749186038971,0.6553034782409668
2025-08-22/IMG_9786.JPG,Medium,Medium,0.002076180651783943,0.4709130823612213,0.5266629457473755,0.0003477788995951414
2025-08-22/IMG_0051.JPG,Very Small,Very Small,0.7765387296676636,0.17926377058029175,0.038784414529800415,0.005413059610873461
2025-08-22/IMG_0211.JPG,Small,Small,0.3196551501750946,0.6793254613876343,0.0010193423368036747,8.90382523266453e-08
2025-09-05/IMG_1472.JPG,Large,Medium,0.001519374898634851,0.06495294719934464,0.6126682162284851,0.320859432220459
2025-08-07/IMG_9694.JPG,Medium,Medium,0.0004952759481966496,0.05255613848567009,0.8085516691207886,0.13839693367481232
2025-09-29/IMG_1879.JPG,Very Small,Very Small,0.7697603106498718,0.21839168667793274,0.011574838310480118,0.0002730829583015293
2025-08-07/IMG_9450.JPG,Small,Small,0.08253953605890274,0.9118875861167908,0.00557197630405426,9.002138767755241e-07
2025-09-05/IMG_1486.JPG,Large,Large,0.005516328848898411,0.07490427792072296,0.40887707471847534,0.5107023119926453
2025-08-07/IMG_9579.JPG,Medium,Medium,0.0016867151716724038,0.08176115900278091,0.7062690854072571,0.21028302609920502
2025-08-22/IMG_0186.JPG,Medium,Medium,0.006195547990500927,0.25280001759529114,0.7159427404403687,0.02506176382303238
2025-08-22/IMG_0123.JPG,Small,Small,0.1793961226940155,0.7906650304794312,0.029835037887096405,0.00010378306615166366
2025-08-07/IMG_9532.JPG,Medium,Medium,0.0015022194711491466,0.045936957001686096,0.5079486966133118,0.44461214542388916
2025-08-22/IMG_0094.JPG,Very Small,Very Small,0.92591792345047,0.07241831719875336,0.0016379011794924736,2.5878302039927803e-05
2025-09-05/IMG_1400.JPG,Small,Small,0.0134488046169281,0.7210891246795654,0.2651299834251404,0.0003320297983009368
2025-09-05/IMG_1394.JPG,Medium,Medium,0.0018734992481768131,0.19917543232440948,0.7957271337509155,0.0032238750718533993
2025-08-22/IMG_9881.JPG,Very Small,Very Small,0.606372594833374,0.39113837480545044,0.0024880615528672934,9.353531709166418e-07
2025-09-05/IMG_1457.JPG,Small,Small,0.16275270283222198,0.8213161826133728,0.015916096046566963,1.5034846910566557e-05
2025-09-05/IMG_1576.JPG,Very Small,Very Small,0.6266340613365173,0.31908121705055237,0.0493105985224247,0.004974098410457373
2025-08-22/IMG_0281.JPG,Medium,Medium,0.0020949894096702337,0.24900826811790466,0.7474130392074585,0.0014836924383416772
2025-08-22/IMG_0229.JPG,Small,Small,0.26155534386634827,0.7380096912384033,0.00043491023825481534,6.911436756240619e-09
2025-08-07/IMG_9449.JPG,Medium,Medium,0.0008146983454935253,0.2836713492870331,0.7141681909561157,0.0013457936001941562
2025-08-07/IMG_9505.JPG,Medium,Medium,0.004962380044162273,0.45891091227531433,0.5292996168136597,0.006827077828347683
2025-08-22/IMG_0183.JPG,Small,Small,0.39805346727371216,0.5977746248245239,0.004167620558291674,4.3133654799021315e-06
2025-08-22/IMG_9748.JPG,Very Small,Very Small,0.99871826171875,0.0012814676156267524,2.4261422026938817e-07,8.968091026739788e-12
2025-09-05/IMG_1137.JPG,Small,Small,0.012294272892177105,0.9322072863578796,0.05548885837197304,9.535327990306541e-06
2025-09-29/IMG_1747.JPG,Very Small,Very Small,0.9946659803390503,0.005333616863936186,3.343397736443876e-07,1.6781276888921948e-12
2025-08-07/IMG_9151.JPG,Very Small,Very Small,0.6307154297828674,0.3574681878089905,0.01126184780150652,0.0005545588792301714
2025-09-05/IMG_1540.JPG,Very Small,Very Small,0.922806978225708,0.07429023087024689,0.0028730700723826885,2.974172093672678e-05
2025-09-29/IMG_1717.JPG,Medium,Medium,8.55602411320433e-06,0.10661982744932175,0.8932570219039917,0.00011459946836112067
2025-09-05/IMG_1016.JPG,Small,Small,0.1335267424583435,0.7911797165870667,0.07385708391666412,0.0014364219969138503
2025-08-07/IMG_9154.JPG,Small,Small,0.07050459086894989,0.5295863747596741,0.32969820499420166,0.07021083682775497
2025-09-05/IMG_1356.JPG,Medium,Medium,0.0013605221174657345,0.19806134700775146,0.7955060601234436,0.0050720954313874245
2025-08-22/IMG_0168.JPG,Medium,Medium,0.0014654125552624464,0.35546350479125977,0.6404439210891724,0.002627183450385928
2025-08-22/IMG_0142.JPG,Very Small,Very Small,0.9958433508872986,0.004153450485318899,3.2630525765853235e-06,8.950782892647169e-10
2025-08-22/IMG_0157.JPG,Medium,Medium,0.004869157448410988,0.20514218509197235,0.7501444816589355,0.03984417766332626
2025-09-29/IMG_1925.JPG,Small,Small,0.2547335922718048,0.6785212159156799,0.0643921047449112,0.0023531524930149317
2025-08-07/IMG_9212.JPG,Very Small,Very Small,0.9957135915756226,0.004285449627786875,9.927560995492968e-07,1.2165887741666381e-10
2025-08-22/IMG_0130.JPG,Very Small,Very Small,0.9972724318504333,0.002724267542362213,3.331292873554048e-06,9.56024037712666e-10
2025-09-29/IMG_1790.JPG,Small,Small,0.22937150299549103,0.7682135701179504,0.0024146183859556913,2.893990256325196e-07
2025-08-07/IMG_9192.JPG,Small,Small,0.021862594410777092,0.9354958534240723,0.042532116174697876,0.0001094139224733226
2025-09-05/IMG_1526.JPG,Small,Small,0.044254813343286514,0.7532467842102051,0.18688294291496277,0.01561544369906187
2025-09-05/IMG_0945.JPG,Medium,Medium,0.0035717289429157972,0.41035759449005127,0.5806535482406616,0.005417185835540295
2025-09-05/IMG_1019.JPG,Small,Small,0.13445442914962769,0.7897769808769226,0.07401540130376816,0.0017532154452055693
2025-09-05/IMG_1487.JPG,Medium,Medium,0.008938985876739025,0.4765774607658386,0.5097092390060425,0.0047742449678480625
2025-08-22/IMG_9945.JPG,Very Small,Very Small,0.682415783405304,0.3129023611545563,0.0046470691449940205,3.483573891571723e-05
2025-08-22/IMG_9977.JPG,Very Small,Very Small,0.8784106969833374,0.12141167372465134,0.00017756536544766277,5.109633249844592e-08
2025-08-22/IMG_9744.JPG,Small,Small,0.007618468254804611,0.8869765400886536,0.10505027323961258,0.00035471495357342064
2025-09-05/IMG_1172.JPG,Very Small,Very Small,0.8954195976257324,0.10447944700717926,0.0001009208062896505,1.463188770145507e-08
2025-09-05/IMG_0913.JPG,Small,Small,0.11086045950651169,0.8593819737434387,0.029697127640247345,6.039763684384525e-05
2025-09-29/IMG_1700.JPG,Small,Small,0.010206968523561954,0.979137659072876,0.010655155405402184,1.8131318313407974e-07
2025-09-05/IMG_0839.JPG,Small,Small,0.046737976372241974,0.911059558391571,0.042173221707344055,2.92526983685093e-05
2025-09-05/IMG_0919.JPG,Small,Small,0.09285122901201248,0.8953251242637634,0.011815293692052364,8.362487278645858e-06
2025-08-07/IMG_9688.JPG,Large,Large,0.017997900024056435,0.06627131253480911,0.21686306595802307,0.698867678642273
2025-09-05/IMG_0953.JPG,Small,Small,0.0006234690081328154,0.6412599682807922,0.3580041825771332,0.00011237794387852773
2025-09-05/IMG_1288.JPG,Small,Small,0.019751308485865593,0.7783647179603577,0.20035454630851746,0.0015293933684006333
2025-08-07/IMG_9603.JPG,Medium,Medium,0.001912262407131493,0.09829464554786682,0.8269617557525635,0.07283136993646622
2025-08-07/IMG_9188.JPG,Small,Small,0.06179124116897583,0.8634180426597595,0.07461390644311905,0.00017680875316727906
2025-09-29/IMG_1692.JPG,Medium,Medium,1.053883352142293e-05,0.0371340848505497,0.9616904258728027,0.0011650000233203173
2025-08-07/IMG_9447.JPG,Very Small,Very Small,0.9998860359191895,0.0001139749147114344,3.26154207808127e-11,2.553752637183431e-18
2025-08-22/IMG_0133.JPG,Small,Small,0.02584313228726387,0.7078180909156799,0.264477014541626,0.0018616918241605163
2025-09-05/IMG_1477.JPG,Small,Small,0.025089986622333527,0.9586978554725647,0.01619814895093441,1.4092380297370255e-05
2025-08-22/IMG_9839.JPG,Medium,Medium,0.003063112497329712,0.16208027303218842,0.7542794942855835,0.08057708293199539
2025-09-05/IMG_1385.JPG,Very Small,Very Small,0.946700930595398,0.05318965017795563,0.00010940650827251375,2.03572625423476e-08
2025-08-22/IMG_0261.JPG,Medium,Medium,3.776255880438839e-06,0.05629019811749458,0.9435799717903137,0.00012601436174008995
2025-08-07/IMG_9128.JPG,Medium,Small,0.07893239706754684,0.8029230237007141,0.11391424387693405,0.0042303986847400665
2025-08-22/IMG_9913.JPG,Small,Small,0.08903569728136063,0.9023171663284302,0.008639700710773468,7.432716301991604e-06
2025-09-05/IMG_1322.JPG,Very Small,Very Small,0.9498560428619385,0.048831477761268616,0.0012897677952423692,2.262871748826001e-05
2025-08-07/IMG_9530.JPG,Small,Small,0.13953715562820435,0.7118077278137207,0.13817767798900604,0.01047742459923029
2025-09-05/IMG_0983.JPG,Very Small,Very Small,0.5799349546432495,0.39564499258995056,0.023809069767594337,0.0006109526148065925
2025-09-05/IMG_1034.JPG,Small,Small,0.13536344468593597,0.8069192171096802,0.05719562619924545,0.0005217595607973635
2025-09-05/IMG_1170.JPG,Very Small,Very Small,0.9390936493873596,0.06076531857252121,0.00014107429888099432,3.169141038483758e-08
2025-08-22/IMG_9941.JPG,Small,Very Small,0.5697587132453918,0.42416128516197205,0.006062149535864592,1.7765642041922547e-05
2025-09-05/IMG_1606.JPG,Small,Small,0.07372482866048813,0.8112918734550476,0.11242663860321045,0.002556632738560438
2025-08-22/IMG_9878.JPG,Very Small,Small,0.37986937165260315,0.6191233992576599,0.0010070796124637127,2.419119198293629e-07
2025-08-22/IMG_9967.JPG,Very Small,Small,0.2750355005264282,0.7172215580940247,0.007728080730885267,1.4863788237562403e-05
2025-08-07/IMG_9671.JPG,Large,Large,0.019217947497963905,0.0692112073302269,0.22793294489383698,0.6836378574371338
2025-09-29/IMG_1819.JPG,Small,Small,0.056750401854515076,0.9363207221031189,0.006927356123924255,1.4588393923986587e-06
2025-08-07/IMG_9228.JPG,Medium,Medium,0.003991149831563234,0.25159600377082825,0.7183919548988342,0.02602095529437065
2025-09-29/IMG_1817.JPG,Very Small,Very Small,0.9434086680412292,0.05644525587558746,0.00014602646115235984,6.618949299763699e-08
2025-09-05/IMG_0926.JPG,Small,Small,0.029335835948586464,0.962893545627594,0.007767496630549431,3.151105602228199e-06
2025-08-07/IMG_9408.JPG,Small,Small,0.009984632022678852,0.9549871683120728,0.03501015901565552,1.8096916392096318e-05
2025-08-22/IMG_9911.JPG,Small,Small,0.2733469009399414,0.7096515893936157,0.016947921365499496,5.36251172889024e-05
2025-09-05/IMG_1169.JPG,Very Small,Very Small,0.9217954874038696,0.07780683785676956,0.00039717412437312305,5.007983077121025e-07
2025-09-05/IMG_0800.JPG,Medium,Medium,0.004286168143153191,0.304176926612854,0.686975359916687,0.004561582114547491
2025-09-05/IMG_1184.JPG,Very Small,Very Small,0.7368724346160889,0.2599751353263855,0.0031481904443353415,4.284418082534103e-06
2025-08-07/IMG_9257.JPG,Small,Small,0.04540399834513664,0.8744553923606873,0.07925635576248169,0.0008842397946864367
2025-09-05/IMG_1519.JPG,Small,Small,0.14161859452724457,0.7770519256591797,0.07685459405183792,0.004474971443414688
2025-08-07/IMG_9432.JPG,Small,Small,0.029252883046865463,0.8834166526794434,0.08728484809398651,4.559515218716115e-05
2025-09-05/IMG_1430.JPG,Small,Small,0.11735709756612778,0.8393483757972717,0.04234369099140167,0.0009508840157650411
2025-08-07/IMG_9144.JPG,Very Small,Very Small,0.5591382384300232,0.4302023947238922,0.010379564017057419,0.0002797999477479607
2025-08-22/IMG_9797.JPG,Small,Small,0.00596048217266798,0.9793997406959534,0.014639290980994701,4.903262151856325e-07
2025-09-05/IMG_1493.JPG,Small,Small,0.0021934371907263994,0.8138408660888672,0.1838955581188202,7.014414586592466e-05
2025-09-29/IMG_1887.JPG,Small,Small,0.024174893274903297,0.6893594264984131,0.2815619111061096,0.004903738386929035
2025-09-29/IMG_1822.JPG,Very Small,Very Small,0.9437789916992188,0.05613834038376808,8.262380288215354e-05,2.3277314298297824e-08
2025-09-05/IMG_1119.JPG,Small,Small,0.46086743474006653,0.5340158343315125,0.005111001431941986,5.753438927058596e-06
2025-09-29/IMG_1937.JPG,Very Small,Very Small,0.9334782361984253,0.06608179211616516,0.0004376205033622682,2.2606539005209925e-06
2025-09-05/IMG_1565.JPG,Very Small,Very Small,0.9115230441093445,0.08375571668148041,0.004597315564751625,0.00012398732360452414
2025-08-22/IMG_0179.JPG,Very Small,Very Small,0.9990590214729309,0.0009410084458068013,4.6364608152771325e-08,7.317541212727152e-13
2025-09-05/IMG_1105.JPG,Medium,Medium,0.0015920125879347324,0.1022963672876358,0.8473257422447205,0.04878592491149902
2025-09-05/IMG_1533.JPG,Small,Small,0.03343745693564415,0.7663522362709045,0.19730287790298462,0.0029074219055473804
2025-09-05/IMG_1586.JPG,Very Small,Very Small,0.7407192587852478,0.24454092979431152,0.014057017862796783,0.0006827763863839209
2025-08-22/IMG_0053.JPG,Small,Very Small,0.8250473737716675,0.17167526483535767,0.0032540776301175356,2.3212920496007428e-05
2025-09-29/IMG_1711.JPG,Very Small,Very Small,0.9929003715515137,0.0070986696518957615,1.0003373063227627e-06,1.7246464673048578e-11
2025-09-05/IMG_1044.JPG,Small,Small,0.19969677925109863,0.7615528106689453,0.03844640031456947,0.0003039671282749623
2025-08-22/IMG_9782.JPG,Very Small,Very Small,0.9970801472663879,0.0029194720555096865,4.107824054244702e-07,1.1989636714004881e-11
2025-09-05/IMG_1363.JPG,Medium,Medium,0.0003735880309250206,0.06218341365456581,0.921663224697113,0.015779787674546242
2025-09-05/IMG_1384.JPG,Medium,Medium,0.0004993391921743751,0.49027490615844727,0.5091982483863831,2.7536114430404268e-05
2025-08-22/IMG_0030.JPG,Medium,Small,0.16351449489593506,0.6879117488861084,0.14369408786296844,0.004879678599536419
2025-08-22/IMG_9947.JPG,Very Small,Very Small,0.8126869201660156,0.18629533052444458,0.001015826128423214,2.015553036471829e-06
2025-08-22/IMG_9954.JPG,Very Small,Very Small,0.8462333679199219,0.1524924635887146,0.001264746766537428,9.492989192949608e-06
2025-09-29/IMG_1799.JPG,Small,Very Small,0.8054027557373047,0.19422297179698944,0.0003741566324606538,9.06797126276615e-08
2025-09-05/IMG_1220.JPG,Medium,Medium,0.008885600604116917,0.26729896664619446,0.6985265612602234,0.025288918986916542
2025-08-07/IMG_9518.JPG,Small,Small,0.04511995613574982,0.920261025428772,0.03449360281229019,0.00012534910638350993
2025-08-22/IMG_0008.JPG,Very Small,Very Small,0.8190920948982239,0.18013909459114075,0.0007680379203520715,7.278917451003508e-07
2025-09-29/IMG_1741.JPG,Small,Medium,1.444304234610172e-05,0.09535478055477142,0.9043973088264465,0.00023342322674579918
2025-09-05/IMG_1607.JPG,Medium,Medium,0.014052785001695156,0.3753764033317566,0.5611968040466309,0.049373991787433624
2025-08-22/IMG_0245.JPG,Small,Small,0.022295907139778137,0.9769847393035889,0.0007193161873146892,6.103781036159717e-09
2025-09-29/IMG_1885.JPG,Very Small,Very Small,0.9430491328239441,0.054620061069726944,0.0022404056508094072,9.039078577188775e-05
2025-09-29/IMG_1863.JPG,Very Small,Very Small,0.8337926864624023,0.16012819111347198,0.0060067796148359776,7.233650103444234e-05
2025-09-05/IMG_0968.JPG,Medium,Medium,0.0007518206839449704,0.13889874517917633,0.8371699452400208,0.02317947894334793
2025-09-05/IMG_1366.JPG,Very Small,Very Small,0.9924131035804749,0.007568432949483395,1.84131658897968e-05,9.985228643927258e-09
2025-08-07/IMG_9110.JPG,Small,Small,0.058393191546201706,0.819918155670166,0.11697977036237717,0.004708914551883936
2025-08-22/IMG_9922.JPG,Very Small,Very Small,0.7872895002365112,0.20859888195991516,0.004045957233756781,6.570808182004839e-05
2025-09-29/IMG_1860.JPG,Very Small,Small,0.3181738555431366,0.6787686944007874,0.0030554262921214104,2.017902716033859e-06
2025-09-29/IMG_1871.JPG,Small,Small,0.14775273203849792,0.7727396488189697,0.07749037444591522,0.00201726658269763
2025-08-07/IMG_9199.JPG,Small,Small,0.0024824647698551416,0.8246372938156128,0.17268098890781403,0.00019925365631934255
2025-08-22/IMG_0018.JPG,Small,Small,0.23641133308410645,0.5521359443664551,0.18586201965808868,0.025590715929865837
2025-08-22/IMG_9973.JPG,Very Small,Very Small,0.5796873569488525,0.41622695326805115,0.0040674093179404736,1.826843617891427e-05
2025-09-29/IMG_1745.JPG,Small,Small,0.0012491171946749091,0.8974340558052063,0.10131242126226425,4.379827259981539e-06
2025-09-29/IMG_1762.JPG,Small,Small,0.0018828624160960317,0.932158887386322,0.06595690548419952,1.3135406788933324e-06
2025-09-05/IMG_1411.JPG,Very Small,Very Small,0.9903568625450134,0.009612820111215115,3.0187558877514675e-05,2.563449719161781e-08
2025-09-05/IMG_1107.JPG,Medium,Small,0.005645390134304762,0.6651597619056702,0.328793466091156,0.00040132360300049186
2025-09-05/IMG_1442.JPG,Very Small,Very Small,0.9865090250968933,0.013489773496985435,1.1998984064121032e-06,1.80723908060898e-11
2025-08-22/IMG_9906.JPG,Small,Small,0.05927051231265068,0.9397916197776794,0.0009378911345265806,2.8484310021781312e-08
2025-08-22/IMG_9948.JPG,Very Small,Very Small,0.5164058804512024,0.469249963760376,0.014216250739991665,0.0001278594572795555
2025-09-05/IMG_1139.JPG,Small,Small,0.013182954862713814,0.9469815492630005,0.039826471358537674,8.984186933957972e-06
2025-08-07/IMG_9101.JPG,Medium,Small,0.01326017640531063,0.8573809266090393,0.12858714163303375,0.0007717832922935486
2025-09-05/IMG_0863.JPG,Small,Small,0.0012906026095151901,0.6274377703666687,0.37114161252975464,0.00013002088235225528
2025-09-05/IMG_1165.JPG,Medium,Medium,0.0016936720348894596,0.13261893391609192,0.8348671197891235,0.030820248648524284
2025-09-05/IMG_1025.JPG,Very Small,Very Small,0.5692524909973145,0.35384026169776917,0.072797991335392,0.004109323490411043
2025-09-05/IMG_1455.JPG,Very Small,Very Small,0.9993651509284973,0.000634899886790663,2.1459495513909133e-08,2.029446082756417e-13
2025-08-22/IMG_9921.JPG,Very Small,Very Small,0.8184221982955933,0.17916133999824524,0.002402133774012327,1.4405108231585473e-05
2025-09-05/IMG_1353.JPG,Very Small,Small,0.4480000436306,0.5389339327812195,0.01299973949790001,6.627142283832654e-05
2025-09-05/IMG_0905.JPG,Medium,Medium,0.005028816405683756,0.3741534352302551,0.6140751242637634,0.006742655765265226
2025-09-05/IMG_1488.JPG,Medium,Medium,0.0005558667471632361,0.07774563878774643,0.8691194653511047,0.05257905647158623
2025-09-29/IMG_1708.JPG,Small,Small,0.003915076609700918,0.9794387817382812,0.016645971685647964,2.2202998195552937e-07
2025-08-07/IMG_9125.JPG,Small,Small,0.06800314784049988,0.860394299030304,0.06916391849517822,0.002438611350953579
2025-08-22/IMG_0161.JPG,Small,Small,0.06853523850440979,0.9240509867668152,0.007410477381199598,3.254781404393725e-06
2025-08-22/IMG_0071.JPG,Very Small,Very Small,0.6172585487365723,0.3765368163585663,0.006083826068788767,0.00012075254926458001
2025-09-05/IMG_1210.JPG,Very Small,Very Small,0.9241333603858948,0.07562581449747086,0.00024060638679657131,1.6918899348183913e-07
2025-08-22/IMG_0012.JPG,Very Small,Very Small,0.7368119359016418,0.25543564558029175,0.007680498529225588,7.189396274043247e-05
2025-09-29/IMG_1892.JPG,Medium,Medium,0.009083125740289688,0.3826991617679596,0.5748099684715271,0.03340776637196541
2025-09-05/IMG_0901.JPG,Medium,Medium,0.0019529255805537105,0.18387840688228607,0.783720076084137,0.03044866770505905
2025-08-07/IMG_9689.JPG,Large,Large,0.009137474931776524,0.04413994029164314,0.20827139914035797,0.7384511828422546
2025-09-05/IMG_1205.JPG,Medium,Medium,0.001732212956994772,0.07638280093669891,0.7276673913002014,0.19421757757663727
2025-09-05/IMG_0815.JPG,Very Small,Very Small,0.999072790145874,0.0009271234157495201,6.145878472807453e-08,1.05068189391877e-12
2025-09-05/IMG_1051.JPG,Very Small,Very Small,0.7331172823905945,0.25716933608055115,0.009473138488829136,0.00024025407037697732
2025-08-22/IMG_9815.JPG,Large,Large,0.0017293222481384873,0.022490890696644783,0.207955464720726,0.7678242921829224
2025-08-07/IMG_9658.JPG,Large,Large,0.0073022302240133286,0.05947890877723694,0.293712317943573,0.6395065188407898
2025-09-05/IMG_1462.JPG,Small,Small,0.031016191467642784,0.8426881432533264,0.12590818107128143,0.00038747480721212924
2025-09-05/IMG_1542.JPG,Small,Very Small,0.5021325349807739,0.49230852723121643,0.0055486890487372875,1.0284716154274065e-05
2025-08-22/IMG_0153.JPG,Medium,Small,0.15765051543712616,0.8103004097938538,0.031936172395944595,0.00011294409341644496
2025-08-22/IMG_9752.JPG,Medium,Medium,0.00032752176048234105,0.06055217981338501,0.9311417937278748,0.007978481240570545
2025-08-07/IMG_9094.JPG,Small,Small,0.13997144997119904,0.8550550937652588,0.004970995243638754,2.4774606117716758e-06
2025-09-05/IMG_1443.JPG,Very Small,Very Small,0.9912477135658264,0.008745260536670685,7.124190688045928e-06,1.513175806877598e-09
2025-08-22/IMG_9987.JPG,Very Small,Very Small,0.697739839553833,0.30079007148742676,0.0014687676448374987,1.3063919368505594e-06
2025-08-07/IMG_9176.JPG,Medium,Small,0.07269871979951859,0.5074695348739624,0.34123343229293823,0.07859836518764496
2025-08-07/IMG_9655.JPG,Large,Large,0.005617632996290922,0.04387298598885536,0.23529058694839478,0.7152188420295715
2025-08-22/IMG_9796.JPG,Very Small,Very Small,0.998023509979248,0.0019764972385019064,8.46938608134451e-09,3.9837310526920616e-15
2025-09-05/IMG_1587.JPG,Very Small,Very Small,0.8541185855865479,0.13864149153232574,0.006822003051638603,0.00041789154056459665
2025-08-22/IMG_0239.JPG,Small,Small,0.044367775321006775,0.9550236463546753,0.0006084980559535325,3.052025077110443e-09
2025-08-07/IMG_9139.JPG,Small,Very Small,0.5825890898704529,0.39436250925064087,0.02192714996635914,0.0011212002718821168
2025-08-22/IMG_0271.JPG,Small,Small,0.007366048637777567,0.9882916808128357,0.004342132713645697,1.5432742372922803e-07
2025-08-07/IMG_9431.JPG,Very Small,Very Small,0.9999865293502808,1.3480967027135193e-05,5.043232324808411e-12,5.757082454586512e-19
2025-08-22/IMG_0207.JPG,Medium,Medium,0.0009260755614377558,0.17974983155727386,0.8113592267036438,0.007964814081788063
2025-09-05/IMG_1295.JPG,Small,Medium,0.00709128612652421,0.10136497765779495,0.49839097261428833,0.39315271377563477
2025-09-29/IMG_1864.JPG,Small,Small,0.06166649982333183,0.8662384152412415,0.07106350362300873,0.0010314848041161895
2025-08-22/IMG_0164.JPG,Very Small,Very Small,0.9312577843666077,0.0686664804816246,7.57362722652033e-05,2.0154123703264304e-08
2025-08-07/IMG_9547.JPG,Small,Small,0.2351471334695816,0.6278712153434753,0.12469595670700073,0.012285678647458553
2025-08-22/IMG_0180.JPG,Small,Small,0.020070955157279968,0.9527389407157898,0.027173755690455437,1.6399148080381565e-05
2025-09-05/IMG_0947.JPG,Medium,Medium,0.011358970776200294,0.1677764654159546,0.6503113508224487,0.17055320739746094
2025-09-05/IMG_1449.JPG,Medium,Medium,0.0017827035626396537,0.4595896303653717,0.5373696684837341,0.0012580285547301173
2025-09-05/IMG_1507.JPG,Small,Small,0.017297258600592613,0.753849446773529,0.22698475420475006,0.0018686121329665184
2025-09-05/IMG_1419.JPG,Small,Medium,0.0031809918582439423,0.4288085103034973,0.566681981086731,0.00132859090808779
2025-09-05/IMG_1092.JPG,Very Small,Very Small,0.9889392256736755,0.01105875987559557,2.035961415458587e-06,6.210799236017195e-11
2025-09-05/IMG_1250.JPG,Very Small,Very Small,0.804516077041626,0.18603375554084778,0.009198026731610298,0.0002521091082599014
2025-09-05/IMG_1516.JPG,Very Small,Very Small,0.5077159404754639,0.48367494344711304,0.008554778061807156,5.43271962669678e-05
2025-09-05/IMG_1198.JPG,Very Small,Very Small,0.6334142684936523,0.3630792796611786,0.0035006252583116293,5.894727109989617e-06
2025-09-29/IMG_1946.JPG,Very Small,Very Small,0.8494555354118347,0.14457230269908905,0.005768592935055494,0.00020357991161290556
2025-08-22/IMG_0056.JPG,Small,Very Small,0.511463463306427,0.4434877634048462,0.04376281797885895,0.0012859604321420193
2025-08-22/IMG_0279.JPG,Medium,Medium,3.415255923755467e-05,0.05814814195036888,0.9411209225654602,0.0006967689259909093
2025-09-05/IMG_1420.JPG,Small,Small,0.02231607399880886,0.5710267424583435,0.40112432837486267,0.005532862618565559
2025-08-22/IMG_0294.JPG,Medium,Small,0.012632385827600956,0.7114136219024658,0.2754083275794983,0.0005456451908685267
2025-08-22/IMG_0189.JPG,Small,Small,0.0462142676115036,0.9406697750091553,0.013109670951962471,6.242652943910798e-06
2025-08-22/IMG_9939.JPG,Small,Small,0.47761204838752747,0.5047228932380676,0.01752360910177231,0.0001414185098838061
2025-08-22/IMG_0276.JPG,Small,Small,0.03676004707813263,0.9624792337417603,0.0007607656298205256,6.45575459756742e-09
2025-08-22/IMG_0193.JPG,Small,Small,0.08318983763456345,0.908247172832489,0.008556604385375977,6.3655024860054255e-06
2025-08-22/IMG_9961.JPG,Very Small,Very Small,0.9279314279556274,0.07127881050109863,0.0007816589204594493,8.121570317598525e-06
2025-08-07/IMG_9715.JPG,Medium,Medium,0.0007662585121579468,0.0993664488196373,0.7739531993865967,0.12591412663459778
2025-08-07/IMG_9488.JPG,Small,Small,0.01654241979122162,0.9557414650917053,0.027707189321517944,8.835441803967115e-06
2025-09-05/IMG_1052.JPG,Very Small,Very Small,0.7884393334388733,0.1822763979434967,0.025842590257525444,0.003441735403612256
2025-08-22/IMG_0203.JPG,Medium,Medium,0.0038682373706251383,0.3249923884868622,0.6637529730796814,0.007386432029306889
2025-08-07/IMG_9178.JPG,Small,Small,0.4499818682670593,0.5480067729949951,0.00200656708329916,4.835545041714795e-06
2025-09-05/IMG_1108.JPG,Small,Small,0.059112466871738434,0.9370811581611633,0.003805995685979724,2.839469743776135e-07
2025-09-05/IMG_1064.JPG,Very Small,Very Small,0.8393051028251648,0.15147297084331512,0.009126688353717327,9.51481779338792e-05
2025-08-22/IMG_0217.JPG,Small,Small,0.005816343706101179,0.9767096042633057,0.0174722783267498,1.6946763707892387e-06
2025-09-05/IMG_0844.JPG,Medium,Medium,0.00011519315012264997,0.15044140815734863,0.8490960597991943,0.00034736719680950046
2025-09-05/IMG_1362.JPG,Medium,Medium,0.01319685485213995,0.20331554114818573,0.7266495227813721,0.05683797225356102
2025-08-22/IMG_9923.JPG,Small,Very Small,0.578145444393158,0.41676801443099976,0.0050561572425067425,3.0460018024314195e-05
2025-09-29/IMG_1940.JPG,Very Small,Very Small,0.8277962803840637,0.16158178448677063,0.010189984925091267,0.00043196286424063146
2025-09-05/IMG_1155.JPG,Small,Small,0.03919940069317818,0.8390628695487976,0.12138871848583221,0.0003489385999273509
2025-09-05/IMG_1371.JPG,Small,Small,0.1483919322490692,0.8151670694351196,0.036390818655490875,5.0097372877644375e-05
2025-09-05/IMG_1329.JPG,Small,Small,0.2749640941619873,0.6455652713775635,0.07756801694631577,0.0019026356749236584
2025-09-29/IMG_1877.JPG,Very Small,Very Small,0.8388882875442505,0.15421058237552643,0.006800949573516846,0.00010018751345342025
2025-08-22/IMG_0001.JPG,Very Small,Very Small,0.7931225895881653,0.20645256340503693,0.000424742087488994,1.2966867757313594e-07
2025-08-22/IMG_9738.JPG,Medium,Small,0.04461396113038063,0.46909216046333313,0.39483603835105896,0.0914578065276146
2025-09-05/IMG_0935.JPG,Small,Small,0.38652846217155457,0.6117367148399353,0.0017343052895739675,4.7494927457591984e-07
2025-08-22/IMG_9774.JPG,Medium,Medium,0.00021722611563745886,0.06683061271905899,0.9255886673927307,0.007363449782133102
2025-08-22/IMG_0112.JPG,Small,Very Small,0.562260627746582,0.43267694115638733,0.005051107611507177,1.129822794609936e-05
2025-08-07/IMG_9118.JPG,Very Small,Large,0.2532867193222046,0.24366649985313416,0.22379827499389648,0.2792484760284424
2025-09-05/IMG_0830.JPG,Small,Small,0.0009360865224152803,0.9588949680328369,0.040167417377233505,1.453114123250998e-06
2025-08-22/IMG_9772.JPG,Medium,Medium,0.003660104935988784,0.48818790912628174,0.5075309872627258,0.0006209904095157981
2025-08-22/IMG_9972.JPG,Very Small,Very Small,0.5979369282722473,0.3972610533237457,0.004786947276443243,1.5036812328617088e-05
2025-09-05/IMG_0843.JPG,Very Small,Very Small,0.9708630442619324,0.02911284938454628,2.4105322154355235e-05,2.167444668188523e-09
2025-08-07/IMG_9466.JPG,Very Small,Very Small,0.9999899864196777,1.0028486940427683e-05,6.9447871932359906e-12,1.1255272887080411e-18
2025-09-05/IMG_1160.JPG,Medium,Medium,0.01362171582877636,0.3384920358657837,0.6026476621627808,0.04523857310414314
2025-09-05/IMG_1035.JPG,Very Small,Very Small,0.7297067642211914,0.26200902462005615,0.008197118528187275,8.704823994776234e-05
2025-09-29/IMG_1742.JPG,Small,Small,0.0019991607405245304,0.8298130035400391,0.16817109286785126,1.670468191150576e-05
2025-08-07/IMG_9467.JPG,Medium,Medium,0.0035501590464264154,0.07936176657676697,0.6764624714851379,0.24062566459178925
2025-09-05/IMG_1246.JPG,Small,Small,0.04140849784016609,0.8435751795768738,0.1138651967048645,0.0011511653428897262
2025-08-22/IMG_0054.JPG,Small,Small,0.32328054308891296,0.4994952976703644,0.169606551527977,0.007617628201842308
2025-09-05/IMG_1143.JPG,Very Small,Very Small,0.9955002665519714,0.004494949709624052,4.696410996984923e-06,7.707987026428498e-10
2025-08-07/IMG_9473.JPG,Very Small,Very Small,0.96479731798172,0.03517504408955574,2.7568086807150394e-05,7.408252900020784e-10
2025-08-22/IMG_0091.JPG,Very Small,Very Small,0.6217484474182129,0.35972827672958374,0.01825961470603943,0.00026368859107606113
2025-09-05/IMG_1352.JPG,Small,Small,0.050234995782375336,0.7727943062782288,0.17474907636642456,0.0022217112127691507
2025-09-05/IMG_1263.JPG,Small,Small,0.12050112336874008,0.8506053686141968,0.028786160051822662,0.0001074154642992653
2025-09-05/IMG_1596.JPG,Very Small,Very Small,0.5592273473739624,0.41667598485946655,0.02229194901883602,0.0018046940676867962
2025-08-22/IMG_0280.JPG,Medium,Medium,3.3240896300412714e-05,0.03708913177251816,0.9614712595939636,0.0014063455164432526
2025-09-05/IMG_1555.JPG,Very Small,Very Small,0.7708034515380859,0.2245398312807083,0.004596808459609747,5.9895155573030934e-05
2025-08-22/IMG_9779.JPG,Very Small,Very Small,0.9996219873428345,0.00037804277963005006,3.758196420733384e-09,3.192365957764261e-15
2025-09-05/IMG_1326.JPG,Medium,Medium,0.026767153292894363,0.3545491099357605,0.5087628960609436,0.10992085188627243
2025-08-07/IMG_9187.JPG,Small,Small,0.05086526647210121,0.9455394148826599,0.0035944522824138403,8.708464633855328e-07
2025-09-05/IMG_1131.JPG,Small,Small,0.1228538304567337,0.859565258026123,0.017578981816768646,1.9683504888234893e-06
2025-08-22/IMG_0252.JPG,Small,Small,0.019495807588100433,0.974073052406311,0.0064308373257517815,3.859698551877955e-07
2025-09-05/IMG_1577.JPG,Very Small,Small,0.4487215578556061,0.509577214717865,0.039307501167058945,0.0023937320802360773
2025-09-05/IMG_1279.JPG,Very Small,Very Small,0.8527933359146118,0.11991991847753525,0.025956280529499054,0.0013304800959303975
2025-09-29/IMG_1793.JPG,Very Small,Very Small,0.9398359060287476,0.060130391269922256,3.3685377275105566e-05,1.8956969327632578e-09
2025-08-07/IMG_9628.JPG,Large,Large,0.0001981804525712505,0.009304903447628021,0.19158925116062164,0.7989077568054199
2025-09-05/IMG_1523.JPG,Very Small,Very Small,0.7420965433120728,0.2456304132938385,0.011921430937945843,0.0003516208380460739
2025-09-05/IMG_0840.JPG,Very Small,Very Small,0.9985849857330322,0.0014150470960885286,4.324742164385498e-08,2.046356519565945e-13
2025-08-07/IMG_9109.JPG,Small,Small,0.016040446236729622,0.5249525308609009,0.4215204119682312,0.03748660534620285
2025-08-22/IMG_0010.JPG,Small,Small,0.17559610307216644,0.8167321085929871,0.007664172910153866,7.551976068498334e-06
2025-09-05/IMG_1470.JPG,Small,Small,0.11821967363357544,0.8802096247673035,0.0015705107944086194,1.7925002282481728e-07
2025-08-07/IMG_9460.JPG,Small,Small,0.046107616275548935,0.9185811281204224,0.03528581187129021,2.537257387302816e-05
2025-09-05/IMG_1355.JPG,Small,Small,0.4374026954174042,0.5346872210502625,0.027534959837794304,0.00037515664007514715
2025-08-22/IMG_9767.JPG,Small,Small,0.02232944220304489,0.8773224353790283,0.10019943118095398,0.0001487352856202051
2025-09-05/IMG_0823.JPG,Very Small,Very Small,0.7632861137390137,0.23480190336704254,0.0019090132554993033,3.0363314635906136e-06
2025-09-05/IMG_1567.JPG,Very Small,Very Small,0.9402605891227722,0.05855153873562813,0.0011766557581722736,1.1153199011459947e-05
2025-09-05/IMG_1541.JPG,Small,Small,0.04922698810696602,0.8275279402732849,0.12100179493427277,0.0022432829719036818
2025-08-07/IMG_9214.JPG,Small,Small,0.02254117652773857,0.9472929835319519,0.03012845665216446,3.73916445823852e-05
2025-09-29/IMG_1913.JPG,Very Small,Very Small,0.8781436085700989,0.1172695979475975,0.004476471338421106,0.00011036267096642405
2025-08-07/IMG_9599.JPG,Medium,Medium,0.007433918304741383,0.11910217255353928,0.5832117795944214,0.29025208950042725
2025-08-07/IMG_9097.JPG,Small,Small,0.07475019991397858,0.9148919582366943,0.01031157560646534,4.623923450708389e-05
2025-09-05/IMG_1469.JPG,Very Small,Very Small,0.8601097464561462,0.1397305279970169,0.0001597686787135899,2.284892630655122e-08
2025-09-29/IMG_1930.JPG,Very Small,Very Small,0.837128758430481,0.1593167930841446,0.0035304096527397633,2.4073096938082017e-05
2025-09-05/IMG_1348.JPG,Small,Small,0.03718925639986992,0.8856909275054932,0.07698351889848709,0.00013635610230267048
2025-08-22/IMG_9822.JPG,Large,Large,0.004697111900895834,0.025372963398694992,0.15774209797382355,0.812187910079956
2025-09-05/IMG_1364.JPG,Medium,Medium,0.013619672507047653,0.18307165801525116,0.7418860793113708,0.06142262741923332
2025-09-05/IMG_1096.JPG,Small,Small,0.02697811834514141,0.9150902032852173,0.0579124391078949,1.9347042325534858e-05
2025-08-22/IMG_0247.JPG,Small,Small,0.004346822388470173,0.983279824256897,0.012372910045087337,4.913691213914717e-07
2025-09-05/IMG_0897.JPG,Very Small,Very Small,0.9715570211410522,0.028416555374860764,2.6372090360382572e-05,5.640911293625095e-09
2025-08-22/IMG_9876.JPG,Medium,Small,0.02402125485241413,0.506259560585022,0.4416658282279968,0.02805330976843834
2025-09-05/IMG_0822.JPG,Small,Small,0.055394068360328674,0.9404103755950928,0.004195433109998703,1.6217596510159638e-07
2025-08-07/IMG_9194.JPG,Small,Small,0.04505690932273865,0.9460036754608154,0.00893694069236517,2.4993303213705076e-06
2025-08-07/IMG_9462.JPG,Very Small,Very Small,0.9999179840087891,8.195838745450601e-05,8.776601667648265e-10,3.231594171133976e-15
2025-08-22/IMG_9877.JPG,Small,Small,0.005923575721681118,0.7873865962028503,0.20590195059776306,0.0007878999458625913
2025-08-22/IMG_9915.JPG,Small,Small,0.048639219254255295,0.8730361461639404,0.07763126492500305,0.0006932940450496972
2025-09-05/IMG_1506.JPG,Small,Small,0.004529861267656088,0.9160184860229492,0.07940993458032608,4.169360545347445e-05
2025-09-05/IMG_1209.JPG,Very Small,Very Small,0.9014373421669006,0.09768857806921005,0.0008714099531061947,2.699288415897172e-06
2025-09-05/IMG_1484.JPG,Very Small,Very Small,0.6980495452880859,0.3000167906284332,0.0019303950248286128,3.2726798053772654e-06
2025-09-05/IMG_1585.JPG,Medium,Small,0.39690953493118286,0.43289700150489807,0.1502474993467331,0.019945992156863213
2025-08-07/IMG_9132.JPG,Small,Small,0.019000453874468803,0.7967166304588318,0.17887955904006958,0.005403412971645594
2025-09-05/IMG_0996.JPG,Small,Small,0.08451467007398605,0.8426339626312256,0.07193600386381149,0.0009154331055469811
2025-09-05/IMG_0813.JPG,Medium,Medium,0.00045515171950683,0.17158517241477966,0.8260008692741394,0.001958854030817747
2025-08-22/IMG_0178.JPG,Very Small,Very Small,0.9777954816818237,0.022165406495332718,3.914690751116723e-05,1.509340386007807e-08
2025-09-05/IMG_0818.JPG,Small,Small,0.0014693137491121888,0.7099234461784363,0.2885516285896301,5.5577846069354564e-05
2025-09-05/IMG_1267.JPG,Small,Small,0.021654190495610237,0.8276066184043884,0.14965419471263885,0.0010850918479263783
2025-09-05/IMG_1095.JPG,Medium,Medium,0.0006223988602869213,0.320683091878891,0.6783912777900696,0.00030323187820613384
2025-09-05/IMG_1013.JPG,Very Small,Small,0.45846450328826904,0.5087395906448364,0.03215733543038368,0.000638541008811444
2025-09-05/IMG_1183.JPG,Very Small,Very Small,0.9031559228897095,0.09667715430259705,0.00016683114517945796,2.2280744360614335e-08
2025-08-07/IMG_9264.JPG,Small,Small,0.06491442769765854,0.7251002192497253,0.2020491659641266,0.007936214096844196
2025-08-07/IMG_9403.JPG,Small,Small,0.03716426342725754,0.9413888454437256,0.021438153460621834,8.720777259441093e-06
2025-08-22/IMG_9810.JPG,Large,Large,0.0021227968391031027,0.028716128319501877,0.2894228398799896,0.6797382831573486
2025-08-22/IMG_0246.JPG,Small,Medium,9.100105671677738e-05,0.37818512320518494,0.621624767780304,9.910237713484094e-05
2025-08-07/IMG_9609.JPG,Large,Large,0.016347913071513176,0.047022219747304916,0.16586147248744965,0.770768404006958
2025-09-05/IMG_0936.JPG,Small,Small,0.06501972675323486,0.9264737963676453,0.008502165786921978,4.2814872358576395e-06
2025-08-07/IMG_9162.JPG,Very Small,Very Small,0.6072635650634766,0.3847213685512543,0.007925083860754967,8.993493975140154e-05
2025-08-07/IMG_9611.JPG,Large,Large,0.004654844291508198,0.03412302955985069,0.21107901632785797,0.7501431107521057
2025-09-05/IMG_1503.JPG,Medium,Medium,0.002549500670284033,0.4717494547367096,0.5211010575294495,0.004600011743605137
2025-09-29/IMG_1895.JPG,Small,Small,0.02939770370721817,0.6746821403503418,0.287753164768219,0.008166936226189137
2025-08-22/IMG_9764.JPG,Medium,Medium,0.012469049543142319,0.4159814417362213,0.5605567693710327,0.010992714203894138
2025-08-07/IMG_9528.JPG,Medium,Small,0.2195539027452469,0.5729799270629883,0.1939646452665329,0.013501454144716263
2025-09-29/IMG_1870.JPG,Small,Small,0.23497608304023743,0.7492034435272217,0.015758955851197243,6.141950143501163e-05
2025-08-22/IMG_0055.JPG,Medium,Small,0.09100046753883362,0.5719777345657349,0.32290610671043396,0.014115642756223679
2025-09-05/IMG_1605.JPG,Small,Small,0.2995014488697052,0.6550695300102234,0.04411894083023071,0.0013101383810862899
2025-09-05/IMG_1083.JPG,Small,Very Small,0.6211166977882385,0.3786654472351074,0.00021783522970508784,7.2797825545478645e-09
2025-09-29/IMG_1783.JPG,Small,Medium,0.000837082858197391,0.39604324102401733,0.6021441221237183,0.0009755315841175616
2025-09-29/IMG_1825.JPG,Small,Small,0.05529071390628815,0.924313485622406,0.020386839285492897,8.905219146981835e-06
2025-09-05/IMG_0972.JPG,Small,Small,0.11625104397535324,0.602933406829834,0.24134783446788788,0.03946773335337639
2025-08-07/IMG_9705.JPG,Large,Large,0.013743153773248196,0.09856320917606354,0.3709909915924072,0.5167026519775391
2025-09-05/IMG_1466.JPG,Very Small,Very Small,0.804786205291748,0.1947583705186844,0.0004551017773337662,2.66785974645245e-07
2025-09-29/IMG_1780.JPG,Small,Small,0.005986774805933237,0.6365035176277161,0.35690343379974365,0.000606239540502429
2025-09-05/IMG_1414.JPG,Very Small,Very Small,0.9598109722137451,0.039659008383750916,0.0005282331840135157,1.6711197758922935e-06
2025-08-07/IMG_9455.JPG,Small,Small,0.0008157640695571899,0.9791088104248047,0.020074913278222084,4.3025164586651954e-07
2025-09-05/IMG_1435.JPG,Small,Small,0.3148234188556671,0.6788442730903625,0.006325889378786087,6.41741416984587e-06
2025-09-05/IMG_1278.JPG,Very Small,Very Small,0.884390115737915,0.10960694402456284,0.005829731002449989,0.00017326137458439916
2025-09-29/IMG_1899.JPG,Medium,Medium,0.007063489872962236,0.4446851909160614,0.537110447883606,0.0111409155651927
2025-09-05/IMG_1463.JPG,Small,Small,0.030922364443540573,0.9516619443893433,0.01740272343158722,1.2952978067914955e-05
2025-09-29/IMG_1713.JPG,Medium,Medium,0.00044720052392221987,0.1348549872636795,0.863681435585022,0.0010163865517824888
2025-08-07/IMG_9202.JPG,Small,Small,0.003119891509413719,0.8700314164161682,0.1267123520374298,0.00013637362280860543
2025-09-05/IMG_0866.JPG,Medium,Medium,0.003243525978177786,0.34036606550216675,0.6541757583618164,0.0022147137206047773
2025-08-22/IMG_9781.JPG,Very Small,Very Small,0.9482554197311401,0.051741890609264374,2.7593814593274146e-06,9.24961669757085e-12
2025-09-05/IMG_1199.JPG,Very Small,Very Small,0.9459443688392639,0.05395791679620743,9.769001189852133e-05,4.363668537621379e-08
2025-08-07/IMG_9215.JPG,Small,Small,0.01531714852899313,0.9594418406486511,0.025234652683138847,6.434359875129303e-06
2025-09-05/IMG_0836.JPG,Very Small,Very Small,0.8839619755744934,0.11593277752399445,0.00010521872172830626,6.633662952282293e-09
2025-08-07/IMG_9248.JPG,Small,Small,0.00390630355104804,0.9526994228363037,0.04338360205292702,1.0644737812981475e-05
2025-08-22/IMG_0136.JPG,Very Small,Very Small,0.9757633209228516,0.02412688545882702,0.00010972872405545786,9.465690453680509e-08
2025-09-29/IMG_1901.JPG,Small,Small,0.037035588175058365,0.8122231364250183,0.14742684364318848,0.0033144974149763584
2025-08-22/IMG_0233.JPG,Small,Small,0.0033211049158126116,0.9932752847671509,0.0034035707358270884,3.595896558294953e-08
2025-09-29/IMG_1924.JPG,Very Small,Very Small,0.8549145460128784,0.14158298075199127,0.0033934391103684902,0.00010901858331635594
2025-09-29/IMG_1782.JPG,Small,Medium,0.0013676275266334414,0.4617123603820801,0.5357471704483032,0.0011727986857295036
2025-08-22/IMG_9882.JPG,Small,Small,0.031034519895911217,0.9672474265098572,0.001717910054139793,6.987703926597533e-08
2025-09-05/IMG_1508.JPG,Medium,Medium,0.006558234803378582,0.4701707065105438,0.5114965438842773,0.0117745166644454
2025-09-29/IMG_1728.JPG,Very Small,Very Small,0.9926221370697021,0.007376867812126875,9.754609209267073e-07,1.525218319697874e-11
2025-08-22/IMG_0044.JPG,Very Small,Very Small,0.9386286735534668,0.060181017965078354,0.001178748207166791,1.1563106454559602e-05
2025-08-22/IMG_0291.JPG,Small,Small,0.014751591719686985,0.8096340894699097,0.17543019354343414,0.00018411997007206082
2025-09-05/IMG_1467.JPG,Small,Small,0.1974233090877533,0.8009048700332642,0.0016716009704396129,1.4527530822761037e-07
2025-08-07/IMG_9625.JPG,Large,Large,0.0014357349136844277,0.032819729298353195,0.29314595460891724,0.6725985407829285
2025-09-29/IMG_1907.JPG,Very Small,Very Small,0.9043423533439636,0.09184259921312332,0.0036069881170988083,0.00020807221881113946
2025-08-07/IMG_9239.JPG,Small,Small,0.04717095568776131,0.930151641368866,0.02261103317141533,6.644342647632584e-05
2025-08-22/IMG_9851.JPG,Very Small,Very Small,0.9921538233757019,0.007845757529139519,4.684372072460974e-07,6.6681504068411e-12
2025-09-05/IMG_1428.JPG,Medium,Medium,0.0004613664059434086,0.052003610879182816,0.912912130355835,0.03462297469377518
2025-08-07/IMG_9494.JPG,Small,Medium,0.007072703912854195,0.3912195861339569,0.5856634378433228,0.01604430191218853
2025-08-07/IMG_9464.JPG,Medium,Medium,0.004616406746208668,0.3204764425754547,0.6714613437652588,0.003445851383730769
2025-08-22/IMG_9920.JPG,Very Small,Very Small,0.847822904586792,0.15136168897151947,0.0008141167345456779,1.319876901106909e-06
2025-09-29/IMG_1950.JPG,Very Small,Very Small,0.8658706545829773,0.12109939754009247,0.012056090869009495,0.0009738444350659847
2025-09-05/IMG_1121.JPG,Very Small,Very Small,0.7805487513542175,0.21841223537921906,0.0010388820664957166,1.6953873682723497e-07
2025-09-05/IMG_1093.JPG,Medium,Medium,0.000534603139385581,0.07911946624517441,0.9128240942955017,0.00752178393304348
2025-08-22/IMG_0259.JPG,Very Small,Very Small,0.9997649788856506,0.0002350493159610778,2.0216901763792094e-10,2.9514565262055576e-17
2025-09-05/IMG_1132.JPG,Very Small,Very Small,0.9932119846343994,0.006786986719816923,1.0853374305952457e-06,3.7224171661742744e-11
2025-09-05/IMG_0891.JPG,Very Small,Very Small,0.9945318698883057,0.005464416928589344,3.651196038845228e-06,6.48045617168691e-10
2025-08-22/IMG_0049.JPG,Small,Small,0.17753122746944427,0.8041173219680786,0.018095677718520164,0.00025588690186850727
2025-09-05/IMG_1441.JPG,Very Small,Very Small,0.9857556223869324,0.014241178520023823,3.1858896818448557e-06,1.1540034206003469e-10
2025-08-07/IMG_9543.JPG,Small,Small,0.12648089230060577,0.730425238609314,0.13080401718616486,0.012289837934076786
2025-09-05/IMG_0973.JPG,Very Small,Small,0.47155386209487915,0.4924190044403076,0.034640900790691376,0.0013862010091543198
2025-09-05/IMG_1297.JPG,Small,Small,0.22277389466762543,0.7499871253967285,0.027080552652478218,0.00015844688459765166
2025-08-07/IMG_9211.JPG,Very Small,Very Small,0.9918993711471558,0.00810005608946085,6.497140816463798e-07,1.806738959830856e-11
2025-08-07/IMG_9678.JPG,Large,Large,0.0013640967663377523,0.038488175719976425,0.43726590275764465,0.5228818655014038
2025-09-29/IMG_1676.JPG,Medium,Medium,0.00013651202607434243,0.12205172330141068,0.8768873810768127,0.0009243360836990178
2025-09-29/IMG_1941.JPG,Very Small,Very Small,0.8651857972145081,0.12676167488098145,0.0075146956369280815,0.0005378486239351332
2025-08-07/IMG_9085.JPG,Very Small,Small,0.2736595869064331,0.5724519491195679,0.11235357075929642,0.04153485223650932
2025-08-22/IMG_9930.JPG,Very Small,Very Small,0.7704019546508789,0.22764770686626434,0.0019445838406682014,5.774686542281415e-06
2025-08-22/IMG_0073.JPG,Small,Small,0.36829036474227905,0.6267728805541992,0.004926568828523159,1.0136855053133331e-05
2025-08-07/IMG_9679.JPG,Large,Large,0.003444777335971594,0.028909994289278984,0.19952954351902008,0.7681156396865845
2025-09-05/IMG_1162.JPG,Small,Medium,0.0011170278303325176,0.3042093515396118,0.6936560869216919,0.0010175184579566121
2025-09-29/IMG_1839.JPG,Small,Small,0.0012218350311741233,0.7353914976119995,0.2631404995918274,0.00024618938914500177
2025-09-05/IMG_1397.JPG,Very Small,Very Small,0.9553781747817993,0.04435320571064949,0.00026852922746911645,1.0495601543425437e-07
2025-09-05/IMG_0932.JPG,Medium,Medium,0.0010068892734125257,0.07436078041791916,0.7614855766296387,0.16314679384231567
2025-08-07/IMG_9181.JPG,Small,Small,0.02058158442378044,0.7992481589317322,0.17878270149230957,0.0013876192970201373
2025-08-22/IMG_0085.JPG,Very Small,Very Small,0.7347863912582397,0.2564522624015808,0.008639246225357056,0.00012205460370751098
2025-09-29/IMG_1787.JPG,Very Small,Very Small,0.9964487552642822,0.003549438901245594,1.7240353145098197e-06,1.9242669957453273e-10
2025-08-07/IMG_9256.JPG,Small,Small,0.07667755335569382,0.9096322059631348,0.013669274747371674,2.1050183931947686e-05
2025-08-22/IMG_0005.JPG,Very Small,Very Small,0.6364589333534241,0.3602970242500305,0.0032386428210884333,5.297401912685018e-06
2025-09-05/IMG_1546.JPG,Very Small,Very Small,0.86246258020401,0.1367824524641037,0.000753561791498214,1.4243313444239902e-06
2025-09-05/IMG_1437.JPG,Very Small,Very Small,0.9918779134750366,0.008121824823319912,2.522315583064483e-07,9.090720797660934e-13
2025-08-07/IMG_9704.JPG,Large,Large,0.014976364560425282,0.07313232868909836,0.2640440762042999,0.6478472352027893
2025-08-07/IMG_9538.JPG,Large,Large,0.00814342312514782,0.08797670900821686,0.41867026686668396,0.485209584236145
2025-09-05/IMG_1489.JPG,Medium,Medium,0.0014906025025993586,0.07692009955644608,0.7564550042152405,0.1651342362165451
2025-09-29/IMG_1904.JPG,Very Small,Small,0.10814695060253143,0.4494854211807251,0.37203261256217957,0.0703350231051445
2025-08-07/IMG_9259.JPG,Small,Small,0.008271627128124237,0.9498144388198853,0.04187740013003349,3.6576861020876095e-05
2025-09-29/IMG_1922.JPG,Very Small,Very Small,0.5395797491073608,0.45226579904556274,0.008096876554191113,5.752380457124673e-05
2025-08-07/IMG_9440.JPG,Very Small,Very Small,0.994975209236145,0.0050239358097314835,8.290470532301697e-07,3.3772956653521646e-11
2025-09-05/IMG_1560.JPG,Small,Small,0.010704036802053452,0.8956471681594849,0.09321396052837372,0.0004349065129645169
2025-08-07/IMG_9562.JPG,Medium,Medium,0.029642080888152122,0.3467143177986145,0.48916828632354736,0.13447526097297668
2025-08-07/IMG_9168.JPG,Small,Very Small,0.5197511315345764,0.4756748080253601,0.004527391865849495,4.664864900405519e-05
2025-09-05/IMG_1592.JPG,Small,Small,0.05619558319449425,0.720583975315094,0.20975540578365326,0.013464944437146187
2025-09-05/IMG_1037.JPG,Small,Small,0.10418713092803955,0.8142616152763367,0.07554804533720016,0.006003140937536955
2025-09-29/IMG_1740.JPG,Small,Small,0.020205700770020485,0.9774519801139832,0.002342376857995987,1.8584222161166508e-08
2025-08-22/IMG_0013.JPG,Very Small,Very Small,0.8129702806472778,0.18228714168071747,0.0046342285349965096,0.00010836672299774364
2025-08-22/IMG_0286.JPG,Very Small,Very Small,0.9938836693763733,0.006090356968343258,2.5969713533413596e-05,1.259741022607841e-08
2025-09-05/IMG_1069.JPG,Small,Small,0.051941972225904465,0.4624384641647339,0.4369777739048004,0.048641737550497055
2025-08-22/IMG_9759.JPG,Medium,Medium,4.022236316814087e-05,0.03747754171490669,0.9602111577987671,0.002271100180223584
2025-08-22/IMG_0199.JPG,Small,Small,0.3386707305908203,0.6603246331214905,0.0010046048555523157,5.961317128821975e-08
2025-08-07/IMG_9184.JPG,Medium,Medium,0.0020328625105321407,0.30603471398353577,0.6840384006500244,0.007894022390246391
2025-09-29/IMG_1705.JPG,Very Small,Very Small,0.9980705380439758,0.0019294267985969782,6.82027376797123e-08,7.51670047819536e-14
2025-09-29/IMG_1716.JPG,Very Small,Small,0.2280965894460678,0.7715640068054199,0.00033942534355446696,1.3830844247664231e-09
2025-09-05/IMG_1509.JPG,Medium,Medium,0.000593761564232409,0.13915595412254333,0.8307386636734009,0.029511621221899986
2025-08-22/IMG_9850.JPG,Medium,Medium,0.0022044910583645105,0.34403517842292786,0.642366349697113,0.011394058354198933
2025-09-05/IMG_1084.JPG,Small,Small,0.024067582562565804,0.8669872283935547,0.10882755368947983,0.00011756542517105117
2025-08-07/IMG_9654.JPG,Large,Large,0.01796417497098446,0.0732165053486824,0.24207504093647003,0.6667442321777344
2025-08-22/IMG_9790.JPG,Medium,Medium,0.0004819252644665539,0.4775741398334503,0.5218476057052612,9.628866973798722e-05
2025-08-07/IMG_9559.JPG,Small,Small,0.16646547615528107,0.7772108912467957,0.05528951808810234,0.001034047920256853
2025-09-05/IMG_0954.JPG,Small,Small,0.00934187788516283,0.8976451754570007,0.0929398164153099,7.319241558434442e-05
2025-08-07/IMG_9446.JPG,Medium,Medium,0.0005048792227171361,0.21821247041225433,0.780821681022644,0.0004609249299392104
2025-09-05/IMG_1561.JPG,Small,Small,0.06335023045539856,0.7403055429458618,0.18599170446395874,0.010352499783039093
2025-09-05/IMG_1602.JPG,Medium,Medium,0.16890603303909302,0.35833311080932617,0.4123453199863434,0.060415491461753845
2025-09-05/IMG_1094.JPG,Medium,Medium,0.00038800985203124583,0.27922797203063965,0.7200353741645813,0.00034865335328504443
2025-08-22/IMG_0235.JPG,Very Small,Small,0.32720717787742615,0.6724123954772949,0.000380489305825904,2.5688131621848243e-09
2025-08-22/IMG_0032.JPG,Very Small,Very Small,0.7283834218978882,0.27051305770874023,0.001103016547858715,5.288357556310075e-07
2025-09-05/IMG_1060.JPG,Very Small,Very Small,0.8811457753181458,0.11411172151565552,0.004587390460073948,0.0001551935711177066
2025-08-07/IMG_9595.JPG,Medium,Large,0.002454637084156275,0.04448208585381508,0.44112691283226013,0.511936366558075
2025-09-05/IMG_1123.JPG,Very Small,Very Small,0.9818732738494873,0.01811848022043705,8.22647871245863e-06,4.733295977388252e-10
2025-09-05/IMG_1367.JPG,Small,Small,0.11962839215993881,0.8532369136810303,0.027106422930955887,2.8242309781489894e-05
2025-09-05/IMG_1231.JPG,Small,Small,0.0037310367915779352,0.8568574786186218,0.1393195241689682,9.195841994369403e-05
2025-08-07/IMG_9491.JPG,Small,Small,0.008282245136797428,0.9613277912139893,0.03038822114467621,1.730178496472945e-06
2025-08-07/IMG_9555.JPG,Medium,Medium,0.0020271865651011467,0.0775388702750206,0.7102904319763184,0.21014350652694702
2025-09-29/IMG_1905.JPG,Medium,Medium,0.02238798700273037,0.1612870693206787,0.4313351511955261,0.38498973846435547
2025-09-05/IMG_0854.JPG,Small,Small,0.052041295915842056,0.8926377892494202,0.05527029186487198,5.0661466957535595e-05
2025-08-22/IMG_9736.JPG,Medium,Medium,0.0045271688140928745,0.13305483758449554,0.7587831020355225,0.10363492369651794
2025-09-29/IMG_1919.JPG,Very Small,Very Small,0.9696754217147827,0.030061990022659302,0.0002608861541375518,1.6641597540001385e-06
2025-08-22/IMG_9889.JPG,Small,Small,0.04942989721894264,0.8819030523300171,0.068061962723732,0.0006051777745597064
2025-08-22/IMG_0267.JPG,Medium,Medium,0.00032793142599985003,0.18015405535697937,0.8190984129905701,0.0004196427471470088
2025-09-29/IMG_1674.JPG,Small,Small,0.0028594809118658304,0.9675723910331726,0.02956668846309185,1.4305370541478624e-06
2025-08-22/IMG_0129.JPG,Very Small,Very Small,0.9933640956878662,0.006614315789192915,2.1573996491497383e-05,2.2185933090668186e-08
2025-08-07/IMG_9088.JPG,Small,Small,0.04717542976140976,0.772919774055481,0.17140625417232513,0.00849853828549385
2025-08-22/IMG_0038.JPG,Small,Small,0.3554551601409912,0.5384778380393982,0.10358919203281403,0.002477837959304452
2025-08-22/IMG_9986.JPG,Very Small,Very Small,0.9537640810012817,0.045956630259752274,0.0002783599775284529,8.903369916879456e-07
2025-09-29/IMG_1842.JPG,Small,Small,0.007336174603551626,0.9773547053337097,0.015304363332688808,4.72667579742847e-06
2025-08-22/IMG_9940.JPG,Small,Small,0.19568666815757751,0.6978294849395752,0.10256298631429672,0.003920887131243944
2025-08-22/IMG_9829.JPG,Large,Large,0.004149874672293663,0.054650261998176575,0.35164180397987366,0.5895580649375916
2025-08-22/IMG_0050.JPG,Medium,Medium,0.006422910839319229,0.3032342195510864,0.6383000612258911,0.052042800933122635
2025-09-05/IMG_1100.JPG,Medium,Medium,9.346286242362112e-05,0.15867386758327484,0.8410700559616089,0.0001626221783226356
2025-09-29/IMG_1843.JPG,Small,Small,0.014309394173324108,0.9722414612770081,0.013445750810205936,3.4334207157371566e-06
2025-08-07/IMG_9116.JPG,Small,Small,0.14880292117595673,0.8334171772003174,0.01768837496638298,9.15333948796615e-05
2025-09-05/IMG_1230.JPG,Small,Small,0.009572790004312992,0.9268202185630798,0.06350677460432053,0.00010016976739279926
2025-08-07/IMG_9608.JPG,Large,Large,0.0038255583494901657,0.027005217969417572,0.17950859665870667,0.7896605730056763
2025-08-22/IMG_9844.JPG,Large,Large,0.030184634029865265,0.10211324691772461,0.2840424180030823,0.5836597084999084
2025-09-05/IMG_1468.JPG,Very Small,Very Small,0.9769482612609863,0.023040900006890297,1.0834696695383172e-05,1.037827046523887e-09
2025-09-05/IMG_1012.JPG,Small,Small,0.05791540816426277,0.9062775373458862,0.03568033128976822,0.00012673423043452203
2025-09-05/IMG_1171.JPG,Very Small,Very Small,0.8743221759796143,0.125504270195961,0.00017357915930915624,1.627111068103204e-08
2025-09-05/IMG_1438.JPG,Very Small,Very Small,0.9902793765068054,0.00972010474652052,4.4790809283767885e-07,2.1119000645497543e-12
2025-09-29/IMG_1715.JPG,Very Small,Very Small,0.9976091384887695,0.0023904743138700724,3.592474513425259e-07,7.881704837398029e-12
2025-08-22/IMG_9798.JPG,Medium,Medium,0.0003303118282929063,0.07607053220272064,0.9205106496810913,0.0030884745065122843
2025-08-22/IMG_0023.JPG,Very Small,Very Small,0.7993282079696655,0.19602780044078827,0.004626147449016571,1.791342583601363e-05
2025-08-07/IMG_9598.JPG,Small,Small,0.05660063028335571,0.7732458114624023,0.1619213968515396,0.008232119493186474
2025-08-07/IMG_9476.JPG,Small,Small,0.0018548809457570314,0.9635894298553467,0.03455467149615288,1.063704075932037e-06
2025-08-07/IMG_9236.JPG,Medium,Medium,0.00040659616934135556,0.07616469264030457,0.8802975416183472,0.04313107207417488
2025-08-07/IMG_9206.JPG,Very Small,Very Small,0.9652093052864075,0.034764569252729416,2.613829383335542e-05,3.760024736010337e-09
2025-09-05/IMG_0834.JPG,Medium,Medium,0.0015035381074994802,0.08311519026756287,0.8942007422447205,0.021180540323257446
2025-08-22/IMG_0283.JPG,Very Small,Very Small,0.9982286095619202,0.0017714605201035738,1.4769582001861181e-08,1.6976271598320367e-14
2025-08-22/IMG_9750.JPG,Medium,Medium,0.008328873664140701,0.1759008765220642,0.7851536273956299,0.030616577714681625
2025-09-05/IMG_1130.JPG,Small,Small,0.06373436748981476,0.87525475025177,0.06096537783741951,4.5512359065469354e-05
2025-08-07/IMG_9400.JPG,Medium,Medium,0.010186055675148964,0.20871980488300323,0.7389286160469055,0.04216553643345833
2025-09-29/IMG_1951.JPG,Small,Very Small,0.5013219118118286,0.460412859916687,0.03579704463481903,0.0024681894574314356
2025-08-22/IMG_9918.JPG,Very Small,Very Small,0.7362121939659119,0.2626587748527527,0.0011279680766165257,1.0472588201082544e-06
2025-09-29/IMG_1911.JPG,Large,Medium,0.007010313682258129,0.23912768065929413,0.5511234402656555,0.20273859798908234
2025-08-22/IMG_0176.JPG,Very Small,Very Small,0.9847939610481262,0.015170865692198277,3.5121975088259205e-05,2.7245327771652228e-08
2025-08-07/IMG_9200.JPG,Small,Small,0.004131993278861046,0.5023995637893677,0.4908522069454193,0.002616176614537835
2025-08-22/IMG_9818.JPG,Medium,Medium,9.939793380908668e-05,0.04558714106678963,0.9491965174674988,0.005116977263242006
2025-08-07/IMG_9108.JPG,Small,Small,0.04873131215572357,0.8091525435447693,0.13723452389240265,0.004881677683442831
2025-08-22/IMG_9792.JPG,Very Small,Very Small,0.999707043170929,0.00029293374973349273,3.758121813746129e-09,1.0576189751721702e-14
2025-08-07/IMG_9548.JPG,Medium,Medium,0.02339482679963112,0.2875068485736847,0.6380158066749573,0.05108253285288811
2025-09-05/IMG_1023.JPG,Small,Very Small,0.6181710958480835,0.3738340735435486,0.00793471559882164,6.010209835949354e-05
2025-08-07/IMG_9551.JPG,Medium,Medium,0.004355388227850199,0.07695239782333374,0.565742015838623,0.35295021533966064
2025-09-05/IMG_1327.JPG,Very Small,Very Small,0.6964108347892761,0.2573544681072235,0.0393393412232399,0.006895341444760561
2025-08-07/IMG_9133.JPG,Small,Small,0.02809377759695053,0.9471116065979004,0.02471229061484337,8.236207213485613e-05
2025-08-22/IMG_0222.JPG,Very Small,Very Small,0.9998413324356079,0.00015867571346461773,3.639282208922623e-10,1.5711234297282733e-16
2025-08-07/IMG_9605.JPG,Small,Small,0.026489360257983208,0.7670544981956482,0.20474441349506378,0.0017117731040343642
2025-09-05/IMG_1491.JPG,Small,Medium,0.00733109749853611,0.2801133096218109,0.6372907161712646,0.07526487857103348
2025-09-05/IMG_1304.JPG,Very Small,Very Small,0.7254627346992493,0.2692393958568573,0.005262267310172319,3.570285116438754e-05
2025-08-22/IMG_0148.JPG,Small,Small,0.033338550478219986,0.8529595136642456,0.11353985965251923,0.0001621087285457179
2025-09-05/IMG_1010.JPG,Very Small,Very Small,0.7120454907417297,0.23521116375923157,0.045178305357694626,0.007565049920231104
2025-08-22/IMG_0149.JPG,Medium,Medium,0.009290334768593311,0.28955283761024475,0.685344934463501,0.015811841934919357
2025-08-22/IMG_9883.JPG,Very Small,Very Small,0.7268719673156738,0.2729286551475525,0.00019928479741793126,1.674584027000492e-08
2025-09-05/IMG_0991.JPG,Medium,Small,0.017434723675251007,0.48578527569770813,0.4839109480381012,0.012869143858551979
2025-09-05/IMG_0961.JPG,Small,Small,0.0017658488359302282,0.7834726572036743,0.21465352177619934,0.00010799751180456951
2025-08-07/IMG_9514.JPG,Small,Small,0.12833991646766663,0.8490626215934753,0.02251557447016239,8.188920764951035e-05
2025-09-05/IMG_0917.JPG,Medium,Medium,0.0030696906615048647,0.4852288067340851,0.5109120607376099,0.0007894531008787453
2025-08-22/IMG_9993.JPG,Very Small,Small,0.24351553618907928,0.7454368472099304,0.011024124920368195,2.3451464585377835e-05
2025-09-05/IMG_1065.JPG,Small,Small,0.15435691177845,0.7616862654685974,0.08157693594694138,0.0023798656184226274
2025-09-29/IMG_1767.JPG,Small,Small,0.001711205462925136,0.6748839020729065,0.32330888509750366,9.601120837032795e-05
2025-09-05/IMG_0864.JPG,Small,Small,0.001942944247275591,0.5983768701553345,0.39954668283462524,0.00013356920680962503
2025-09-05/IMG_0816.JPG,Small,Small,0.012286976911127567,0.6899374127388,0.29721444845199585,0.0005611523520201445
2025-08-07/IMG_9163.JPG,Very Small,Very Small,0.7367825508117676,0.26043567061424255,0.0027594701386988163,2.2320024072541855e-05
2025-09-29/IMG_1784.JPG,Small,Small,0.0021176377777010202,0.6718469262123108,0.32592377066612244,0.00011167751654284075
2025-08-22/IMG_9808.JPG,Very Small,Very Small,0.9999550580978394,4.4921482185600325e-05,1.3742083859735743e-11,9.86657519135648e-19
2025-08-07/IMG_9226.JPG,Small,Small,0.04529096558690071,0.9349811673164368,0.019699018448591232,2.8841755920439027e-05
2025-08-22/IMG_9872.JPG,Large,Large,0.0030398722738027573,0.032762933522462845,0.23692506551742554,0.727272093296051
2025-09-05/IMG_1377.JPG,Small,Small,0.11353299021720886,0.8790559768676758,0.007410427555441856,6.594814863092324e-07
2025-08-22/IMG_0195.JPG,Small,Medium,0.006640278734266758,0.4153634011745453,0.5718297958374023,0.00616651913151145
2025-08-22/IMG_9942.JPG,Small,Very Small,0.5914894938468933,0.39746320247650146,0.010962343774735928,8.49337229738012e-05
2025-09-05/IMG_1221.JPG,Small,Small,0.30056554079055786,0.6351146697998047,0.06137295439839363,0.0029468624852597713
2025-09-05/IMG_1388.JPG,Small,Small,0.11170529574155807,0.7963900566101074,0.0913885161280632,0.000516133033670485
2025-09-29/IMG_1678.JPG,Small,Small,0.02938634157180786,0.9663510918617249,0.004262404982000589,9.198872419347026e-08
2025-08-07/IMG_9711.JPG,Large,Large,0.005079619586467743,0.03488486260175705,0.18879690766334534,0.7712386250495911
2025-08-22/IMG_0156.JPG,Medium,Medium,0.0010640299879014492,0.19131122529506683,0.8011196255683899,0.0065050576813519
2025-09-05/IMG_0814.JPG,Small,Small,0.003737868508324027,0.9488705992698669,0.047387197613716125,4.416932824824471e-06
2025-08-22/IMG_0134.JPG,Medium,Medium,0.04562649503350258,0.46021535992622375,0.484535276889801,0.009622854180634022
2025-08-22/IMG_9956.JPG,Small,Very Small,0.7628588676452637,0.2354869693517685,0.0016493407310917974,4.752690529130632e-06
2025-09-29/IMG_1848.JPG,Medium,Medium,0.001718349987640977,0.23012027144432068,0.7346643805503845,0.03349698334932327
2025-08-22/IMG_9830.JPG,Large,Large,0.0033574348781257868,0.023775888606905937,0.16847382485866547,0.8043928146362305
2025-09-05/IMG_1299.JPG,Very Small,Very Small,0.8535674214363098,0.144369974732399,0.0020494272466748953,1.3139720977051184e-05
2025-08-22/IMG_0216.JPG,Small,Small,0.08842950314283371,0.9074071645736694,0.0041630202904343605,3.3843900837382535e-07
2025-09-29/IMG_1857.JPG,Very Small,Very Small,0.8420448899269104,0.15678830444812775,0.0011602926533669233,6.49709181743674e-06
2025-09-29/IMG_1754.JPG,Very Small,Very Small,0.9969567060470581,0.0030429738108068705,3.1296670499614265e-07,7.228770533551643e-12
2025-09-05/IMG_0994.JPG,Medium,Medium,0.010813577100634575,0.242183655500412,0.6291151642799377,0.11788758635520935
2025-08-07/IMG_9410.JPG,Very Small,Very Small,0.9991434812545776,0.0008565051830373704,2.7351823916887952e-08,2.6883264494723114e-13
2025-09-05/IMG_1500.JPG,Small,Small,0.013741549104452133,0.8696409463882446,0.11621452122926712,0.0004029535921290517
2025-09-05/IMG_1359.JPG,Very Small,Very Small,0.8760542273521423,0.12365737557411194,0.00028814043616876006,3.435715711930243e-07
2025-09-05/IMG_1497.JPG,Small,Small,0.004400499165058136,0.8077075481414795,0.18724556267261505,0.0006464436883106828
2025-08-22/IMG_9840.JPG,Medium,Medium,0.004082896281033754,0.23527733981609344,0.7056025266647339,0.0550372339785099
2025-08-07/IMG_9397.JPG,Small,Very Small,0.727259635925293,0.27268320322036743,5.724194852518849e-05,1.0055671850750514e-09
2025-08-22/IMG_9885.JPG,Medium,Medium,0.0009690899169072509,0.16148771345615387,0.7891644239425659,0.0483788326382637
2025-08-22/IMG_0048.JPG,Small,Small,0.07643037289381027,0.8693678975105286,0.05349776893854141,0.0007040019263513386
2025-08-22/IMG_9907.JPG,Small,Small,0.012759004719555378,0.9671086072921753,0.020121729001402855,1.0689862392609939e-05
2025-09-05/IMG_1460.JPG,Small,Small,0.014100098982453346,0.9723656177520752,0.013528325594961643,5.927209713263437e-06
2025-09-05/IMG_1569.JPG,Very Small,Very Small,0.7612773776054382,0.2230483591556549,0.015198823064565659,0.000475412787636742
2025-08-07/IMG_9145.JPG,Small,Small,0.23579104244709015,0.673529863357544,0.07975739240646362,0.010921766050159931
2025-09-05/IMG_0939.JPG,Small,Small,0.008958372287452221,0.8464389443397522,0.14427126944065094,0.00033139262814074755
2025-08-22/IMG_9985.JPG,Very Small,Very Small,0.8517007827758789,0.14602461457252502,0.0022560968063771725,1.8470982467988506e-05
2025-09-05/IMG_1513.JPG,Small,Small,0.22744210064411163,0.5368713736534119,0.19153323769569397,0.04415323585271835
2025-08-07/IMG_9474.JPG,Small,Small,0.003520593047142029,0.9467961192131042,0.049678634852170944,4.652322331821779e-06
2025-09-29/IMG_1908.JPG,Large,Large,0.00016604831034783274,0.009934602305293083,0.22386640310287476,0.7660329937934875
2025-09-29/IMG_1693.JPG,Medium,Medium,0.00028214993653818965,0.4835399091243744,0.5161042213439941,7.375230779871345e-05
2025-09-05/IMG_0848.JPG,Very Small,Very Small,0.9949656128883362,0.005034252069890499,1.2253191528088792e-07,5.254170579518935e-13
2025-08-22/IMG_9929.JPG,Very Small,Very Small,0.9087263345718384,0.09045466780662537,0.0008162165759131312,2.758310074568726e-06
2025-08-22/IMG_9886.JPG,Small,Small,0.011424804106354713,0.9032715559005737,0.08524724096059799,5.6449323892593384e-05
2025-09-29/IMG_1868.JPG,Very Small,Very Small,0.48779457807540894,0.48624560236930847,0.025290632620453835,0.0006691872840747237
2025-09-29/IMG_1900.JPG,Medium,Medium,0.003379879519343376,0.20305763185024261,0.699066162109375,0.09449627995491028
2025-09-05/IMG_1046.JPG,Small,Small,0.46523600816726685,0.5122318863868713,0.02211376465857029,0.0004183304845355451
2025-09-05/IMG_1207.JPG,Very Small,Very Small,0.5554820895195007,0.4205164313316345,0.023629192262887955,0.00037235740455798805
2025-08-07/IMG_9451.JPG,Very Small,Very Small,0.9995527863502502,0.0004472372238524258,6.96936508504109e-10,2.6787700183558986e-16
2025-08-22/IMG_0027.JPG,Small,Small,0.020905600860714912,0.9031367897987366,0.07573124021291733,0.00022638410155195743
2025-09-05/IMG_0857.JPG,Very Small,Very Small,0.9993010759353638,0.0006989627727307379,2.635307527754094e-09,2.2798004007215005e-15
2025-09-05/IMG_1294.JPG,Small,Small,0.1012391671538353,0.7965013980865479,0.10023560374975204,0.002023874782025814
2025-08-07/IMG_9141.JPG,Very Small,Very Small,0.8131888508796692,0.18131323158740997,0.005267435684800148,0.00023056360078044236
2025-09-05/IMG_0992.JPG,Very Small,Very Small,0.8653802871704102,0.13155406713485718,0.0030415186192840338,2.415315611870028e-05
2025-08-22/IMG_9892.JPG,Small,Small,0.0038790833204984665,0.9882422089576721,0.007878277450799942,4.6111131268844474e-07
2025-08-22/IMG_0169.JPG,Medium,Medium,0.0018764326814562082,0.1693113148212433,0.7911242842674255,0.03768790885806084
2025-09-05/IMG_1122.JPG,Very Small,Very Small,0.9903876185417175,0.00960615836083889,6.2984772739582695e-06,7.658811362887263e-10
2025-08-07/IMG_9695.JPG,Small,Small,0.011621451936662197,0.9709435105323792,0.01743214763700962,2.950398084067274e-06
2025-08-07/IMG_9249.JPG,Medium,Medium,0.003718727733939886,0.2958742678165436,0.6724640130996704,0.027942966669797897
2025-08-07/IMG_9508.JPG,Small,Small,0.054828763008117676,0.7349402904510498,0.19599683582782745,0.014234066940844059
2025-08-22/IMG_9983.JPG,Very Small,Very Small,0.8585267066955566,0.1387159675359726,0.0027087091002613306,4.853285281569697e-05
2025-08-22/IMG_0078.JPG,Small,Small,0.04716980457305908,0.9371505379676819,0.015647249296307564,3.241863305447623e-05
2025-09-05/IMG_1578.JPG,Small,Medium,0.15526540577411652,0.3673848509788513,0.383848637342453,0.09350110590457916
2025-08-07/IMG_9262.JPG,Small,Medium,0.001001498312689364,0.2161310911178589,0.7670301198959351,0.015837280079722404
2025-09-05/IMG_1274.JPG,Very Small,Very Small,0.9072225689888,0.09109464287757874,0.0016606823774054646,2.2134829123388045e-05
2025-08-22/IMG_9937.JPG,Small,Small,0.4644756615161896,0.5246902704238892,0.010787159204483032,4.698612247011624e-05
2025-08-22/IMG_9755.JPG,Small,Small,0.027405988425016403,0.8261380791664124,0.14637494087219238,8.096331293927506e-05
2025-09-05/IMG_0948.JPG,Medium,Medium,0.0013312222436070442,0.15712040662765503,0.8356975317001343,0.005850843153893948
2025-08-22/IMG_9776.JPG,Small,Small,0.02792212925851345,0.9689892530441284,0.003088496858254075,8.011232210947128e-08
2025-09-05/IMG_1296.JPG,Very Small,Very Small,0.5194159150123596,0.4743576943874359,0.006210200488567352,1.621976844035089e-05
2025-08-07/IMG_9706.JPG,Large,Large,0.014035355299711227,0.08716124296188354,0.32780227065086365,0.5710011720657349
2025-09-29/IMG_1811.JPG,Medium,Medium,5.540005076909438e-05,0.059752173721790314,0.9330914616584778,0.007100978400558233
2025-08-07/IMG_9515.JPG,Small,Small,0.03323669359087944,0.9062415957450867,0.06013773754239082,0.00038398377364501357
2025-09-05/IMG_0962.JPG,Medium,Small,0.003300314536318183,0.49940216541290283,0.49491778016090393,0.0023798132315278053
2025-09-05/IMG_1014.JPG,Medium,Small,0.22428040206432343,0.5035107135772705,0.2559267580509186,0.016282200813293457
2025-08-07/IMG_9086.JPG,Small,Small,0.015873555094003677,0.6231089234352112,0.3458010256290436,0.015216445550322533
2025-09-29/IMG_1758.JPG,Small,Small,0.1749638468027115,0.8189271092414856,0.00610769260674715,1.3291596587805543e-06
2025-09-05/IMG_1055.JPG,Very Small,Very Small,0.7811626195907593,0.20798468589782715,0.010378165170550346,0.00047450061538256705
2025-09-29/IMG_1725.JPG,Small,Small,0.12311949580907822,0.8749703168869019,0.0019101605284959078,2.7319472906128794e-08
2025-09-05/IMG_0869.JPG,Very Small,Very Small,0.9991564750671387,0.0008434938499704003,1.0832878594158046e-08,3.508363033682266e-14
2025-08-07/IMG_9240.JPG,Very Small,Very Small,0.6685904264450073,0.3299161195755005,0.001491708680987358,1.7381966017637751e-06
2025-08-07/IMG_9448.JPG,Very Small,Very Small,0.9980491399765015,0.0019508358091115952,5.2751033763343e-08,2.880543568430094e-13
2025-09-29/IMG_1832.JPG,Small,Small,0.022818097844719887,0.9692329168319702,0.007945825345814228,3.0975895697338274e-06
2025-08-07/IMG_9699.JPG,Medium,Medium,0.001232024747878313,0.15469945967197418,0.7827370166778564,0.061331506818532944
2025-08-07/IMG_9232.JPG,Small,Small,0.3080134987831116,0.691352367401123,0.0006340990657918155,7.669188306635988e-08
2025-09-05/IMG_1286.JPG,Medium,Small,0.0072020841762423515,0.5280899405479431,0.4593934118747711,0.005314565263688564
2025-09-05/IMG_0909.JPG,Small,Small,0.07436211407184601,0.9168328642845154,0.00879658479243517,8.460749995720107e-06
2025-08-22/IMG_9775.JPG,Very Small,Very Small,0.9885823726654053,0.011414357461035252,3.3558674203959526e-06,1.2145986993949975e-10
2025-08-22/IMG_9766.JPG,Large,Large,0.003831543494015932,0.05597361549735069,0.42538002133369446,0.5148147940635681
2025-08-22/IMG_0097.JPG,Very Small,Very Small,0.9191765189170837,0.08056136220693588,0.00026173764490522444,3.0596623901146813e-07
2025-08-07/IMG_9685.JPG,Medium,Medium,0.001494725700467825,0.12626546621322632,0.8344658613204956,0.0377739742398262
2025-09-05/IMG_1298.JPG,Very Small,Very Small,0.8447272777557373,0.15015095472335815,0.0050415233708918095,8.024831186048687e-05
2025-09-05/IMG_1398.JPG,Very Small,Very Small,0.9496554732322693,0.04927603900432587,0.0010633537312969565,5.081502877146704e-06
2025-09-29/IMG_1768.JPG,Medium,Medium,0.0008415532065555453,0.32470476627349854,0.6733148097991943,0.0011388537241145968
2025-09-05/IMG_1376.JPG,Medium,Medium,0.004494585562497377,0.15020214021205902,0.8069818615913391,0.03832142800092697
2025-08-22/IMG_0099.JPG,Very Small,Very Small,0.5978639721870422,0.3508034348487854,0.048745863139629364,0.0025867284275591373
2025-09-05/IMG_1283.JPG,Very Small,Very Small,0.7903270721435547,0.2026292085647583,0.006906040944159031,0.00013775675324723125
2025-09-05/IMG_0931.JPG,Medium,Medium,0.001387721742503345,0.060050591826438904,0.5897567272186279,0.34880495071411133
2025-09-05/IMG_1257.JPG,Small,Small,0.03495180606842041,0.6753823757171631,0.27710458636283875,0.012561230920255184
2025-09-05/IMG_1539.JPG,Very Small,Very Small,0.794798731803894,0.19835472106933594,0.006781318224966526,6.518684676848352e-05
2025-09-29/IMG_1724.JPG,Medium,Medium,5.271044574328698e-05,0.09640614688396454,0.9028396010398865,0.0007014574366621673
2025-09-29/IMG_1677.JPG,Small,Small,0.004092995077371597,0.9886777997016907,0.007229176349937916,3.877298482279912e-08
2025-08-07/IMG_9675.JPG,Large,Large,0.007363160140812397,0.05042290687561035,0.2506580650806427,0.6915558576583862
2025-09-29/IMG_1809.JPG,Medium,Medium,0.0007567710126750171,0.099803127348423,0.8189703822135925,0.08046965301036835
2025-09-05/IMG_1091.JPG,Very Small,Very Small,0.9902121424674988,0.00978637021034956,1.5783692788318149e-06,1.494401824508884e-11
2025-09-05/IMG_0835.JPG,Medium,Medium,4.596846702042967e-05,0.032887451350688934,0.9582004547119141,0.008866194635629654
2025-08-22/IMG_0098.JPG,Very Small,Small,0.42269548773765564,0.5694599151611328,0.007820815779268742,2.3839094865252264e-05
2025-08-22/IMG_0262.JPG,Small,Small,0.0019622209947556257,0.9830801486968994,0.014957515522837639,1.486009040263525e-07
2025-09-05/IMG_0955.JPG,Small,Small,0.005208882968872786,0.9425392746925354,0.05224405229091644,7.749755241093226e-06
2025-08-22/IMG_0146.JPG,Small,Small,0.17848238348960876,0.6391048431396484,0.18001417815685272,0.002398633398115635
2025-09-29/IMG_1746.JPG,Medium,Medium,0.00021472004300449044,0.2824806272983551,0.7172316312789917,7.302402082132176e-05
2025-09-05/IMG_0979.JPG,Medium,Medium,0.005135073326528072,0.3370519280433655,0.6412209868431091,0.01659206673502922
2025-09-05/IMG_1492.JPG,Small,Medium,0.001967301592230797,0.17767111957073212,0.7779107689857483,0.042450834065675735
2025-08-22/IMG_0022.JPG,Very Small,Small,0.21888187527656555,0.7581270933151245,0.022863995283842087,0.00012702813546638936
2025-09-05/IMG_1448.JPG,Medium,Medium,0.005224826745688915,0.2596184015274048,0.6913033723831177,0.04385340213775635
2025-09-05/IMG_1512.JPG,Small,Small,0.19354256987571716,0.7543110251426697,0.049352969974279404,0.002793413819745183
2025-08-07/IMG_9127.JPG,Very Small,Very Small,0.6022059917449951,0.39212414622306824,0.005609591491520405,6.029874930391088e-05
2025-08-07/IMG_9639.JPG,Large,Large,0.003789359237998724,0.028909608721733093,0.1946985274553299,0.7726024985313416
2025-08-07/IMG_9589.JPG,Medium,Medium,0.028298797085881233,0.32369381189346313,0.5470018982887268,0.10100553184747696
2025-09-05/IMG_1053.JPG,Very Small,Very Small,0.7644587159156799,0.22755023837089539,0.007737509440630674,0.00025351473595947027
2025-09-05/IMG_1068.JPG,Small,Small,0.2609451115131378,0.7013091444969177,0.03691040724515915,0.000835353450383991
2025-08-22/IMG_0025.JPG,Small,Small,0.07223745435476303,0.9091177582740784,0.018618453294038773,2.6379360861028545e-05
2025-09-05/IMG_1201.JPG,Very Small,Small,0.1354493945837021,0.8015336394309998,0.0627514198422432,0.0002655303105711937
2025-09-05/IMG_1534.JPG,Small,Small,0.16262611746788025,0.7921985387802124,0.044605907052755356,0.0005694448482245207
2025-08-22/IMG_0226.JPG,Small,Small,0.0008999780984595418,0.9834699034690857,0.01562981680035591,2.2316397974009305e-07
2025-08-07/IMG_9412.JPG,Small,Small,0.005777718499302864,0.6826367974281311,0.31135106086730957,0.00023446971317753196
2025-08-07/IMG_9534.JPG,Large,Large,0.034777335822582245,0.15156975388526917,0.3030616343021393,0.5105912685394287
2025-09-05/IMG_0811.JPG,Medium,Medium,0.003638212801888585,0.13495931029319763,0.8156055808067322,0.04579693451523781
2025-08-22/IMG_0110.JPG,Very Small,Very Small,0.5520145297050476,0.4187699258327484,0.028720911592245102,0.0004946204135194421
2025-08-22/IMG_9944.JPG,Very Small,Very Small,0.6585686802864075,0.29066002368927,0.04811728000640869,0.002654073527082801
2025-08-07/IMG_9517.JPG,Small,Small,0.013791285455226898,0.8539717197418213,0.13170263171195984,0.00053438451141119
2025-08-07/IMG_9700.JPG,Large,Medium,0.008570346981287003,0.08938601613044739,0.5101369619369507,0.3919066786766052
2025-08-22/IMG_9733.JPG,Small,Small,0.1114836186170578,0.8682305216789246,0.020167725160717964,0.00011811795411631465
2025-08-22/IMG_9991.JPG,Very Small,Very Small,0.8961601853370667,0.1013781949877739,0.002431044587865472,3.0552946554962546e-05
2025-08-22/IMG_9787.JPG,Very Small,Very Small,0.9992769360542297,0.0007230423507280648,1.901030799444925e-08,1.4528597780134184e-13
2025-09-29/IMG_1896.JPG,Medium,Medium,0.010361935943365097,0.38128602504730225,0.5484361052513123,0.05991595238447189
2025-08-07/IMG_9691.JPG,Medium,Medium,0.01590738445520401,0.27654120326042175,0.6067620515823364,0.10078932344913483
2025-08-22/IMG_9813.JPG,Medium,Medium,0.002977559808641672,0.09722746163606644,0.8562228679656982,0.0435720719397068
2025-09-29/IMG_1800.JPG,Very Small,Very Small,0.9981809854507446,0.0018189435359090567,1.349998228761251e-07,1.9749488502918133e-12
2025-08-22/IMG_9902.JPG,Small,Small,0.019347183406352997,0.970574140548706,0.01007342990487814,5.268067070574034e-06
2025-08-07/IMG_9493.JPG,Medium,Medium,0.006013300735503435,0.27475979924201965,0.7033447027206421,0.015882141888141632
2025-09-05/IMG_1218.JPG,Medium,Medium,0.0039831711910665035,0.3180620074272156,0.6605713367462158,0.017383519560098648
2025-08-22/IMG_9988.JPG,Small,Small,0.16207745671272278,0.8257471919059753,0.012152506038546562,2.2818609068053775e-05
2025-09-05/IMG_1476.JPG,Small,Small,0.020122023299336433,0.821331262588501,0.15808387100696564,0.00046279592788778245
2025-08-07/IMG_9513.JPG,Small,Small,0.4020964503288269,0.595438539981842,0.002460709074512124,4.271049874660093e-06
2025-09-05/IMG_0942.JPG,Very Small,Very Small,0.9369171261787415,0.06302545964717865,5.7354634918738157e-05,1.0605447187117534e-08
2025-08-07/IMG_9135.JPG,Small,Small,0.05848943069577217,0.913635790348053,0.027532033622264862,0.00034271206823177636
2025-09-05/IMG_1287.JPG,Very Small,Very Small,0.6370001435279846,0.3344835937023163,0.027848845347762108,0.0006674663163721561
2025-09-05/IMG_0912.JPG,Very Small,Very Small,0.881247878074646,0.11845435202121735,0.0002976007526740432,2.072837048672227e-07
2025-08-07/IMG_9423.JPG,Very Small,Very Small,0.9819784760475159,0.01774626597762108,0.0002743621589615941,8.817519869808166e-07
2025-09-29/IMG_1775.JPG,Very Small,Very Small,0.9984496831893921,0.0015501647721976042,6.286715859005199e-08,5.163620724578377e-13
2025-08-22/IMG_0047.JPG,Very Small,Very Small,0.8976597785949707,0.09696805477142334,0.005113269668072462,0.0002589574141893536
2025-08-07/IMG_9468.JPG,Small,Small,0.0313587412238121,0.9368831515312195,0.03174281492829323,1.529779729025904e-05
2025-09-05/IMG_1222.JPG,Small,Medium,0.006773000117391348,0.3079276382923126,0.6503639817237854,0.03493542596697807
2025-08-22/IMG_0278.JPG,Small,Small,0.0008518969407305121,0.9516667127609253,0.047480639070272446,8.467405336887168e-07
2025-08-07/IMG_9425.JPG,Very Small,Very Small,0.9957780838012695,0.004221475217491388,4.659863463984948e-07,1.212783953125074e-11
2025-08-22/IMG_9996.JPG,Small,Small,0.42664599418640137,0.5724730491638184,0.0008808137499727309,1.393139257288567e-07
2025-09-05/IMG_1181.JPG,Medium,Medium,0.0013521426590159535,0.49602264165878296,0.5011904239654541,0.0014348215190693736
2025-09-05/IMG_0889.JPG,Medium,Medium,0.000384833401767537,0.11279360204935074,0.881919264793396,0.0049023134633898735
2025-08-22/IMG_9969.JPG,Small,Small,0.37059271335601807,0.6242713928222656,0.0051298667676746845,6.044321253284579e-06
2025-09-29/IMG_1786.JPG,Very Small,Very Small,0.9966158270835876,0.0033835251815617085,7.318411689993809e-07,3.511977514358833e-11
2025-08-07/IMG_9583.JPG,Medium,Medium,0.00805988535284996,0.11621355265378952,0.5910202264785767,0.28470635414123535
2025-09-05/IMG_0832.JPG,Very Small,Very Small,0.9997368454933167,0.0002631311654113233,1.6511171596622631e-10,3.7892773284139774e-17
2025-09-29/IMG_1914.JPG,Very Small,Very Small,0.9355968236923218,0.0630456805229187,0.0013472221326082945,1.0319805369363166e-05
2025-08-22/IMG_0234.JPG,Very Small,Very Small,0.993525505065918,0.006474244873970747,2.0407260592492094e-07,6.905444098481706e-13
2025-08-22/IMG_9995.JPG,Very Small,Very Small,0.9285677075386047,0.07073454558849335,0.0006953940610401332,2.3623886136192596e-06
2025-09-05/IMG_1146.JPG,Very Small,Very Small,0.9727634191513062,0.027064332738518715,0.00017191158258356154,3.151525902467256e-07
2025-09-05/IMG_0951.JPG,Small,Small,0.0014074774226173759,0.8686517477035522,0.12988893687725067,5.192409662413411e-05
2025-08-07/IMG_9421.JPG,Small,Very Small,0.5044551491737366,0.49002712965011597,0.00551003310829401,7.696214197494555e-06
2025-09-05/IMG_0914.JPG,Small,Small,0.31801676750183105,0.6702138185501099,0.01174849271774292,2.0941623006365262e-05
2025-08-22/IMG_9864.JPG,Medium,Medium,0.004341718275099993,0.39118361473083496,0.5966204404830933,0.007854257710278034
2025-09-05/IMG_1582.JPG,Medium,Medium,0.0127847446128726,0.3499506115913391,0.5964123010635376,0.040852341800928116
2025-09-05/IMG_1595.JPG,Small,Small,0.1637037992477417,0.734891951084137,0.09714699536561966,0.004257259890437126
2025-08-22/IMG_0046.JPG,Very Small,Very Small,0.5322620868682861,0.4617600739002228,0.005916287656873465,6.15451208432205e-05
2025-08-22/IMG_9975.JPG,Small,Very Small,0.761867344379425,0.23583334684371948,0.0022937378380447626,5.6119615692296065e-06
2025-09-05/IMG_1076.JPG,Small,Small,0.015682615339756012,0.785736083984375,0.19735197722911835,0.001229288405738771
2025-09-05/IMG_1454.JPG,Small,Small,0.040988121181726456,0.9315242767333984,0.02744629792869091,4.1298309952253476e-05
2025-09-05/IMG_1579.JPG,Small,Small,0.3902430832386017,0.5036539435386658,0.08366772532463074,0.022435307502746582
2025-08-07/IMG_9217.JPG,Medium,Medium,0.004676513839513063,0.25269103050231934,0.7312355041503906,0.011397009715437889
2025-08-22/IMG_9873.JPG,Medium,Medium,0.001377789187245071,0.12094850093126297,0.8444724082946777,0.03320135921239853
2025-09-05/IMG_1562.JPG,Very Small,Very Small,0.8976845145225525,0.09512471407651901,0.006829828955233097,0.00036089069908484817
2025-08-07/IMG_9424.JPG,Small,Medium,0.0069697266444563866,0.30020204186439514,0.6843699812889099,0.0084582744166255
2025-09-05/IMG_1424.JPG,Small,Small,0.009411788545548916,0.8564829230308533,0.1340860277414322,1.9266004528617486e-05
2025-08-07/IMG_9193.JPG,Very Small,Very Small,0.9984453320503235,0.0015540915774181485,5.681882271346694e-07,8.964106540387817e-11
2025-09-29/IMG_1763.JPG,Medium,Medium,9.74881841102615e-05,0.1640000343322754,0.8355818390846252,0.00032066175481304526
2025-08-07/IMG_9156.JPG,Medium,Medium,0.005357722286134958,0.19977501034736633,0.7027367353439331,0.09213052690029144
2025-08-07/IMG_9422.JPG,Very Small,Very Small,0.899867594242096,0.10003221035003662,0.00010019083129009232,2.432025070220334e-08
2025-09-05/IMG_1603.JPG,Medium,Medium,0.010143333114683628,0.2369939237833023,0.6818792223930359,0.07098347693681717
2025-08-07/IMG_9165.JPG,Very Small,Small,0.31705015897750854,0.6568980813026428,0.025665275752544403,0.0003864741593133658
2025-09-05/IMG_1195.JPG,Small,Small,0.3075332045555115,0.6859892010688782,0.0064718350768089294,5.710051482310519e-06
2025-08-22/IMG_0036.JPG,Small,Small,0.24586527049541473,0.7453331351280212,0.00878690741956234,1.4637172171205748e-05
2025-09-05/IMG_1358.JPG,Small,Small,0.03426467254757881,0.8997771739959717,0.06576951593160629,0.0001886645914055407
2025-08-07/IMG_9571.JPG,Large,Large,0.0074341013096272945,0.041192978620529175,0.20152311027050018,0.749849796295166
2025-09-05/IMG_1330.JPG,Very Small,Small,0.11876402050256729,0.7089980244636536,0.163374125957489,0.008863828144967556
2025-09-05/IMG_1412.JPG,Medium,Medium,0.0006951538962312043,0.09613758325576782,0.8885954022407532,0.01457193959504366
2025-09-05/IMG_0900.JPG,Very Small,Very Small,0.978917121887207,0.02107316255569458,9.726630196382757e-06,1.3491368022755523e-09
2025-08-22/IMG_9897.JPG,Small,Small,0.006070547271519899,0.8815653920173645,0.11225512623786926,0.0001088662538677454
2025-09-05/IMG_0860.JPG,Small,Small,0.29172593355178833,0.7053562998771667,0.002917691832408309,1.1838447733225621e-07
2025-09-05/IMG_1387.JPG,Medium,Medium,0.0003211796865798533,0.059254009276628494,0.9107853174209595,0.029639551416039467
2025-08-07/IMG_9112.JPG,Small,Very Small,0.5573709011077881,0.43318191170692444,0.00929514691233635,0.00015201942005660385
2025-08-22/IMG_9754.JPG,Very Small,Very Small,0.9869535565376282,0.013043425977230072,2.9672701202798635e-06,1.089909204554651e-10
2025-09-05/IMG_0845.JPG,Medium,Medium,4.326976340962574e-05,0.0533064641058445,0.9448084831237793,0.0018417531391605735
2025-08-07/IMG_9099.JPG,Very Small,Small,0.44032803177833557,0.5540980696678162,0.005561341065913439,1.2521581993496511e-05
2025-09-29/IMG_1778.JPG,Very Small,Very Small,0.9996200799942017,0.0003799320256803185,1.1038792102624484e-08,8.18341840689088e-14
2025-09-05/IMG_1164.JPG,Small,Medium,0.008944443427026272,0.4116264879703522,0.5730766654014587,0.006352424621582031
2025-09-05/IMG_1086.JPG,Medium,Medium,3.9303435187321156e-05,0.027318989858031273,0.9685631394386292,0.004078593570739031
2025-08-22/IMG_9841.JPG,Small,Very Small,0.6257345676422119,0.3692290186882019,0.005004324950277805,3.212008232367225e-05
2025-09-29/IMG_1760.JPG,Very Small,Very Small,0.8968167901039124,0.1031181812286377,6.496608693851158e-05,4.799846298197963e-09
2025-09-29/IMG_1704.JPG,Medium,Medium,0.00039610324893146753,0.3541516661643982,0.6452250480651855,0.00022715404338669032
2025-09-05/IMG_1399.JPG,Medium,Medium,0.004215559922158718,0.35993921756744385,0.632085382938385,0.0037598363123834133
2025-09-05/IMG_1496.JPG,Medium,Small,0.003934361040592194,0.8230075240135193,0.17271551489830017,0.0003425621835049242
2025-08-07/IMG_9640.JPG,Large,Large,0.019351350143551826,0.07246080785989761,0.23011718690395355,0.678070604801178
2025-09-05/IMG_1524.JPG,Small,Small,0.2123776525259018,0.7618778944015503,0.025411440059542656,0.0003330323670525104
2025-08-22/IMG_9949.JPG,Small,Very Small,0.9182473421096802,0.08064401149749756,0.001101553556509316,7.111553713912144e-06
2025-08-07/IMG_9469.JPG,Medium,Medium,0.0008167879423126578,0.38616883754730225,0.6128586530685425,0.00015567828086204827
2025-08-07/IMG_9646.JPG,Large,Large,0.004914669319987297,0.04907306656241417,0.3084603250026703,0.6375519037246704
2025-08-22/IMG_0011.JPG,Very Small,Very Small,0.7201768755912781,0.2778235673904419,0.001995410304516554,4.079437076143222e-06
2025-09-05/IMG_1553.JPG,Very Small,Very Small,0.6700742244720459,0.32062289118766785,0.00925969984382391,4.3221007217653096e-05
2025-09-05/IMG_1262.JPG,Very Small,Very Small,0.6467461585998535,0.33048781752586365,0.02242947369813919,0.0003365791344549507
2025-09-05/IMG_1403.JPG,Very Small,Very Small,0.9795556664466858,0.02043440006673336,9.979895366996061e-06,1.8749697627828965e-10
2025-08-22/IMG_0019.JPG,Very Small,Very Small,0.5504492521286011,0.41734209656715393,0.03181880712509155,0.0003898253198713064
2025-08-07/IMG_9545.JPG,Medium,Medium,0.009780346415936947,0.14107148349285126,0.645050585269928,0.20409761369228363
2025-08-22/IMG_0293.JPG,Small,Very Small,0.7503284215927124,0.242855042219162,0.006813192740082741,3.349312009959249e-06
2025-08-07/IMG_9686.JPG,Medium,Large,0.00784547533839941,0.04680910333991051,0.23030711710453033,0.7150382995605469
2025-08-22/IMG_9912.JPG,Small,Small,0.3821891248226166,0.6030586361885071,0.014688372611999512,6.384126754710451e-05
2025-08-22/IMG_9865.JPG,Very Small,Very Small,0.9009062051773071,0.09900356829166412,9.023094025906175e-05,2.7902924415457164e-08
2025-08-22/IMG_9778.JPG,Small,Small,0.38798588514328003,0.6006114482879639,0.011391875334084034,1.0794454283313826e-05
2025-08-22/IMG_9862.JPG,Very Small,Very Small,0.9555791616439819,0.044412605464458466,8.16486408439232e-06,2.9680347068961055e-10
2025-09-29/IMG_1738.JPG,Medium,Medium,2.3544615032733418e-05,0.12402796745300293,0.8758538961410522,9.453236998524517e-05
2025-09-05/IMG_1581.JPG,Small,Small,0.18404975533485413,0.7134582996368408,0.09852132201194763,0.003970624413341284
2025-09-05/IMG_1266.JPG,Very Small,Very Small,0.7627289295196533,0.22803835570812225,0.00910112727433443,0.00013153270992916077
2025-08-22/IMG_0290.JPG,Medium,Medium,0.0004283369053155184,0.116727314889431,0.8780286908149719,0.004815652500838041
2025-08-07/IMG_9172.JPG,Small,Small,0.44883665442466736,0.5336741805076599,0.017314737662672997,0.00017446627316530794
2025-09-05/IMG_1338.JPG,Small,Small,0.08857981860637665,0.42126956582069397,0.39067405462265015,0.09947659820318222
2025-08-22/IMG_0090.JPG,Small,Small,0.18003380298614502,0.7372312545776367,0.08059073984622955,0.0021442172583192587
2025-08-07/IMG_9633.JPG,Large,Large,0.008885533548891544,0.05057356879115105,0.22190344333648682,0.7186374068260193
2025-08-22/IMG_0254.JPG,Small,Small,0.1624230146408081,0.8374011516571045,0.00017589150229468942,3.405098147890584e-10
2025-08-22/IMG_9843.JPG,Large,Large,0.00739293871447444,0.048044510185718536,0.2524741590023041,0.6920883655548096
2025-09-29/IMG_1803.JPG,Very Small,Very Small,0.9957148432731628,0.00428422586992383,9.022363656185917e-07,3.6943403197708946e-11
2025-08-22/IMG_9832.JPG,Large,Large,0.028368942439556122,0.07452820986509323,0.19612190127372742,0.7009809613227844
2025-09-29/IMG_1777.JPG,Very Small,Very Small,0.9987305998802185,0.0012692349264398217,7.72541426385942e-08,1.1895215715207463e-12
2025-08-22/IMG_9751.JPG,Medium,Medium,0.00015769907622598112,0.04415074735879898,0.9280223250389099,0.027669282630085945
2025-08-07/IMG_9401.JPG,Small,Small,0.034374091774225235,0.8731218576431274,0.09219460189342499,0.0003094760759267956
2025-08-07/IMG_9701.JPG,Medium,Medium,0.004848719574511051,0.25015711784362793,0.720011293888092,0.024982880800962448
2025-09-29/IMG_1836.JPG,Small,Small,0.009250407107174397,0.9206815958023071,0.06984896212816238,0.0002190430386690423
2025-09-05/IMG_1453.JPG,Small,Small,0.3114720582962036,0.6874561309814453,0.0010717184050008655,1.2164977647444175e-07
2025-09-05/IMG_1445.JPG,Very Small,Very Small,0.9632839560508728,0.03671249747276306,3.5472110084810993e-06,4.896525199193924e-11
2025-09-29/IMG_1721.JPG,Very Small,Very Small,0.7414197325706482,0.25848060846328735,9.96710587060079e-05,1.873965871368455e-09
2025-09-29/IMG_1835.JPG,Small,Small,0.0024470780044794083,0.9042811989784241,0.09324198961257935,2.9762464691884816e-05
2025-09-05/IMG_0887.JPG,Medium,Medium,0.0060750385746359825,0.2247205525636673,0.7279709577560425,0.04123348370194435
2025-09-05/IMG_0890.JPG,Small,Medium,0.006736319977790117,0.3079238831996918,0.6701175570487976,0.015222275629639626
2025-08-07/IMG_9213.JPG,Small,Small,0.03187307342886925,0.9600908160209656,0.00803303625434637,3.0861710911267437e-06
2025-08-22/IMG_9946.JPG,Very Small,Very Small,0.8473227620124817,0.15137885510921478,0.001288308179937303,1.0112021300301421e-05
2025-08-07/IMG_9606.JPG,Medium,Medium,0.0005454621277749538,0.14224013686180115,0.8294637799263,0.027750588953495026
2025-08-22/IMG_9965.JPG,Small,Small,0.11662954837083817,0.8750694394111633,0.008287124335765839,1.38512468765839e-05
2025-09-05/IMG_1098.JPG,Small,Small,0.11354340612888336,0.8603383898735046,0.026088397949934006,2.9834181987098418e-05
2025-08-07/IMG_9683.JPG,Large,Large,0.0258315522223711,0.06851979345083237,0.2056008130311966,0.7000479102134705
2025-08-07/IMG_9209.JPG,Very Small,Very Small,0.9951131939888,0.004885517526417971,1.3623327959066955e-06,1.091670781550036e-10
2025-08-07/IMG_9157.JPG,Small,Small,0.02067151665687561,0.9284451007843018,0.05076243355870247,0.00012100732419639826
2025-08-22/IMG_0242.JPG,Very Small,Very Small,0.9977481961250305,0.002251693978905678,1.1624083384731421e-07,9.467103750243622e-13
2025-08-22/IMG_9859.JPG,Large,Large,0.04051204398274422,0.11299650371074677,0.2535072863101959,0.5929841995239258
2025-08-07/IMG_9553.JPG,Large,Medium,0.03975822031497955,0.18527677655220032,0.47030407190322876,0.3046609163284302
2025-09-29/IMG_1788.JPG,Very Small,Very Small,0.787761390209198,0.21121607720851898,0.0010217500384896994,7.735013127785351e-07
2025-09-29/IMG_1845.JPG,Small,Small,0.008220894262194633,0.8714635372161865,0.1200452372431755,0.00027033843798562884
2025-08-07/IMG_9674.JPG,Large,Large,0.0030696450266987085,0.028570672497153282,0.20726047456264496,0.7610992193222046
2025-09-05/IMG_1145.JPG,Small,Medium,0.0014483631821349263,0.49827712774276733,0.49990054965019226,0.00037402327870950103
2025-09-29/IMG_1916.JPG,Very Small,Very Small,0.8254691958427429,0.15329870581626892,0.019003616645932198,0.0022284213919192553
2025-09-29/IMG_1873.JPG,Small,Small,0.008318993262946606,0.7704744935035706,0.2196132391691208,0.0015932926908135414
2025-08-07/IMG_9660.JPG,Large,Large,0.0015057433629408479,0.03790063038468361,0.3150578737258911,0.6455357670783997
2025-08-07/IMG_9673.JPG,Large,Large,0.01841118186712265,0.07233321666717529,0.2519972026348114,0.6572583913803101
2025-08-22/IMG_9955.JPG,Very Small,Very Small,0.8942729234695435,0.1052757278084755,0.0004500562499742955,1.3220188748164219e-06
2025-09-05/IMG_1575.JPG,Small,Small,0.0500265434384346,0.8537193536758423,0.09512417018413544,0.0011300125624984503
2025-08-22/IMG_0227.JPG,Small,Small,0.43541833758354187,0.5643616318702698,0.00022007804363965988,2.0854689086746703e-09
2025-08-22/IMG_9925.JPG,Very Small,Very Small,0.6537720561027527,0.3298884332180023,0.016187060624361038,0.00015248740965034813
2025-09-05/IMG_1248.JPG,Small,Small,0.0625697448849678,0.7738335728645325,0.16019688546657562,0.0033998428843915462
2025-09-05/IMG_1189.JPG,Small,Small,0.11797177046537399,0.8077305555343628,0.07395745813846588,0.0003402883012313396
2025-09-05/IMG_1380.JPG,Medium,Medium,0.000580832187552005,0.08013555407524109,0.8958277106285095,0.023455899208784103
2025-08-07/IMG_9247.JPG,Medium,Small,0.001288518775254488,0.8563390970230103,0.14234928786754608,2.303497603861615e-05
2025-08-07/IMG_9596.JPG,Medium,Medium,0.005007755011320114,0.08372224867343903,0.5340695977210999,0.37720033526420593
2025-09-29/IMG_1815.JPG,Very Small,Very Small,0.8283905982971191,0.1714506894350052,0.00015873419761192054,1.0707294606504547e-08
2025-09-05/IMG_0826.JPG,Very Small,Very Small,0.9996589422225952,0.0003410273347981274,8.591714895089808e-09,3.676351351166243e-14
2025-09-05/IMG_1008.JPG,Medium,Small,0.014768471010029316,0.7052366137504578,0.2778865694999695,0.0021083257161080837
2025-09-05/IMG_1425.JPG,Small,Small,0.035696424543857574,0.7616172432899475,0.20236046612262726,0.0003258306533098221
2025-09-05/IMG_1277.JPG,Small,Small,0.07247017323970795,0.8844640254974365,0.04262758791446686,0.000438199145719409
2025-09-05/IMG_1118.JPG,Medium,Medium,0.0006591465789824724,0.08136390894651413,0.9015836119651794,0.016393311321735382
2025-08-22/IMG_0043.JPG,Small,Small,0.08352851122617722,0.8708624839782715,0.04525158554315567,0.00035738348378799856
2025-09-05/IMG_1531.JPG,Small,Small,0.046996764838695526,0.9241927266120911,0.028725314885377884,8.518381946487352e-05
2025-08-07/IMG_9636.JPG,Large,Large,0.008157667703926563,0.04409320652484894,0.21495559811592102,0.7327935695648193
2025-08-22/IMG_0088.JPG,Small,Small,0.07581902295351028,0.858280599117279,0.06531835347414017,0.000582050415687263
2025-08-22/IMG_0035.JPG,Very Small,Very Small,0.7463472485542297,0.24976934492588043,0.003860579105094075,2.2868091036798432e-05
2025-09-29/IMG_1846.JPG,Small,Small,0.004128643311560154,0.8414685130119324,0.15417197346687317,0.00023079982202034444
2025-08-22/IMG_0295.JPG,Medium,Medium,0.002645612694323063,0.118406280875206,0.8544688820838928,0.024479174986481667
2025-09-29/IMG_1838.JPG,Small,Small,0.008861570619046688,0.7477282881736755,0.23927029967308044,0.004139879252761602
2025-08-07/IMG_9130.JPG,Small,Small,0.26103800535202026,0.7284625172615051,0.010454101487994194,4.5365228288574144e-05
2025-08-07/IMG_9105.JPG,Small,Small,0.07181352376937866,0.8490647673606873,0.07745964825153351,0.00166212092153728
2025-09-29/IMG_1952.JPG,Very Small,Very Small,0.5544819831848145,0.24891184270381927,0.12451472878456116,0.07209140807390213
2025-08-07/IMG_9219.JPG,Medium,Medium,0.015756111592054367,0.24526652693748474,0.6395594477653503,0.09941790252923965
2025-09-29/IMG_1729.JPG,Very Small,Very Small,0.9986685514450073,0.0013312881346791983,7.979413396697055e-08,1.1469021262214274e-12
2025-08-07/IMG_9106.JPG,Very Small,Very Small,0.6221644878387451,0.3626648783683777,0.01452705729752779,0.0006436191033571959
2025-09-29/IMG_1869.JPG,Small,Small,0.14723236858844757,0.8462717533111572,0.006490007508546114,5.853335096617229e-06
2025-08-07/IMG_9147.JPG,Small,Small,0.3889242708683014,0.5806933641433716,0.02963550202548504,0.0007468800176866353
2025-09-29/IMG_1851.JPG,Small,Small,0.07220397889614105,0.8880839347839355,0.03957105427980423,0.0001410670520272106
2025-08-07/IMG_9681.JPG,Large,Large,0.002708415500819683,0.030089201405644417,0.23448091745376587,0.7327215075492859
2025-09-05/IMG_1558.JPG,Small,Small,0.22677867114543915,0.7653607130050659,0.007840936072170734,1.9706030798261054e-05
2025-09-05/IMG_1138.JPG,Small,Small,0.2906491756439209,0.7084267139434814,0.0009241365478374064,9.954978175130691e-09
2025-08-07/IMG_9260.JPG,Small,Small,0.003784604836255312,0.8275866508483887,0.1682799607515335,0.0003487086796667427
2025-09-29/IMG_1853.JPG,Very Small,Very Small,0.7771602869033813,0.2089807391166687,0.013182939030230045,0.000676003226544708
2025-09-05/IMG_1499.JPG,Small,Small,0.010703693144023418,0.6909905076026917,0.2928365468978882,0.0054692761041224
2025-09-05/IMG_1302.JPG,Small,Small,0.06408849358558655,0.8805950284004211,0.055045533925294876,0.00027094449615105987
2025-08-22/IMG_0118.JPG,Medium,Small,0.0490451343357563,0.5580888986587524,0.385541170835495,0.007324838545173407
2025-09-05/IMG_1017.JPG,Very Small,Small,0.2853282690048218,0.6602205634117126,0.05266093462705612,0.0017901910468935966
2025-09-05/IMG_1417.JPG,Medium,Medium,0.0011277946177870035,0.0939619168639183,0.8807930946350098,0.024117186665534973
2025-09-05/IMG_0882.JPG,Small,Small,0.02636435255408287,0.962213933467865,0.01142028160393238,1.408545017511642e-06
2025-09-05/IMG_1020.JPG,Small,Small,0.0115188704803586,0.7086750864982605,0.2738105058670044,0.005995627958327532
2025-08-22/IMG_0255.JPG,Very Small,Very Small,0.997671902179718,0.0023279469460248947,5.978316863775035e-08,1.7282026775356646e-13
2025-09-05/IMG_1109.JPG,Small,Small,0.015015043318271637,0.9443809986114502,0.040597252547740936,6.617265626118751e-06
2025-08-22/IMG_9735.JPG,Very Small,Very Small,0.7107153534889221,0.282235324382782,0.006939679384231567,0.00010970318544423208
2025-08-22/IMG_9803.JPG,Medium,Medium,0.0010939073981717229,0.16896504163742065,0.8275020122528076,0.002439109841361642
2025-09-29/IMG_1804.JPG,Very Small,Very Small,0.9983099699020386,0.0016896930756047368,3.429298658375046e-07,2.4418174079943178e-11
2025-09-05/IMG_1203.JPG,Large,Medium,0.002723210258409381,0.05485356226563454,0.4793284237384796,0.4630948007106781
2025-08-07/IMG_9136.JPG,Very Small,Very Small,0.7182685136795044,0.2763998806476593,0.00527733052149415,5.4172007367014885e-05
2025-09-05/IMG_1133.JPG,Small,Small,0.10442905873060226,0.8543413877487183,0.04103923216462135,0.00019037578022107482
2025-09-05/IMG_0873.JPG,Small,Medium,0.001761982566677034,0.23963488638401031,0.7525830268859863,0.006020106375217438
2025-09-29/IMG_1679.JPG,Medium,Medium,7.0015354140196e-05,0.19694431126117706,0.8027897477149963,0.00019588613940868527
2025-09-29/IMG_1797.JPG,Small,Small,0.022050101310014725,0.9575213193893433,0.020420551300048828,8.017233994905837e-06
2025-08-22/IMG_9938.JPG,Very Small,Very Small,0.9256134629249573,0.07318243384361267,0.0011954401852563024,8.716823685972486e-06
2025-09-05/IMG_1386.JPG,Small,Small,0.010112937539815903,0.9573795795440674,0.03250297158956528,4.430683020473225e-06
2025-08-07/IMG_9233.JPG,Very Small,Very Small,0.8279397487640381,0.16997148096561432,0.002083629835397005,5.113683073432185e-06
2025-09-29/IMG_1789.JPG,Very Small,Very Small,0.9999284744262695,7.155050843721256e-05,6.660548224068918e-10,1.8375439584110594e-15
2025-08-22/IMG_9771.JPG,Very Small,Very Small,0.9994357228279114,0.0005642900941893458,1.9358576963668384e-09,2.420052539644341e-15
2025-09-05/IMG_0801.JPG,Small,Small,0.007963755168020725,0.8960985541343689,0.09592366963624954,1.403486112394603e-05
