image_path,true_class,predicted_class,probability_Very Small,probability_Small,probability_Medium,probability_Large
2025-08-07/IMG_9254.JPG,Small,Small,0.009823150932788849,0.5235937237739563,0.3280915319919586,0.13849155604839325
2025-08-22/IMG_9752.JPG,Medium,Medium,0.0002093916991725564,0.035511426627635956,0.935822069644928,0.028457066044211388
2025-09-05/IMG_1092.JPG,Very Small,Very Small,0.9486469626426697,0.05083334445953369,0.0005196146084927022,1.0136307793118249e-08
2025-08-22/IMG_9949.JPG,Small,Small,0.43382641673088074,0.45779499411582947,0.10684549808502197,0.0015330561436712742
2025-09-05/IMG_1167.JPG,Very Small,Very Small,0.8860429525375366,0.11036697775125504,0.003588892752304673,1.1540527111719712e-06
2025-08-07/IMG_9132.JPG,Small,Small,0.2486276775598526,0.6738790273666382,0.07563374191522598,0.0018595255678519607
2025-08-22/IMG_0239.JPG,Small,Small,0.33830997347831726,0.659072756767273,0.0026164748705923557,7.622007274221687e-07
2025-09-05/IMG_1064.JPG,Very Small,Small,0.3992854058742523,0.42787790298461914,0.16096673905849457,0.011869894340634346
2025-09-05/IMG_1416.JPG,Very Small,Very Small,0.9490571618080139,0.0503864549100399,0.000556289975065738,1.2016538164516533e-07
2025-08-22/IMG_0124.JPG,Very Small,Very Small,0.8840680718421936,0.10974499583244324,0.00617230124771595,1.4578714399249293e-05
2025-09-05/IMG_1001.JPG,Small,Small,0.04727757349610329,0.714195191860199,0.2223675400018692,0.016159655526280403
2025-09-05/IMG_0836.JPG,Very Small,Very Small,0.5815979242324829,0.40202876925468445,0.016369756311178207,3.5199425383325433e-06
2025-09-29/IMG_1917.JPG,Very Small,Very Small,0.588523268699646,0.35833531618118286,0.05167435109615326,0.0014671185053884983
2025-09-05/IMG_1348.JPG,Small,Medium,0.00972551479935646,0.29213669896125793,0.6842509508132935,0.013886871747672558
2025-08-22/IMG_0088.JPG,Small,Small,0.3465001881122589,0.5092962980270386,0.14250825345516205,0.0016952436417341232
2025-08-07/IMG_9678.JPG,Large,Large,0.0001524504041299224,0.008325112983584404,0.20441628992557526,0.7871062159538269
2025-08-22/IMG_9986.JPG,Very Small,Very Small,0.5664256811141968,0.4029645621776581,0.03052685409784317,8.292627171613276e-05
2025-09-05/IMG_0867.JPG,Medium,Medium,0.0035940140951424837,0.20177197456359863,0.7935783267021179,0.0010556636843830347
2025-08-22/IMG_9803.JPG,Medium,Medium,0.00263951881788671,0.1683553010225296,0.8254371881484985,0.0035680364817380905
2025-09-05/IMG_0929.JPG,Large,Large,0.01615576446056366,0.08395031839609146,0.2656625211238861,0.6342313885688782
2025-09-05/IMG_1145.JPG,Small,Small,0.05359281599521637,0.6720519661903381,0.27422723174095154,0.00012790856999345124
2025-09-05/IMG_1596.JPG,Very Small,Very Small,0.40066275000572205,0.38530850410461426,0.16624373197555542,0.04778502136468887
2025-09-29/IMG_1901.JPG,Small,Small,0.10272146761417389,0.6910763382911682,0.1662498265504837,0.03995243459939957
2025-09-05/IMG_1052.JPG,Very Small,Very Small,0.5936813354492188,0.3392419219017029,0.06098179519176483,0.006094929296523333
2025-08-07/IMG_9454.JPG,Very Small,Very Small,0.9722200036048889,0.027727974578738213,5.207095455261879e-05,1.563429385953441e-09
2025-08-22/IMG_0107.JPG,Very Small,Very Small,0.5222287178039551,0.41925328969955444,0.05813039839267731,0.0003876304253935814
2025-08-07/IMG_9163.JPG,Very Small,Very Small,0.562590479850769,0.39205071330070496,0.04384928196668625,0.0015095070702955127
2025-09-05/IMG_1083.JPG,Small,Very Small,0.8342704176902771,0.16145487129688263,0.004274186212569475,5.697149845218519e-07
2025-09-05/IMG_1021.JPG,Small,Small,0.09496062994003296,0.7180410623550415,0.167307049036026,0.019691288471221924
2025-08-22/IMG_0130.JPG,Very Small,Very Small,0.8626396059989929,0.13067197799682617,0.0066811502911150455,7.263636689458508e-06
2025-09-05/IMG_1234.JPG,Small,Small,0.014211942441761494,0.5505778789520264,0.37711721658706665,0.05809296667575836
2025-09-05/IMG_1018.JPG,Small,Small,0.1882837861776352,0.639573335647583,0.16480453312397003,0.0073383343406021595
2025-09-05/IMG_1526.JPG,Small,Small,0.09991804510354996,0.7468330264091492,0.1392461061477661,0.014002811163663864
2025-09-05/IMG_1120.JPG,Very Small,Very Small,0.9874433875083923,0.0124947689473629,6.184326048241928e-05,1.1788986453709072e-09
2025-08-07/IMG_9608.JPG,Large,Large,0.025282377377152443,0.03430302441120148,0.0941624864935875,0.8462521433830261
2025-08-22/IMG_9953.JPG,Very Small,Very Small,0.7967145442962646,0.19450685381889343,0.008747872896492481,3.079765156144276e-05
2025-08-22/IMG_0007.JPG,Small,Very Small,0.7117751240730286,0.27975642681121826,0.008463864214718342,4.5723932089458685e-06
2025-09-05/IMG_1577.JPG,Very Small,Small,0.4015275835990906,0.494313508272171,0.09690101444721222,0.007257914636284113
2025-08-22/IMG_0083.JPG,Very Small,Very Small,0.45254823565483093,0.4382689297199249,0.10742229968309402,0.001760583370923996
2025-08-07/IMG_9705.JPG,Large,Large,0.1146557405591011,0.08673541247844696,0.1616540402173996,0.6369547843933105
2025-08-07/IMG_9213.JPG,Small,Small,0.2397727072238922,0.5613288879394531,0.19123372435569763,0.0076646963134408
2025-08-22/IMG_0292.JPG,Medium,Medium,0.0037966924719512463,0.13331499695777893,0.8466675877571106,0.01622069999575615
2025-09-29/IMG_1764.JPG,Small,Small,0.02559621073305607,0.49130934476852417,0.4666314721107483,0.016462989151477814
2025-09-29/IMG_1945.JPG,Very Small,Small,0.39698392152786255,0.44615185260772705,0.15141823887825012,0.00544603168964386
2025-08-22/IMG_0090.JPG,Small,Medium,0.19097985327243805,0.35951095819473267,0.3818708658218384,0.06763824820518494
2025-09-05/IMG_1499.JPG,Small,Small,0.006085875444114208,0.4921838939189911,0.4424135982990265,0.05931661278009415
2025-09-05/IMG_0814.JPG,Small,Small,0.04975508153438568,0.7905312180519104,0.1594850718975067,0.0002285903028678149
2025-09-05/IMG_0839.JPG,Small,Medium,0.007910258136689663,0.4360073506832123,0.5546658635139465,0.001416554325260222
2025-08-07/IMG_9468.JPG,Small,Small,0.03526003286242485,0.6780692934989929,0.28156572580337524,0.0051049585454165936
2025-09-29/IMG_1765.JPG,Medium,Small,0.013165375217795372,0.5740018486976624,0.4115622043609619,0.0012706040870398283
2025-08-07/IMG_9488.JPG,Small,Small,0.10335303843021393,0.828087568283081,0.06833341717720032,0.00022598238138016313
2025-09-05/IMG_1467.JPG,Small,Small,0.21415387094020844,0.7434482574462891,0.04239437356591225,3.464846258793841e-06
2025-08-07/IMG_9162.JPG,Very Small,Small,0.35034388303756714,0.528505802154541,0.11331263184547424,0.00783770065754652
2025-09-05/IMG_1160.JPG,Medium,Medium,0.01634851098060608,0.20743480324745178,0.7514317631721497,0.024784836918115616
2025-09-05/IMG_1023.JPG,Small,Small,0.41028937697410583,0.5320818424224854,0.05662129446864128,0.0010074838064610958
2025-08-22/IMG_0092.JPG,Small,Small,0.3718297481536865,0.5335323214530945,0.09416454285383224,0.00047341585741378367
2025-08-22/IMG_9759.JPG,Medium,Medium,0.0028765378519892693,0.12702344357967377,0.7962618470191956,0.0738382413983345
2025-09-05/IMG_0823.JPG,Very Small,Small,0.10765361040830612,0.7433475255966187,0.14792050421237946,0.0010783663019537926
2025-09-29/IMG_1852.JPG,Small,Small,0.3764977753162384,0.5075809955596924,0.11281377077102661,0.0031074765138328075
2025-09-29/IMG_1712.JPG,Small,Small,0.19180892407894135,0.6897063851356506,0.1182149350643158,0.0002697047311812639
2025-08-22/IMG_0046.JPG,Very Small,Small,0.27187997102737427,0.45657917857170105,0.24428781867027283,0.027252981439232826
2025-08-22/IMG_9873.JPG,Medium,Small,0.03334769979119301,0.5795818567276001,0.3708200454711914,0.016250453889369965
2025-09-05/IMG_1487.JPG,Medium,Small,0.012149842455983162,0.5919870138168335,0.3930726647377014,0.0027904927264899015
2025-08-07/IMG_9248.JPG,Small,Small,0.03816980496048927,0.8119093775749207,0.1487581878900528,0.0011625922052189708
2025-08-22/IMG_0250.JPG,Very Small,Very Small,0.9403108358383179,0.05961360037326813,7.55664732423611e-05,3.2320284226727836e-09
2025-09-05/IMG_0820.JPG,Medium,Medium,0.007935836911201477,0.42348581552505493,0.5668134689331055,0.0017648962093517184
2025-08-07/IMG_9476.JPG,Small,Small,0.012297787703573704,0.7193253636360168,0.26785242557525635,0.0005243356572464108
2025-09-05/IMG_1509.JPG,Medium,Small,0.004264159128069878,0.5302895903587341,0.4585845470428467,0.006861633155494928
2025-09-05/IMG_1389.JPG,Very Small,Very Small,0.9358634948730469,0.06178012862801552,0.002354988595470786,1.3730258388022776e-06
2025-09-05/IMG_1082.JPG,Small,Medium,0.003503010608255863,0.18297481536865234,0.8098631501197815,0.003659038571640849
2025-08-07/IMG_9191.JPG,Small,Small,0.13710321485996246,0.7073456048965454,0.1549941897392273,0.0005570573848672211
2025-09-29/IMG_1911.JPG,Large,Large,0.0030251508578658104,0.10902603715658188,0.12802618741989136,0.7599226236343384
2025-08-07/IMG_9133.JPG,Small,Small,0.10135754197835922,0.7247229218482971,0.16781863570213318,0.0061008441261947155
2025-09-05/IMG_1307.JPG,Small,Small,0.05375570431351662,0.734622061252594,0.20791740715503693,0.0037048589438199997
2025-08-07/IMG_9110.JPG,Small,Small,0.31326884031295776,0.46070384979248047,0.20952601730823517,0.01650127023458481
2025-09-05/IMG_1553.JPG,Very Small,Very Small,0.5348727703094482,0.3975401222705841,0.06564368307590485,0.0019434387795627117
2025-09-05/IMG_1555.JPG,Very Small,Very Small,0.5857154726982117,0.3556704521179199,0.05595461279153824,0.002659466350451112
2025-09-29/IMG_1789.JPG,Very Small,Very Small,0.9897414445877075,0.010211991146206856,4.6605258830823004e-05,9.108774845500989e-10
2025-09-05/IMG_1512.JPG,Small,Small,0.21226990222930908,0.6869978904724121,0.09068235754966736,0.010049951262772083
2025-08-22/IMG_9999.JPG,Very Small,Small,0.4306579530239105,0.4946557581424713,0.07420126348733902,0.000485007039969787
2025-08-22/IMG_0138.JPG,Very Small,Very Small,0.9374978542327881,0.06124264746904373,0.001258424250409007,1.062077899405267e-06
2025-08-22/IMG_0012.JPG,Very Small,Very Small,0.5288021564483643,0.3861916661262512,0.0819515734910965,0.0030545354820787907
2025-09-05/IMG_1371.JPG,Small,Small,0.11279312521219254,0.5917986631393433,0.2940490245819092,0.0013591741444543004
2025-08-07/IMG_9695.JPG,Small,Small,0.022071296349167824,0.8526751399040222,0.12479685992002487,0.0004567343567032367
2025-09-05/IMG_1557.JPG,Very Small,Small,0.33683857321739197,0.5456158518791199,0.11091165989637375,0.0066339438781142235
2025-09-29/IMG_1952.JPG,Very Small,Very Small,0.27737852931022644,0.2662583291530609,0.2626546323299408,0.19370850920677185
2025-08-22/IMG_9961.JPG,Very Small,Very Small,0.6980369091033936,0.2791050970554352,0.022691572085022926,0.0001664244191488251
2025-08-22/IMG_0176.JPG,Very Small,Very Small,0.9543167948722839,0.044836994260549545,0.0008454241324216127,8.155116120178718e-07
2025-09-29/IMG_1792.JPG,Small,Small,0.10456532984972,0.7741785645484924,0.12111730873584747,0.00013879455218557268
2025-08-07/IMG_9514.JPG,Small,Very Small,0.4844416379928589,0.46294885873794556,0.05215691775083542,0.00045255996519699693
2025-08-07/IMG_9140.JPG,Very Small,Very Small,0.6663850545883179,0.29691824316978455,0.035969678312540054,0.0007269962225109339
2025-09-05/IMG_1508.JPG,Medium,Small,0.007762455381453037,0.6045786738395691,0.38336679339408875,0.004292040131986141
2025-08-22/IMG_0293.JPG,Small,Small,0.05963795259594917,0.6141961812973022,0.32575008273124695,0.0004157977527938783
2025-08-07/IMG_9604.JPG,Small,Small,0.19937026500701904,0.6338756084442139,0.16602687537670135,0.0007271894137375057
2025-09-05/IMG_1414.JPG,Very Small,Small,0.4288240969181061,0.48746106028556824,0.08338573575019836,0.00032908059074543417
2025-09-05/IMG_1108.JPG,Small,Small,0.09329483658075333,0.8126517534255981,0.09402894973754883,2.4520526494598016e-05
2025-09-05/IMG_1132.JPG,Very Small,Very Small,0.9727672934532166,0.026708485558629036,0.0005242730840109289,2.628465622933618e-08
2025-09-29/IMG_1887.JPG,Small,Small,0.31332850456237793,0.4231959879398346,0.2232905924320221,0.04018494859337807
2025-08-22/IMG_0161.JPG,Small,Very Small,0.5459951162338257,0.43025636672973633,0.023713404312729836,3.516358265187591e-05
2025-09-05/IMG_1326.JPG,Medium,Small,0.24916201829910278,0.6744164228439331,0.07408184558153152,0.002339725848287344
2025-09-05/IMG_1561.JPG,Small,Very Small,0.4834883511066437,0.4462074339389801,0.06668189913034439,0.003622358664870262
2025-08-07/IMG_9243.JPG,Very Small,Very Small,0.8232826590538025,0.17029406130313873,0.0064221774227917194,1.1222479088246473e-06
2025-09-05/IMG_1580.JPG,Small,Small,0.40240105986595154,0.5025241374969482,0.09064164012670517,0.004433209542185068
2025-08-07/IMG_9538.JPG,Large,Large,0.004934733267873526,0.07706604152917862,0.4124849736690521,0.5055142641067505
2025-08-22/IMG_0102.JPG,Very Small,Small,0.4322933852672577,0.4323867857456207,0.12005063146352768,0.015269230119884014
2025-08-07/IMG_9187.JPG,Small,Small,0.09291732311248779,0.668565034866333,0.23800110816955566,0.0005165538168512285
2025-09-05/IMG_1138.JPG,Small,Small,0.13229550421237946,0.817283034324646,0.05041883513331413,2.6619095478963573e-06
2025-08-22/IMG_0070.JPG,Small,Small,0.35480979084968567,0.4932815432548523,0.14777563512325287,0.004133040551096201
2025-09-05/IMG_1380.JPG,Medium,Medium,0.0013571148738265038,0.21358616650104523,0.7799694538116455,0.005087283439934254
2025-09-05/IMG_1581.JPG,Small,Small,0.438579797744751,0.44170311093330383,0.10935845971107483,0.010358688421547413
2025-09-05/IMG_1205.JPG,Medium,Medium,0.00769927678629756,0.29439711570739746,0.6470592617988586,0.05084430053830147
2025-08-07/IMG_9176.JPG,Medium,Very Small,0.48307377099990845,0.39716005325317383,0.10882770270109177,0.010938498191535473
2025-08-22/IMG_9920.JPG,Very Small,Very Small,0.49043476581573486,0.4456453025341034,0.06342580169439316,0.0004940772196277976
2025-08-07/IMG_9099.JPG,Very Small,Small,0.43768662214279175,0.4881333112716675,0.07348162680864334,0.0006984765059314668
2025-09-05/IMG_1438.JPG,Very Small,Very Small,0.9362678527832031,0.06271996349096298,0.0010121430968865752,1.0875088918282927e-07
2025-09-05/IMG_1323.JPG,Very Small,Small,0.1041417196393013,0.6365213394165039,0.2431262731552124,0.01621069572865963
2025-08-22/IMG_0255.JPG,Very Small,Very Small,0.9891359806060791,0.010844113305211067,1.987147334148176e-05,3.409829085754268e-10
2025-09-05/IMG_1295.JPG,Small,Small,0.12006864696741104,0.6885049939155579,0.1545599102973938,0.03686642646789551
2025-08-22/IMG_9983.JPG,Very Small,Small,0.40871796011924744,0.4594147801399231,0.12636569142341614,0.005501551553606987
2025-08-07/IMG_9432.JPG,Small,Small,0.26592719554901123,0.629797637462616,0.10412133485078812,0.00015385290316771716
2025-09-05/IMG_1452.JPG,Very Small,Very Small,0.8324503302574158,0.1519572138786316,0.015474628657102585,0.00011776209430536255
2025-08-07/IMG_9124.JPG,Small,Small,0.2858189642429352,0.52546226978302,0.17457808554172516,0.014140655286610126
2025-09-05/IMG_0888.JPG,Small,Medium,0.015181776136159897,0.44269439578056335,0.5335635542869568,0.00856031570583582
2025-08-22/IMG_0253.JPG,Medium,Medium,0.003535477677360177,0.42265117168426514,0.5715598464012146,0.0022534544114023447
2025-08-22/IMG_0226.JPG,Small,Small,0.0765409842133522,0.9010865688323975,0.022334996610879898,3.735439167940058e-05
2025-08-07/IMG_9581.JPG,Medium,Very Small,0.396725594997406,0.26808464527130127,0.17984044551849365,0.15534929931163788
2025-09-29/IMG_1947.JPG,Small,Very Small,0.5081365704536438,0.38078925013542175,0.10768135637044907,0.0033928740303963423
2025-08-22/IMG_9840.JPG,Medium,Medium,0.013441276736557484,0.46920573711395264,0.48983141779899597,0.027521561831235886
2025-09-29/IMG_1951.JPG,Small,Small,0.38057398796081543,0.41470417380332947,0.185354545712471,0.019367240369319916
2025-09-29/IMG_1873.JPG,Small,Small,0.25569644570350647,0.4923129379749298,0.14885611832141876,0.10313443094491959
2025-08-22/IMG_0247.JPG,Small,Small,0.012290926650166512,0.9570156931877136,0.030671847984194756,2.1602114429697394e-05
2025-08-07/IMG_9605.JPG,Small,Small,0.1494935005903244,0.623442530632019,0.22350621223449707,0.003557745134457946
2025-08-22/IMG_9778.JPG,Small,Small,0.38534262776374817,0.5584931969642639,0.055996380746364594,0.00016786469495855272
2025-08-22/IMG_9902.JPG,Small,Small,0.0684390589594841,0.8522162437438965,0.07923433184623718,0.00011028190783690661
2025-09-05/IMG_0887.JPG,Medium,Medium,0.031903225928545,0.4192970395088196,0.5275596976280212,0.02124004065990448
2025-08-07/IMG_9402.JPG,Small,Small,0.18174538016319275,0.7649466395378113,0.05316031724214554,0.00014768682012800127
2025-09-05/IMG_0947.JPG,Medium,Medium,0.006940970662981272,0.16199526190757751,0.564152181148529,0.2669115662574768
2025-08-07/IMG_9548.JPG,Medium,Medium,0.18150097131729126,0.32524487376213074,0.38139981031417847,0.11185433715581894
2025-08-22/IMG_9839.JPG,Medium,Medium,0.015336545184254646,0.28180211782455444,0.5556963682174683,0.14716501533985138
2025-09-05/IMG_0816.JPG,Small,Small,0.0568523034453392,0.7225260138511658,0.22053249180316925,8.912904741009697e-05
2025-08-22/IMG_9776.JPG,Small,Small,0.14042462408542633,0.800516664981842,0.05903734639286995,2.1352536350605078e-05
2025-09-29/IMG_1679.JPG,Medium,Small,0.009029700420796871,0.6241222023963928,0.36673614382743835,0.00011194073158549145
2025-08-22/IMG_0262.JPG,Small,Small,0.02774379588663578,0.9460361003875732,0.026210840791463852,9.251928531739395e-06
2025-09-05/IMG_1154.JPG,Very Small,Small,0.3906784653663635,0.4898349642753601,0.11791720986366272,0.0015694469911977649
2025-08-22/IMG_0189.JPG,Small,Very Small,0.7498737573623657,0.23410804569721222,0.016010988503694534,7.259410267579369e-06
2025-08-07/IMG_9457.JPG,Small,Small,0.199000746011734,0.7812541127204895,0.01970590464770794,3.932642357540317e-05
2025-09-05/IMG_1139.JPG,Small,Small,0.02859564684331417,0.9329480528831482,0.038450777530670166,5.58663714400609e-06
2025-09-05/IMG_1575.JPG,Small,Very Small,0.49502384662628174,0.42190030217170715,0.08144613355398178,0.0016297445399686694
2025-09-29/IMG_1801.JPG,Very Small,Very Small,0.9805752038955688,0.019245613366365433,0.00017920834943652153,7.001987878396676e-09
2025-08-22/IMG_9878.JPG,Very Small,Small,0.2122495174407959,0.7150588035583496,0.0721089169383049,0.0005827254499308765
2025-08-22/IMG_0085.JPG,Very Small,Small,0.4237158000469208,0.49889665842056274,0.07665453106164932,0.0007330511580221355
2025-09-05/IMG_1105.JPG,Medium,Medium,0.009376490488648415,0.40290531516075134,0.5848919153213501,0.0028262832202017307
2025-09-05/IMG_1123.JPG,Very Small,Very Small,0.5784997344017029,0.4048043489456177,0.016693569719791412,2.367748493270483e-06
2025-08-07/IMG_9681.JPG,Large,Large,0.0024306150153279305,0.014130684547126293,0.06385587900876999,0.9195827841758728
2025-08-07/IMG_9159.JPG,Small,Very Small,0.5311821103096008,0.3723835349082947,0.08775874227285385,0.008675586432218552
2025-09-05/IMG_0800.JPG,Medium,Medium,0.0017162163276225328,0.10576378554105759,0.8746436834335327,0.017876358702778816
2025-08-22/IMG_0251.JPG,Very Small,Very Small,0.9833670854568481,0.0165787935256958,5.4141823056852445e-05,1.311449726593139e-09
2025-08-22/IMG_9899.JPG,Small,Small,0.22168183326721191,0.7451720833778381,0.03310441970825195,4.1688930650707334e-05
2025-08-22/IMG_0286.JPG,Very Small,Very Small,0.704357385635376,0.25791314244270325,0.03763056546449661,9.88279061857611e-05
2025-08-22/IMG_9829.JPG,Large,Large,0.016158265992999077,0.0827929750084877,0.1872379332780838,0.7138108611106873
2025-09-05/IMG_1442.JPG,Very Small,Very Small,0.9312466979026794,0.06695741415023804,0.001794810057617724,9.710037147669937e-07
2025-09-29/IMG_1741.JPG,Small,Medium,0.007383198942989111,0.422739714384079,0.5697874426841736,8.960484410636127e-05
2025-09-05/IMG_0845.JPG,Medium,Medium,0.00422027288004756,0.34471359848976135,0.6495232582092285,0.0015428558690473437
2025-08-07/IMG_9553.JPG,Large,Very Small,0.45735180377960205,0.4087812006473541,0.12105479836463928,0.012812202796339989
2025-09-29/IMG_1839.JPG,Small,Medium,0.013582012616097927,0.39959022402763367,0.5563344359397888,0.03049331344664097
2025-09-29/IMG_1907.JPG,Very Small,Very Small,0.5067903995513916,0.44708138704299927,0.03559493273496628,0.010533256456255913
2025-09-29/IMG_1939.JPG,Very Small,Very Small,0.6910372972488403,0.25247156620025635,0.05359477549791336,0.00289634196087718
2025-09-05/IMG_0973.JPG,Very Small,Very Small,0.5001634359359741,0.3872564733028412,0.10843580216169357,0.004144306760281324
2025-08-22/IMG_0078.JPG,Small,Small,0.4630931317806244,0.4755500555038452,0.0608854703605175,0.0004713900270871818
2025-09-05/IMG_1261.JPG,Medium,Small,0.1679564118385315,0.7159102559089661,0.10928808897733688,0.006845215335488319
2025-09-05/IMG_1606.JPG,Small,Small,0.2350894957780838,0.427142858505249,0.30139583349227905,0.03637184202671051
2025-08-22/IMG_9911.JPG,Small,Small,0.03542637825012207,0.70598304271698,0.24783506989479065,0.010755504481494427
2025-08-22/IMG_0129.JPG,Very Small,Very Small,0.8403674960136414,0.15217597782611847,0.007441083434969187,1.5532932593487203e-05
2025-08-07/IMG_9429.JPG,Small,Small,0.06740889698266983,0.6397106051445007,0.29213863611221313,0.0007418254390358925
2025-09-05/IMG_1252.JPG,Small,Small,0.23852765560150146,0.714424729347229,0.0465322844684124,0.0005153194069862366
2025-08-22/IMG_0010.JPG,Small,Very Small,0.48085910081863403,0.47608986496925354,0.04286579787731171,0.0001851773267844692
2025-08-22/IMG_9750.JPG,Medium,Medium,0.004131922964006662,0.3330554962158203,0.6610656976699829,0.0017469219164922833
2025-09-29/IMG_1899.JPG,Medium,Small,0.1604108214378357,0.6688864231109619,0.1642853319644928,0.006417326629161835
2025-09-05/IMG_1211.JPG,Small,Small,0.26886340975761414,0.6537430882453918,0.0770580917596817,0.00033531725057400763
2025-08-22/IMG_0183.JPG,Small,Very Small,0.5419684052467346,0.4279423952102661,0.030063191428780556,2.6037923817057163e-05
2025-08-22/IMG_0128.JPG,Very Small,Very Small,0.806105375289917,0.1828845739364624,0.010984391905367374,2.5749390260898508e-05
2025-08-07/IMG_9625.JPG,Large,Medium,0.008204028010368347,0.15410326421260834,0.5011551380157471,0.33653759956359863
2025-09-05/IMG_1608.JPG,Small,Small,0.35315874218940735,0.43262696266174316,0.14548470079898834,0.06872964650392532
2025-08-07/IMG_9212.JPG,Very Small,Very Small,0.8945869207382202,0.10045419633388519,0.004953925497829914,5.0081921472155955e-06
2025-08-22/IMG_0271.JPG,Small,Small,0.02003619261085987,0.9506115317344666,0.029319947585463524,3.2246465707430616e-05
2025-08-22/IMG_9800.JPG,Small,Small,0.11363819241523743,0.8496861457824707,0.03663530573248863,4.0370803617406636e-05
2025-09-29/IMG_1799.JPG,Small,Very Small,0.8335583806037903,0.15989328920841217,0.006542612332850695,5.812294148199726e-06
2025-08-07/IMG_9112.JPG,Small,Very Small,0.42365792393684387,0.4191749393939972,0.14353960752487183,0.013627494685351849
2025-09-05/IMG_1187.JPG,Small,Small,0.21085962653160095,0.6509830951690674,0.13691020011901855,0.0012470734072849154
2025-08-07/IMG_9690.JPG,Large,Large,0.027091125026345253,0.11581866443157196,0.2984245717525482,0.5586656332015991
2025-09-29/IMG_1677.JPG,Small,Small,0.02717212215065956,0.7553802728652954,0.21743950247764587,8.108287147479132e-06
2025-08-22/IMG_0054.JPG,Small,Small,0.34805136919021606,0.5230921506881714,0.12613965570926666,0.0027168593369424343
2025-08-22/IMG_9889.JPG,Small,Small,0.019952543079853058,0.5448319911956787,0.40392547845840454,0.031290024518966675
2025-08-22/IMG_0136.JPG,Very Small,Very Small,0.9396421313285828,0.05889362469315529,0.0014627891359850764,1.5062937563925516e-06
2025-09-29/IMG_1845.JPG,Small,Medium,0.01590227521955967,0.4251740276813507,0.5286164879798889,0.030307156965136528
2025-09-29/IMG_1913.JPG,Very Small,Very Small,0.5662827491760254,0.3566948175430298,0.0747470036149025,0.002275394508615136
2025-08-22/IMG_9806.JPG,Medium,Large,0.006244194228202105,0.111307293176651,0.2748200595378876,0.6076284050941467
2025-08-07/IMG_9709.JPG,Large,Large,0.01601097173988819,0.01536536030471325,0.061907313764095306,0.9067162871360779
2025-09-29/IMG_1760.JPG,Very Small,Small,0.28228119015693665,0.6102413535118103,0.10722584277391434,0.0002516176027711481
2025-08-07/IMG_9101.JPG,Medium,Small,0.3304247558116913,0.5787719488143921,0.08965618908405304,0.001147094531916082
2025-09-05/IMG_1268.JPG,Small,Small,0.2350495159626007,0.7081404328346252,0.05565420910716057,0.0011558508267626166
2025-09-29/IMG_1823.JPG,Medium,Small,0.011809215880930424,0.6171605587005615,0.3673570156097412,0.0036731776781380177
2025-09-05/IMG_1518.JPG,Small,Small,0.42240846157073975,0.5270307064056396,0.049575190991163254,0.0009856492979452014
2025-08-22/IMG_0237.JPG,Very Small,Small,0.34735924005508423,0.6002920269966125,0.05207828804850578,0.0002705312508624047
2025-08-22/IMG_0153.JPG,Medium,Small,0.42907804250717163,0.48755091428756714,0.08325304090976715,0.0001180592953460291
2025-08-07/IMG_9116.JPG,Small,Very Small,0.5288306474685669,0.37244436144828796,0.09464851766824722,0.004076484590768814
2025-09-05/IMG_0914.JPG,Small,Small,0.30865582823753357,0.5998102426528931,0.09138628840446472,0.00014759924670215696
2025-08-22/IMG_0236.JPG,Very Small,Very Small,0.8090640306472778,0.18604475259780884,0.00488668167963624,4.462422111828346e-06
2025-08-07/IMG_9198.JPG,Medium,Small,0.0679222121834755,0.5291174650192261,0.3874894678592682,0.015470851212739944
2025-09-05/IMG_0992.JPG,Very Small,Small,0.3883160650730133,0.5020270943641663,0.10249771177768707,0.007159089203923941
2025-08-07/IMG_9257.JPG,Small,Medium,0.010861425660550594,0.43802833557128906,0.5103704929351807,0.040739696472883224
2025-09-05/IMG_1352.JPG,Small,Medium,0.040897708386182785,0.39148926734924316,0.5433400273323059,0.024273023009300232
2025-09-05/IMG_1222.JPG,Small,Medium,0.03399122506380081,0.3450002670288086,0.5778540968894958,0.043154388666152954
2025-09-05/IMG_1131.JPG,Small,Very Small,0.49310532212257385,0.4887712597846985,0.01812264882028103,7.510378736697021e-07
2025-08-07/IMG_9467.JPG,Medium,Medium,0.005786486901342869,0.07067831605672836,0.5523300766944885,0.3712051212787628
2025-08-22/IMG_9771.JPG,Very Small,Very Small,0.9557014107704163,0.04365403950214386,0.0006444116006605327,1.1749784079029268e-07
2025-08-07/IMG_9679.JPG,Large,Large,0.007075084373354912,0.027255870401859283,0.13505102694034576,0.8306180834770203
2025-09-05/IMG_1195.JPG,Small,Very Small,0.6475711464881897,0.32724249362945557,0.025167061015963554,1.9344619431649335e-05
2025-09-05/IMG_1607.JPG,Medium,Small,0.20319512486457825,0.34668993949890137,0.28934499621391296,0.16076989471912384
2025-09-05/IMG_1034.JPG,Small,Small,0.4036882519721985,0.44985514879226685,0.13965070247650146,0.006805873475968838
2025-09-05/IMG_0832.JPG,Very Small,Very Small,0.9685589671134949,0.031410958617925644,3.0025676096556708e-05,1.3473389071094743e-09
2025-09-05/IMG_1544.JPG,Very Small,Very Small,0.5122644305229187,0.422623872756958,0.062349289655685425,0.002762413118034601
2025-09-05/IMG_0982.JPG,Small,Very Small,0.46850651502609253,0.4058736562728882,0.10620438307523727,0.01941543258726597
2025-09-29/IMG_1923.JPG,Very Small,Very Small,0.6113930344581604,0.31937336921691895,0.06717433035373688,0.0020592710934579372
2025-08-22/IMG_0073.JPG,Small,Very Small,0.5523445010185242,0.4159163236618042,0.0316830575466156,5.617122951662168e-05
2025-09-05/IMG_1385.JPG,Very Small,Very Small,0.6645312309265137,0.3093131184577942,0.02614607661962509,9.554772077535745e-06
2025-09-05/IMG_0952.JPG,Small,Small,0.029111336916685104,0.608461320400238,0.36050301790237427,0.0019243212882429361
2025-08-07/IMG_9494.JPG,Small,Small,0.0730319544672966,0.5974100828170776,0.325822651386261,0.0037352999206632376
2025-09-05/IMG_1424.JPG,Small,Small,0.10457314550876617,0.7341359853744507,0.16096340119838715,0.00032747097429819405
2025-09-05/IMG_1585.JPG,Medium,Very Small,0.6638929843902588,0.28213584423065186,0.05075083300471306,0.0032203670125454664
2025-09-05/IMG_0961.JPG,Small,Small,0.01925775408744812,0.6985062956809998,0.28104060888290405,0.0011953219072893262
2025-08-22/IMG_9966.JPG,Very Small,Very Small,0.5685752630233765,0.4128972291946411,0.0184730626642704,5.4436721256934106e-05
2025-08-07/IMG_9607.JPG,Medium,Small,0.1255464404821396,0.5974219441413879,0.2751133441925049,0.0019183431286364794
2025-08-22/IMG_9871.JPG,Large,Large,0.00323465489782393,0.07877226173877716,0.2366008311510086,0.681392252445221
2025-09-29/IMG_1768.JPG,Medium,Small,0.013120060786604881,0.5418297648429871,0.44169870018959045,0.0033515198156237602
2025-09-05/IMG_1183.JPG,Very Small,Very Small,0.5077932476997375,0.4476024806499481,0.04442918673157692,0.00017516182560939342
2025-09-05/IMG_1491.JPG,Small,Medium,0.011007227934896946,0.14646698534488678,0.43003877997398376,0.41248705983161926
2025-09-05/IMG_1524.JPG,Small,Small,0.2011881172657013,0.7118945717811584,0.07743413746356964,0.009483212605118752
2025-09-05/IMG_1249.JPG,Very Small,Very Small,0.5154866576194763,0.39088907837867737,0.09021854400634766,0.003405748400837183
2025-08-22/IMG_9915.JPG,Small,Small,0.4035980701446533,0.5193561315536499,0.0762157142162323,0.0008300612098537385
2025-08-07/IMG_9219.JPG,Medium,Medium,0.032422613352537155,0.3267781734466553,0.5937927961349487,0.04700635001063347
2025-09-05/IMG_1441.JPG,Very Small,Very Small,0.8363286256790161,0.15635988116264343,0.007308325730264187,3.0801993489149027e-06
2025-09-05/IMG_1321.JPG,Very Small,Very Small,0.6931220889091492,0.2705191671848297,0.03562435507774353,0.0007343770703300834
2025-09-05/IMG_1263.JPG,Small,Small,0.45561331510543823,0.5022822618484497,0.04196896031498909,0.00013544055400416255
2025-09-29/IMG_1848.JPG,Medium,Medium,0.008509047329425812,0.2667252719402313,0.4795326292514801,0.24523308873176575
2025-08-07/IMG_9645.JPG,Large,Large,0.023414231836795807,0.0295038390904665,0.10944647341966629,0.8376355171203613
2025-09-05/IMG_1241.JPG,Medium,Small,0.04017578437924385,0.6582236886024475,0.29910168051719666,0.002498859539628029
2025-09-05/IMG_1366.JPG,Very Small,Very Small,0.8892372250556946,0.1038779467344284,0.006866441573947668,1.842402525653597e-05
2025-08-07/IMG_9245.JPG,Medium,Small,0.01566513627767563,0.49236172437667847,0.4703645408153534,0.0216086283326149
2025-08-22/IMG_0051.JPG,Very Small,Medium,0.2381666898727417,0.3073742091655731,0.3533574938774109,0.10110165923833847
2025-09-05/IMG_1412.JPG,Medium,Medium,0.007577316369861364,0.2472231686115265,0.7383120059967041,0.006887438241392374
2025-09-05/IMG_1435.JPG,Small,Small,0.04798232764005661,0.48936277627944946,0.4436883330345154,0.018966542556881905
2025-08-22/IMG_9838.JPG,Medium,Small,0.06105649843811989,0.5613154768943787,0.3692070245742798,0.008420984260737896
2025-09-05/IMG_1542.JPG,Small,Very Small,0.5390376448631287,0.4183685779571533,0.042100124061107635,0.0004936790210194886
2025-08-22/IMG_0029.JPG,Small,Small,0.45165082812309265,0.4738898277282715,0.07389400899410248,0.0005653999396599829
2025-08-07/IMG_9517.JPG,Small,Small,0.46903184056282043,0.47841307520866394,0.05210427939891815,0.00045073599903844297
2025-08-07/IMG_9575.JPG,Large,Large,0.0972084328532219,0.12655246257781982,0.3164368271827698,0.4598022699356079
2025-09-05/IMG_1411.JPG,Very Small,Very Small,0.8616830706596375,0.12839096784591675,0.009907644242048264,1.830888504628092e-05
2025-09-29/IMG_1678.JPG,Small,Small,0.36457476019859314,0.6058182716369629,0.029602961614727974,3.977163942181505e-06
2025-08-07/IMG_9493.JPG,Medium,Medium,0.03179626166820526,0.2705625891685486,0.6779677271842957,0.019673457369208336
2025-09-05/IMG_1015.JPG,Small,Small,0.2734580636024475,0.5369306802749634,0.17001956701278687,0.019591599702835083
2025-09-05/IMG_0882.JPG,Small,Medium,0.050599757581949234,0.4157732427120209,0.5321348309516907,0.001492161420173943
2025-09-05/IMG_1496.JPG,Medium,Small,0.011801506392657757,0.6840207576751709,0.2995223104953766,0.004655492026358843
2025-08-07/IMG_9485.JPG,Medium,Medium,0.0022299746051430702,0.1019761934876442,0.8892821073532104,0.006511735264211893
2025-08-07/IMG_9545.JPG,Medium,Large,0.035709600895643234,0.15181249380111694,0.33050036430358887,0.4819774925708771
2025-09-05/IMG_0972.JPG,Small,Very Small,0.5311029553413391,0.3949679732322693,0.0716264545917511,0.002302624052390456
2025-09-29/IMG_1793.JPG,Very Small,Small,0.24420101940631866,0.6677908301353455,0.08794169127941132,6.643200322287157e-05
2025-09-29/IMG_1709.JPG,Small,Medium,0.00018705788534134626,0.3148132860660553,0.684990406036377,9.23293464438757e-06
2025-09-05/IMG_1600.JPG,Small,Very Small,0.5130718946456909,0.39599135518074036,0.08873920887708664,0.0021975317504256964
2025-08-22/IMG_0149.JPG,Medium,Small,0.4169817566871643,0.4980424642562866,0.08449054509401321,0.00048525858437642455
2025-09-05/IMG_1051.JPG,Very Small,Small,0.381075918674469,0.5041608810424805,0.10588198155164719,0.008881255984306335
2025-09-05/IMG_1226.JPG,Small,Small,0.056572072207927704,0.7044733166694641,0.2329733520746231,0.005981304217129946
2025-09-29/IMG_1705.JPG,Very Small,Very Small,0.9773538112640381,0.022519061341881752,0.000127127263112925,8.738005874420196e-10
2025-08-22/IMG_0049.JPG,Small,Small,0.3436116874217987,0.47982555627822876,0.16901519894599915,0.007547473534941673
2025-09-05/IMG_1246.JPG,Small,Small,0.13259217143058777,0.793955385684967,0.07220226526260376,0.0012501819292083383
2025-08-22/IMG_9974.JPG,Very Small,Small,0.2540961802005768,0.6314891576766968,0.1108148843050003,0.003599784802645445
2025-09-29/IMG_1800.JPG,Very Small,Very Small,0.9418304562568665,0.05744871124625206,0.0007208544993773103,5.166952377066991e-08
2025-09-29/IMG_1896.JPG,Medium,Very Small,0.4444308876991272,0.43126431107521057,0.11400383710861206,0.010301029309630394
2025-08-07/IMG_9466.JPG,Very Small,Very Small,0.9953200221061707,0.004676895681768656,3.0881701604812406e-06,1.6418477688517896e-11
2025-09-05/IMG_1221.JPG,Small,Small,0.07995034754276276,0.5604779720306396,0.34998732805252075,0.009584386833012104
2025-09-29/IMG_1718.JPG,Small,Small,0.033173613250255585,0.6803262829780579,0.2859768867492676,0.0005231783143244684
2025-09-29/IMG_1787.JPG,Very Small,Very Small,0.7788111567497253,0.20766688883304596,0.013512803241610527,9.100653187488206e-06
2025-09-05/IMG_1000.JPG,Very Small,Very Small,0.5909457206726074,0.336249977350235,0.06970932334661484,0.0030949062202125788
2025-08-22/IMG_0235.JPG,Very Small,Small,0.4149613082408905,0.5829609036445618,0.0020775310695171356,2.663801694779977e-07
2025-09-29/IMG_1851.JPG,Small,Small,0.3703918755054474,0.5210689902305603,0.10245354473590851,0.006085581611841917
2025-09-05/IMG_1530.JPG,Small,Small,0.17951448261737823,0.5412769317626953,0.24096399545669556,0.0382445827126503
2025-08-07/IMG_9441.JPG,Very Small,Very Small,0.977698028087616,0.022059224545955658,0.00024281708465423435,1.6875809194516478e-08
2025-08-22/IMG_0013.JPG,Very Small,Small,0.4276915192604065,0.4279865324497223,0.13227225840091705,0.012049735523760319
2025-08-07/IMG_9088.JPG,Small,Small,0.35281968116760254,0.4612516164779663,0.17435339093208313,0.011575368233025074
2025-09-29/IMG_1862.JPG,Small,Very Small,0.6475404500961304,0.3078887164592743,0.04302852600812912,0.0015423044096678495
2025-08-22/IMG_0099.JPG,Very Small,Small,0.4608319401741028,0.47252991795539856,0.0661783516407013,0.0004597275983542204
2025-08-22/IMG_0203.JPG,Medium,Small,0.17412863671779633,0.6289557814598083,0.1957537829875946,0.0011617946438491344
2025-09-05/IMG_1384.JPG,Medium,Medium,0.0007154872291721404,0.29899346828460693,0.7002360224723816,5.500273618963547e-05
2025-08-22/IMG_9892.JPG,Small,Small,0.17407435178756714,0.7899500727653503,0.035940300673246384,3.5340544854989275e-05
2025-08-07/IMG_9259.JPG,Small,Small,0.030834853649139404,0.6013143062591553,0.3639156222343445,0.0039352066814899445
2025-09-05/IMG_1482.JPG,Small,Small,0.02155967988073826,0.7532509565353394,0.22252701222896576,0.002662337152287364
2025-08-22/IMG_0008.JPG,Very Small,Very Small,0.5130738019943237,0.4533022940158844,0.033576708287000656,4.719841672340408e-05
2025-09-29/IMG_1781.JPG,Small,Small,0.012988749891519547,0.6078190803527832,0.3683433532714844,0.010848868638277054
2025-09-29/IMG_1836.JPG,Small,Medium,0.023819290101528168,0.4482123851776123,0.47233226895332336,0.05563611164689064
2025-09-05/IMG_1162.JPG,Small,Medium,0.010819976218044758,0.4760093688964844,0.5125208497047424,0.0006498058792203665
2025-09-05/IMG_1122.JPG,Very Small,Very Small,0.9501315355300903,0.049327585846185684,0.0005408190772868693,1.9720719279803234e-08
2025-08-22/IMG_0032.JPG,Very Small,Very Small,0.7375603914260864,0.2544858753681183,0.007947794161736965,5.880778189748526e-06
2025-09-05/IMG_1360.JPG,Very Small,Very Small,0.8714763522148132,0.12449298799037933,0.00402779970318079,2.8812453365389956e-06
2025-09-05/IMG_1579.JPG,Small,Small,0.328695684671402,0.5214378237724304,0.12541715800762177,0.024449292570352554
2025-09-05/IMG_1225.JPG,Small,Medium,0.01845492236316204,0.36758503317832947,0.46934422850608826,0.14461572468280792
2025-08-22/IMG_0164.JPG,Very Small,Very Small,0.831195592880249,0.16324879229068756,0.005553280469030142,2.330172037545708e-06
2025-09-05/IMG_1013.JPG,Very Small,Very Small,0.4907646179199219,0.424064576625824,0.08093588799238205,0.004234916064888239
2025-08-07/IMG_9708.JPG,Large,Large,0.004248755518347025,0.012318728491663933,0.08289716392755508,0.9005352854728699
2025-09-05/IMG_1488.JPG,Medium,Medium,0.004411292728036642,0.20096877217292786,0.6427189111709595,0.1519010066986084
2025-08-07/IMG_9683.JPG,Large,Large,0.0029458811040967703,0.010323549620807171,0.09010772407054901,0.8966228365898132
2025-08-22/IMG_9918.JPG,Very Small,Very Small,0.5693758726119995,0.38890042901039124,0.04156377539038658,0.00015987847291398793
2025-08-07/IMG_9579.JPG,Medium,Large,0.010431061498820782,0.06709104776382446,0.25137072801589966,0.6711071133613586
2025-09-05/IMG_1398.JPG,Very Small,Very Small,0.8516428470611572,0.13603393733501434,0.01230788603425026,1.53119854076067e-05
2025-09-05/IMG_0906.JPG,Very Small,Very Small,0.8449779152870178,0.14532476663589478,0.009683752432465553,1.3593206858786289e-05
2025-09-05/IMG_1119.JPG,Small,Very Small,0.5839592218399048,0.38365501165390015,0.03235970810055733,2.607157512102276e-05
2025-08-22/IMG_0047.JPG,Very Small,Small,0.23107317090034485,0.45046499371528625,0.28973254561424255,0.02872929349541664
2025-09-05/IMG_1404.JPG,Small,Small,0.006334428675472736,0.7815533876419067,0.21201162040233612,0.00010056507016997784
2025-08-07/IMG_9135.JPG,Small,Small,0.3616342544555664,0.5319221615791321,0.10253375768661499,0.003909864462912083
2025-09-05/IMG_0919.JPG,Small,Very Small,0.5091140866279602,0.46341559290885925,0.027458706870675087,1.1524014553287998e-05
2025-08-07/IMG_9671.JPG,Large,Medium,0.017454350367188454,0.2010819911956787,0.5077431797981262,0.2737204134464264
2025-08-22/IMG_9736.JPG,Medium,Medium,0.003060287795960903,0.0873793289065361,0.6816170811653137,0.2279432713985443
2025-08-07/IMG_9515.JPG,Small,Very Small,0.5543831586837769,0.415079802274704,0.03045475482940674,8.225977217080072e-05
2025-09-05/IMG_0926.JPG,Small,Small,0.1741589605808258,0.7533761262893677,0.07215958088636398,0.0003053080872632563
2025-09-05/IMG_1407.JPG,Small,Small,0.005231142044067383,0.7752668261528015,0.21948933601379395,1.2677685845119413e-05
2025-08-22/IMG_0094.JPG,Very Small,Very Small,0.7190603017807007,0.25451910495758057,0.02629869431257248,0.00012186705862404779
2025-09-29/IMG_1692.JPG,Medium,Medium,0.000515803461894393,0.16557857394218445,0.8273187279701233,0.006586951203644276
2025-09-05/IMG_0913.JPG,Small,Small,0.1912136971950531,0.6541858315467834,0.154258131980896,0.0003423682937864214
2025-08-07/IMG_9451.JPG,Very Small,Very Small,0.9587132930755615,0.040909700095653534,0.0003768988244701177,5.194847929601565e-08
2025-09-05/IMG_0940.JPG,Very Small,Small,0.15892550349235535,0.7456860542297363,0.09521262347698212,0.000175839479197748
2025-09-05/IMG_0917.JPG,Medium,Small,0.0460309237241745,0.7711437344551086,0.1825786679983139,0.00024668738478794694
2025-09-05/IMG_1536.JPG,Small,Very Small,0.5517067313194275,0.42777806520462036,0.02027931809425354,0.0002358422352699563
2025-08-22/IMG_0210.JPG,Small,Small,0.031174272298812866,0.778728723526001,0.18864497542381287,0.0014520809054374695
2025-09-05/IMG_0945.JPG,Medium,Medium,0.005886574275791645,0.471083402633667,0.51861572265625,0.004414316266775131
2025-08-07/IMG_9458.JPG,Small,Small,0.14501479268074036,0.8335365653038025,0.021373402327299118,7.520305371144786e-05
2025-08-07/IMG_9571.JPG,Large,Large,0.0037262272089719772,0.05715847760438919,0.2397584170103073,0.6993569135665894
2025-08-22/IMG_9859.JPG,Large,Large,0.015964100137352943,0.2249983847141266,0.2554416358470917,0.5035958290100098
2025-08-07/IMG_9211.JPG,Very Small,Very Small,0.9250880479812622,0.0723261684179306,0.002584261354058981,1.4986975429565064e-06
2025-08-22/IMG_9987.JPG,Very Small,Very Small,0.6750260591506958,0.3005976974964142,0.024295978248119354,8.034193160710856e-05
2025-09-05/IMG_1065.JPG,Small,Small,0.283731609582901,0.45432978868484497,0.21870586276054382,0.0432327501475811
2025-09-05/IMG_1044.JPG,Small,Very Small,0.479492723941803,0.4011935293674469,0.11046145856380463,0.008852298371493816
2025-08-07/IMG_9151.JPG,Very Small,Small,0.4290921688079834,0.44573748111724854,0.11399416625499725,0.011176190339028835
2025-09-05/IMG_1342.JPG,Very Small,Small,0.1047743558883667,0.5575391054153442,0.2602642774581909,0.07742229104042053
2025-08-22/IMG_0089.JPG,Medium,Small,0.27091169357299805,0.5306680798530579,0.19536128640174866,0.0030589881353080273
2025-09-29/IMG_1930.JPG,Very Small,Very Small,0.7892029881477356,0.1934119015932083,0.017211230471730232,0.00017387690604664385
2025-08-07/IMG_9479.JPG,Medium,Medium,0.007991798222064972,0.23786500096321106,0.7442837953567505,0.009859424084424973
2025-08-07/IMG_9433.JPG,Small,Small,0.07885131239891052,0.5170113444328308,0.39449191093444824,0.009645447134971619
2025-08-07/IMG_9583.JPG,Medium,Medium,0.026209523901343346,0.194405198097229,0.47970670461654663,0.29967865347862244
2025-09-29/IMG_1742.JPG,Small,Small,0.007924120873212814,0.6765483021736145,0.3155043423175812,2.324040724488441e-05
2025-09-05/IMG_1409.JPG,Small,Small,0.31117525696754456,0.6223865151405334,0.0663052573800087,0.00013292122457642108
2025-08-07/IMG_9209.JPG,Very Small,Very Small,0.937028169631958,0.06079822778701782,0.0021725420374423265,1.107616526496713e-06
2025-09-29/IMG_1755.JPG,Medium,Medium,0.004656868986785412,0.21554379165172577,0.7778911590576172,0.0019081131322309375
2025-08-07/IMG_9165.JPG,Very Small,Very Small,0.5966203212738037,0.3780606687068939,0.02518121711909771,0.0001377893495373428
2025-08-22/IMG_9939.JPG,Small,Very Small,0.6347776055335999,0.30758243799209595,0.05684604495763779,0.0007939015631563962
2025-09-05/IMG_1095.JPG,Medium,Medium,0.0019432514673098922,0.3288566768169403,0.668841540813446,0.0003585433296393603
2025-09-05/IMG_0949.JPG,Small,Medium,0.017867913469672203,0.46922552585601807,0.49744167923927307,0.01546484511345625
2025-09-29/IMG_1738.JPG,Medium,Medium,0.00396173819899559,0.36933642625808716,0.6266157627105713,8.605988114140928e-05
2025-08-22/IMG_0168.JPG,Medium,Very Small,0.5864274501800537,0.35868173837661743,0.05472886934876442,0.0001619746326468885
2025-08-07/IMG_9181.JPG,Small,Small,0.29165464639663696,0.5790428519248962,0.1224055141210556,0.006896998733282089
2025-09-05/IMG_1497.JPG,Small,Small,0.011659059673547745,0.6778131127357483,0.30681756138801575,0.003710351185873151
2025-09-05/IMG_1055.JPG,Very Small,Small,0.20700813829898834,0.7463007569313049,0.04425741732120514,0.002433624118566513
2025-08-22/IMG_0200.JPG,Small,Small,0.18156316876411438,0.7802714705467224,0.03811834752559662,4.7028501285240054e-05
2025-08-22/IMG_9815.JPG,Large,Large,0.0020293996203690767,0.01270482037216425,0.0565020889043808,0.928763747215271
2025-09-05/IMG_1163.JPG,Medium,Small,0.08296123147010803,0.5476667881011963,0.362465500831604,0.006906488910317421
2025-09-29/IMG_1853.JPG,Very Small,Very Small,0.5500288605690002,0.36407941579818726,0.08332336694002151,0.0025683532003313303
2025-08-22/IMG_0030.JPG,Medium,Small,0.3790450096130371,0.4716675281524658,0.14602239429950714,0.0032651363871991634
2025-08-22/IMG_9733.JPG,Small,Medium,0.00823300238698721,0.20732858777046204,0.7230451107025146,0.06139334663748741
2025-08-07/IMG_9204.JPG,Very Small,Very Small,0.9464706182479858,0.05240974575281143,0.0011191281955689192,4.417775301135407e-07
2025-09-05/IMG_1068.JPG,Small,Very Small,0.5362284779548645,0.3569660782814026,0.10165692865848541,0.005148519296199083
2025-09-29/IMG_1693.JPG,Medium,Small,0.024476174265146255,0.7275516986846924,0.2478356659412384,0.00013638706877827644
2025-08-07/IMG_9704.JPG,Large,Large,0.08190466463565826,0.05938447266817093,0.10975697636604309,0.7489538192749023
2025-08-22/IMG_9906.JPG,Small,Small,0.08906066417694092,0.8764983415603638,0.03428812697529793,0.00015289141447283328
2025-09-05/IMG_1130.JPG,Small,Very Small,0.5016721487045288,0.47704675793647766,0.02128034643828869,7.608717851326219e-07
2025-09-29/IMG_1724.JPG,Medium,Medium,0.0018965222407132387,0.32173952460289,0.6744228601455688,0.0019410840468481183
2025-09-29/IMG_1950.JPG,Very Small,Medium,0.22525940835475922,0.24368365108966827,0.3495168387889862,0.18154005706310272
2025-09-05/IMG_0875.JPG,Very Small,Very Small,0.9356361627578735,0.06244165077805519,0.0019205101998522878,1.5902732002359699e-06
2025-08-22/IMG_0113.JPG,Small,Small,0.2956373691558838,0.5132254362106323,0.18637852370738983,0.004758685361593962
2025-09-05/IMG_0901.JPG,Medium,Small,0.01527542807161808,0.5943857431411743,0.3850782513618469,0.005260569974780083
2025-09-05/IMG_1490.JPG,Medium,Small,0.009505798108875751,0.5191514492034912,0.46966835856437683,0.0016744459280744195
2025-09-05/IMG_1106.JPG,Very Small,Very Small,0.9748337268829346,0.02484043687582016,0.00032580376137048006,9.110968868242253e-09
2025-09-29/IMG_1900.JPG,Medium,Small,0.019845299422740936,0.4444025754928589,0.21847288310527802,0.31727921962738037
2025-09-05/IMG_0852.JPG,Small,Small,0.0023283318150788546,0.6473290920257568,0.35029137134552,5.127664189785719e-05
2025-08-22/IMG_0025.JPG,Small,Small,0.48200830817222595,0.4972357749938965,0.020739447325468063,1.6503725419170223e-05
2025-08-22/IMG_0020.JPG,Small,Small,0.4175734519958496,0.5103449821472168,0.07158045470714569,0.0005010367603972554
2025-08-07/IMG_9491.JPG,Small,Small,0.010633355006575584,0.7329798340797424,0.25630879402160645,7.805528002791107e-05
2025-08-22/IMG_0042.JPG,Medium,Small,0.26621273159980774,0.4561710059642792,0.2562311291694641,0.021385105326771736
2025-08-07/IMG_9715.JPG,Medium,Medium,0.009678295813500881,0.3059811592102051,0.5212775468826294,0.1630629450082779
2025-09-29/IMG_1715.JPG,Very Small,Very Small,0.9011110663414001,0.09781195223331451,0.0010769228683784604,9.951684631914759e-08
2025-08-22/IMG_9985.JPG,Very Small,Small,0.3814658522605896,0.526890218257904,0.0899777039885521,0.001666198018938303
2025-08-22/IMG_9810.JPG,Large,Large,0.00028031296096742153,0.010241485200822353,0.2469213753938675,0.7425568103790283
2025-09-05/IMG_1134.JPG,Small,Very Small,0.5195726752281189,0.4749850928783417,0.005442123394459486,1.6125123636356875e-07
2025-08-22/IMG_9991.JPG,Very Small,Small,0.2993028163909912,0.5768267512321472,0.12023470550775528,0.003635742701590061
2025-09-05/IMG_1428.JPG,Medium,Medium,0.0038418034091591835,0.160080224275589,0.8231267929077148,0.012951232492923737
2025-09-29/IMG_1892.JPG,Medium,Small,0.1601870208978653,0.5463292002677917,0.26232224702835083,0.03116156905889511
2025-09-05/IMG_1439.JPG,Very Small,Very Small,0.9447279572486877,0.05364501103758812,0.0016263166908174753,7.073423944348178e-07
2025-08-07/IMG_9639.JPG,Large,Large,0.007572464179247618,0.017712751403450966,0.08839869499206543,0.8863161206245422
2025-09-29/IMG_1890.JPG,Small,Small,0.22911971807479858,0.5104963183403015,0.21251718699932098,0.047866735607385635
2025-08-07/IMG_9487.JPG,Small,Small,0.061919260770082474,0.8354454040527344,0.101953886449337,0.0006814503576606512
2025-08-22/IMG_9772.JPG,Medium,Small,0.13153405487537384,0.5987163782119751,0.2666226923465729,0.003126859664916992
2025-08-22/IMG_0146.JPG,Small,Very Small,0.4935831129550934,0.431045800447464,0.07482095807790756,0.0005501086707226932
2025-09-05/IMG_1523.JPG,Very Small,Small,0.22608891129493713,0.6629192233085632,0.10459601879119873,0.0063959392718970776
2025-08-07/IMG_9635.JPG,Large,Large,0.010204712860286236,0.04787132143974304,0.21667994558811188,0.7252440452575684
2025-08-22/IMG_9954.JPG,Very Small,Very Small,0.7088965177536011,0.2695034146308899,0.02143891714513302,0.000161180374561809
2025-09-05/IMG_1010.JPG,Very Small,Very Small,0.4718017578125,0.3927672803401947,0.12012410163879395,0.015306814573705196
2025-08-07/IMG_9656.JPG,Large,Large,0.003691352205350995,0.051215268671512604,0.1864987462759018,0.7585946321487427
2025-08-07/IMG_9589.JPG,Medium,Large,0.008106525056064129,0.06947117298841476,0.29732996225357056,0.6250923871994019
2025-08-07/IMG_9446.JPG,Medium,Small,0.027796927839517593,0.6693245768547058,0.30266690254211426,0.00021156984439585358
2025-09-05/IMG_1093.JPG,Medium,Medium,0.0005543142324313521,0.09978856146335602,0.897102415561676,0.0025547549594193697
2025-09-05/IMG_1030.JPG,Very Small,Very Small,0.6460997462272644,0.32061752676963806,0.03265773877501488,0.000625032524112612
2025-09-29/IMG_1671.JPG,Small,Medium,0.011523725464940071,0.37968844175338745,0.5813146233558655,0.02747322805225849
2025-08-07/IMG_9658.JPG,Large,Large,0.0051622032187879086,0.0689619705080986,0.36358869075775146,0.5622870922088623
2025-08-22/IMG_9884.JPG,Medium,Medium,0.007569500245153904,0.2628327012062073,0.5110906958580017,0.21850711107254028
2025-08-07/IMG_9422.JPG,Very Small,Small,0.4131256937980652,0.5578636527061462,0.02883954532444477,0.00017111912893597037
2025-08-22/IMG_0214.JPG,Medium,Small,0.06626064330339432,0.7309464812278748,0.2017620950937271,0.0010308236815035343
2025-09-05/IMG_1584.JPG,Very Small,Very Small,0.44683730602264404,0.41463369131088257,0.1332278996706009,0.005301144439727068
2025-09-05/IMG_1213.JPG,Small,Small,0.09956931322813034,0.7782770395278931,0.12188515812158585,0.00026840571081265807
2025-09-05/IMG_1587.JPG,Very Small,Very Small,0.6187760829925537,0.3294825553894043,0.05013018473982811,0.0016111662844195962
2025-09-05/IMG_1269.JPG,Small,Small,0.05912819877266884,0.81791752576828,0.12158459424972534,0.0013695842353627086
2025-09-05/IMG_1568.JPG,Small,Small,0.15487508475780487,0.688666820526123,0.14806309342384338,0.008394996635615826
2025-09-05/IMG_0968.JPG,Medium,Medium,0.003924878314137459,0.36030736565589905,0.6251270771026611,0.010640683583915234
2025-09-05/IMG_0935.JPG,Small,Small,0.15194199979305267,0.7639093995094299,0.08408913016319275,5.950205013505183e-05
2025-08-22/IMG_9941.JPG,Small,Very Small,0.5923553109169006,0.3660490810871124,0.04136829078197479,0.0002272228739457205
2025-09-05/IMG_1125.JPG,Medium,Small,0.010267221368849277,0.6123554110527039,0.37720686197280884,0.0001705140166450292
2025-09-29/IMG_1775.JPG,Very Small,Very Small,0.9405640959739685,0.05756915733218193,0.0018660057103261352,8.003310085769044e-07
2025-08-07/IMG_9097.JPG,Small,Very Small,0.6452846527099609,0.32671093940734863,0.02786930464208126,0.0001351104147033766
2025-09-05/IMG_1540.JPG,Very Small,Very Small,0.6163982152938843,0.33877530694007874,0.04379089176654816,0.0010355996200814843
2025-09-29/IMG_1778.JPG,Very Small,Very Small,0.9654824733734131,0.033892929553985596,0.0006245311815291643,7.12735115371288e-08
2025-08-07/IMG_9460.JPG,Small,Small,0.1783774048089981,0.6683661937713623,0.15285292267799377,0.0004034536250401288
2025-09-05/IMG_1484.JPG,Very Small,Small,0.07394978404045105,0.8194401264190674,0.10616523027420044,0.0004448425315786153
2025-09-05/IMG_0994.JPG,Medium,Small,0.12615874409675598,0.6708217859268188,0.19240064918994904,0.010618826374411583
2025-08-07/IMG_9693.JPG,Medium,Medium,0.012032296508550644,0.21641378104686737,0.7603170871734619,0.011236794292926788
2025-08-22/IMG_0035.JPG,Very Small,Small,0.3422325551509857,0.5655454397201538,0.09113672375679016,0.0010852802079170942
2025-08-07/IMG_9431.JPG,Very Small,Very Small,0.9664603471755981,0.033534832298755646,4.892429387837183e-06,2.8591042727788007e-11
2025-08-07/IMG_9170.JPG,Very Small,Small,0.3842495381832123,0.4855320453643799,0.12282678484916687,0.007391620427370071
2025-09-05/IMG_1109.JPG,Small,Small,0.07019957900047302,0.8318157196044922,0.09795327484607697,3.141232082271017e-05
2025-08-22/IMG_9877.JPG,Small,Small,0.10475161671638489,0.7520679235458374,0.1403074860572815,0.002872937824577093
2025-09-05/IMG_1288.JPG,Small,Small,0.2865840494632721,0.6158056259155273,0.09577568620443344,0.0018345476128160954
2025-09-05/IMG_1519.JPG,Small,Small,0.44772976636886597,0.4902680516242981,0.058286767452955246,0.0037154110614210367
2025-09-05/IMG_1171.JPG,Very Small,Very Small,0.786747932434082,0.2062617689371109,0.006988327484577894,1.9746571524592582e-06
2025-09-29/IMG_1898.JPG,Medium,Small,0.01841965690255165,0.38937321305274963,0.26597774028778076,0.32622942328453064
2025-08-07/IMG_9178.JPG,Small,Small,0.23683275282382965,0.6166555881500244,0.13391900062561035,0.012592663988471031
2025-09-05/IMG_0936.JPG,Small,Small,0.34176596999168396,0.5819392800331116,0.07620638608932495,8.841160160955042e-05
2025-09-05/IMG_1456.JPG,Small,Small,0.3409748077392578,0.5951096415519714,0.06388051062822342,3.5097669751849025e-05
2025-09-05/IMG_1289.JPG,Very Small,Small,0.2940432131290436,0.607718288898468,0.09654766321182251,0.0016908630495890975
2025-09-05/IMG_1531.JPG,Small,Small,0.4629593789577484,0.47570616006851196,0.06067939102649689,0.0006550656980834901
2025-08-07/IMG_9628.JPG,Large,Large,1.3330625733942725e-05,0.007146951276808977,0.035692669451236725,0.9571470618247986
2025-09-05/IMG_1576.JPG,Very Small,Very Small,0.6592459082603455,0.2814301550388336,0.05521182715892792,0.004112100228667259
2025-08-07/IMG_9144.JPG,Very Small,Very Small,0.7070417404174805,0.2612476348876953,0.031194565817713737,0.0005160565488040447
2025-09-05/IMG_1387.JPG,Medium,Medium,0.0004461656208150089,0.054632190614938736,0.7408531308174133,0.20406854152679443
2025-08-22/IMG_0163.JPG,Very Small,Very Small,0.9389759302139282,0.059924572706222534,0.0010994758922606707,1.411574572784957e-07
2025-09-05/IMG_1220.JPG,Medium,Small,0.025625556707382202,0.5594745874404907,0.4111367464065552,0.0037631404120475054
2025-09-05/IMG_1572.JPG,Medium,Small,0.06080196052789688,0.5202646851539612,0.39279547333717346,0.02613791823387146
2025-09-05/IMG_0840.JPG,Very Small,Very Small,0.9331575036048889,0.06584317237138748,0.0009992773411795497,2.325676895509332e-08
2025-09-05/IMG_1429.JPG,Medium,Small,0.02450547367334366,0.5380277037620544,0.4305923581123352,0.006874522194266319
2025-09-29/IMG_1783.JPG,Small,Small,0.03449784964323044,0.6683943271636963,0.29448145627975464,0.002626347355544567
2025-09-05/IMG_1149.JPG,Small,Medium,0.01417986024171114,0.32623225450515747,0.6575875878334045,0.00200031790882349
2025-09-05/IMG_0942.JPG,Very Small,Very Small,0.9069006443023682,0.09003426879644394,0.0030648468527942896,2.876649602967518e-07
2025-09-29/IMG_1754.JPG,Very Small,Very Small,0.8900860548019409,0.10298571735620499,0.006921668536961079,6.576668965863064e-06
2025-09-05/IMG_1302.JPG,Small,Small,0.08702666312456131,0.8049923777580261,0.106641486287117,0.001339524518698454
2025-08-07/IMG_9673.JPG,Large,Large,0.018623987212777138,0.12545670568943024,0.22755280137062073,0.6283665299415588
2025-09-29/IMG_1701.JPG,Small,Very Small,0.8013012409210205,0.18547901511192322,0.013215343467891216,4.395496034703683e-06
2025-09-05/IMG_0890.JPG,Small,Small,0.03050110675394535,0.5606635212898254,0.40259525179862976,0.006240133661776781
2025-08-07/IMG_9455.JPG,Small,Small,0.03330092504620552,0.9333559274673462,0.03330757096409798,3.558102616807446e-05
2025-08-22/IMG_0123.JPG,Small,Very Small,0.6774672269821167,0.28541335463523865,0.03679296746850014,0.00032645059400238097
2025-08-22/IMG_0001.JPG,Very Small,Very Small,0.745587170124054,0.24763815104961395,0.006769163068383932,5.511185918294359e-06
2025-09-05/IMG_0815.JPG,Very Small,Very Small,0.9632945656776428,0.036273133009672165,0.000432184140663594,1.2055122056153778e-07
2025-08-22/IMG_9880.JPG,Small,Small,0.2628474831581116,0.6700295805931091,0.06646248698234558,0.0006604520604014397
2025-09-05/IMG_1121.JPG,Very Small,Very Small,0.8874051570892334,0.10968523472547531,0.0029096074867993593,9.88050103956084e-08
2025-09-29/IMG_1719.JPG,Very Small,Very Small,0.9629654884338379,0.0365571565926075,0.0004772699030581862,6.919926676118848e-08
2025-08-07/IMG_9150.JPG,Very Small,Very Small,0.379870742559433,0.28639787435531616,0.16469770669937134,0.16903363168239594
2025-09-05/IMG_1178.JPG,Medium,Small,0.04342113062739372,0.569108784198761,0.37754344940185547,0.00992665346711874
2025-08-22/IMG_0177.JPG,Very Small,Very Small,0.774287760257721,0.21514970064163208,0.01055847853422165,4.058601916767657e-06
2025-09-05/IMG_1170.JPG,Very Small,Very Small,0.8975968360900879,0.09517402201890945,0.007215412799268961,1.365200660075061e-05
2025-09-05/IMG_0948.JPG,Medium,Small,0.024401569738984108,0.5693970322608948,0.4052101969718933,0.0009912415407598019
2025-08-07/IMG_9448.JPG,Very Small,Very Small,0.9646207094192505,0.035133443772792816,0.0002458084491081536,2.8359883330608682e-08
2025-08-07/IMG_9706.JPG,Large,Large,0.028749866411089897,0.05742349475622177,0.14248396456241608,0.7713426351547241
2025-08-22/IMG_9940.JPG,Small,Very Small,0.46888694167137146,0.41376909613609314,0.11423809826374054,0.0031058683525770903
2025-09-05/IMG_1516.JPG,Very Small,Very Small,0.65579754114151,0.28642737865448,0.05467262491583824,0.0031024569179862738
2025-08-22/IMG_9835.JPG,Medium,Small,0.030672533437609673,0.5664516687393188,0.39013049006462097,0.012745248153805733
2025-09-05/IMG_1035.JPG,Very Small,Very Small,0.6154258251190186,0.33254140615463257,0.051159340888261795,0.0008734398288652301
2025-08-22/IMG_9885.JPG,Medium,Medium,0.008402064442634583,0.2990437150001526,0.5541628003120422,0.1383914053440094
2025-09-05/IMG_1218.JPG,Medium,Medium,0.017283814027905464,0.4259430468082428,0.5296987295150757,0.027074377983808517
2025-08-07/IMG_9410.JPG,Very Small,Very Small,0.8860012888908386,0.11090724170207977,0.0030900645069777966,1.31360616251186e-06
2025-08-07/IMG_9218.JPG,Small,Medium,0.030669303610920906,0.39106258749961853,0.5252729654312134,0.052995093166828156
2025-09-29/IMG_1881.JPG,Small,Small,0.17354145646095276,0.6401671767234802,0.1508653312921524,0.03542603552341461
2025-08-22/IMG_9861.JPG,Small,Small,0.05401065573096275,0.6520510315895081,0.2925593852996826,0.0013788966462016106
2025-08-07/IMG_9474.JPG,Small,Small,0.2608270049095154,0.6770972013473511,0.061821408569812775,0.000254439510172233
2025-09-05/IMG_1485.JPG,Medium,Medium,0.012345687486231327,0.2721303701400757,0.5788894295692444,0.13663454353809357
2025-09-29/IMG_1763.JPG,Medium,Medium,0.0023367153480648994,0.19676083326339722,0.7998588681221008,0.0010434837313368917
2025-09-05/IMG_1558.JPG,Small,Very Small,0.574312150478363,0.39690420031547546,0.028551558032631874,0.00023213049280457199
2025-09-29/IMG_1803.JPG,Very Small,Very Small,0.8835225105285645,0.11274966597557068,0.003727095667272806,7.110427304723999e-07
2025-09-05/IMG_1196.JPG,Very Small,Very Small,0.8949264287948608,0.09984289109706879,0.0052210502326488495,9.593959475751035e-06
2025-08-22/IMG_9896.JPG,Small,Small,0.40153154730796814,0.5764483213424683,0.021922411397099495,9.769805910764262e-05
2025-08-22/IMG_9844.JPG,Large,Small,0.092348612844944,0.4265294671058655,0.21544115245342255,0.2656807005405426
2025-08-07/IMG_9247.JPG,Medium,Small,0.014417380094528198,0.6045879125595093,0.37945324182510376,0.0015414946246892214
2025-09-29/IMG_1835.JPG,Small,Small,0.04005942493677139,0.6711161732673645,0.2857142388820648,0.0031101228669285774
2025-09-05/IMG_1277.JPG,Small,Small,0.2596401274204254,0.6617990136146545,0.07472441345453262,0.0038364771753549576
2025-08-22/IMG_9872.JPG,Large,Large,0.004799786023795605,0.13789652287960052,0.28754594922065735,0.5697576999664307
2025-09-05/IMG_1210.JPG,Very Small,Very Small,0.776191771030426,0.20626303553581238,0.01750572770833969,3.945495336665772e-05
2025-09-29/IMG_1700.JPG,Small,Small,0.032336365431547165,0.8392477035522461,0.12840978801250458,6.064467925170902e-06
2025-09-05/IMG_1084.JPG,Small,Small,0.028573529794812202,0.6493269205093384,0.32093897461891174,0.0011606354964897037
2025-08-07/IMG_9157.JPG,Small,Small,0.17177456617355347,0.49305447936058044,0.3017573058605194,0.0334136076271534
2025-09-29/IMG_1895.JPG,Small,Medium,0.02424980141222477,0.3000960052013397,0.539130687713623,0.1365235447883606
2025-08-07/IMG_9561.JPG,Medium,Small,0.3454195261001587,0.41163143515586853,0.1886495053768158,0.054299503564834595
2025-09-05/IMG_0866.JPG,Medium,Medium,0.001269982079975307,0.2455066591501236,0.7527621388435364,0.0004612613993231207
2025-08-22/IMG_9938.JPG,Very Small,Very Small,0.45775845646858215,0.43535903096199036,0.1048184409737587,0.0020641027949750423
2025-08-22/IMG_9851.JPG,Very Small,Very Small,0.933641791343689,0.06365609169006348,0.0027011760976165533,9.62407170845836e-07
2025-09-05/IMG_0860.JPG,Small,Small,0.16906483471393585,0.7975889444351196,0.03334326669573784,2.974563130919705e-06
2025-08-22/IMG_9864.JPG,Medium,Small,0.2123640775680542,0.6889959573745728,0.09842613339424133,0.00021376577205955982
2025-08-22/IMG_9967.JPG,Very Small,Very Small,0.5590564012527466,0.420740008354187,0.020126856863498688,7.678811380174011e-05
2025-09-05/IMG_1476.JPG,Small,Small,0.03642263263463974,0.6971949934959412,0.2651434540748596,0.0012389676412567496
2025-08-07/IMG_9434.JPG,Small,Medium,0.017199229449033737,0.2981608211994171,0.6723830699920654,0.012256933376193047
2025-09-05/IMG_0954.JPG,Small,Small,0.015799563378095627,0.6923578381538391,0.2914050817489624,0.0004375151183921844
2025-09-05/IMG_0922.JPG,Very Small,Very Small,0.9463258385658264,0.051996152848005295,0.001677664928138256,3.5444156765152e-07
2025-09-05/IMG_1569.JPG,Very Small,Very Small,0.7207821011543274,0.25022003054618835,0.027890389785170555,0.0011074839858338237
2025-09-05/IMG_1595.JPG,Small,Very Small,0.4960768520832062,0.3922419548034668,0.09809919446706772,0.01358208991587162
2025-09-29/IMG_1914.JPG,Very Small,Very Small,0.5037379860877991,0.4050867259502411,0.08942673355340958,0.001748568145558238
2025-08-07/IMG_9408.JPG,Small,Medium,0.019319474697113037,0.36433693766593933,0.5846905708312988,0.031653061509132385
2025-09-29/IMG_1722.JPG,Very Small,Very Small,0.8934722542762756,0.10265928506851196,0.003865745384246111,2.6667128167900955e-06
2025-08-22/IMG_0148.JPG,Small,Very Small,0.8764969706535339,0.11542930454015732,0.008063494227826595,1.0172540896746796e-05
2025-09-05/IMG_1489.JPG,Medium,Medium,0.0075611937791109085,0.15203452110290527,0.5182679295539856,0.32213637232780457
2025-08-22/IMG_9742.JPG,Small,Large,0.013649380765855312,0.13519714772701263,0.3079095780849457,0.543243944644928
2025-08-07/IMG_9118.JPG,Very Small,Large,0.14317329227924347,0.14749063551425934,0.23973850905895233,0.46959760785102844
2025-08-07/IMG_9127.JPG,Very Small,Small,0.1500479131937027,0.6270750761032104,0.20475001633167267,0.018126970157027245
2025-08-22/IMG_0060.JPG,Very Small,Small,0.37707895040512085,0.5610452890396118,0.06141701340675354,0.0004587429284583777
2025-09-29/IMG_1811.JPG,Medium,Small,0.009665455669164658,0.6952043771743774,0.2933118939399719,0.0018182420171797276
2025-08-22/IMG_0118.JPG,Medium,Small,0.1948394626379013,0.6520018577575684,0.15060459077358246,0.0025541402865201235
2025-08-07/IMG_9109.JPG,Small,Small,0.3875887095928192,0.4692132771015167,0.137958824634552,0.005239241756498814
2025-09-05/IMG_1578.JPG,Small,Very Small,0.487292617559433,0.4194703698158264,0.08314119279384613,0.01009586825966835
2025-09-05/IMG_1327.JPG,Very Small,Small,0.2200910747051239,0.7211448550224304,0.05517246946692467,0.0035915947519242764
2025-09-05/IMG_1419.JPG,Small,Medium,0.012443672865629196,0.2678649425506592,0.6998639106750488,0.019827384501695633
2025-09-29/IMG_1916.JPG,Very Small,Very Small,0.6391183733940125,0.27752408385276794,0.07727736979722977,0.006080225110054016
2025-08-07/IMG_9641.JPG,Large,Large,0.007584059610962868,0.03924483060836792,0.16460183262825012,0.7885693311691284
2025-08-22/IMG_9779.JPG,Very Small,Very Small,0.975632905960083,0.024281039834022522,8.612228702986613e-05,1.4139347470631947e-09
2025-09-05/IMG_1053.JPG,Very Small,Small,0.4237369894981384,0.4473743736743927,0.11431464552879333,0.014573966152966022
2025-09-05/IMG_1346.JPG,Small,Small,0.044210486114025116,0.4371759295463562,0.43605658411979675,0.08255698531866074
2025-08-22/IMG_9897.JPG,Small,Small,0.018883097916841507,0.7167718410491943,0.2592998147010803,0.005045219324529171
2025-08-22/IMG_0222.JPG,Very Small,Very Small,0.9866194725036621,0.013310334645211697,7.027165702311322e-05,3.599964104594733e-09
2025-09-29/IMG_1822.JPG,Very Small,Small,0.2357654571533203,0.6890486478805542,0.07510792464017868,7.792567339492962e-05
2025-09-29/IMG_1908.JPG,Large,Large,4.0334965888177976e-05,0.014544129371643066,0.05642092600464821,0.9289946556091309
2025-08-22/IMG_9748.JPG,Very Small,Very Small,0.981438159942627,0.018471047282218933,9.075181878870353e-05,2.572284607538222e-09
2025-08-07/IMG_9513.JPG,Small,Very Small,0.5922357439994812,0.37505602836608887,0.03250953555107117,0.00019865439389832318
2025-09-29/IMG_1816.JPG,Very Small,Small,0.28508052229881287,0.6757980585098267,0.03908289968967438,3.86157953471411e-05
2025-08-22/IMG_9972.JPG,Very Small,Small,0.42508944869041443,0.5209802389144897,0.0534420907497406,0.0004882103530690074
2025-09-05/IMG_0965.JPG,Small,Small,0.008130116388201714,0.5117900967597961,0.47776100039482117,0.00231883954256773
2025-08-22/IMG_9841.JPG,Small,Very Small,0.6512998342514038,0.32829082012176514,0.020390158519148827,1.9199193047825247e-05
2025-08-07/IMG_9414.JPG,Large,Large,0.0015670303255319595,0.037559010088443756,0.3839355409145355,0.5769383907318115
2025-08-07/IMG_9603.JPG,Medium,Medium,0.00992172583937645,0.24390281736850739,0.729627788066864,0.016547678038477898
2025-09-05/IMG_1329.JPG,Small,Small,0.19451333582401276,0.5651428699493408,0.22219158709049225,0.018152208998799324
2025-09-05/IMG_0931.JPG,Medium,Medium,0.005061771254986525,0.20968516170978546,0.44113609194755554,0.3441169857978821
2025-09-29/IMG_1788.JPG,Very Small,Small,0.15755543112754822,0.7305388450622559,0.11112546175718307,0.0007803085027262568
2025-08-22/IMG_9919.JPG,Very Small,Very Small,0.736392617225647,0.24646620452404022,0.017084289342164993,5.694026913261041e-05
2025-09-05/IMG_1188.JPG,Very Small,Small,0.3647307753562927,0.532617449760437,0.10230744630098343,0.0003443386813160032
2025-09-29/IMG_1902.JPG,Small,Small,0.45786356925964355,0.5069699883460999,0.03439689800143242,0.0007695870008319616
2025-08-22/IMG_0154.JPG,Small,Small,0.17137479782104492,0.6946637630462646,0.13361386954784393,0.00034756111563183367
2025-08-22/IMG_0213.JPG,Very Small,Very Small,0.9488537311553955,0.05066767334938049,0.00047851091949269176,1.6090969268134359e-07
2025-08-07/IMG_9490.JPG,Medium,Medium,0.0053640082478523254,0.15135355293750763,0.8186261653900146,0.0246562622487545
2025-08-22/IMG_9805.JPG,Medium,Small,0.12378738820552826,0.7455302476882935,0.13058412075042725,9.829817281570286e-05
2025-08-22/IMG_9781.JPG,Very Small,Very Small,0.9476532936096191,0.051755696535110474,0.0005908604944124818,1.458278120480827e-07
2025-08-22/IMG_9950.JPG,Small,Small,0.41016244888305664,0.498457670211792,0.09051063656806946,0.0008691614493727684
2025-09-05/IMG_1602.JPG,Medium,Small,0.2998369038105011,0.41267287731170654,0.24104316532611847,0.04644700139760971
2025-09-29/IMG_1674.JPG,Small,Small,0.05394435301423073,0.7683874368667603,0.17763030529022217,3.7924957723589614e-05
2025-08-22/IMG_0179.JPG,Very Small,Very Small,0.9640395045280457,0.03558060899376869,0.00037986040115356445,5.1403389988990966e-08
2025-08-07/IMG_9638.JPG,Large,Large,0.00992836244404316,0.020281236618757248,0.08887746185064316,0.8809129595756531
2025-08-22/IMG_9734.JPG,Very Small,Small,0.1486949622631073,0.48332303762435913,0.32772257924079895,0.040259405970573425
2025-09-29/IMG_1885.JPG,Very Small,Very Small,0.38847216963768005,0.31799355149269104,0.2530730366706848,0.0404612198472023
2025-09-05/IMG_1271.JPG,Very Small,Very Small,0.5101667642593384,0.43545687198638916,0.052565112709999084,0.0018111740937456489
2025-08-22/IMG_9944.JPG,Very Small,Very Small,0.5048214197158813,0.41398921608924866,0.07684332877397537,0.004346021451056004
2025-09-05/IMG_0822.JPG,Small,Small,0.19955044984817505,0.7342959046363831,0.06612393260002136,2.9701182938879356e-05
2025-09-05/IMG_1076.JPG,Small,Medium,0.0027803205884993076,0.20718969404697418,0.780821681022644,0.009208284318447113
2025-08-07/IMG_9686.JPG,Medium,Large,0.007848985493183136,0.045056577771902084,0.2034144103527069,0.7436800003051758
2025-08-07/IMG_9401.JPG,Small,Small,0.22611644864082336,0.6378436088562012,0.13507702946662903,0.0009629203123040497
2025-08-22/IMG_0291.JPG,Small,Small,0.015337743796408176,0.6272323131561279,0.35324549674987793,0.004184426739811897
2025-08-07/IMG_9598.JPG,Small,Small,0.10227097570896149,0.5664232969284058,0.31620344519615173,0.015102261677384377
2025-09-05/IMG_1445.JPG,Very Small,Very Small,0.7927983403205872,0.2006562501192093,0.006543708965182304,1.7196367707583704e-06
2025-09-05/IMG_0975.JPG,Very Small,Small,0.2330750972032547,0.657306969165802,0.10644106566905975,0.0031769191846251488
2025-09-05/IMG_1388.JPG,Small,Small,0.048506733030080795,0.6851880550384521,0.26449403166770935,0.0018111990066245198
2025-09-05/IMG_1605.JPG,Small,Very Small,0.5217414498329163,0.3721019923686981,0.10093607008457184,0.005220440682023764
2025-09-05/IMG_1164.JPG,Small,Small,0.06801199167966843,0.5474866628646851,0.36719998717308044,0.017301348969340324
2025-09-05/IMG_1078.JPG,Small,Small,0.05777319520711899,0.7933571934700012,0.14884606003761292,2.359091377002187e-05
2025-09-05/IMG_1227.JPG,Small,Small,0.1172226294875145,0.7101406455039978,0.17212899029254913,0.0005077312234789133
2025-08-07/IMG_9512.JPG,Small,Small,0.23064665496349335,0.6080146431922913,0.15604425966739655,0.00529442448168993
2025-09-05/IMG_1397.JPG,Very Small,Small,0.35748058557510376,0.5925389528274536,0.04988881200551987,9.16113203857094e-05
2025-08-22/IMG_9787.JPG,Very Small,Very Small,0.9184341430664062,0.0799456387758255,0.0016196705400943756,6.079509944356687e-07
2025-08-07/IMG_9233.JPG,Very Small,Very Small,0.600717306137085,0.3661407232284546,0.033101826906204224,4.0186423575505614e-05
2025-08-22/IMG_9822.JPG,Large,Large,0.001448582741431892,0.011347411200404167,0.07306479662656784,0.9141391515731812
2025-08-07/IMG_9489.JPG,Very Small,Very Small,0.9207955598831177,0.0774913802742958,0.0017117381794378161,1.3470353223965503e-06
2025-09-05/IMG_1155.JPG,Small,Small,0.06707786023616791,0.5134115219116211,0.41763338446617126,0.0018772352486848831
2025-08-07/IMG_9117.JPG,Small,Small,0.20851919054985046,0.42906829714775085,0.30636662244796753,0.056045953184366226
2025-09-05/IMG_1207.JPG,Very Small,Small,0.27089664340019226,0.6029910445213318,0.12585046887397766,0.0002618257130961865
2025-09-05/IMG_0826.JPG,Very Small,Very Small,0.985663890838623,0.014262680895626545,7.348417420871556e-05,1.5930531338526066e-09
2025-09-05/IMG_1465.JPG,Very Small,Very Small,0.8710173964500427,0.12461694329977036,0.004362762439996004,2.8746271709678695e-06
2025-09-05/IMG_0951.JPG,Small,Small,0.02994007058441639,0.7366475462913513,0.2321254312992096,0.0012869464699178934
2025-09-05/IMG_1293.JPG,Small,Small,0.1910397857427597,0.6160644292831421,0.17878104746341705,0.014114787802100182
2025-09-29/IMG_1708.JPG,Small,Small,0.14619047939777374,0.8056866526603699,0.04811469092965126,8.17448744783178e-06
2025-09-05/IMG_1208.JPG,Small,Very Small,0.5521271228790283,0.41332462430000305,0.034415170550346375,0.00013306649634614587
2025-08-07/IMG_9544.JPG,Large,Small,0.2680758833885193,0.4842049777507782,0.22960248589515686,0.018116652965545654
2025-09-05/IMG_1492.JPG,Small,Medium,0.004071350209414959,0.3604274392127991,0.5708204507827759,0.06468077749013901
2025-09-05/IMG_1322.JPG,Very Small,Very Small,0.6346405744552612,0.3038496673107147,0.05781733989715576,0.0036923938896507025
2025-08-22/IMG_0223.JPG,Small,Small,0.4347141981124878,0.5531937479972839,0.012069398537278175,2.258987478853669e-05
2025-09-05/IMG_0834.JPG,Medium,Medium,0.0010229344479739666,0.10802935063838959,0.8859432935714722,0.005004371982067823
2025-09-05/IMG_1197.JPG,Very Small,Very Small,0.7983158826828003,0.18844279646873474,0.013206020928919315,3.534179995767772e-05
2025-08-07/IMG_9192.JPG,Small,Small,0.06883217394351959,0.6766777038574219,0.25186941027641296,0.002620711922645569
2025-09-05/IMG_1012.JPG,Small,Small,0.15782327950000763,0.6661026477813721,0.17148643732070923,0.00458765821531415
2025-09-05/IMG_0848.JPG,Very Small,Very Small,0.8713091611862183,0.12758897244930267,0.0011015896452590823,2.2988191972217464e-07
2025-09-05/IMG_1006.JPG,Very Small,Small,0.2415311634540558,0.5408776998519897,0.19125208258628845,0.026339033618569374
2025-08-22/IMG_0074.JPG,Very Small,Very Small,0.7022311091423035,0.2723044157028198,0.025186186656355858,0.0002783062227535993
2025-09-05/IMG_1437.JPG,Very Small,Very Small,0.9564493894577026,0.04264574870467186,0.0009047853527590632,1.9916677729270305e-07
2025-08-22/IMG_9947.JPG,Very Small,Very Small,0.6151204705238342,0.3425946533679962,0.04185378924012184,0.00043109169928357005
2025-08-22/IMG_9913.JPG,Small,Small,0.36741578578948975,0.5681781768798828,0.06330398470163345,0.0011020067613571882
2025-08-07/IMG_9092.JPG,Medium,Very Small,0.6206116676330566,0.3567602336406708,0.02258257195353508,4.552401878754608e-05
2025-09-05/IMG_0869.JPG,Very Small,Very Small,0.9766039252281189,0.023204192519187927,0.00019182782853022218,1.533766358363664e-08
2025-08-22/IMG_0028.JPG,Small,Very Small,0.5042458176612854,0.47562891244888306,0.02009502425789833,3.0241459171520546e-05
2025-09-05/IMG_1400.JPG,Small,Small,0.029140187427401543,0.6878780126571655,0.2824605107307434,0.0005212566466070712
2025-09-05/IMG_1255.JPG,Small,Small,0.11964158713817596,0.8222820162773132,0.05786702781915665,0.0002094031369779259
2025-08-07/IMG_9652.JPG,Large,Large,0.006915249861776829,0.07305170595645905,0.2062848061323166,0.7137482166290283
2025-08-07/IMG_9182.JPG,Very Small,Small,0.3097500801086426,0.41916167736053467,0.23457588255405426,0.0365123488008976
2025-09-05/IMG_1266.JPG,Very Small,Small,0.2981613576412201,0.6004317998886108,0.09949519485235214,0.0019116606563329697
2025-08-22/IMG_0246.JPG,Small,Small,0.004248525947332382,0.8223617672920227,0.17299441993236542,0.0003952752740588039
2025-09-05/IMG_0903.JPG,Small,Small,0.005713402759283781,0.49833330512046814,0.49308016896247864,0.0028731026686728
2025-08-22/IMG_9965.JPG,Small,Small,0.4120968282222748,0.5638901591300964,0.02390853874385357,0.00010454295988893136
2025-09-05/IMG_1005.JPG,Very Small,Large,0.13891342282295227,0.15400297939777374,0.2813914716243744,0.4256921708583832
2025-09-05/IMG_1278.JPG,Very Small,Small,0.3410348892211914,0.47803544998168945,0.13652662932872772,0.04440311715006828
2025-09-29/IMG_1877.JPG,Very Small,Very Small,0.6376839280128479,0.3150791823863983,0.045686811208724976,0.001550087588839233
2025-09-05/IMG_0829.JPG,Small,Small,0.30923500657081604,0.666286051273346,0.024439075961709023,3.986741285189055e-05
2025-09-29/IMG_1863.JPG,Very Small,Very Small,0.6828933954238892,0.27453720569610596,0.0406254418194294,0.001943877199664712
2025-08-22/IMG_9995.JPG,Very Small,Very Small,0.6573975086212158,0.3265032470226288,0.016011914238333702,8.73711978783831e-05
2025-08-07/IMG_9556.JPG,Very Small,Very Small,0.4201359450817108,0.33514416217803955,0.20024098455905914,0.04447896033525467
2025-08-07/IMG_9128.JPG,Medium,Small,0.33946648240089417,0.5294386744499207,0.12578348815441132,0.005311363842338324
2025-08-22/IMG_0048.JPG,Small,Small,0.2217879295349121,0.5128968954086304,0.25300541520118713,0.012309779413044453
2025-09-05/IMG_1506.JPG,Small,Small,0.01029661949723959,0.6772067546844482,0.3116672933101654,0.000829308177344501
2025-09-29/IMG_1713.JPG,Medium,Medium,0.0006649919669143856,0.21895386278629303,0.7798406481742859,0.000540494394954294
2025-08-07/IMG_9241.JPG,Very Small,Very Small,0.8908863067626953,0.1048952043056488,0.0042157904244959354,2.6443706246936927e-06
2025-08-07/IMG_9260.JPG,Small,Small,0.016985313966870308,0.7086449861526489,0.26048389077186584,0.013885783031582832
2025-09-05/IMG_0835.JPG,Medium,Medium,0.00020897547074127942,0.08360885083675385,0.9149755239486694,0.0012066520284861326
2025-09-05/IMG_1016.JPG,Small,Small,0.34060999751091003,0.5102847218513489,0.1455792337656021,0.0035260214935988188
2025-08-22/IMG_9833.JPG,Small,Small,0.4608864188194275,0.49057242274284363,0.048494286835193634,4.689188062911853e-05
2025-09-05/IMG_1296.JPG,Very Small,Small,0.29745036363601685,0.6399129629135132,0.06178908050060272,0.0008475774084217846
2025-08-07/IMG_9148.JPG,Very Small,Very Small,0.6786001324653625,0.2606213390827179,0.056831713765859604,0.0039467597380280495
2025-09-05/IMG_0981.JPG,Very Small,Small,0.4029841721057892,0.5142446756362915,0.08153479546308517,0.0012363629648461938
2025-08-07/IMG_9596.JPG,Medium,Medium,0.02622401900589466,0.2775592803955078,0.6577730178833008,0.03844368830323219
2025-09-05/IMG_0797.JPG,Small,Small,0.19639085233211517,0.7734125256538391,0.030192546546459198,4.102126695215702e-06
2025-09-29/IMG_1910.JPG,Small,Small,0.008306249976158142,0.4144497811794281,0.26990729570388794,0.30733662843704224
2025-08-07/IMG_9522.JPG,Small,Small,0.4254304766654968,0.5238379240036011,0.05039696395397186,0.00033465694286860526
2025-08-07/IMG_9174.JPG,Small,Small,0.4140763580799103,0.48453712463378906,0.10002017766237259,0.0013663353165611625
2025-08-22/IMG_0041.JPG,Small,Medium,0.22064298391342163,0.33900344371795654,0.3493184745311737,0.09103509038686752
2025-09-05/IMG_1299.JPG,Very Small,Small,0.30720481276512146,0.6184553503990173,0.07375245541334152,0.0005874708294868469
2025-08-22/IMG_0280.JPG,Medium,Medium,0.0006069258670322597,0.08841922134160995,0.9065495133399963,0.004424396902322769
2025-08-07/IMG_9202.JPG,Small,Small,0.14339947700500488,0.5427490472793579,0.2783428430557251,0.03550860658288002
2025-08-07/IMG_9633.JPG,Large,Large,0.006889336742460728,0.031031286343932152,0.15622542798519135,0.8058539032936096
2025-09-05/IMG_0798.JPG,Small,Small,0.01344666164368391,0.685694694519043,0.3004242181777954,0.0004343456821516156
2025-08-22/IMG_0166.JPG,Very Small,Very Small,0.6921661496162415,0.28656435012817383,0.021261677145957947,7.837313205527607e-06
2025-09-05/IMG_0811.JPG,Medium,Medium,0.0016187491128221154,0.09792755544185638,0.866298258304596,0.03415535390377045
2025-08-07/IMG_9406.JPG,Medium,Medium,0.007627310696989298,0.25925955176353455,0.6688219308853149,0.06429111957550049
2025-09-29/IMG_1684.JPG,Medium,Small,0.013844938017427921,0.686837375164032,0.2992967963218689,2.0885179765173234e-05
2025-08-07/IMG_9138.JPG,Very Small,Very Small,0.7294890284538269,0.24489931762218475,0.025095490738749504,0.0005162322195246816
2025-09-05/IMG_1493.JPG,Small,Small,0.013126223348081112,0.6861912608146667,0.29996371269226074,0.0007187995943240821
2025-09-05/IMG_0891.JPG,Very Small,Very Small,0.9090830087661743,0.08607365190982819,0.004840468056499958,2.8392789772624383e-06
2025-08-07/IMG_9256.JPG,Small,Small,0.0862203910946846,0.7958464622497559,0.11329546570777893,0.0046376618556678295
2025-08-22/IMG_9881.JPG,Very Small,Very Small,0.5938262343406677,0.38423967361450195,0.02187349647283554,6.0607329942286015e-05
2025-09-05/IMG_1453.JPG,Small,Small,0.24119676649570465,0.6573117971420288,0.10118076950311661,0.0003106487565673888
2025-09-05/IMG_1513.JPG,Small,Very Small,0.4538714289665222,0.4279506802558899,0.1000945195555687,0.01808338426053524
2025-09-29/IMG_1912.JPG,Small,Very Small,0.5945712327957153,0.3580110967159271,0.04701272398233414,0.00040498541784472764
2025-09-05/IMG_1310.JPG,Very Small,Very Small,0.6691588759422302,0.2678300142288208,0.05626535415649414,0.006745750084519386
2025-09-29/IMG_1717.JPG,Medium,Medium,5.038544622948393e-05,0.07785853743553162,0.9218276143074036,0.0002634691190905869
2025-08-22/IMG_9850.JPG,Medium,Small,0.04135226458311081,0.6695464849472046,0.2807832956314087,0.008317960426211357
2025-08-07/IMG_9606.JPG,Medium,Medium,0.008704203180968761,0.3256489932537079,0.6210018396377563,0.04464493691921234
2025-09-05/IMG_1203.JPG,Large,Medium,0.01629900559782982,0.16198252141475677,0.43416041135787964,0.38755813241004944
2025-09-05/IMG_1359.JPG,Very Small,Small,0.2868668735027313,0.5163172483444214,0.18983635306358337,0.006979502737522125
2025-08-07/IMG_9085.JPG,Very Small,Small,0.17430034279823303,0.40828821063041687,0.28736424446105957,0.1300472617149353
2025-09-05/IMG_1146.JPG,Very Small,Very Small,0.921522855758667,0.07515112310647964,0.0033240709453821182,1.9031547253689496e-06
2025-09-05/IMG_1338.JPG,Small,Small,0.19136065244674683,0.5634952187538147,0.21002483367919922,0.035119298845529556
2025-09-29/IMG_1843.JPG,Small,Small,0.008968185633420944,0.6257429718971252,0.36431685090065,0.0009719663648866117
2025-08-07/IMG_9711.JPG,Large,Large,0.0018760839011520147,0.026834391057491302,0.13088946044445038,0.8404000997543335
2025-09-29/IMG_1809.JPG,Medium,Medium,0.00387256545946002,0.4033203423023224,0.546579897403717,0.046227212995290756
2025-09-29/IMG_1694.JPG,Very Small,Very Small,0.9489040374755859,0.05060311034321785,0.0004927463596686721,5.23145935460434e-08
2025-08-22/IMG_0142.JPG,Very Small,Very Small,0.9584502577781677,0.04083539545536041,0.0007139548542909324,2.747024154814426e-07
2025-09-05/IMG_1172.JPG,Very Small,Very Small,0.8664178252220154,0.12502720952033997,0.00854547694325447,9.451229743717704e-06
2025-08-07/IMG_9585.JPG,Large,Very Small,0.3739531934261322,0.30086183547973633,0.2043723165988922,0.12081269174814224
2025-09-29/IMG_1737.JPG,Small,Small,0.11150284856557846,0.8768478035926819,0.0116479666903615,1.3849877404936706e-06
2025-08-07/IMG_9714.JPG,Large,Large,0.004584123846143484,0.043489355593919754,0.1172073557972908,0.834719181060791
2025-08-07/IMG_9193.JPG,Very Small,Very Small,0.8653188943862915,0.1304994523525238,0.00418065907433629,1.0602248039504047e-06
2025-09-29/IMG_1681.JPG,Medium,Medium,0.0006591909332200885,0.1676173210144043,0.8280594944953918,0.0036640006583184004
2025-08-22/IMG_0169.JPG,Medium,Small,0.06773581355810165,0.6316424608230591,0.29291674494743347,0.007704973686486483
2025-09-05/IMG_0805.JPG,Medium,Medium,0.01118828821927309,0.2071768343448639,0.758478045463562,0.023156818002462387
2025-09-05/IMG_1486.JPG,Large,Medium,0.00915163941681385,0.2603302001953125,0.5522488355636597,0.17826926708221436
2025-08-22/IMG_9988.JPG,Small,Very Small,0.6012731194496155,0.3726954758167267,0.02597981132566929,5.154893369763158e-05
2025-08-07/IMG_9559.JPG,Small,Very Small,0.43478816747665405,0.36657828092575073,0.16492225229740143,0.03371136263012886
2025-08-22/IMG_0197.JPG,Small,Small,0.03713887557387352,0.6135657429695129,0.3461397886276245,0.0031556165777146816
2025-08-22/IMG_9832.JPG,Large,Large,0.054625071585178375,0.23839186131954193,0.24991290271282196,0.4570702314376831
2025-09-05/IMG_1517.JPG,Small,Small,0.34554895758628845,0.6081387996673584,0.04496880993247032,0.0013434734428301454
2025-09-05/IMG_1143.JPG,Very Small,Very Small,0.9570323824882507,0.041338324546813965,0.0016287891194224358,5.049687956670823e-07
2025-09-05/IMG_1304.JPG,Very Small,Small,0.4472322165966034,0.49010786414146423,0.0620570108294487,0.0006029081996530294
2025-08-22/IMG_0227.JPG,Small,Very Small,0.6686233282089233,0.32659828662872314,0.004775437526404858,2.9774184895359213e-06
2025-09-05/IMG_1408.JPG,Medium,Medium,0.0004283763701096177,0.13013063371181488,0.8674556016921997,0.0019853394478559494
2025-09-05/IMG_1165.JPG,Medium,Small,0.06644310802221298,0.49408426880836487,0.4069146513938904,0.032558001577854156
2025-09-29/IMG_1804.JPG,Very Small,Very Small,0.9729998111724854,0.02658511884510517,0.00041505906847305596,7.702291782152315e-08
2025-08-22/IMG_9763.JPG,Very Small,Small,0.13451816141605377,0.5121991038322449,0.3365270495414734,0.016755681484937668
2025-09-05/IMG_1403.JPG,Very Small,Very Small,0.9464738368988037,0.053245171904563904,0.0002808955614455044,2.54053436066215e-08
2025-08-22/IMG_0261.JPG,Medium,Medium,0.0008542597061023116,0.32834112644195557,0.6684322357177734,0.002372306538745761
2025-09-05/IMG_1470.JPG,Small,Small,0.1753833293914795,0.7758162021636963,0.04868674278259277,0.0001137982471846044
2025-09-05/IMG_1169.JPG,Very Small,Very Small,0.8620107769966125,0.13206596672534943,0.005910151172429323,1.3136228517396376e-05
2025-08-07/IMG_9654.JPG,Large,Large,0.012963796965777874,0.05684720724821091,0.13459448516368866,0.7955945134162903
2025-09-05/IMG_1204.JPG,Medium,Medium,0.010973789729177952,0.17218135297298431,0.5905621647834778,0.22628268599510193
2025-08-22/IMG_9937.JPG,Small,Very Small,0.5225816965103149,0.41026774048805237,0.06641370803117752,0.0007368848309852183
2025-08-22/IMG_9860.JPG,Large,Large,0.00363008095882833,0.09537823498249054,0.15568622946739197,0.7453054189682007
2025-08-22/IMG_0211.JPG,Small,Small,0.009690582752227783,0.6623410582542419,0.3264407813549042,0.001527520944364369
2025-08-22/IMG_9768.JPG,Small,Small,0.2624282240867615,0.6329233646392822,0.10432443767786026,0.0003239522920921445
2025-08-07/IMG_9509.JPG,Small,Small,0.22071108222007751,0.5695029497146606,0.19328217208385468,0.016503755003213882
2025-09-29/IMG_1697.JPG,Medium,Small,0.004224011674523354,0.5419385433197021,0.4537181258201599,0.00011931274639209732
2025-08-07/IMG_9528.JPG,Medium,Small,0.1593799889087677,0.607865571975708,0.22052806615829468,0.012226357124745846
2025-09-05/IMG_1254.JPG,Small,Small,0.23876632750034332,0.688380777835846,0.07137969136238098,0.0014732151757925749
2025-09-05/IMG_1528.JPG,Small,Small,0.35807254910469055,0.5506940484046936,0.08602315187454224,0.005210282281041145
2025-08-07/IMG_9214.JPG,Small,Small,0.21234863996505737,0.5182489156723022,0.2607231140136719,0.008679292164742947
2025-08-07/IMG_9562.JPG,Medium,Small,0.3185668885707855,0.3932388126850128,0.19285741448402405,0.0953369215130806
2025-09-29/IMG_1903.JPG,Medium,Small,0.24883615970611572,0.6906565427780151,0.05688350275158882,0.003623754484578967
2025-09-05/IMG_1133.JPG,Small,Medium,0.007825626991689205,0.3878026604652405,0.5991039276123047,0.005267747212201357
2025-09-29/IMG_1740.JPG,Small,Small,0.018893210217356682,0.910419225692749,0.07068699598312378,6.019827196723782e-07
2025-08-22/IMG_9960.JPG,Very Small,Very Small,0.5280625820159912,0.42518383264541626,0.046289023011922836,0.00046458138967864215
2025-09-05/IMG_0809.JPG,Very Small,Very Small,0.9518149495124817,0.047717634588479996,0.0004673285293392837,5.628400501223041e-08
2025-09-05/IMG_1503.JPG,Medium,Small,0.008762870915234089,0.5839107036590576,0.40281856060028076,0.004507875069975853
2025-08-07/IMG_9094.JPG,Small,Very Small,0.6420899033546448,0.33859148621559143,0.019252058118581772,6.659235077677295e-05
2025-08-07/IMG_9108.JPG,Small,Small,0.39955732226371765,0.49906066060066223,0.09812722355127335,0.0032548021990805864
2025-09-05/IMG_0912.JPG,Very Small,Very Small,0.4942084848880768,0.4594430923461914,0.046258579939603806,8.98075450095348e-05
2025-09-05/IMG_1475.JPG,Medium,Small,0.010839815251529217,0.5230280160903931,0.4497282803058624,0.016403863206505775
2025-09-05/IMG_1447.JPG,Medium,Medium,0.08631297200918198,0.34439775347709656,0.46110913157463074,0.1081802099943161
2025-09-29/IMG_1842.JPG,Small,Small,0.05785347893834114,0.7805845141410828,0.16022686660289764,0.001335150096565485
2025-09-29/IMG_1782.JPG,Small,Small,0.004422977566719055,0.4983360767364502,0.4955269694328308,0.001713952049612999
2025-08-22/IMG_0091.JPG,Very Small,Small,0.3622645437717438,0.5069167613983154,0.12956750392913818,0.0012511855456978083
2025-08-07/IMG_9236.JPG,Medium,Medium,0.012993229553103447,0.2450610250234604,0.5665027499198914,0.17544299364089966
2025-08-07/IMG_9206.JPG,Very Small,Very Small,0.8067606091499329,0.17926627397537231,0.013918324373662472,5.48490606888663e-05
2025-09-29/IMG_1777.JPG,Very Small,Very Small,0.9637067914009094,0.035696808248758316,0.0005962637369520962,1.132459601649316e-07
2025-09-05/IMG_1273.JPG,Very Small,Very Small,0.5758108496665955,0.36871612071990967,0.05390191078186035,0.0015711240703240037
2025-09-05/IMG_0808.JPG,Very Small,Very Small,0.9550658464431763,0.04370208829641342,0.00123177794739604,3.2131066518559237e-07
2025-08-22/IMG_0053.JPG,Small,Small,0.3909370005130768,0.5375964641571045,0.07022951543331146,0.0012370331678539515
2025-08-22/IMG_9921.JPG,Very Small,Small,0.37726321816444397,0.5246441960334778,0.09615558385848999,0.001936988322995603
2025-08-22/IMG_9804.JPG,Very Small,Very Small,0.954507052898407,0.04472382366657257,0.0007688525947742164,3.0440997988989693e-07
2025-09-05/IMG_1077.JPG,Small,Small,0.049125347286462784,0.8067246675491333,0.14395244419574738,0.0001975195191334933
2025-08-22/IMG_9786.JPG,Medium,Small,0.06733008474111557,0.6870524883270264,0.24523498117923737,0.00038239077548496425
2025-09-29/IMG_1857.JPG,Very Small,Very Small,0.49767908453941345,0.463075190782547,0.038096655160188675,0.001149043207988143
2025-08-07/IMG_9086.JPG,Small,Small,0.09658399969339371,0.6426350474357605,0.23202809691429138,0.02875295840203762
2025-08-22/IMG_9958.JPG,Very Small,Small,0.41473907232284546,0.49401336908340454,0.09005774557590485,0.0011896935757249594
2025-08-22/IMG_9766.JPG,Large,Medium,0.005446708295494318,0.13731558620929718,0.7694041728973389,0.08783352375030518
2025-08-22/IMG_9755.JPG,Small,Small,0.015146098099648952,0.6780424118041992,0.30653512477874756,0.00027635926380753517
2025-08-22/IMG_0109.JPG,Small,Very Small,0.5208959579467773,0.43600839376449585,0.042943693697452545,0.00015198982146102935
2025-09-05/IMG_1258.JPG,Medium,Very Small,0.630577802658081,0.34297510981559753,0.025516480207443237,0.0009306452120654285
2025-08-07/IMG_9646.JPG,Large,Large,0.08623482286930084,0.11622752994298935,0.24154826998710632,0.5559893250465393
2025-08-22/IMG_0157.JPG,Medium,Medium,0.012764700688421726,0.44083505868911743,0.5288149118423462,0.01758529618382454
2025-09-29/IMG_1832.JPG,Small,Medium,0.01029567327350378,0.4793289303779602,0.48981037735939026,0.020565101876854897
2025-09-29/IMG_1849.JPG,Small,Large,0.05907560512423515,0.14267732203006744,0.1882878839969635,0.6099591851234436
2025-08-07/IMG_9698.JPG,Large,Large,0.03060363419353962,0.028920238837599754,0.10904866456985474,0.8314275145530701
2025-08-22/IMG_0193.JPG,Small,Very Small,0.5897892713546753,0.3755733072757721,0.034582871943712234,5.457072256831452e-05
2025-09-05/IMG_1100.JPG,Medium,Medium,0.00017879705410450697,0.20227621495723724,0.7975120544433594,3.291478788014501e-05
2025-09-29/IMG_1746.JPG,Medium,Small,0.029626449570059776,0.5808108448982239,0.38951778411865234,4.494805762078613e-05
2025-09-05/IMG_0843.JPG,Very Small,Very Small,0.7268444895744324,0.26129159331321716,0.011852076277136803,1.1882756552950013e-05
2025-09-05/IMG_0872.JPG,Small,Small,0.047831080853939056,0.5441601276397705,0.4000273644924164,0.007981422357261181
2025-08-22/IMG_9767.JPG,Small,Small,0.1931232362985611,0.680662214756012,0.12577763199806213,0.00043697876390069723
2025-08-22/IMG_0178.JPG,Very Small,Very Small,0.933693528175354,0.06493432074785233,0.0013718195259571075,2.782612966711895e-07
2025-08-07/IMG_9424.JPG,Small,Small,0.046083834022283554,0.5996954441070557,0.35064274072647095,0.003578048199415207
2025-09-05/IMG_0900.JPG,Very Small,Very Small,0.8693428039550781,0.12555748224258423,0.005095969885587692,3.675246034617885e-06
2025-09-29/IMG_1780.JPG,Small,Small,0.035016994923353195,0.709479033946991,0.25174784660339355,0.0037560102064162493
2025-09-05/IMG_1025.JPG,Very Small,Very Small,0.655078649520874,0.28325510025024414,0.05910515785217285,0.002561150584369898
2025-09-05/IMG_1072.JPG,Small,Small,0.06443911790847778,0.3761797249317169,0.34549403190612793,0.21388709545135498
2025-08-22/IMG_9754.JPG,Very Small,Very Small,0.9490534067153931,0.049715556204319,0.0012304704869166017,5.478139541992277e-07
2025-08-22/IMG_9735.JPG,Very Small,Medium,0.04330257326364517,0.28705692291259766,0.6241488456726074,0.04549161717295647
2025-08-07/IMG_9194.JPG,Small,Small,0.0917433351278305,0.7353739142417908,0.17269258201122284,0.00019013577548321337
2025-09-05/IMG_1098.JPG,Small,Small,0.3235211670398712,0.5945686101913452,0.08175163716077805,0.00015853314835112542
2025-08-22/IMG_9925.JPG,Very Small,Very Small,0.7223396301269531,0.26262664794921875,0.014986169524490833,4.7524947149213403e-05
2025-09-29/IMG_1933.JPG,Very Small,Very Small,0.6249703168869019,0.34985747933387756,0.02501894161105156,0.00015326973516494036
2025-08-22/IMG_9760.JPG,Small,Small,0.02929566241800785,0.7552164196968079,0.21520911157131195,0.00027885797317139804
2025-08-07/IMG_9200.JPG,Small,Medium,0.010876157321035862,0.38103780150413513,0.5239938497543335,0.0840921700000763
2025-09-05/IMG_0955.JPG,Small,Small,0.12881724536418915,0.7529199719429016,0.1180855855345726,0.00017725159705150872
2025-08-07/IMG_9106.JPG,Very Small,Small,0.33540064096450806,0.44231563806533813,0.1881047934293747,0.03417888283729553
2025-09-05/IMG_1420.JPG,Small,Small,0.06589577347040176,0.5859463810920715,0.345122367143631,0.0030354794580489397
2025-09-05/IMG_0991.JPG,Medium,Small,0.29361751675605774,0.5620566010475159,0.14228381216526031,0.0020420406945049763
2025-09-05/IMG_1457.JPG,Small,Small,0.05891413241624832,0.7229689955711365,0.21709796786308289,0.0010188557207584381
2025-08-22/IMG_9792.JPG,Very Small,Very Small,0.9843730926513672,0.015552578493952751,7.4336479883641e-05,3.1449127746441263e-09
2025-09-05/IMG_1500.JPG,Small,Small,0.02254408225417137,0.6910156607627869,0.2835417687892914,0.0028984921518713236
2025-08-07/IMG_9700.JPG,Large,Medium,0.0035723885521292686,0.10490552335977554,0.6876345872879028,0.20388753712177277
2025-09-29/IMG_1860.JPG,Very Small,Small,0.4464055299758911,0.5201002955436707,0.033376358449459076,0.00011783761874539778
2025-09-05/IMG_1501.JPG,Small,Small,0.008558278903365135,0.5908521413803101,0.38508766889572144,0.015501902438700199
2025-09-05/IMG_1230.JPG,Small,Small,0.02717035450041294,0.6405159831047058,0.32918766140937805,0.003125963266938925
2025-09-05/IMG_1332.JPG,Small,Small,0.14650270342826843,0.6138131022453308,0.2276882529258728,0.011995919980108738
2025-09-05/IMG_1019.JPG,Small,Small,0.1452091783285141,0.5095988512039185,0.3092264235019684,0.035965561866760254
2025-08-07/IMG_9156.JPG,Medium,Small,0.17044883966445923,0.563202440738678,0.24076980352401733,0.025578927248716354
2025-09-05/IMG_1283.JPG,Very Small,Very Small,0.5244321823120117,0.40739262104034424,0.06439792364835739,0.00377728883177042
2025-08-22/IMG_9979.JPG,Very Small,Small,0.3237965703010559,0.42345449328422546,0.19550418853759766,0.057244785130023956
2025-09-05/IMG_1320.JPG,Small,Small,0.30159568786621094,0.5203000903129578,0.16247588396072388,0.015628350898623466
2025-09-29/IMG_1906.JPG,Large,Small,0.060093462467193604,0.5040478706359863,0.15406638383865356,0.28179219365119934
2025-08-22/IMG_0038.JPG,Small,Small,0.4068843126296997,0.49565112590789795,0.09642153233289719,0.0010430322727188468
2025-08-22/IMG_9862.JPG,Very Small,Very Small,0.7557182908058167,0.22658438980579376,0.01767767034471035,1.9684948711073957e-05
2025-08-07/IMG_9616.JPG,Large,Large,0.005727657116949558,0.04799953103065491,0.12821970880031586,0.818053126335144
2025-09-05/IMG_1440.JPG,Very Small,Very Small,0.6870924234390259,0.2996366620063782,0.013263403438031673,7.547438144683838e-06
2025-08-22/IMG_0023.JPG,Very Small,Very Small,0.48068466782569885,0.47831159830093384,0.040904879570007324,9.883939492283389e-05
2025-09-29/IMG_1723.JPG,Medium,Medium,0.00061758141964674,0.2060391753911972,0.7929513454437256,0.0003918950678780675
2025-08-22/IMG_0218.JPG,Small,Small,0.08203653246164322,0.8547247648239136,0.06252728402614594,0.0007114073378033936
2025-08-07/IMG_9125.JPG,Small,Small,0.11040345579385757,0.6315029263496399,0.23263537883758545,0.025458266958594322
2025-09-05/IMG_1312.JPG,Small,Small,0.18858438730239868,0.7490341663360596,0.06053242087364197,0.001849033054895699
2025-09-05/IMG_1507.JPG,Small,Small,0.011297132819890976,0.6570815443992615,0.3259248435497284,0.005696499720215797
2025-09-05/IMG_1214.JPG,Small,Very Small,0.7915104031562805,0.1928556263446808,0.015602011233568192,3.1918818422127515e-05
2025-08-07/IMG_9130.JPG,Small,Small,0.3808162212371826,0.5608026385307312,0.057576823979616165,0.0008043072302825749
2025-08-22/IMG_0180.JPG,Small,Very Small,0.7443346977233887,0.237962007522583,0.01768346130847931,1.978995896934066e-05
2025-08-22/IMG_9843.JPG,Large,Large,0.00492675369605422,0.07940444350242615,0.21649490296840668,0.6991739273071289
2025-09-05/IMG_1224.JPG,Small,Medium,0.019897297024726868,0.4801078140735626,0.49582499265670776,0.004169879015535116
2025-09-05/IMG_1201.JPG,Very Small,Very Small,0.5499469637870789,0.40672940015792847,0.04305272921919823,0.00027096946723759174
2025-09-05/IMG_1521.JPG,Small,Small,0.40340089797973633,0.5346260666847229,0.059549953788518906,0.0024230959825217724
2025-09-05/IMG_1086.JPG,Medium,Medium,0.0009669583523645997,0.10751756280660629,0.881467878818512,0.010047654621303082
2025-09-05/IMG_1179.JPG,Small,Small,0.027363264933228493,0.5852198004722595,0.38347354531288147,0.0039433701895177364
2025-08-07/IMG_9473.JPG,Very Small,Very Small,0.6025719046592712,0.38966798782348633,0.007757915183901787,2.193030695707421e-06
2025-09-05/IMG_1469.JPG,Very Small,Small,0.4488859176635742,0.5188889503479004,0.03219090402126312,3.425472095841542e-05
2025-08-07/IMG_9105.JPG,Small,Small,0.391854852437973,0.487295001745224,0.1188744455575943,0.0019756765104830265
2025-09-05/IMG_1045.JPG,Medium,Very Small,0.4819146990776062,0.3861958980560303,0.12518303096294403,0.006706418469548225
2025-09-29/IMG_1807.JPG,Very Small,Very Small,0.5977348685264587,0.3886425793170929,0.01361958310008049,2.9752000045846216e-06
2025-08-07/IMG_9262.JPG,Small,Small,0.014192914590239525,0.6300287842750549,0.33891960978507996,0.016858739778399467
2025-08-07/IMG_9180.JPG,Small,Small,0.3852623999118805,0.5101192593574524,0.10192575305700302,0.002692589769139886
2025-09-05/IMG_1298.JPG,Very Small,Very Small,0.6886764168739319,0.27678602933883667,0.03364279866218567,0.0008947983733378351
2025-08-22/IMG_9876.JPG,Medium,Small,0.0516086220741272,0.623313844203949,0.3033519387245178,0.021725589409470558
2025-09-05/IMG_0956.JPG,Small,Small,0.03502350673079491,0.623326301574707,0.33797839283943176,0.0036718426272273064
2025-08-22/IMG_0097.JPG,Very Small,Very Small,0.6000978946685791,0.37751826643943787,0.022333823144435883,4.995815106667578e-05
2025-09-05/IMG_0979.JPG,Medium,Small,0.1038602739572525,0.7862499952316284,0.10801392793655396,0.0018758948426693678
2025-09-05/IMG_1460.JPG,Small,Small,0.05973869562149048,0.6791136264801025,0.2576959729194641,0.003451698925346136
2025-09-05/IMG_1462.JPG,Small,Small,0.011949843727052212,0.7002556920051575,0.2863641679286957,0.001430331147275865
2025-08-22/IMG_0294.JPG,Medium,Medium,0.009015083312988281,0.35418379306793213,0.6264037489891052,0.010397392325103283
2025-09-29/IMG_1786.JPG,Very Small,Very Small,0.8642867207527161,0.1287723183631897,0.006936907768249512,4.1148937270918395e-06
2025-09-29/IMG_1767.JPG,Small,Small,0.011170338839292526,0.5695881247520447,0.4185244143009186,0.0007171194883994758
2025-08-22/IMG_0269.JPG,Very Small,Small,0.2325160801410675,0.7409828901290894,0.026425207033753395,7.576827920274809e-05
2025-09-05/IMG_1603.JPG,Medium,Very Small,0.5462967753410339,0.3854944705963135,0.06721338629722595,0.0009952750988304615
2025-09-05/IMG_1008.JPG,Medium,Small,0.06060313805937767,0.5768845081329346,0.33016642928123474,0.03234599530696869
2025-09-29/IMG_1940.JPG,Very Small,Very Small,0.46906766295433044,0.3694736659526825,0.13613083958625793,0.02532786689698696
2025-08-22/IMG_9797.JPG,Small,Small,0.01003806572407484,0.7961134910583496,0.1937006413936615,0.0001478493941249326
2025-08-22/IMG_9923.JPG,Small,Very Small,0.4955069124698639,0.43896281719207764,0.06508325785398483,0.000446972728241235
2025-08-22/IMG_0019.JPG,Very Small,Very Small,0.4821206331253052,0.45128941535949707,0.06592801958322525,0.0006619231426157057
2025-09-05/IMG_1386.JPG,Small,Small,0.40134984254837036,0.5441019535064697,0.054302677512168884,0.0002455685753375292
2025-09-05/IMG_0889.JPG,Medium,Medium,0.01470339484512806,0.45673656463623047,0.5253587961196899,0.003201219253242016
2025-09-05/IMG_1111.JPG,Medium,Medium,0.00022904675279278308,0.13402818143367767,0.8652889728546143,0.0004536951018963009
2025-08-07/IMG_9464.JPG,Medium,Medium,0.03792993724346161,0.42155274748802185,0.5350134372711182,0.005503856111317873
2025-08-07/IMG_9450.JPG,Small,Small,0.014211160130798817,0.6516488790512085,0.333827942609787,0.00031194897019304335
2025-09-05/IMG_1560.JPG,Small,Small,0.36980119347572327,0.5742353200912476,0.05543544515967369,0.0005280030891299248
2025-08-07/IMG_9675.JPG,Large,Large,0.006733642425388098,0.049428340047597885,0.1778237372636795,0.7660142779350281
2025-09-05/IMG_0962.JPG,Medium,Small,0.04963027313351631,0.8075588345527649,0.1425778865814209,0.00023293773119803518
2025-09-05/IMG_1410.JPG,Medium,Medium,0.007271353621035814,0.383786678314209,0.6052889227867126,0.003653021063655615
2025-09-05/IMG_0932.JPG,Medium,Medium,0.0088357487693429,0.3790454566478729,0.5500237345695496,0.06209509074687958
2025-09-05/IMG_1257.JPG,Small,Small,0.2947796583175659,0.6176456212997437,0.08411437273025513,0.003460411448031664
2025-08-22/IMG_9955.JPG,Very Small,Very Small,0.6790507435798645,0.3012911379337311,0.019522326067090034,0.00013574337936006486
2025-09-29/IMG_1883.JPG,Small,Small,0.27394965291023254,0.655153751373291,0.0673709586262703,0.0035255905240774155
2025-08-07/IMG_9136.JPG,Very Small,Very Small,0.6496543884277344,0.31971243023872375,0.03044179268181324,0.00019133082241751254
2025-08-07/IMG_9231.JPG,Small,Small,0.18890871107578278,0.6652631759643555,0.14559385180473328,0.00023429961584042758
2025-08-22/IMG_9818.JPG,Medium,Medium,0.001264836173504591,0.05396559461951256,0.8404899835586548,0.10427949577569962
2025-08-22/IMG_9975.JPG,Small,Small,0.3988954424858093,0.5592286586761475,0.041523441672325134,0.00035246217157691717
2025-09-29/IMG_1924.JPG,Very Small,Very Small,0.6499689817428589,0.2858368158340454,0.06099396571516991,0.003200255101546645
2025-08-22/IMG_0281.JPG,Medium,Small,0.03388354927301407,0.5792174935340881,0.38376879692077637,0.003130070399492979
2025-09-05/IMG_1096.JPG,Small,Small,0.018961269408464432,0.768064022064209,0.21291303634643555,6.164661317598075e-05
2025-09-05/IMG_0821.JPG,Small,Small,0.03518204763531685,0.8199837803840637,0.14435307681560516,0.0004811642284039408
2025-08-22/IMG_0233.JPG,Small,Small,0.24777072668075562,0.7446300387382507,0.007596656680107117,2.5704814561322564e-06
2025-08-22/IMG_9739.JPG,Small,Medium,0.006579255685210228,0.1361370086669922,0.7950361967086792,0.0622476190328598
2025-09-05/IMG_1181.JPG,Medium,Small,0.04917646571993828,0.591494619846344,0.3382726311683655,0.021056249737739563
2025-09-29/IMG_1821.JPG,Very Small,Very Small,0.8552764654159546,0.14178963005542755,0.0029337010346353054,1.558258873046725e-07
2025-09-05/IMG_1209.JPG,Very Small,Very Small,0.7571771144866943,0.22967176139354706,0.013142973184585571,8.19750039227074e-06
2025-08-07/IMG_9688.JPG,Large,Large,0.011762397363781929,0.03839356079697609,0.10207752138376236,0.8477665781974792
2025-08-07/IMG_9595.JPG,Medium,Large,0.015575204975903034,0.05395355075597763,0.16777250170707703,0.7626987099647522
2025-09-29/IMG_1819.JPG,Small,Small,0.06544026732444763,0.8415806889533997,0.09283903986215591,0.0001399166794726625
2025-08-22/IMG_9738.JPG,Medium,Large,0.004206220153719187,0.05191072076559067,0.20624057948589325,0.7376425266265869
2025-09-05/IMG_0806.JPG,Small,Small,0.025602925568819046,0.7950621247291565,0.17881864309310913,0.0005163595778867602
2025-08-22/IMG_0216.JPG,Small,Small,0.012192276306450367,0.7002748250961304,0.28645840287208557,0.0010745740728452802
2025-09-29/IMG_1868.JPG,Very Small,Small,0.4092075228691101,0.4959637522697449,0.09139613062143326,0.0034326352179050446
2025-08-07/IMG_9421.JPG,Small,Very Small,0.5171080827713013,0.4478580355644226,0.03498615324497223,4.774510671268217e-05
2025-09-05/IMG_1472.JPG,Large,Large,0.004030011128634214,0.07282803952693939,0.25510281324386597,0.6680391430854797
2025-08-22/IMG_0199.JPG,Small,Very Small,0.7556822896003723,0.2319735288619995,0.012340722605586052,3.3866745070554316e-06
2025-09-29/IMG_1748.JPG,Very Small,Very Small,0.9177224040031433,0.07847370207309723,0.003792047733440995,1.1761921086872462e-05
2025-08-07/IMG_9400.JPG,Medium,Medium,0.01531441230326891,0.27454835176467896,0.6541203260421753,0.05601692944765091
2025-08-07/IMG_9264.JPG,Small,Medium,0.01748960092663765,0.320335328578949,0.6116157174110413,0.050559401512145996
2025-08-22/IMG_0050.JPG,Medium,Small,0.21571870148181915,0.5030036568641663,0.26633337140083313,0.01494423858821392
2025-08-07/IMG_9226.JPG,Small,Small,0.21847602725028992,0.6975369453430176,0.08394864946603775,3.8316502468660474e-05
2025-08-22/IMG_9751.JPG,Medium,Medium,0.003336252411827445,0.08166299015283585,0.566663920879364,0.3483368158340454
2025-08-22/IMG_0195.JPG,Small,Small,0.1521744579076767,0.6317059397697449,0.21413390338420868,0.001985715003684163
2025-08-07/IMG_9199.JPG,Small,Small,0.011338088661432266,0.5344557762145996,0.4405638575553894,0.013642281293869019
2025-09-29/IMG_1794.JPG,Very Small,Very Small,0.5594724416732788,0.40994903445243835,0.030570654198527336,7.830311005818658e-06
2025-08-07/IMG_9534.JPG,Large,Large,0.02143268659710884,0.2044162154197693,0.29260143637657166,0.4815496802330017
2025-08-07/IMG_9640.JPG,Large,Large,0.005165322218090296,0.04092912748456001,0.17231814563274384,0.7815874814987183
2025-09-05/IMG_1173.JPG,Very Small,Very Small,0.8943594694137573,0.1004379391670227,0.0051951901987195015,7.435420229739975e-06
2025-08-07/IMG_9699.JPG,Medium,Medium,0.021317340433597565,0.37898001074790955,0.5707085132598877,0.028994085267186165
2025-09-29/IMG_1869.JPG,Small,Small,0.3006311357021332,0.5713345408439636,0.1196393072605133,0.00839504599571228
2025-08-22/IMG_0242.JPG,Very Small,Very Small,0.980038046836853,0.019930878654122353,3.111390469712205e-05,7.303676552439242e-10
2025-08-22/IMG_9912.JPG,Small,Small,0.12625616788864136,0.7268785238265991,0.14271371066570282,0.0041515822522342205
2025-08-07/IMG_9713.JPG,Large,Large,0.004001697991043329,0.029790319502353668,0.22234170138835907,0.7438662648200989
2025-08-22/IMG_0283.JPG,Very Small,Very Small,0.9042857885360718,0.09560739248991013,0.00010678995022317395,4.692660038330132e-09
2025-08-22/IMG_9996.JPG,Small,Very Small,0.5947279334068298,0.3904125988483429,0.014839265495538712,2.0176556063233875e-05
2025-08-07/IMG_9510.JPG,Small,Small,0.38809317350387573,0.5315468311309814,0.078011155128479,0.0023488388396799564
2025-08-22/IMG_9942.JPG,Small,Very Small,0.5256804823875427,0.40851259231567383,0.06508302688598633,0.0007238999241963029
2025-08-07/IMG_9115.JPG,Small,Small,0.38875558972358704,0.49127113819122314,0.11683262884616852,0.0031406721100211143
2025-08-22/IMG_0133.JPG,Small,Small,0.1882079392671585,0.6186798810958862,0.18850116431713104,0.004610979929566383
2025-08-22/IMG_9753.JPG,Medium,Medium,0.007644569966942072,0.2026665061712265,0.7703535556793213,0.019335312768816948
2025-08-22/IMG_0287.JPG,Medium,Medium,0.010882699862122536,0.33196568489074707,0.6418117880821228,0.015339823439717293
2025-08-22/IMG_0156.JPG,Medium,Small,0.04536772891879082,0.604267418384552,0.3491087257862091,0.0012561380863189697
2025-08-07/IMG_9420.JPG,Small,Small,0.06027279421687126,0.7885075807571411,0.1505584716796875,0.0006611972348764539
2025-08-07/IMG_9139.JPG,Small,Very Small,0.5569198727607727,0.3425387144088745,0.0868307575583458,0.01371066365391016
2025-08-22/IMG_9866.JPG,Small,Small,0.33717435598373413,0.6148501634597778,0.04786749929189682,0.00010793920228024945
2025-08-07/IMG_9530.JPG,Small,Small,0.1544177383184433,0.6639288663864136,0.15476582944393158,0.026887530460953712
2025-09-05/IMG_0925.JPG,Very Small,Very Small,0.6170663833618164,0.35346099734306335,0.029407164081931114,6.541100447066128e-05
2025-08-07/IMG_9547.JPG,Small,Medium,0.07891332358121872,0.4022853672504425,0.4062301218509674,0.1125711128115654
2025-08-07/IMG_9217.JPG,Medium,Medium,0.02629758231341839,0.2780885696411133,0.6559051871299744,0.03970872610807419
2025-08-22/IMG_0055.JPG,Medium,Small,0.37861746549606323,0.4837493300437927,0.134602352976799,0.003030861262232065
2025-08-07/IMG_9609.JPG,Large,Large,0.002473006024956703,0.02101886458694935,0.11650107055902481,0.860007107257843
2025-09-05/IMG_1199.JPG,Very Small,Very Small,0.8956758379936218,0.09912565350532532,0.005190912634134293,7.649822691746522e-06
2025-08-22/IMG_9977.JPG,Very Small,Very Small,0.7387507557868958,0.24805650115013123,0.013142568059265614,5.0175029173260555e-05
2025-09-05/IMG_1274.JPG,Very Small,Very Small,0.6688565015792847,0.30042099952697754,0.030542952939867973,0.00017953308997675776
2025-08-22/IMG_0279.JPG,Medium,Medium,0.0007738404674455523,0.16448158025741577,0.8312201499938965,0.0035244107712060213
2025-09-29/IMG_1871.JPG,Small,Very Small,0.6012214422225952,0.3386785686016083,0.057584378868341446,0.002515639876946807
2025-08-22/IMG_0276.JPG,Small,Small,0.20532789826393127,0.7758023738861084,0.018854279071092606,1.5446565157617442e-05
2025-09-05/IMG_1112.JPG,Very Small,Very Small,0.9805076718330383,0.019339125603437424,0.0001530911395093426,1.0806276762309608e-08
2025-09-29/IMG_1797.JPG,Small,Small,0.1768445074558258,0.7133305668830872,0.10970689356327057,0.0001180103063234128
2025-08-07/IMG_9447.JPG,Very Small,Very Small,0.9852466583251953,0.014733745716512203,1.957192216650583e-05,3.4687389072196595e-10
2025-09-05/IMG_1361.JPG,Very Small,Very Small,0.5108247995376587,0.4572157859802246,0.031946148723363876,1.3211485565989278e-05
2025-08-22/IMG_0011.JPG,Very Small,Very Small,0.5144017338752747,0.4396109879016876,0.045781757682561874,0.00020550837507471442
2025-09-05/IMG_1377.JPG,Small,Small,0.021210817620158195,0.666641354560852,0.31209540367126465,5.24285678693559e-05
2025-09-05/IMG_1014.JPG,Medium,Small,0.3114798665046692,0.5152789354324341,0.1698489487171173,0.0033922630827873945
2025-08-22/IMG_9984.JPG,Very Small,Small,0.24565401673316956,0.5073562264442444,0.23169955611228943,0.015290139243006706
2025-08-22/IMG_9956.JPG,Small,Very Small,0.6521987318992615,0.3122617304325104,0.03527669236063957,0.0002628905640449375
2025-08-22/IMG_0186.JPG,Medium,Small,0.1351277083158493,0.6538146734237671,0.21010692417621613,0.0009506653295829892
2025-09-05/IMG_1362.JPG,Medium,Medium,0.00607314333319664,0.20260277390480042,0.7322040796279907,0.05911997705698013
2025-09-05/IMG_0825.JPG,Medium,Small,0.1071443110704422,0.6336508989334106,0.25776466727256775,0.0014400845393538475
2025-08-22/IMG_9865.JPG,Very Small,Very Small,0.8983440399169922,0.09739368408918381,0.004255695268511772,6.624601155635901e-06
2025-09-29/IMG_1937.JPG,Very Small,Very Small,0.7080011963844299,0.2667752206325531,0.024909844622015953,0.00031373483943752944
2025-08-22/IMG_0039.JPG,Very Small,Small,0.3350221812725067,0.5473895072937012,0.11486056447029114,0.0027277283370494843
2025-08-07/IMG_9506.JPG,Very Small,Very Small,0.8443722724914551,0.14731280505657196,0.008297808468341827,1.7151467545772903e-05
2025-09-05/IMG_1363.JPG,Medium,Medium,0.004956536460667849,0.24407151341438293,0.71486496925354,0.03610694035887718
2025-08-22/IMG_0002.JPG,Very Small,Very Small,0.7022716403007507,0.28453293442726135,0.013179515488445759,1.5873267329880036e-05
2025-09-29/IMG_1721.JPG,Very Small,Very Small,0.8573494553565979,0.14105476438999176,0.001595259178429842,5.107007154947496e-07
2025-09-05/IMG_1341.JPG,Medium,Small,0.09794687479734421,0.6509705185890198,0.23025481402873993,0.020827757194638252
2025-08-22/IMG_0058.JPG,Small,Small,0.30596548318862915,0.5589229464530945,0.13268668949604034,0.002424878068268299
2025-09-05/IMG_1562.JPG,Very Small,Very Small,0.5416424870491028,0.4123278558254242,0.043303653597831726,0.0027260128408670425
2025-09-05/IMG_1309.JPG,Small,Small,0.4542744755744934,0.478484570980072,0.06651680171489716,0.0007241784478537738
2025-09-05/IMG_1324.JPG,Small,Small,0.23813654482364655,0.5974845886230469,0.1571081578731537,0.007270734757184982
2025-08-22/IMG_9993.JPG,Very Small,Very Small,0.5589895248413086,0.40951988101005554,0.031429581344127655,6.1001373978797346e-05
2025-08-07/IMG_9425.JPG,Very Small,Very Small,0.9579976797103882,0.04185989126563072,0.00014242358156479895,1.2890109424290586e-08
2025-08-07/IMG_9659.JPG,Large,Large,0.00829766783863306,0.053748276084661484,0.13723225891590118,0.8007217645645142
2025-09-05/IMG_0830.JPG,Small,Small,0.014953129924833775,0.9074454307556152,0.07757912576198578,2.2249614630709402e-05
2025-08-07/IMG_9423.JPG,Very Small,Small,0.18717429041862488,0.6968593001365662,0.11353054642677307,0.002435962902382016
2025-08-22/IMG_0254.JPG,Small,Very Small,0.8665616512298584,0.13255320489406586,0.0008850326994433999,1.46373182019488e-07
2025-09-05/IMG_1017.JPG,Very Small,Very Small,0.480263888835907,0.4509381651878357,0.06586415320634842,0.002933812327682972
2025-09-05/IMG_1582.JPG,Medium,Small,0.2506965100765228,0.5955846309661865,0.1441018283367157,0.009617025032639503
2025-08-22/IMG_0005.JPG,Very Small,Very Small,0.6509472131729126,0.32724520564079285,0.021748749539256096,5.882584082428366e-05
2025-09-05/IMG_0807.JPG,Medium,Small,0.02318129688501358,0.7127934098243713,0.263679563999176,0.0003457642160356045
2025-08-22/IMG_9904.JPG,Small,Small,0.06740620732307434,0.8739257454872131,0.05852549895644188,0.0001424798829248175
2025-08-07/IMG_9426.JPG,Medium,Small,0.25797632336616516,0.5763785243034363,0.1629384160041809,0.0027067414484918118
2025-09-05/IMG_1091.JPG,Very Small,Very Small,0.9679898619651794,0.03183077648282051,0.0001793426927179098,2.9323914407797247e-09
2025-09-05/IMG_1356.JPG,Medium,Medium,0.01694687083363533,0.39565572142601013,0.5498445630073547,0.037552885711193085
2025-08-07/IMG_9694.JPG,Medium,Medium,0.00024085590848699212,0.029068682342767715,0.8767938017845154,0.09389668703079224
2025-08-07/IMG_9107.JPG,Small,Small,0.3848208785057068,0.5366790890693665,0.07659518718719482,0.0019048583926633
2025-09-29/IMG_1680.JPG,Small,Medium,0.002995230257511139,0.3911167085170746,0.602087676525116,0.00380043126642704
2025-09-05/IMG_1279.JPG,Very Small,Very Small,0.4156250059604645,0.39924338459968567,0.1698615550994873,0.015270075760781765
2025-08-07/IMG_9505.JPG,Medium,Medium,0.03509621322154999,0.2671099305152893,0.5460141897201538,0.15177962183952332
2025-08-22/IMG_0112.JPG,Small,Small,0.3868635892868042,0.5647764205932617,0.04821751266717911,0.0001424685906386003
2025-09-05/IMG_1228.JPG,Small,Small,0.11853806674480438,0.6900965571403503,0.18546563386917114,0.005899761337786913
2025-09-29/IMG_1870.JPG,Small,Small,0.27195677161216736,0.6213124394416809,0.10355078428983688,0.0031800183933228254
2025-08-22/IMG_0022.JPG,Very Small,Small,0.44020628929138184,0.4979921579360962,0.061400145292282104,0.0004013540456071496
2025-09-05/IMG_1468.JPG,Very Small,Very Small,0.724151611328125,0.26902085542678833,0.006827016361057758,5.47426282082597e-07
2025-09-05/IMG_1443.JPG,Very Small,Very Small,0.8858470320701599,0.10842482000589371,0.005721983499825001,6.2086342040856835e-06
2025-09-05/IMG_1330.JPG,Very Small,Very Small,0.7008564472198486,0.2629954516887665,0.03514627367258072,0.0010017914464697242
2025-09-05/IMG_0892.JPG,Very Small,Very Small,0.9150567650794983,0.07985147088766098,0.0050881835632026196,3.579565600375645e-06
2025-08-22/IMG_9796.JPG,Very Small,Very Small,0.9763591289520264,0.023471148684620857,0.00016965597751550376,8.98397445325827e-09
2025-08-07/IMG_9232.JPG,Small,Small,0.2195560783147812,0.6804230213165283,0.09986760467290878,0.00015330730821006
2025-08-07/IMG_9167.JPG,Very Small,Very Small,0.48128920793533325,0.470211386680603,0.04790346324443817,0.0005959863192401826
2025-09-29/IMG_1879.JPG,Very Small,Very Small,0.7121075391769409,0.249446302652359,0.03677850216627121,0.001667712233029306
2025-09-05/IMG_1564.JPG,Very Small,Small,0.45334598422050476,0.4533652365207672,0.09110221266746521,0.002186574274674058
2025-09-05/IMG_1140.JPG,Medium,Medium,0.0026399006601423025,0.22275559604167938,0.7739024758338928,0.0007020767079666257
2025-09-29/IMG_1691.JPG,Medium,Medium,1.538075775897596e-05,0.03897256776690483,0.9578694701194763,0.003142534988000989
2025-09-05/IMG_0909.JPG,Small,Small,0.34476903080940247,0.580647349357605,0.0743723139166832,0.00021126028150320053
2025-08-07/IMG_9574.JPG,Large,Large,0.025761332362890244,0.08402876555919647,0.29701298475265503,0.5931969285011292
2025-09-05/IMG_1069.JPG,Small,Small,0.38566330075263977,0.43284139037132263,0.17287223041057587,0.008623108267784119
2025-08-22/IMG_0044.JPG,Very Small,Small,0.45445749163627625,0.4715501368045807,0.07344500720500946,0.0005473471246659756
2025-08-22/IMG_9900.JPG,Small,Small,0.04167862981557846,0.9000747799873352,0.05786993354558945,0.0003766420704778284
2025-09-05/IMG_1336.JPG,Small,Small,0.03438461944460869,0.42548590898513794,0.33085599541664124,0.20927345752716064
2025-08-22/IMG_0182.JPG,Very Small,Very Small,0.8829928040504456,0.11467167735099792,0.002335350727662444,2.0997590866045357e-07
2025-08-22/IMG_0207.JPG,Medium,Medium,0.0007768195937387645,0.0662195086479187,0.9200066924095154,0.012996947392821312
2025-09-05/IMG_1113.JPG,Medium,Medium,0.0023860337678343058,0.18284033238887787,0.8143975138664246,0.0003760729159694165
2025-09-05/IMG_1107.JPG,Medium,Small,0.01988537423312664,0.5010516047477722,0.4781854450702667,0.0008775624446570873
2025-08-07/IMG_9558.JPG,Small,Small,0.1381630003452301,0.49099043011665344,0.3178682327270508,0.05297836661338806
2025-08-07/IMG_9412.JPG,Small,Medium,0.014125918038189411,0.4429851174354553,0.5372771620750427,0.005611767526715994
2025-09-29/IMG_1815.JPG,Very Small,Small,0.3059312403202057,0.6482325792312622,0.045699771493673325,0.0001363826304441318
2025-09-05/IMG_0897.JPG,Very Small,Very Small,0.92559814453125,0.07165683805942535,0.0027432057540863752,1.8540555402069003e-06
2025-09-29/IMG_1716.JPG,Very Small,Small,0.07187077403068542,0.9005405306816101,0.027588078752160072,6.891282282595057e-07
2025-09-05/IMG_1504.JPG,Medium,Small,0.0052440888248384,0.537685215473175,0.4468170404434204,0.010253642685711384
2025-09-29/IMG_1925.JPG,Small,Very Small,0.6373114585876465,0.3136849105358124,0.0481937937438488,0.0008098832331597805
2025-09-29/IMG_1725.JPG,Small,Small,0.006687118671834469,0.7237995862960815,0.2694728970527649,4.03678095608484e-05
2025-09-05/IMG_1099.JPG,Small,Small,0.004050089046359062,0.6257882714271545,0.3701064884662628,5.510660776053555e-05
2025-08-07/IMG_9584.JPG,Medium,Large,0.020463338121771812,0.05722195282578468,0.2805268466472626,0.6417878866195679
2025-08-22/IMG_9830.JPG,Large,Large,0.003867963794618845,0.01958869770169258,0.08146978914737701,0.8950735926628113
2025-09-05/IMG_1262.JPG,Very Small,Very Small,0.5755690932273865,0.3955704867839813,0.028741447255015373,0.00011896521755261347
2025-08-07/IMG_9532.JPG,Medium,Large,0.0077566225081682205,0.048152826726436615,0.2277156114578247,0.716374933719635
2025-08-07/IMG_9551.JPG,Medium,Large,0.05265798792243004,0.06319116055965424,0.21733756363391876,0.6668132543563843
2025-08-07/IMG_9155.JPG,Small,Small,0.2915215492248535,0.483605295419693,0.1974608451128006,0.027412360534071922
2025-09-29/IMG_1846.JPG,Small,Medium,0.007171202916651964,0.4639585316181183,0.5116642713546753,0.01720602810382843
2025-09-05/IMG_1539.JPG,Very Small,Very Small,0.5708135962486267,0.37237071990966797,0.05561355501413345,0.0012021346483379602
2025-08-22/IMG_0267.JPG,Medium,Small,0.06514327228069305,0.8470460772514343,0.0877644419670105,4.6217202907428145e-05
2025-09-05/IMG_1066.JPG,Medium,Medium,0.025469133630394936,0.3093045949935913,0.43874362111091614,0.2264825999736786
2025-09-05/IMG_1598.JPG,Small,Small,0.4523383677005768,0.4551534950733185,0.09013614803552628,0.002372058806940913
2025-09-29/IMG_1784.JPG,Small,Small,0.011282159015536308,0.6557047367095947,0.33267900347709656,0.0003340856928844005
2025-09-05/IMG_1502.JPG,Small,Small,0.006980979349464178,0.5509783625602722,0.4252374470233917,0.01680316962301731
2025-08-07/IMG_9636.JPG,Large,Large,0.01667221635580063,0.03290073573589325,0.10323639214038849,0.8471907377243042
2025-09-05/IMG_0873.JPG,Small,Medium,0.01573990285396576,0.3114667534828186,0.6642219424247742,0.008571382611989975
2025-09-05/IMG_1549.JPG,Very Small,Very Small,0.46099966764450073,0.45779961347579956,0.07985607534646988,0.001344673684798181
2025-09-29/IMG_1728.JPG,Very Small,Very Small,0.9753783941268921,0.02430473081767559,0.0003168784314766526,4.4265828336165214e-08
2025-08-22/IMG_9948.JPG,Very Small,Very Small,0.5669930577278137,0.3909953832626343,0.0417257584631443,0.00028581550577655435
2025-09-05/IMG_0844.JPG,Medium,Medium,0.0005084586446173489,0.14334826171398163,0.8549895882606506,0.001153636141680181
2025-08-07/IMG_9411.JPG,Small,Very Small,0.696882963180542,0.2940114438533783,0.009086549282073975,1.9050808987230994e-05
2025-09-05/IMG_1565.JPG,Very Small,Very Small,0.4916228652000427,0.3870181739330292,0.1106422021985054,0.010716760531067848
2025-09-05/IMG_1592.JPG,Small,Small,0.06748559325933456,0.820244312286377,0.10734409838914871,0.004925982560962439
2025-08-07/IMG_9685.JPG,Medium,Medium,0.003908530343323946,0.06986325979232788,0.5233410000801086,0.40288716554641724
2025-08-07/IMG_9691.JPG,Medium,Medium,0.018227403983473778,0.257429301738739,0.6784351468086243,0.04590819403529167
2025-08-22/IMG_9882.JPG,Small,Very Small,0.6092462539672852,0.36474519968032837,0.025984590873122215,2.4023680452955887e-05
2025-09-29/IMG_1676.JPG,Medium,Medium,0.0003690471639856696,0.19014565646648407,0.8093464970588684,0.0001387333613820374
2025-09-29/IMG_1805.JPG,Very Small,Very Small,0.9031058549880981,0.0948813185095787,0.002012560609728098,2.2624759310474474e-07
2025-08-07/IMG_9660.JPG,Large,Large,0.0002796086191665381,0.026654178276658058,0.28220289945602417,0.690863311290741
2025-08-22/IMG_0300.JPG,Small,Small,0.028379762545228004,0.8272271156311035,0.14359262585639954,0.0008005332201719284
2025-09-05/IMG_1463.JPG,Small,Small,0.06409940123558044,0.778804361820221,0.15643402934074402,0.0006622071960009634
2025-09-05/IMG_1466.JPG,Very Small,Small,0.46216458082199097,0.5089066624641418,0.02890310250222683,2.5595192710170522e-05
2025-09-05/IMG_1425.JPG,Small,Small,0.08528532087802887,0.6390540599822998,0.27422356605529785,0.0014371168799698353
2025-09-05/IMG_1087.JPG,Very Small,Small,0.03168826922774315,0.5490659475326538,0.41833698749542236,0.0009088365477509797
2025-09-05/IMG_1020.JPG,Small,Small,0.06802020221948624,0.7259924411773682,0.19547298550605774,0.01051434688270092
2025-09-29/IMG_1672.JPG,Small,Very Small,0.4974358081817627,0.4878511130809784,0.01471097581088543,2.1974406081426423e-06
2025-09-05/IMG_1189.JPG,Small,Small,0.2989068627357483,0.5947850942611694,0.1056671217083931,0.0006409356719814241
2025-09-05/IMG_0963.JPG,Small,Small,0.0562862902879715,0.7718576192855835,0.17171946167945862,0.00013663592108059675
2025-09-05/IMG_0939.JPG,Small,Small,0.0803380012512207,0.7859784364700317,0.13309991359710693,0.0005836118361912668
2025-08-07/IMG_9168.JPG,Small,Small,0.4703865349292755,0.4874022603034973,0.04147091135382652,0.0007402834598906338
2025-08-07/IMG_9542.JPG,Large,Medium,0.15701867640018463,0.23540420830249786,0.3095056712627411,0.29807141423225403
2025-09-05/IMG_1007.JPG,Small,Small,0.4157916009426117,0.4426712691783905,0.13002094626426697,0.011516211554408073
2025-08-07/IMG_9216.JPG,Medium,Medium,0.049169063568115234,0.4470939338207245,0.47387224435806274,0.029864739626646042
2025-08-22/IMG_9774.JPG,Medium,Medium,0.000998843926936388,0.18824291229248047,0.8094630241394043,0.0012952013639733195
2025-09-05/IMG_0998.JPG,Small,Small,0.3878449499607086,0.5164771676063538,0.09072065353393555,0.004957154858857393
2025-09-05/IMG_0854.JPG,Small,Small,0.0949249118566513,0.7735326886177063,0.13125385344028473,0.00028851829119957983
2025-08-07/IMG_9599.JPG,Medium,Medium,0.04152972996234894,0.4287891387939453,0.5159978866577148,0.013683224096894264
2025-09-29/IMG_1817.JPG,Very Small,Very Small,0.840156078338623,0.15369509160518646,0.006145338527858257,3.424341457503033e-06
2025-09-29/IMG_1825.JPG,Small,Small,0.013427700847387314,0.616557240486145,0.3680151104927063,0.001999911852180958
2025-09-05/IMG_1364.JPG,Medium,Medium,0.009542669169604778,0.2661314606666565,0.6875093579292297,0.03681653365492821
2025-08-07/IMG_9526.JPG,Medium,Small,0.15720584988594055,0.6278766393661499,0.1822960525751114,0.03262140601873398
2025-08-22/IMG_0259.JPG,Very Small,Very Small,0.958099901676178,0.04188014939427376,1.9951296053477563e-05,1.081544714898186e-10
2025-08-22/IMG_0119.JPG,Very Small,Small,0.3612154424190521,0.5105947852134705,0.1254877746105194,0.002702005673199892
2025-09-05/IMG_1267.JPG,Small,Small,0.04273455962538719,0.7759016752243042,0.17663425207138062,0.00472948607057333
2025-08-22/IMG_0121.JPG,Very Small,Very Small,0.9178574681282043,0.07988560944795609,0.002255945699289441,8.932760238167248e-07
2025-09-29/IMG_1682.JPG,Small,Small,0.029447827488183975,0.7769898176193237,0.1934289038181305,0.0001334466942353174
2025-08-07/IMG_9237.JPG,Medium,Large,0.007978979498147964,0.10763715207576752,0.3238009214401245,0.5605829358100891
2025-08-22/IMG_0061.JPG,Medium,Very Small,0.4784168601036072,0.4764206111431122,0.04502991586923599,0.0001326045166933909
2025-09-05/IMG_1586.JPG,Very Small,Very Small,0.5341677665710449,0.3766249418258667,0.08456677198410034,0.004640553612262011
2025-09-29/IMG_1711.JPG,Very Small,Very Small,0.9730216860771179,0.02663678489625454,0.00034148505073972046,4.07887483788727e-08
2025-08-22/IMG_9807.JPG,Very Small,Small,0.13600808382034302,0.7906783819198608,0.07326152920722961,5.200162195251323e-05
2025-08-07/IMG_9555.JPG,Medium,Small,0.24241013824939728,0.2909802198410034,0.2588077187538147,0.2078019380569458
2025-09-05/IMG_1559.JPG,Small,Small,0.44508853554725647,0.4641892910003662,0.08663903921842575,0.004083109088242054
2025-08-22/IMG_9907.JPG,Small,Small,0.04957863315939903,0.8469617962837219,0.10322373360395432,0.00023584267182741314
2025-09-05/IMG_1449.JPG,Medium,Small,0.1202019676566124,0.5547454953193665,0.31963425874710083,0.005418327637016773
2025-08-07/IMG_9249.JPG,Medium,Medium,0.011769594624638557,0.4655735492706299,0.487797349691391,0.03485942631959915
2025-08-07/IMG_9141.JPG,Very Small,Very Small,0.7218882441520691,0.23993611335754395,0.03684157878160477,0.0013340007280930877
2025-09-05/IMG_1417.JPG,Medium,Medium,0.002117533702403307,0.11630287021398544,0.8559090495109558,0.025670543313026428
2025-09-29/IMG_1875.JPG,Small,Small,0.19007980823516846,0.7281339168548584,0.08066753298044205,0.0011188082862645388
2025-09-05/IMG_1060.JPG,Very Small,Large,0.26760250329971313,0.237603560090065,0.18595822155475616,0.3088357448577881
2025-09-05/IMG_1394.JPG,Medium,Medium,0.002112709218636155,0.22730860114097595,0.7682791352272034,0.002299514366313815
2025-09-05/IMG_1198.JPG,Very Small,Very Small,0.643693745136261,0.32912012934684753,0.02714076265692711,4.539206929621287e-05
2025-09-05/IMG_0996.JPG,Small,Small,0.1501821130514145,0.7527613043785095,0.09451178461313248,0.0025447874795645475
2025-08-22/IMG_0225.JPG,Very Small,Very Small,0.9802163243293762,0.019743623211979866,4.009340773336589e-05,1.302821961424172e-09
2025-09-05/IMG_1589.JPG,Very Small,Very Small,0.361261785030365,0.25736549496650696,0.1947993040084839,0.18657346069812775
2025-09-29/IMG_1704.JPG,Medium,Medium,0.0012229746207594872,0.27284571528434753,0.7257887721061707,0.00014250313688535243
2025-08-07/IMG_9655.JPG,Large,Large,0.004022873938083649,0.03363761305809021,0.14051491022109985,0.8218246102333069
2025-08-07/IMG_9634.JPG,Large,Large,0.009632389061152935,0.03981756418943405,0.14320068061351776,0.8073493242263794
2025-08-07/IMG_9235.JPG,Medium,Small,0.036301955580711365,0.6057398319244385,0.35101255774497986,0.0069456323981285095
2025-08-22/IMG_0278.JPG,Small,Small,0.010749083943665028,0.8783599734306335,0.11082642525434494,6.455856055254117e-05
2025-09-05/IMG_0953.JPG,Small,Small,0.052522413432598114,0.7850607633590698,0.1622639000415802,0.0001529502624180168
2025-09-29/IMG_1710.JPG,Medium,Medium,0.00019448633247520775,0.10821311175823212,0.8911046385765076,0.0004876662860624492
2025-09-05/IMG_1448.JPG,Medium,Medium,0.020614776760339737,0.3442598581314087,0.5730413794517517,0.06208395957946777
2025-09-05/IMG_1265.JPG,Small,Small,0.3441730737686157,0.5893300771713257,0.06623223423957825,0.00026455780607648194
2025-09-29/IMG_1864.JPG,Small,Small,0.45358484983444214,0.4797396659851074,0.06014019250869751,0.006535253953188658
2025-09-05/IMG_1358.JPG,Small,Small,0.08132302761077881,0.5058839917182922,0.38908541202545166,0.023707574233412743
2025-08-07/IMG_9674.JPG,Large,Large,0.017735635861754417,0.03375040739774704,0.12298454344272614,0.8255295157432556
2025-09-05/IMG_0801.JPG,Small,Small,0.1793961524963379,0.742763102054596,0.07775700837373734,8.380244980799034e-05
2025-08-22/IMG_9945.JPG,Very Small,Very Small,0.7235250473022461,0.25877803564071655,0.01759454980492592,0.00010235831723548472
2025-09-05/IMG_0964.JPG,Small,Medium,0.006477493792772293,0.44845902919769287,0.5380188226699829,0.007044596131891012
2025-08-22/IMG_9929.JPG,Very Small,Very Small,0.6058979034423828,0.35002848505973816,0.04364747181534767,0.0004260640125721693
2025-09-05/IMG_1541.JPG,Small,Small,0.13095125555992126,0.7628983855247498,0.10349974781274796,0.002650535898283124
2025-09-05/IMG_1115.JPG,Medium,Medium,0.006308838725090027,0.30353063344955444,0.686359703540802,0.0038008124101907015
2025-08-22/IMG_9801.JPG,Medium,Medium,0.044360432773828506,0.3993120491504669,0.5454461574554443,0.010881351307034492
2025-09-05/IMG_1532.JPG,Very Small,Small,0.32833296060562134,0.5517196655273438,0.11570542305707932,0.004241944756358862
2025-08-22/IMG_0027.JPG,Small,Very Small,0.5221114754676819,0.4482892155647278,0.02953900583088398,6.0320020565995947e-05
2025-09-05/IMG_1533.JPG,Small,Small,0.4157402813434601,0.4982779026031494,0.08461040258407593,0.001371423713862896
2025-08-07/IMG_9449.JPG,Medium,Small,0.008032890036702156,0.6373305320739746,0.35384854674339294,0.0007880806806497276
2025-08-07/IMG_9701.JPG,Medium,Small,0.05152487754821777,0.5417411923408508,0.3946121037006378,0.012121808715164661
2025-08-07/IMG_9518.JPG,Small,Very Small,0.5527129769325256,0.4175860583782196,0.02961324341595173,8.7720800365787e-05
2025-08-22/IMG_9946.JPG,Very Small,Very Small,0.6112699508666992,0.3394320607185364,0.04843338578939438,0.0008646783535368741
2025-09-05/IMG_1505.JPG,Small,Small,0.00861699040979147,0.6027228832244873,0.3799440562725067,0.008716091513633728
2025-08-22/IMG_0217.JPG,Small,Very Small,0.49789389967918396,0.4645082950592041,0.03740892931818962,0.00018896081019192934
2025-09-05/IMG_1276.JPG,Medium,Small,0.36114177107810974,0.5973048806190491,0.041261374950408936,0.00029193260706961155
2025-09-05/IMG_1253.JPG,Small,Small,0.14427876472473145,0.7553805708885193,0.09813560545444489,0.002205006778240204
2025-09-29/IMG_1926.JPG,Very Small,Very Small,0.6780266165733337,0.28581225872039795,0.03584722429513931,0.00031388504430651665
2025-09-29/IMG_1826.JPG,Small,Small,0.008860702626407146,0.7291288375854492,0.2617291510105133,0.0002813729224726558
2025-08-07/IMG_9160.JPG,Small,Small,0.4150099456310272,0.46215924620628357,0.11292131245136261,0.009909535758197308
2025-09-05/IMG_0910.JPG,Very Small,Very Small,0.9387421011924744,0.05941587686538696,0.0018418568652123213,1.2994165388136025e-07
2025-09-05/IMG_0946.JPG,Medium,Medium,0.003911154344677925,0.33187204599380493,0.6594722867012024,0.004744499456137419
2025-08-22/IMG_0174.JPG,Small,Very Small,0.8254838585853577,0.16817787289619446,0.006322301924228668,1.5919529687380418e-05
2025-09-05/IMG_1037.JPG,Small,Small,0.33172354102134705,0.5368348956108093,0.1081015020608902,0.023340094834566116
2025-09-05/IMG_1294.JPG,Small,Small,0.19697608053684235,0.7074335217475891,0.09315483272075653,0.002435540547594428
2025-09-05/IMG_0983.JPG,Very Small,Very Small,0.49266332387924194,0.39896419644355774,0.09591873735189438,0.012453741393983364
2025-09-05/IMG_0857.JPG,Very Small,Very Small,0.9838626980781555,0.01610010676085949,3.7152349250391126e-05,8.392302963677878e-10
2025-08-22/IMG_0018.JPG,Small,Very Small,0.5148844718933105,0.38819897174835205,0.09130584448575974,0.005610774736851454
2025-09-05/IMG_1455.JPG,Very Small,Very Small,0.9690965414047241,0.030482154339551926,0.00042130809742957354,3.1094948838017444e-08
2025-08-22/IMG_0173.JPG,Very Small,Very Small,0.9638410210609436,0.035460084676742554,0.0006987655651755631,9.72880513927521e-08
2025-09-05/IMG_0863.JPG,Small,Medium,0.011147878132760525,0.4809821546077728,0.5070176720619202,0.0008522957214154303
2025-08-22/IMG_0045.JPG,Small,Small,0.21999159455299377,0.4778973162174225,0.2837047874927521,0.01840638369321823
2025-08-22/IMG_9936.JPG,Very Small,Very Small,0.521631121635437,0.41979044675827026,0.05800814926624298,0.0005702703492715955
2025-08-22/IMG_0056.JPG,Small,Small,0.16868141293525696,0.6560618877410889,0.16955538094043732,0.0057013314217329025
2025-09-29/IMG_1731.JPG,Small,Small,0.03643924742937088,0.9321295022964478,0.031430650502443314,6.153001663733448e-07
2025-08-22/IMG_0134.JPG,Medium,Small,0.37061217427253723,0.4325425922870636,0.19428978860378265,0.002555506769567728
2025-09-29/IMG_1905.JPG,Medium,Small,0.22817003726959229,0.6309055089950562,0.09503605216741562,0.04588841274380684
2025-09-05/IMG_1376.JPG,Medium,Medium,0.01802407205104828,0.22840480506420135,0.6974040865898132,0.05616702884435654
2025-09-05/IMG_1287.JPG,Very Small,Small,0.17112502455711365,0.5732731819152832,0.2303369641304016,0.025264810770750046
2025-08-07/IMG_9145.JPG,Small,Small,0.4225202202796936,0.4240446984767914,0.13901172578334808,0.014423300512135029
2025-09-05/IMG_1286.JPG,Medium,Small,0.06145433709025383,0.7134947776794434,0.2225210815668106,0.002529808087274432
2025-09-05/IMG_1002.JPG,Small,Small,0.3392634391784668,0.5507916212081909,0.1054847463965416,0.004460233263671398
2025-08-22/IMG_0110.JPG,Very Small,Very Small,0.5571351051330566,0.391437828540802,0.05122820660471916,0.00019889041141141206
2025-08-22/IMG_0245.JPG,Small,Small,0.06717398762702942,0.9234574437141418,0.009362413547933102,6.197283255460206e-06
2025-09-29/IMG_1747.JPG,Very Small,Very Small,0.9725173711776733,0.0271377582103014,0.00034491950646042824,9.650519494641685e-09
2025-09-05/IMG_1297.JPG,Small,Small,0.17943282425403595,0.6879006624221802,0.1283290982246399,0.004337432328611612
2025-09-05/IMG_0874.JPG,Small,Small,0.2113342583179474,0.6377293467521667,0.15022198855876923,0.0007144256960600615
2025-09-29/IMG_1685.JPG,Very Small,Very Small,0.9840323328971863,0.015891581773757935,7.610686589032412e-05,1.743358679640039e-09
2025-09-29/IMG_1745.JPG,Small,Small,0.00631260359659791,0.7105368375778198,0.2831403315067291,1.0184576240135357e-05
2025-08-22/IMG_9883.JPG,Very Small,Very Small,0.7509565949440002,0.23816603422164917,0.010862902738153934,1.4445917258854024e-05
2025-09-05/IMG_1355.JPG,Small,Medium,0.03006250225007534,0.4441453218460083,0.5119343400001526,0.013857883401215076
2025-09-05/IMG_1430.JPG,Small,Small,0.019962767139077187,0.4796954095363617,0.2796482443809509,0.22069357335567474
2025-09-05/IMG_0905.JPG,Medium,Small,0.038510680198669434,0.5956526398658752,0.36238357424736023,0.003453094745054841
2025-08-07/IMG_9215.JPG,Small,Small,0.1787523776292801,0.6003562808036804,0.2197279930114746,0.001163325970992446
2025-09-05/IMG_0864.JPG,Small,Small,0.005032429471611977,0.540298581123352,0.45449092984199524,0.0001780568272806704
2025-09-05/IMG_0796.JPG,Small,Small,0.3604452908039093,0.6195610165596008,0.01998569630086422,7.945345714688301e-06
2025-08-22/IMG_9837.JPG,Medium,Small,0.21345031261444092,0.6509976983070374,0.13514754176139832,0.00040440468001179397
2025-09-29/IMG_1922.JPG,Very Small,Very Small,0.653744101524353,0.2994612455368042,0.04611468315124512,0.0006799272960051894
2025-08-22/IMG_0117.JPG,Very Small,Very Small,0.43641197681427,0.42475268244743347,0.13669753074645996,0.0021378241945058107
2025-08-07/IMG_9147.JPG,Small,Small,0.31498345732688904,0.40521106123924255,0.23422253131866455,0.04558299854397774
2025-08-22/IMG_0229.JPG,Small,Small,0.26544189453125,0.7339895963668823,0.0005684397765435278,6.047847733725575e-08
2025-09-05/IMG_1494.JPG,Small,Small,0.11198382824659348,0.7661800384521484,0.12150812149047852,0.0003280297387391329
2025-09-05/IMG_0865.JPG,Very Small,Very Small,0.9674828052520752,0.03207366168498993,0.00044343870831653476,9.201621509191682e-08
2025-09-05/IMG_1270.JPG,Small,Small,0.2875564992427826,0.6720340251922607,0.040016014128923416,0.0003935201093554497
2025-08-22/IMG_9798.JPG,Medium,Medium,0.0028118209447711706,0.297985315322876,0.6976587772369385,0.001544092781841755
2025-08-22/IMG_0043.JPG,Small,Small,0.31895309686660767,0.5044890642166138,0.1717979907989502,0.004759824834764004
2025-09-05/IMG_1250.JPG,Very Small,Very Small,0.6950051188468933,0.2662952244281769,0.03744672238826752,0.001252947491593659
2025-08-07/IMG_9445.JPG,Small,Small,0.09347328543663025,0.775427520275116,0.13037218153476715,0.0007270672358572483
2025-08-22/IMG_0252.JPG,Small,Small,0.050356268882751465,0.9281864166259766,0.0214429572224617,1.4361441571963951e-05
2025-08-07/IMG_9615.JPG,Large,Large,0.0011058463715016842,0.10444094985723495,0.11555147916078568,0.7789016962051392
2025-08-22/IMG_0241.JPG,Very Small,Very Small,0.9889872670173645,0.01100881863385439,3.838605152850505e-06,2.0109644852106534e-11
2025-09-05/IMG_1367.JPG,Small,Small,0.048471737653017044,0.7211757898330688,0.22958381474018097,0.0007686864701099694
2025-09-05/IMG_1546.JPG,Very Small,Small,0.3893718123435974,0.4711604118347168,0.12768790125846863,0.011779909022152424
2025-08-07/IMG_9543.JPG,Small,Large,0.012425103224813938,0.08837816119194031,0.1796659678220749,0.7195307016372681
2025-09-05/IMG_1184.JPG,Very Small,Very Small,0.853241503238678,0.1367705762386322,0.00996752455830574,2.0454781406442635e-05
2025-09-05/IMG_1534.JPG,Small,Small,0.2949359118938446,0.6385378241539001,0.06499765813350677,0.0015286707784980536
2025-09-05/IMG_1477.JPG,Small,Small,0.08258180320262909,0.8013644814491272,0.11536089330911636,0.0006929244846105576
2025-08-22/IMG_9790.JPG,Medium,Small,0.027166837826371193,0.5707460641860962,0.401593953371048,0.0004930843133479357
2025-08-07/IMG_9689.JPG,Large,Large,0.009031291119754314,0.035759784281253815,0.14555121958255768,0.8096577525138855
2025-08-22/IMG_9922.JPG,Very Small,Very Small,0.5042603015899658,0.42805323004722595,0.06686756759881973,0.0008188960491679609
2025-08-07/IMG_9240.JPG,Very Small,Small,0.2829095423221588,0.634645402431488,0.08222737163305283,0.00021771372121293098
2025-09-29/IMG_1876.JPG,Very Small,Very Small,0.7399343848228455,0.25007855892181396,0.009930271655321121,5.679574314854108e-05
2025-08-07/IMG_9440.JPG,Very Small,Very Small,0.9405236840248108,0.058010250329971313,0.0014656094135716558,3.759581659323885e-07
2025-09-29/IMG_1758.JPG,Small,Small,0.373398095369339,0.5581827163696289,0.06824930757284164,0.0001698847336228937
2025-08-22/IMG_0036.JPG,Small,Small,0.40902483463287354,0.5371834635734558,0.05363220348954201,0.0001595036155777052
2025-09-05/IMG_1351.JPG,Medium,Medium,0.022133182734251022,0.26066404581069946,0.5630658268928528,0.15413697063922882
2025-08-07/IMG_9154.JPG,Small,Small,0.3348442614078522,0.4887915253639221,0.1682479828596115,0.008116200566291809
2025-08-07/IMG_9469.JPG,Medium,Small,0.011682008393108845,0.5457726120948792,0.440828412771225,0.001716950093396008
2025-08-22/IMG_9894.JPG,Small,Small,0.13279618322849274,0.8070456385612488,0.059866830706596375,0.00029141257982701063
2025-09-05/IMG_1535.JPG,Small,Small,0.13338017463684082,0.736818790435791,0.12545986473560333,0.004341146908700466
2025-09-05/IMG_1239.JPG,Small,Small,0.11945824325084686,0.6951847672462463,0.1841316670179367,0.0012253600871190429
2025-08-22/IMG_9770.JPG,Medium,Medium,0.0013355532428249717,0.09852190315723419,0.8700193166732788,0.03012320213019848
2025-09-29/IMG_1766.JPG,Medium,Small,0.038939449936151505,0.6686686873435974,0.2918771803379059,0.0005146337207406759
2025-08-07/IMG_9188.JPG,Small,Small,0.08720716089010239,0.7000359296798706,0.21063952147960663,0.002117376308888197
2025-09-05/IMG_1118.JPG,Medium,Medium,0.0020485958084464073,0.13581588864326477,0.8499883413314819,0.012147110886871815
2025-09-05/IMG_0818.JPG,Small,Small,0.012374518439173698,0.6894412636756897,0.29805734753608704,0.00012684658577200025
2025-08-07/IMG_9403.JPG,Small,Small,0.18865762650966644,0.7847875952720642,0.026522893458604813,3.1874849810265005e-05
2025-08-07/IMG_9397.JPG,Small,Very Small,0.6869630217552185,0.30932316184043884,0.0037096072919666767,4.146208993915934e-06
2025-09-05/IMG_1057.JPG,Small,Very Small,0.5781686305999756,0.3939231336116791,0.02722284384071827,0.000685473729390651
2025-08-07/IMG_9611.JPG,Large,Large,0.002371916314586997,0.04009327292442322,0.1533416360616684,0.8041932582855225
2025-08-07/IMG_9263.JPG,Small,Small,0.07219019532203674,0.5670573711395264,0.34302178025245667,0.0177305880934
2025-09-05/IMG_0879.JPG,Small,Small,0.09705241769552231,0.5709825754165649,0.3264680504798889,0.005496922414749861
2025-09-05/IMG_1357.JPG,Small,Small,0.028503023087978363,0.6096374988555908,0.35119208693504333,0.010667351074516773
2025-08-22/IMG_0290.JPG,Medium,Medium,0.010751713067293167,0.21818649768829346,0.7063765525817871,0.06468529999256134
2025-09-05/IMG_1248.JPG,Small,Small,0.4214223027229309,0.4708288013935089,0.10250778496265411,0.00524118123576045
2025-08-07/IMG_9590.JPG,Medium,Small,0.18438178300857544,0.6060242056846619,0.20215977728366852,0.007434172555804253
2025-09-05/IMG_1353.JPG,Very Small,Small,0.0722801610827446,0.5115957856178284,0.4103202819824219,0.005803821608424187
2025-09-29/IMG_1941.JPG,Very Small,Very Small,0.5045512318611145,0.3575553894042969,0.12758654356002808,0.01030692458152771
2025-08-22/IMG_0071.JPG,Very Small,Very Small,0.5067311525344849,0.4311777651309967,0.06123385950922966,0.00085722521180287
2025-08-07/IMG_9578.JPG,Large,Large,0.022797442972660065,0.14903773367404938,0.29985320568084717,0.5283116698265076
2025-08-22/IMG_0115.JPG,Very Small,Small,0.4652317464351654,0.4791160821914673,0.055418647825717926,0.00023347490059677511
2025-08-22/IMG_9782.JPG,Very Small,Very Small,0.7329950332641602,0.261447548866272,0.005553921684622765,3.4976337701664306e-06
2025-08-22/IMG_9886.JPG,Small,Small,0.03259216994047165,0.6897977590560913,0.2725990414619446,0.005011027678847313
2025-09-29/IMG_1729.JPG,Very Small,Very Small,0.9779847264289856,0.021856360137462616,0.00015894554962869734,1.5908415917920138e-08
2025-08-22/IMG_9973.JPG,Very Small,Small,0.40722063183784485,0.5201076865196228,0.07120850682258606,0.0014631745871156454
2025-09-05/IMG_1094.JPG,Medium,Medium,0.0005046780570410192,0.140579491853714,0.8581356406211853,0.0007802098989486694
2025-08-22/IMG_0295.JPG,Medium,Medium,0.009077400900423527,0.20653019845485687,0.755054771900177,0.02933766506612301
2025-09-29/IMG_1946.JPG,Very Small,Very Small,0.6505194306373596,0.2929064929485321,0.05491691455245018,0.0016572170425206423
2025-08-22/IMG_0234.JPG,Very Small,Very Small,0.9765165448188782,0.023471372202038765,1.2154396245023236e-05,1.4730927588857412e-10
2025-09-29/IMG_1790.JPG,Small,Very Small,0.6695860624313354,0.3162393569946289,0.014169621281325817,4.965944299328839e-06
2025-09-05/IMG_1567.JPG,Very Small,Very Small,0.7711551785469055,0.20848239958286285,0.019999075680971146,0.00036340681253932416
2025-08-07/IMG_9228.JPG,Medium,Small,0.028161941096186638,0.48744654655456543,0.47429922223091125,0.010092317126691341
2025-08-22/IMG_9930.JPG,Very Small,Very Small,0.5297165513038635,0.4185294210910797,0.051137879490852356,0.0006161974743008614
2025-08-22/IMG_9813.JPG,Medium,Medium,0.013726763427257538,0.3104356527328491,0.6487852931022644,0.027052339166402817
2025-08-07/IMG_9172.JPG,Small,Very Small,0.5173479914665222,0.4382193982601166,0.04404684528708458,0.000385758641641587
2025-08-22/IMG_9775.JPG,Very Small,Very Small,0.9420332312583923,0.05646073445677757,0.0015056065749377012,4.6612362325504364e-07
2025-09-05/IMG_1144.JPG,Medium,Medium,0.0016899611800909042,0.22865918278694153,0.7694869637489319,0.00016396958380937576
2025-08-22/IMG_9764.JPG,Medium,Small,0.1385205239057541,0.6678426861763,0.19246238470077515,0.001174358301796019
2025-08-07/IMG_9239.JPG,Small,Small,0.1496029496192932,0.7551249861717224,0.09483469277620316,0.000437380513176322
2025-09-05/IMG_1399.JPG,Medium,Medium,0.02007765881717205,0.4535805583000183,0.5240488648414612,0.0022929951082915068
2025-09-05/IMG_1137.JPG,Small,Small,0.03117648884654045,0.9261696934700012,0.042649466544389725,4.301302851672517e-06
2025-09-05/IMG_1333.JPG,Small,Small,0.1804896891117096,0.6229218244552612,0.19100113213062286,0.005587292369455099
2025-09-29/IMG_1919.JPG,Very Small,Very Small,0.487070232629776,0.4073287844657898,0.09206361323595047,0.013537363149225712
2025-09-05/IMG_1597.JPG,Very Small,Very Small,0.6288244128227234,0.31404635310173035,0.055484890937805176,0.0016443992499262094
2025-08-22/IMG_0098.JPG,Very Small,Very Small,0.5186138153076172,0.45543166995048523,0.025862490758299828,9.20432066777721e-05
2025-08-07/IMG_9462.JPG,Very Small,Very Small,0.9892297387123108,0.01072152704000473,4.866037124884315e-05,2.3203348131772827e-09
2025-08-22/IMG_9969.JPG,Small,Very Small,0.5526744723320007,0.4201236367225647,0.02710399217903614,9.791936463443562e-05
2025-09-29/IMG_1762.JPG,Small,Medium,0.0034096017479896545,0.2010217010974884,0.7944318652153015,0.0011368152918294072
2025-08-07/IMG_9508.JPG,Small,Small,0.055998045951128006,0.5133997201919556,0.31202444434165955,0.11857781559228897
2025-09-05/IMG_0970.JPG,Small,Small,0.1015697792172432,0.7238754034042358,0.14342175424098969,0.03113301657140255
2025-09-29/IMG_1904.JPG,Very Small,Small,0.2663169503211975,0.6411452889442444,0.07564897835254669,0.016888730227947235
2025-09-05/IMG_1080.JPG,Medium,Medium,0.026812035590410233,0.25326216220855713,0.6593518257141113,0.06057402864098549
2025-08-07/IMG_9475.JPG,Small,Small,0.1387951672077179,0.7691892981529236,0.09159281104803085,0.00042267865501344204
2025-09-29/IMG_1918.JPG,Very Small,Very Small,0.5536333322525024,0.3453989326953888,0.0897122472524643,0.011255456134676933
2025-09-05/IMG_0813.JPG,Medium,Medium,0.0009945523925125599,0.15437495708465576,0.835088849067688,0.009541613049805164
2025-09-05/IMG_0804.JPG,Medium,Small,0.029645787551999092,0.49417221546173096,0.46517184376716614,0.01101014856249094
2025-08-22/IMG_9808.JPG,Very Small,Very Small,0.9894049763679504,0.010557019151747227,3.793838550336659e-05,1.5628075500373484e-09
2025-09-05/IMG_1454.JPG,Small,Small,0.046619635075330734,0.6122626662254333,0.3302583694458008,0.010859353467822075
2025-08-22/IMG_9744.JPG,Small,Medium,0.0034668100997805595,0.1886635720729828,0.7936516404151917,0.014217953197658062
2025-08-07/IMG_9184.JPG,Medium,Small,0.033644504845142365,0.5276665687561035,0.43555670976638794,0.0031321581918746233
2025-09-05/IMG_1046.JPG,Small,Very Small,0.6530544757843018,0.28590333461761475,0.05810979753732681,0.002932454226538539
2025-09-29/IMG_1838.JPG,Small,Medium,0.0448528490960598,0.31703394651412964,0.3799137473106384,0.2581995129585266
2025-09-05/IMG_1231.JPG,Small,Medium,0.011651153676211834,0.48462358117103577,0.49990537762641907,0.0038198905531316996
