image_filename,true_class,predicted_class,probability_very_small,probability_small,probability_medium,probability_large
2025-08-07/IMG_9086.JPG,Small,Small,0.0003723768750205636,0.997559666633606,0.002067969413474202,3.7994678514507996e-09
2025-08-07/IMG_9089.JPG,Very Small,Very Small,0.999880313873291,0.00011961213749600574,6.402064212096548e-09,3.116494839972006e-09
2025-08-07/IMG_9090.JPG,Very Small,Very Small,0.9967660903930664,0.0032339615281671286,2.3935307069677947e-08,1.3594912973147188e-09
2025-08-07/IMG_9091.JPG,Small,Small,0.009959387592971325,0.9879475235939026,0.0020930131431668997,1.2974717833458271e-07
2025-08-07/IMG_9093.JPG,Small,Small,0.0022972270380705595,0.9975692629814148,0.00013354653492569923,5.223436794210556e-09
2025-08-07/IMG_9097.JPG,Small,Small,0.0037306174635887146,0.9958498477935791,0.0004194847715552896,1.1249081666164784e-08
2025-08-07/IMG_9098.JPG,Medium,Medium,0.0002426556166028604,0.0589715838432312,0.9406487941741943,0.00013702917203772813
2025-08-07/IMG_9100.JPG,Small,Small,0.0007581059471704066,0.9991264939308167,0.00011543925211299211,1.605738875198881e-09
2025-08-07/IMG_9101.JPG,Medium,Medium,0.00033863456337712705,0.06405236572027206,0.9344531893730164,0.0011557959951460361
2025-08-07/IMG_9103.JPG,Small,Small,0.013921764679253101,0.9858536720275879,0.0002246272488264367,5.6871705567118624e-08
2025-08-07/IMG_9104.JPG,Small,Small,0.0004717233532574028,0.9983114004135132,0.0012169317342340946,4.356758509516112e-09
2025-08-07/IMG_9105.JPG,Small,Small,0.0011644421610981226,0.9784033298492432,0.020432086661458015,1.0808684436369731e-07
2025-08-07/IMG_9106.JPG,Very Small,Very Small,0.9997348189353943,0.0002651208487804979,1.1244359610085297e-10,4.276798099694945e-12
2025-08-07/IMG_9107.JPG,Small,Small,0.0002627079957164824,0.9993348717689514,0.00040244474075734615,4.212161452965546e-10
2025-08-07/IMG_9108.JPG,Small,Small,0.00043013098184019327,0.9543579816818237,0.045211777091026306,6.638747152010183e-08
2025-08-07/IMG_9109.JPG,Small,Small,0.0011830321745947003,0.9968165755271912,0.0020003593526780605,6.940208852057594e-09
2025-08-07/IMG_9110.JPG,Small,Small,0.008433855138719082,0.9914795160293579,8.658705337438732e-05,1.802053506416712e-09
2025-08-07/IMG_9111.JPG,Very Small,Very Small,0.9990078806877136,0.0009920480661094189,6.858797974018671e-08,9.63705737433429e-09
2025-08-07/IMG_9113.JPG,Very Small,Very Small,0.9999823570251465,1.761657949828077e-05,4.4283087613505856e-11,4.733783243865419e-12
2025-08-07/IMG_9114.JPG,Very Small,Very Small,0.9998857975006104,0.0001142064284067601,9.038723658427728e-10,8.840830845180392e-11
2025-08-07/IMG_9115.JPG,Small,Small,0.004564325790852308,0.9747606515884399,0.020674537867307663,5.162355591892265e-07
2025-08-07/IMG_9116.JPG,Small,Small,0.0012189458357170224,0.9204936027526855,0.07828648388385773,1.0301813517799019e-06
2025-08-07/IMG_9117.JPG,Small,Small,0.01965872012078762,0.9800194501876831,0.00032185675809159875,1.2924489922738758e-08
2025-08-07/IMG_9118.JPG,Very Small,Very Small,0.9986289739608765,0.0013707976322621107,2.0301534675581934e-07,5.7737801206769745e-09
2025-08-07/IMG_9120.JPG,Small,Small,0.005772667936980724,0.9940749406814575,0.00015241949586197734,7.859820350120117e-09
2025-08-07/IMG_9121.JPG,Small,Small,0.0015908736968412995,0.9950436353683472,0.0033653625287115574,8.9035722794506e-08
2025-08-07/IMG_9122.JPG,Medium,Medium,0.00012227203114889562,0.023336177691817284,0.9753994345664978,0.0011420693481341004
2025-08-07/IMG_9124.JPG,Small,Small,0.010604415088891983,0.988871157169342,0.0005243631894700229,3.011524540852406e-08
2025-08-07/IMG_9125.JPG,Small,Small,0.0003325414436403662,0.9995100498199463,0.00015740853268653154,9.797392064303523e-11
2025-08-07/IMG_9126.JPG,Small,Small,4.381167673273012e-05,0.9946470856666565,0.005309096071869135,6.870164881433993e-09
2025-08-07/IMG_9127.JPG,Very Small,Very Small,0.9491265416145325,0.050873175263404846,3.006138058481156e-07,1.9522214955713935e-09
2025-08-07/IMG_9128.JPG,Medium,Medium,0.001388762379065156,0.10275352746248245,0.8925819396972656,0.003275743220001459
2025-08-07/IMG_9129.JPG,Very Small,Very Small,0.9962725639343262,0.003727370174601674,7.78325954797765e-08,1.0434727526487109e-09
2025-08-07/IMG_9131.JPG,Very Small,Very Small,0.9929823875427246,0.007017112337052822,4.5230802925289026e-07,4.020789479142195e-09
2025-08-07/IMG_9132.JPG,Small,Small,7.384781201835722e-05,0.9931890964508057,0.006737129762768745,6.5120877579261105e-09
2025-08-07/IMG_9133.JPG,Small,Small,3.058400579902809e-06,0.9830375909805298,0.016959305852651596,3.4638802937081437e-10
2025-08-07/IMG_9134.JPG,Small,Small,0.00022051032283343375,0.9967713952064514,0.003008041763678193,2.5830914296420815e-08
2025-08-07/IMG_9136.JPG,Very Small,Very Small,0.9996980428695679,0.00030197910382412374,4.0387182487222617e-10,2.1229630900454488e-11
2025-08-07/IMG_9137.JPG,Small,Small,0.005880018696188927,0.9941186904907227,1.2915965044157929e-06,3.876627317767056e-12
2025-08-07/IMG_9139.JPG,Small,Small,0.03498965501785278,0.9646129608154297,0.0003972141130361706,2.3263687864982785e-07
2025-08-07/IMG_9140.JPG,Very Small,Very Small,0.9981447458267212,0.001855129492469132,1.1502962848908282e-07,3.0414466500872095e-09
2025-08-07/IMG_9141.JPG,Very Small,Very Small,0.9994962215423584,0.000503819901496172,1.8828605341525417e-09,2.2388874088008492e-10
2025-08-07/IMG_9143.JPG,Very Small,Very Small,0.9994171857833862,0.0005828816792927682,9.571635928296018e-09,2.2582750947020003e-10
2025-08-07/IMG_9144.JPG,Very Small,Very Small,0.9982370138168335,0.0017629980575293303,4.807166931186657e-08,4.581773183076621e-09
2025-08-07/IMG_9145.JPG,Small,Small,0.0016356456326320767,0.9976129531860352,0.0007513429154641926,7.668833035268108e-08
2025-08-07/IMG_9146.JPG,Medium,Medium,2.505075462977402e-05,0.042574673891067505,0.9573931694030762,7.2303905653825495e-06
2025-08-07/IMG_9147.JPG,Small,Small,0.005404441151767969,0.9755801558494568,0.01901255175471306,2.7807730020867893e-06
2025-08-07/IMG_9148.JPG,Very Small,Very Small,0.8684417605400085,0.13153992593288422,1.8238592019770294e-05,8.748176583139866e-08
2025-08-07/IMG_9149.JPG,Small,Small,0.10067176818847656,0.8992919325828552,3.627287514973432e-05,1.0407124939604273e-08
2025-08-07/IMG_9150.JPG,Very Small,Very Small,0.9999474287033081,5.2610168495448306e-05,2.0553479751495018e-10,1.1870345852094122e-11
2025-08-07/IMG_9153.JPG,Small,Small,0.019180240109562874,0.9781593084335327,0.0026602805592119694,1.9255126915140863e-07
2025-08-07/IMG_9155.JPG,Small,Small,2.635428791109007e-05,0.9931011199951172,0.006872524507343769,7.643408683755126e-10
2025-08-07/IMG_9157.JPG,Small,Small,0.002843026537448168,0.9903516173362732,0.006805395241826773,1.8121887990218966e-08
2025-08-07/IMG_9159.JPG,Small,Small,0.08506355434656143,0.8909575939178467,0.02383538894355297,0.00014353067672345787
2025-08-07/IMG_9160.JPG,Small,Small,0.14629478752613068,0.853690505027771,1.4636432752013206e-05,7.8354304378081e-08
2025-08-07/IMG_9161.JPG,Very Small,Very Small,0.9990197420120239,0.000980265554971993,1.1091429108489592e-08,8.884848412549218e-10
2025-08-07/IMG_9162.JPG,Very Small,Very Small,0.9991928935050964,0.0008070951444096863,2.2833585022752345e-10,4.437521530786803e-12
2025-08-07/IMG_9164.JPG,Very Small,Very Small,0.9988164901733398,0.0011834560427814722,1.2194814758004213e-07,1.823307393955531e-09
2025-08-07/IMG_9165.JPG,Very Small,Very Small,0.9958004355430603,0.004199594724923372,2.9733413953181298e-08,1.1592173054797428e-10
2025-08-07/IMG_9166.JPG,Small,Small,0.22472092509269714,0.774535596370697,0.000743377604521811,4.733857039695977e-08
2025-08-07/IMG_9167.JPG,Very Small,Very Small,0.9877353310585022,0.01222141832113266,3.337768794153817e-05,9.921303899318445e-06
2025-08-07/IMG_9168.JPG,Small,Small,0.049900688230991364,0.950035810470581,6.351141928462312e-05,7.064496987396751e-09
2025-08-07/IMG_9170.JPG,Very Small,Very Small,0.9988377690315247,0.0011622210731729865,1.4436634998560294e-08,1.9123955197208886e-10
2025-08-07/IMG_9171.JPG,Very Small,Very Small,0.9952083230018616,0.004791558720171452,1.1221329287991466e-07,4.454939528386603e-09
2025-08-07/IMG_9172.JPG,Small,Small,0.0016844284255057573,0.9835642576217651,0.014751043170690536,1.8083740371821477e-07
2025-08-07/IMG_9175.JPG,Small,Small,2.447316319376114e-06,0.9997915625572205,0.00020599040726665407,8.124074872030429e-13
2025-08-07/IMG_9176.JPG,Medium,Medium,2.3593956939294003e-06,0.021393675357103348,0.9786034226417542,5.891523073842109e-07
2025-08-07/IMG_9177.JPG,Medium,Medium,6.10520874033682e-05,0.026443568989634514,0.9734581112861633,3.7317007809178904e-05
2025-08-07/IMG_9179.JPG,Small,Small,0.0012702649692073464,0.9855064153671265,0.013223259709775448,1.0404790806717301e-08
2025-08-07/IMG_9181.JPG,Small,Small,0.0002937894605565816,0.9987289309501648,0.0009772867197170854,4.904972872310509e-09
2025-08-07/IMG_9182.JPG,Very Small,Very Small,0.9967827796936035,0.0032168072648346424,4.1479862034066173e-07,3.635348688746376e-09
2025-08-07/IMG_9183.JPG,Small,Small,3.6567867937264964e-05,0.9988633394241333,0.0011001662351191044,1.7170865840299143e-09
2025-08-07/IMG_9184.JPG,Medium,Medium,2.5196627575496677e-06,0.005321104545146227,0.9946116209030151,6.484972982434556e-05
2025-08-07/IMG_9185.JPG,Very Small,Very Small,0.986226499080658,0.013743780553340912,2.8470658435253426e-05,1.2304010397201637e-06
2025-08-07/IMG_9186.JPG,Small,Small,3.537624070304446e-05,0.9995781779289246,0.0003864485479425639,1.9454499122772972e-10
2025-08-07/IMG_9187.JPG,Small,Small,0.0005498731043189764,0.9981264472007751,0.0013236462837085128,1.3970345769109827e-08
2025-08-07/IMG_9188.JPG,Small,Small,2.5528475816827267e-05,0.9905481934547424,0.009426279924809933,2.0683140533606093e-08
2025-08-07/IMG_9189.JPG,Very Small,Very Small,0.7854893803596497,0.2136356085538864,0.0008467659936286509,2.8254000426386483e-05
2025-08-07/IMG_9190.JPG,Very Small,Very Small,0.9985509514808655,0.0013080892385914922,5.441664325189777e-05,8.65052716108039e-05
2025-08-07/IMG_9192.JPG,Small,Small,3.914288754458539e-05,0.9999110698699951,4.973245449946262e-05,7.602794088734655e-11
2025-08-07/IMG_9193.JPG,Very Small,Very Small,0.9987130165100098,0.0006164891528896987,0.00013172403851058334,0.0005388198769651353
2025-08-07/IMG_9195.JPG,Very Small,Very Small,0.9858165979385376,0.014182808808982372,6.089521775720641e-07,2.4049885638532942e-08
2025-08-07/IMG_9198.JPG,Medium,Medium,1.5092940657268628e-06,0.01611604355275631,0.9838798642158508,2.5537619876558892e-06
2025-08-07/IMG_9200.JPG,Small,Small,7.174650090746582e-05,0.8823801279067993,0.11754786968231201,2.54781809871929e-07
2025-08-07/IMG_9203.JPG,Very Small,Very Small,0.9874167442321777,0.012577088549733162,5.6236171985801775e-06,4.7575937855981465e-07
2025-08-07/IMG_9204.JPG,Very Small,Very Small,0.9997860789299011,0.00020720016618724912,2.326170715605258e-06,4.364042069937568e-06
2025-08-07/IMG_9206.JPG,Very Small,Very Small,0.9940126538276672,0.005986336153000593,1.0068015399156138e-06,4.6352411686712e-08
2025-08-07/IMG_9207.JPG,Very Small,Very Small,0.9996210336685181,0.0003780073020607233,6.587491725440486e-07,2.0813621404158766e-07
2025-08-07/IMG_9211.JPG,Very Small,Very Small,0.9987164735794067,0.0012826757738366723,7.30887563804572e-07,2.1474104983099096e-07
2025-08-07/IMG_9212.JPG,Very Small,Very Small,0.9980407357215881,0.0019403741462156177,9.384521035826765e-06,9.495233825873584e-06
2025-08-07/IMG_9213.JPG,Small,Small,0.0009556846343912184,0.9931897521018982,0.005854362156242132,1.125405972857152e-07
2025-08-07/IMG_9217.JPG,Medium,Medium,1.105090541386744e-05,0.06935656070709229,0.9306226968765259,9.631869033910334e-06
2025-08-07/IMG_9218.JPG,Small,Small,1.5521269233431667e-05,0.9569534659385681,0.04303102567791939,3.1104780973123525e-09
2025-08-07/IMG_9219.JPG,Medium,Medium,5.245091188044171e-07,0.019227799028158188,0.9807713627815247,3.5295710176797e-07
2025-08-07/IMG_9220.JPG,Small,Small,0.0003799214609898627,0.9670999050140381,0.032519906759262085,2.445185316446441e-07
2025-08-07/IMG_9221.JPG,Small,Small,2.064360614895122e-06,0.7684106230735779,0.23158738017082214,1.1892568707594364e-08
2025-08-07/IMG_9222.JPG,Medium,Medium,1.0864797559406725e-06,0.02678307145833969,0.973214328289032,1.5567215996270534e-06
2025-08-07/IMG_9223.JPG,Medium,Medium,0.00032625196035951376,0.00810902751982212,0.9826823472976685,0.008882415480911732
2025-08-07/IMG_9224.JPG,Medium,Medium,9.1497950052144e-06,0.008769452571868896,0.9911613464355469,6.00743260292802e-05
2025-08-07/IMG_9225.JPG,Small,Small,0.009887456893920898,0.9900874495506287,2.5138400815194473e-05,3.475241205919133e-09
2025-08-07/IMG_9226.JPG,Small,Small,0.0002015696809394285,0.9989964365959167,0.0008019558736123145,1.763687151878912e-08
2025-08-07/IMG_9227.JPG,Very Small,Very Small,0.9311515092849731,0.06884618103504181,2.2076503682910698e-06,7.631388854179022e-08
2025-08-07/IMG_9228.JPG,Medium,Medium,5.584179234574549e-06,0.030753551051020622,0.9692316651344299,9.192269317281898e-06
2025-08-07/IMG_9229.JPG,Small,Small,8.531804269296117e-06,0.9993320107460022,0.0006594034493900836,5.914405076801188e-11
2025-08-07/IMG_9230.JPG,Very Small,Very Small,0.9449254870414734,0.05460353195667267,0.0003957873850595206,7.521053339587525e-05
2025-08-07/IMG_9231.JPG,Small,Small,0.00016199097444768995,0.9960216879844666,0.003816384356468916,1.1290643087136232e-08
2025-08-07/IMG_9232.JPG,Small,Small,0.007741017732769251,0.9913001656532288,0.0009587297099642456,1.544540708664499e-07
2025-08-07/IMG_9233.JPG,Very Small,Very Small,0.9227195978164673,0.07701288163661957,0.00023102411068975925,3.648721394711174e-05
2025-08-07/IMG_9234.JPG,Medium,Medium,3.5189790992262715e-07,0.010966666042804718,0.989031970500946,1.0631902114255354e-06
2025-08-07/IMG_9235.JPG,Medium,Medium,4.367198926047422e-06,0.0015069833025336266,0.998420000076294,6.8592322350014e-05
2025-08-07/IMG_9236.JPG,Medium,Medium,3.8129985568957636e-07,0.01296968013048172,0.9870295524597168,4.0121327060660406e-07
2025-08-07/IMG_9237.JPG,Medium,Medium,3.981757981819101e-05,0.002131589688360691,0.9924343824386597,0.005394143518060446
2025-08-07/IMG_9239.JPG,Small,Small,1.9897883248631842e-05,0.991777777671814,0.008202350698411465,9.069021977836655e-09
2025-08-07/IMG_9240.JPG,Very Small,Very Small,0.8963582515716553,0.10360212624073029,3.6267327232053503e-05,3.367023055034224e-06
2025-08-07/IMG_9241.JPG,Very Small,Very Small,0.9986990690231323,0.0012998983729630709,5.256728741187544e-07,4.7230790301000525e-07
2025-08-07/IMG_9242.JPG,Small,Small,0.0008619598811492324,0.9989941716194153,0.00014384211681317538,1.9062033729255745e-08
2025-08-07/IMG_9243.JPG,Very Small,Very Small,0.9981901049613953,0.001801340957172215,3.694992528835428e-06,4.870339125773171e-06
2025-08-07/IMG_9244.JPG,Very Small,Very Small,0.995071530342102,0.003179156454280019,0.00041192909702658653,0.0013373488327488303
2025-08-07/IMG_9245.JPG,Medium,Medium,6.074581619941455e-07,0.001960437512025237,0.998018741607666,2.021398177021183e-05
2025-08-07/IMG_9247.JPG,Medium,Medium,1.3212567182563362e-06,0.06047692149877548,0.9395214319229126,2.8253992923055193e-07
2025-08-07/IMG_9248.JPG,Small,Small,4.286442344891839e-05,0.9999399185180664,1.7211617887369357e-05,2.2259097776783365e-12
2025-08-07/IMG_9249.JPG,Medium,Medium,5.946571945969481e-08,0.0042696623131632805,0.9957301020622253,1.0350265711167594e-07
2025-08-07/IMG_9250.JPG,Small,Small,0.0002667947264853865,0.9993065595626831,0.0004265958850737661,3.887707933358797e-10
2025-08-07/IMG_9251.JPG,Medium,Medium,4.97054884363024e-07,0.09927491098642349,0.900724470615387,7.371354371343841e-08
2025-08-07/IMG_9252.JPG,Small,Small,2.6121615519514307e-06,0.9956272840499878,0.0043700383976101875,4.2983633319337855e-10
2025-08-07/IMG_9253.JPG,Small,Small,1.0784710724465185e-07,0.999957799911499,4.205602817819454e-05,1.8743783719685388e-14
2025-08-07/IMG_9254.JPG,Small,Small,3.338435135447071e-06,0.9979820251464844,0.0020145864691585302,1.9868541534240336e-10
2025-08-07/IMG_9255.JPG,Small,Small,1.4681404536531772e-06,0.9999129772186279,8.559113484807312e-05,1.3380691953751578e-12
2025-08-07/IMG_9256.JPG,Small,Small,0.0007836083532311022,0.9992121458053589,4.246004664310021e-06,3.497365591575985e-11
2025-08-07/IMG_9257.JPG,Small,Small,6.289604789344594e-05,0.9995997548103333,0.0003373599029146135,4.94604301959356e-10
2025-08-07/IMG_9258.JPG,Small,Small,0.0004241621936671436,0.9995723366737366,3.5279858821013477e-06,4.1318177178284454e-12
2025-08-07/IMG_9259.JPG,Small,Small,6.905860914230288e-07,0.9999723434448242,2.698080788832158e-05,4.115595668083283e-13
2025-08-07/IMG_9261.JPG,Small,Small,5.686144140781835e-05,0.9998317956924438,0.00011129139602417126,4.115070229016027e-10
2025-08-07/IMG_9262.JPG,Small,Small,4.638303519044484e-09,0.9994813799858093,0.000518626649864018,3.893946661425937e-14
2025-08-07/IMG_9263.JPG,Small,Small,4.930094746669056e-06,0.9998231530189514,0.00017191818915307522,2.9820796439844477e-12
2025-08-07/IMG_9264.JPG,Small,Small,2.9353508580243215e-05,0.9996782541275024,0.000292402837658301,1.2437734869807926e-11
2025-08-07/IMG_9397.JPG,Small,Small,0.00016126259288284928,0.9998384714126587,2.0406244516379957e-07,2.602802955803396e-12
2025-08-07/IMG_9398.JPG,Very Small,Very Small,0.9740115404129028,0.0259885061532259,1.4585034291414445e-09,2.97545182936787e-11
2025-08-07/IMG_9399.JPG,Small,Small,4.697295935329748e-06,0.998307466506958,0.0016877682646736503,2.7981840802770996e-11
2025-08-07/IMG_9402.JPG,Small,Small,4.795296990778297e-05,0.9982341527938843,0.0017179056303575635,6.488879433774741e-10
2025-08-07/IMG_9403.JPG,Small,Small,2.7129408408654854e-06,0.9999932050704956,4.133660695515573e-06,2.915573056420928e-13
2025-08-07/IMG_9404.JPG,Medium,Medium,6.855256060589454e-07,0.0011042277328670025,0.9988837838172913,1.1243327207921539e-05
2025-08-07/IMG_9405.JPG,Small,Small,3.5875244066119194e-05,0.9988190531730652,0.0011450996389612556,1.3148859778766564e-10
2025-08-07/IMG_9406.JPG,Medium,Medium,1.3833726370648947e-05,0.015751877799630165,0.9842085242271423,2.573344318079762e-05
2025-08-07/IMG_9410.JPG,Very Small,Very Small,0.9986434578895569,0.0013565444387495518,5.082548781842888e-08,3.882115517939155e-09
2025-08-07/IMG_9411.JPG,Small,Small,0.007999981753528118,0.9919271469116211,7.290404028026387e-05,7.569910920324219e-09
2025-08-07/IMG_9412.JPG,Small,Small,0.006844638381153345,0.9362456202507019,0.056907735764980316,1.9711624190676957e-06
2025-08-07/IMG_9413.JPG,Medium,Medium,0.00015718610666226596,0.002318944316357374,0.9673711061477661,0.03015274927020073
2025-08-07/IMG_9414.JPG,Large,Large,0.0012101936154067516,0.00033739436184987426,0.014784366823732853,0.9836680293083191
2025-08-07/IMG_9416.JPG,Very Small,Very Small,0.9936536550521851,0.006332656368613243,6.763316378055606e-06,6.921709882590221e-06
2025-08-07/IMG_9417.JPG,Small,Small,8.74348625075072e-05,0.9835134148597717,0.016399212181568146,7.923291356348727e-09
2025-08-07/IMG_9418.JPG,Small,Small,0.0002718417381402105,0.9016647934913635,0.09806307405233383,1.8277927438248298e-07
2025-08-07/IMG_9419.JPG,Medium,Medium,6.068899551792128e-07,0.010689503513276577,0.9893097877502441,1.4364194100835448e-07
2025-08-07/IMG_9420.JPG,Small,Small,8.937004167819396e-06,0.9941622614860535,0.005828834138810635,2.1874640987462612e-10
2025-08-07/IMG_9421.JPG,Small,Small,0.00016656033403705806,0.997401237487793,0.002432253211736679,2.773784979481775e-09
2025-08-07/IMG_9422.JPG,Very Small,Very Small,0.9728494882583618,0.02714633010327816,4.088312834937824e-06,1.1003959343725e-07
2025-08-07/IMG_9424.JPG,Small,Small,2.090536327159498e-05,0.9886788725852966,0.011300201527774334,1.0662358496116298e-10
2025-08-07/IMG_9426.JPG,Medium,Medium,3.684995317598805e-05,0.019927406683564186,0.9799917936325073,4.3995867599733174e-05
2025-08-07/IMG_9427.JPG,Small,Small,1.2072783647454344e-05,0.999519944190979,0.0004680051642935723,7.281430319805438e-11
2025-08-07/IMG_9429.JPG,Small,Small,6.447655209740333e-07,0.995311439037323,0.004687956068664789,1.323479260212368e-11
2025-08-07/IMG_9430.JPG,Medium,Medium,5.434257559500111e-07,0.004584541078656912,0.995414137840271,7.390963219222613e-07
2025-08-07/IMG_9431.JPG,Very Small,Very Small,0.9982193112373352,0.001761327381245792,7.303416623472003e-06,1.2093189070583321e-05
2025-08-07/IMG_9432.JPG,Small,Small,2.1356679553719005e-06,0.9893730282783508,0.0106248389929533,7.154774602641245e-12
2025-08-07/IMG_9433.JPG,Small,Small,0.0005843231920152903,0.9578871726989746,0.0415283627808094,1.256753563438906e-07
2025-08-07/IMG_9434.JPG,Small,Small,0.00011764990631490946,0.5609560608863831,0.43892598152160645,2.4788957375676546e-07
2025-08-07/IMG_9435.JPG,Very Small,Very Small,0.9778310060501099,0.02216622792184353,2.3123247956391424e-06,4.264951201093936e-07
2025-08-07/IMG_9437.JPG,Medium,Medium,0.00011424098920542747,0.05200734734535217,0.9478393793106079,3.9045611629262567e-05
2025-08-07/IMG_9438.JPG,Very Small,Very Small,0.989147424697876,0.010852598585188389,4.305691803097034e-08,1.2957253048284656e-09
2025-08-07/IMG_9439.JPG,Very Small,Very Small,0.998214602470398,0.0017832310404628515,1.2852370900873211e-06,8.747553579269152e-07
2025-08-07/IMG_9440.JPG,Very Small,Very Small,0.9963498115539551,0.0036500177811831236,1.602781480869453e-07,3.2310925490719455e-08
2025-08-07/IMG_9441.JPG,Very Small,Very Small,0.9982762336730957,0.001723599387332797,8.719487709640816e-08,1.841139507519074e-08
2025-08-07/IMG_9443.JPG,Medium,Medium,1.3330384263099404e-06,0.007109972182661295,0.9928858876228333,2.8711722279695095e-06
2025-08-07/IMG_9444.JPG,Medium,Medium,3.1671208944317186e-06,0.014220168814063072,0.9857729077339172,3.734610800165683e-06
2025-08-07/IMG_9445.JPG,Small,Small,1.4186511521074863e-07,0.9980693459510803,0.0019305150490254164,3.63607093652879e-13
2025-08-07/IMG_9447.JPG,Very Small,Very Small,0.9993898868560791,0.0006086821085773408,7.812055855538347e-07,5.886533358534507e-07
2025-08-07/IMG_9448.JPG,Very Small,Very Small,0.9979548454284668,0.002044104505330324,8.367593977709475e-07,1.8984296445978543e-07
2025-08-07/IMG_9449.JPG,Medium,Medium,4.694888957601506e-07,0.09240753948688507,0.9075919985771179,1.5553453636130143e-08
2025-08-07/IMG_9450.JPG,Small,Small,3.533826384227723e-05,0.968213677406311,0.031751036643981934,3.646645208021937e-09
2025-08-07/IMG_9451.JPG,Very Small,Very Small,0.9996138215065002,0.0003849717613775283,5.61524416298198e-07,6.467341790994396e-07
2025-08-07/IMG_9452.JPG,Small,Small,6.101772669353522e-06,0.9955800175666809,0.0044138794764876366,1.6364473795146828e-12
2025-08-07/IMG_9453.JPG,Small,Small,3.817975812125951e-05,0.9998076558113098,0.00015422199794556946,5.598612719259766e-12
2025-08-07/IMG_9454.JPG,Very Small,Very Small,0.9442273378372192,0.055761996656656265,7.804627784935292e-06,2.960901611004374e-06
2025-08-07/IMG_9455.JPG,Small,Small,9.319879268332443e-08,0.9956786036491394,0.004321305081248283,2.564592201798055e-12
2025-08-07/IMG_9456.JPG,Medium,Medium,1.7269151442178554e-07,0.0038049337454140186,0.9961947202682495,2.4906003659452836e-07
2025-08-07/IMG_9457.JPG,Small,Small,0.0005608040373772383,0.999427318572998,1.1867274224641733e-05,4.553619981084722e-10
2025-08-07/IMG_9459.JPG,Small,Small,1.6134292764036218e-06,0.9998311996459961,0.0001671989302849397,1.047336154434697e-12
2025-08-07/IMG_9460.JPG,Small,Small,1.5285986592061818e-05,0.9999821186065674,2.6451980374986306e-06,3.137107815274348e-13
2025-08-07/IMG_9461.JPG,Small,Small,7.41332613074519e-08,0.9924571514129639,0.007542830891907215,9.440998330334516e-13
2025-08-07/IMG_9462.JPG,Very Small,Very Small,0.9996505975723267,0.0003494069678708911,2.2518790387948684e-08,8.79948203191816e-09
2025-08-07/IMG_9463.JPG,Medium,Medium,4.7555607807225897e-07,0.012910337187349796,0.9870889782905579,1.8306437254977936e-07
2025-08-07/IMG_9466.JPG,Very Small,Very Small,0.9978652596473694,0.00206324877217412,2.2530028218170628e-05,4.902900764136575e-05
2025-08-07/IMG_9467.JPG,Medium,Medium,3.917479625670239e-05,0.002169279381632805,0.9964721202850342,0.0013194280909374356
2025-08-07/IMG_9470.JPG,Medium,Medium,0.00029232370434328914,0.14849385619163513,0.8511885404586792,2.5263221687055193e-05
2025-08-07/IMG_9472.JPG,Medium,Medium,2.7671319912769832e-05,0.011174830608069897,0.988639235496521,0.00015817252278793603
2025-08-07/IMG_9473.JPG,Very Small,Very Small,0.9929371476173401,0.0070618754252791405,9.504997819931305e-07,4.4002963051070765e-08
2025-08-07/IMG_9474.JPG,Small,Small,1.2925397641083691e-06,0.997014045715332,0.0029846366960555315,8.173059451443976e-12
2025-08-07/IMG_9475.JPG,Small,Small,1.5238511878123973e-05,0.9997803568840027,0.00020445213885977864,1.4171392358208745e-11
2025-08-07/IMG_9477.JPG,Medium,Medium,8.478936024403083e-07,0.003937938716262579,0.9960567951202393,4.4302523747319356e-06
2025-08-07/IMG_9478.JPG,Medium,Medium,3.3023239666363224e-05,0.0014022857649251819,0.99224853515625,0.006316191516816616
2025-08-07/IMG_9479.JPG,Medium,Medium,8.383984095416963e-06,0.001715473597869277,0.9979409575462341,0.0003352103813085705
2025-08-07/IMG_9485.JPG,Medium,Medium,6.31229777354747e-05,0.02059060148894787,0.9792318344116211,0.0001144449197454378
2025-08-07/IMG_9486.JPG,Small,Small,8.089009497780353e-06,0.9994239807128906,0.0005679709138348699,1.308828566359832e-11
2025-08-07/IMG_9487.JPG,Small,Small,0.00021244361414574087,0.9997872710227966,2.804687539992301e-07,1.8201152390817654e-13
2025-08-07/IMG_9488.JPG,Small,Small,6.8533143604554425e-09,0.9998217225074768,0.00017825717804953456,1.1770363905815127e-14
2025-08-07/IMG_9489.JPG,Very Small,Very Small,0.9781481027603149,0.021851796656847,1.0755364598935557e-07,3.4471792087487074e-09
2025-08-07/IMG_9492.JPG,Small,Small,8.423105464316905e-05,0.9995762705802917,0.0003394695813767612,1.2553225126055167e-10
2025-08-07/IMG_9493.JPG,Medium,Medium,7.78294815972913e-06,0.005735528189688921,0.9941512942314148,0.00010531368025112897
2025-08-07/IMG_9495.JPG,Small,Small,2.1858019749743107e-07,0.9770148992538452,0.02298486977815628,4.5468472736898136e-11
2025-08-07/IMG_9502.JPG,Small,Small,3.280889359302819e-05,0.9999113082885742,5.5859698477433994e-05,2.0800729032006277e-13
2025-08-07/IMG_9503.JPG,Medium,Medium,8.901922228687909e-06,0.0011553815566003323,0.9985387325286865,0.0002969191409647465
2025-08-07/IMG_9504.JPG,Small,Small,3.784979298870894e-06,0.9999315738677979,6.467720959335566e-05,3.478749677644083e-13
2025-08-07/IMG_9505.JPG,Medium,Medium,3.8345689290508744e-07,0.0032619978301227093,0.9967358708381653,1.7696895611152286e-06
2025-08-07/IMG_9506.JPG,Very Small,Very Small,0.9923033714294434,0.0076961820013821125,4.922015932606882e-07,1.8719914507414614e-08
2025-08-07/IMG_9507.JPG,Small,Small,0.0007236338569782674,0.8124435544013977,0.1868327409029007,1.2243867786310147e-07
2025-08-07/IMG_9509.JPG,Small,Small,0.004305949900299311,0.9867902398109436,0.008903775364160538,3.5822715460653853e-08
2025-08-07/IMG_9512.JPG,Small,Small,0.0042844233103096485,0.9956473708152771,6.824546289863065e-05,1.432072016527286e-09
2025-08-07/IMG_9513.JPG,Small,Small,0.0027702106162905693,0.9961081147193909,0.0011217026039958,1.6272874603373566e-08
2025-08-07/IMG_9514.JPG,Small,Small,0.00817109551280737,0.9562294483184814,0.0355764701962471,2.3022457753540948e-05
2025-08-07/IMG_9515.JPG,Small,Small,0.0001893289590952918,0.999542236328125,0.0002684504142962396,4.546376053404799e-10
2025-08-07/IMG_9516.JPG,Small,Small,0.0025993995368480682,0.9971471428871155,0.0002534350787755102,1.0171940623138198e-08
2025-08-07/IMG_9517.JPG,Small,Small,0.0003363883006386459,0.9953924417495728,0.0042711361311376095,1.732343934968128e-09
2025-08-07/IMG_9519.JPG,Small,Small,0.003910879138857126,0.995712399482727,0.000376781914383173,5.255911972312788e-08
2025-08-07/IMG_9522.JPG,Small,Small,0.006736477371305227,0.9707023501396179,0.022533513605594635,2.7633581339614466e-05
2025-08-07/IMG_9523.JPG,Small,Small,1.2975219760846812e-05,0.9994001388549805,0.0005868838634341955,3.595664391231601e-11
2025-08-07/IMG_9524.JPG,Medium,Medium,4.846900992561132e-05,0.02111484669148922,0.9784541130065918,0.00038250378565862775
2025-08-07/IMG_9525.JPG,Medium,Medium,0.00011813878518296406,0.028555693104863167,0.9705848097801208,0.0007414253195747733
2025-08-07/IMG_9528.JPG,Medium,Medium,0.00013441138435155153,0.0073532541282474995,0.9921352863311768,0.0003771375340875238
2025-08-07/IMG_9529.JPG,Medium,Medium,0.00016974082973320037,0.02176700346171856,0.9777048826217651,0.000358492077793926
2025-08-07/IMG_9530.JPG,Small,Small,0.0002824283728841692,0.9853270053863525,0.014389967545866966,6.094745117479761e-07
2025-08-07/IMG_9531.JPG,Medium,Medium,4.446895036380738e-05,0.06518293917179108,0.9347313046455383,4.122990867472254e-05
2025-08-07/IMG_9532.JPG,Medium,Medium,7.000701589277014e-05,0.005227513611316681,0.9936747550964355,0.0010277698747813702
2025-08-07/IMG_9534.JPG,Large,Large,0.002209898317232728,0.00041420263005420566,0.006100275553762913,0.9912756681442261
2025-08-07/IMG_9536.JPG,Very Small,Very Small,0.888952374458313,0.10750032216310501,0.0034896235447376966,5.762009459431283e-05
2025-08-07/IMG_9537.JPG,Medium,Medium,0.0007375736022368073,0.009303002618253231,0.9780600666999817,0.01189940981566906
2025-08-07/IMG_9538.JPG,Large,Large,0.002064741915091872,0.0009499262669123709,0.04169807583093643,0.9552872180938721
2025-08-07/IMG_9539.JPG,Large,Large,0.0018113511614501476,0.000717993127182126,0.029458357021212578,0.9680123329162598
2025-08-07/IMG_9541.JPG,Medium,Medium,3.426729381317273e-05,0.008861836977303028,0.9907518625259399,0.0003520709869917482
2025-08-07/IMG_9542.JPG,Large,Large,0.001548696425743401,0.0005192076205275953,0.018711691722273827,0.9792203903198242
2025-08-07/IMG_9543.JPG,Small,Small,0.03184480965137482,0.9568918943405151,0.011256381869316101,6.953602678549942e-06
2025-08-07/IMG_9544.JPG,Large,Large,0.002534412546083331,0.0014640858862549067,0.027350129559636116,0.9686513543128967
2025-08-07/IMG_9545.JPG,Medium,Medium,2.551200486777816e-05,0.0040450505912303925,0.9948475360870361,0.0010819433955475688
2025-08-07/IMG_9546.JPG,Medium,Medium,9.388772741658613e-05,0.048892997205257416,0.9509634375572205,4.97308028570842e-05
2025-08-07/IMG_9547.JPG,Small,Small,0.0138302743434906,0.9852566123008728,0.0009124198695644736,7.3207922923757e-07
2025-08-07/IMG_9548.JPG,Medium,Medium,0.0002717894676607102,0.012805032543838024,0.9853454232215881,0.0015777986263856292
2025-08-07/IMG_9550.JPG,Small,Small,0.002983903745189309,0.9959184527397156,0.0010976577177643776,3.0401261508217203e-09
2025-08-07/IMG_9551.JPG,Medium,Medium,0.004134983289986849,0.05086404085159302,0.9356611371040344,0.009339842014014721
2025-08-07/IMG_9553.JPG,Large,Large,0.002392957918345928,0.0010566480923444033,0.03544304892420769,0.9611074328422546
2025-08-07/IMG_9555.JPG,Medium,Medium,1.9943096049246378e-05,0.003379752393811941,0.9950659275054932,0.001534400973469019
2025-08-07/IMG_9556.JPG,Very Small,Very Small,0.9998577833175659,0.00014217836724128574,2.387385567015343e-10,5.812253022624558e-12
2025-08-07/IMG_9558.JPG,Small,Small,0.005133491475135088,0.9416559934616089,0.053200863301754,9.673402018961497e-06
2025-08-07/IMG_9559.JPG,Small,Small,0.00562653923407197,0.992644190788269,0.0017292600823566318,4.0084131569528836e-08
2025-08-07/IMG_9561.JPG,Medium,Medium,1.513640472694533e-05,0.0073327310383319855,0.992624819278717,2.7266401957604103e-05
2025-08-07/IMG_9562.JPG,Medium,Medium,7.55671408114722e-06,0.002640016144141555,0.9972414970397949,0.00011092063505202532
2025-08-07/IMG_9564.JPG,Very Small,Very Small,0.9751615524291992,0.02478710561990738,5.026724102208391e-05,1.0471746918483404e-06
2025-08-07/IMG_9571.JPG,Large,Large,0.0015744607662782073,0.00024296824994962662,0.004391990602016449,0.9937905669212341
2025-08-07/IMG_9574.JPG,Large,Large,0.002468193182721734,0.001782055594958365,0.12236082553863525,0.873388946056366
2025-08-07/IMG_9575.JPG,Large,Large,0.0014322592178359628,0.00025768610066734254,0.0064746420830488205,0.9918354749679565
2025-08-07/IMG_9576.JPG,Medium,Medium,0.00015630079724360257,0.014847124926745892,0.9837258458137512,0.0012706893030554056
2025-08-07/IMG_9578.JPG,Large,Large,0.0016866384539753199,0.00046298347297124565,0.01853513903915882,0.9793152809143066
2025-08-07/IMG_9579.JPG,Medium,Medium,4.7978621296351776e-05,0.009323417209088802,0.9902899861335754,0.00033867149613797665
2025-08-07/IMG_9581.JPG,Medium,Medium,0.00026010762667283416,0.014514309354126453,0.978923499584198,0.006302104331552982
2025-08-07/IMG_9583.JPG,Medium,Medium,7.6079718382970896e-06,0.0014129634946584702,0.9981983304023743,0.0003811175702139735
2025-08-07/IMG_9584.JPG,Medium,Medium,6.272849077504361e-06,0.003999172709882259,0.9959803819656372,1.4149112757877447e-05
2025-08-07/IMG_9585.JPG,Large,Large,0.0011686051730066538,0.0003251040761824697,0.012409433722496033,0.9860967993736267
2025-08-07/IMG_9586.JPG,Medium,Medium,0.007314989343285561,0.13874007761478424,0.8511471748352051,0.0027977083809673786
2025-08-07/IMG_9589.JPG,Medium,Medium,0.000780201458837837,0.017390670254826546,0.9766760468482971,0.005153078585863113
2025-08-07/IMG_9590.JPG,Medium,Medium,0.00039569998625665903,0.02813629060983658,0.9682173728942871,0.003250695765018463
2025-08-07/IMG_9593.JPG,Small,Small,0.0018565647769719362,0.9947336912155151,0.0034097060561180115,7.778053756624104e-09
2025-08-07/IMG_9594.JPG,Large,Large,0.0016400788445025682,0.0010494226589798927,0.07634825259447098,0.9209621548652649
2025-08-07/IMG_9595.JPG,Medium,Medium,1.9002003682544455e-05,0.007177069783210754,0.9925906658172607,0.00021324639965314418
2025-08-07/IMG_9597.JPG,Medium,Medium,9.393211257702205e-06,0.0012875661486759782,0.9982715845108032,0.00043139580520801246
2025-08-07/IMG_9598.JPG,Small,Small,0.0006552732666023076,0.9917392730712891,0.007605487480759621,1.505501678877863e-08
2025-08-07/IMG_9599.JPG,Medium,Medium,1.3376826473177061e-06,0.004100811202079058,0.9958930015563965,4.855962288274895e-06
2025-08-07/IMG_9600.JPG,Medium,Medium,9.099307618498642e-08,0.018435832113027573,0.9815639853477478,4.6517261154122025e-09
2025-08-07/IMG_9601.JPG,Very Small,Very Small,0.8838327527046204,0.11614815145730972,1.893865191959776e-05,6.148896147806227e-08
2025-08-07/IMG_9602.JPG,Small,Small,0.0027733868919312954,0.9967392086982727,0.0004873602301813662,2.5695816585624698e-09
2025-08-07/IMG_9603.JPG,Medium,Medium,2.282736346614911e-07,0.004517430905252695,0.9954822063446045,1.6664026247781294e-07
2025-08-07/IMG_9607.JPG,Medium,Medium,3.32353863541357e-07,0.035444118082523346,0.9645555019378662,1.0097756408811165e-08
2025-08-07/IMG_9608.JPG,Large,Large,0.0014807735569775105,0.0002686868538148701,0.005757283419370651,0.9924933314323425
2025-08-07/IMG_9609.JPG,Large,Large,0.0011477177031338215,0.00016448617679998279,0.0035191639326512814,0.9951685667037964
2025-08-07/IMG_9610.JPG,Large,Large,0.0012029118370264769,0.00013308208144735545,0.0020411252044141293,0.9966229200363159
2025-08-07/IMG_9611.JPG,Large,Large,0.0013427651720121503,0.00026412212173454463,0.007107293698936701,0.9912858605384827
2025-08-07/IMG_9614.JPG,Medium,Medium,5.4852812354511116e-06,0.0013260508421808481,0.9984346032142639,0.00023389587295241654
2025-08-07/IMG_9615.JPG,Large,Large,0.0013369227526709437,0.000290319585474208,0.007842259481549263,0.9905304312705994
2025-08-07/IMG_9616.JPG,Large,Large,0.001119116903282702,0.00016813109687063843,0.003577257040888071,0.995135486125946
2025-08-07/IMG_9623.JPG,Large,Large,0.00135606259573251,0.00021246685355436057,0.004353840369731188,0.9940776824951172
2025-08-07/IMG_9625.JPG,Large,Large,0.001253320719115436,0.0006411679787561297,0.05230589956045151,0.9457996487617493
2025-08-07/IMG_9628.JPG,Large,Large,0.0008268639212474227,8.955810335464776e-05,0.0014265382196754217,0.997657060623169
2025-08-07/IMG_9629.JPG,Medium,Medium,1.5765463103889488e-05,0.002702175872400403,0.9965373277664185,0.0007446460076607764
2025-08-07/IMG_9633.JPG,Large,Large,0.0015014909440651536,0.0006965441280044615,0.038983892649412155,0.9588180184364319
2025-08-07/IMG_9634.JPG,Large,Large,0.0013313163071870804,0.0003084292693529278,0.011597875505685806,0.9867623448371887
2025-08-07/IMG_9635.JPG,Large,Large,0.0008738122996874154,0.00023148443142417818,0.008949446491897106,0.9899452328681946
2025-08-07/IMG_9636.JPG,Large,Large,0.0011097189271822572,0.0002153780369553715,0.007644295692443848,0.9910305738449097
2025-08-07/IMG_9637.JPG,Large,Large,0.0012066616909578443,0.00015573711425531656,0.0029137716628611088,0.9957238435745239
2025-08-07/IMG_9638.JPG,Large,Large,0.0012277227360755205,0.00021264614770188928,0.005274694878607988,0.9932849407196045
2025-08-07/IMG_9639.JPG,Large,Large,0.0010975784389302135,0.00037834903923794627,0.015118411742150784,0.9834057092666626
2025-08-07/IMG_9640.JPG,Large,Large,0.0012598746689036489,0.0003302438126411289,0.010888432152569294,0.9875214695930481
2025-08-07/IMG_9641.JPG,Large,Large,0.0012869469355791807,0.0005486456211656332,0.022393876686692238,0.9757704734802246
2025-08-07/IMG_9643.JPG,Large,Large,0.0010050847195088863,0.00014227167412173003,0.00251488178037107,0.9963377714157104
2025-08-07/IMG_9645.JPG,Large,Large,0.0010540911462157965,0.00012065761984558776,0.0023049223236739635,0.9965202808380127
2025-08-07/IMG_9646.JPG,Large,Large,0.0009877867996692657,0.00024311886227224022,0.009847872890532017,0.9889212846755981
2025-08-07/IMG_9652.JPG,Large,Large,0.001668016193434596,0.0004166391445323825,0.012886682525277138,0.9850287437438965
2025-08-07/IMG_9654.JPG,Large,Large,0.0012480573495849967,0.00022165045083966106,0.004680996295064688,0.9938493371009827
2025-08-07/IMG_9655.JPG,Large,Large,0.0010718865087255836,0.00017145612218882889,0.0038785873912274837,0.9948780536651611
2025-08-07/IMG_9656.JPG,Large,Large,0.0012220031348988414,0.00012129732931498438,0.0017259757732972503,0.9969306588172913
2025-08-07/IMG_9658.JPG,Large,Large,0.0012437080731615424,0.00042247015517205,0.01645324006676674,0.9818806648254395
2025-08-07/IMG_9659.JPG,Large,Large,0.0014419613871723413,0.0001722955930745229,0.002463115844875574,0.9959226846694946
2025-08-07/IMG_9660.JPG,Large,Large,0.0017826649127528071,0.0005033363704569638,0.012598895467817783,0.985115110874176
2025-08-07/IMG_9669.JPG,Medium,Medium,0.0004223911964800209,0.04073748365044594,0.9586890935897827,0.00015100471500772983
2025-08-07/IMG_9671.JPG,Large,Large,0.0015259203501045704,0.00047890073619782925,0.01406337134540081,0.9839317798614502
2025-08-07/IMG_9672.JPG,Medium,Medium,0.0016270300839096308,0.05593438073992729,0.9403313994407654,0.002107152482494712
2025-08-07/IMG_9673.JPG,Large,Large,0.0012045915937051177,0.00022562412777915597,0.006057844031602144,0.9925119876861572
2025-08-07/IMG_9674.JPG,Large,Large,0.0011364382226020098,0.00011842782987514511,0.0016682384302839637,0.9970769882202148
2025-08-07/IMG_9675.JPG,Large,Large,0.0011813731398433447,0.0001380980684189126,0.0023662750609219074,0.9963142275810242
2025-08-07/IMG_9678.JPG,Large,Large,0.0012725427513942122,0.0002019032253883779,0.004137516487389803,0.9943880438804626
2025-08-07/IMG_9679.JPG,Large,Large,0.0008327587856911123,0.00016576262714806944,0.005189442075788975,0.993812084197998
2025-08-07/IMG_9681.JPG,Large,Large,0.0011451515601947904,0.00037246776628308,0.011680696159601212,0.9868017435073853
2025-08-07/IMG_9683.JPG,Large,Large,0.0011904221028089523,0.00015187045210041106,0.0021500231232494116,0.9965077042579651
2025-08-07/IMG_9685.JPG,Medium,Medium,1.7913866031449288e-05,0.0020300571341067553,0.9958220720291138,0.002129975473508239
2025-08-07/IMG_9686.JPG,Medium,Medium,6.769719766452909e-05,0.003960726782679558,0.9885645508766174,0.007407031953334808
2025-08-07/IMG_9687.JPG,Large,Large,0.0011280245380476117,0.00013979860523249954,0.0022989073768258095,0.9964332580566406
2025-08-07/IMG_9688.JPG,Large,Large,0.0009129384416155517,0.00015836427337490022,0.003774333279579878,0.9951543807983398
2025-08-07/IMG_9689.JPG,Large,Large,0.0010876914020627737,0.00014396877668332309,0.002930226270109415,0.9958380460739136
2025-08-07/IMG_9693.JPG,Medium,Medium,3.4085053357557626e-06,0.00914821308106184,0.9908360242843628,1.2299458830966614e-05
2025-08-07/IMG_9694.JPG,Medium,Medium,5.798725760541856e-05,0.0016871626721695065,0.9906501770019531,0.007604612037539482
2025-08-07/IMG_9695.JPG,Small,Small,0.003932669758796692,0.9947852492332458,0.001282064593397081,1.4608049880848739e-08
2025-08-07/IMG_9696.JPG,Large,Large,0.001085352385416627,0.00019599063671194017,0.006851288955658674,0.9918673634529114
2025-08-07/IMG_9697.JPG,Large,Large,0.0012313860934227705,0.00016086039249785244,0.002145191887393594,0.9964626431465149
2025-08-07/IMG_9698.JPG,Large,Large,0.001219573779962957,0.0008367962436750531,0.06866497546434402,0.9292786121368408
2025-08-07/IMG_9700.JPG,Large,Large,0.0008655503625050187,0.0006130493129603565,0.0641823336482048,0.9343390464782715
2025-08-07/IMG_9701.JPG,Medium,Medium,2.745406845860998e-06,0.0007460377528332174,0.9989331364631653,0.00031805390608496964
2025-08-07/IMG_9702.JPG,Large,Large,0.0007661463459953666,0.0003142804198432714,0.022529998794198036,0.9763895869255066
2025-08-07/IMG_9704.JPG,Large,Large,0.001643281546421349,0.0010209903120994568,0.043621573597192764,0.9537141919136047
2025-08-07/IMG_9705.JPG,Large,Large,0.0011117593385279179,0.0005709808901883662,0.031981438398361206,0.9663357734680176
2025-08-07/IMG_9706.JPG,Large,Large,0.0011382196098566055,0.0004544950497802347,0.019241612404584885,0.9791656136512756
2025-08-07/IMG_9707.JPG,Medium,Medium,1.3665818187291734e-05,0.0032529712188988924,0.9957748055458069,0.0009585285442881286
2025-08-07/IMG_9709.JPG,Large,Large,0.0011528856121003628,0.0002482965646777302,0.008174790069460869,0.9904239773750305
2025-08-07/IMG_9710.JPG,Large,Large,0.0014844819670543075,0.0005507627502083778,0.04325961321592331,0.9547051787376404
2025-08-07/IMG_9711.JPG,Large,Large,0.0015141780022531748,0.0006674141041003168,0.030805034562945366,0.9670133590698242
2025-08-07/IMG_9712.JPG,Large,Large,0.0007590099703520536,0.00013228334137238562,0.003584321355447173,0.9955244064331055
2025-08-07/IMG_9713.JPG,Large,Large,0.0014660285087302327,0.0004079120990354568,0.014321588911116123,0.9838045239448547
2025-08-07/IMG_9714.JPG,Large,Large,0.0014953805366531014,0.000344531872542575,0.00576773751527071,0.9923923015594482
2025-08-07/IMG_9715.JPG,Medium,Medium,6.159627332635864e-07,0.0006867269985377789,0.9992658495903015,4.6799461415503174e-05
2025-08-07/IMG_9716.JPG,Medium,Medium,3.6042602005181834e-06,0.002070461632683873,0.9976775050163269,0.0002484977594576776
2025-08-07/IMG_9717.JPG,Large,Large,0.0011536525562405586,0.00021842302521690726,0.0053000119514763355,0.9933278560638428
2025-08-22/IMG_0001.JPG,Very Small,Very Small,0.9998717308044434,0.00012827737373299897,1.151876594107648e-09,1.269521571201082e-10
2025-08-22/IMG_0002.JPG,Very Small,Very Small,0.9824251532554626,0.017574070021510124,8.597782539254695e-07,1.4846500029364051e-08
2025-08-22/IMG_0003.JPG,Small,Small,0.009878537617623806,0.9899266958236694,0.00019472790881991386,3.6507369571836534e-08
2025-08-22/IMG_0004.JPG,Small,Small,0.028406556695699692,0.9713796377182007,0.00021387812739703804,4.269136510970384e-08
2025-08-22/IMG_0005.JPG,Very Small,Very Small,0.9814526438713074,0.018547017127275467,3.365994700743613e-07,1.6331235030975222e-08
2025-08-22/IMG_0009.JPG,Very Small,Very Small,0.98965984582901,0.010278107598423958,3.3982392778852955e-05,2.8049076718161814e-05
2025-08-22/IMG_0010.JPG,Small,Small,0.11965042352676392,0.8796722292900085,0.0006759912939742208,1.3161612741896533e-06
2025-08-22/IMG_0011.JPG,Very Small,Very Small,0.9978678226470947,0.0021315868943929672,6.127327196736587e-07,1.6244760203676378e-08
2025-08-22/IMG_0012.JPG,Very Small,Very Small,0.9873136878013611,0.01266308780759573,2.197786125179846e-05,1.2424936812749365e-06
2025-08-22/IMG_0013.JPG,Very Small,Very Small,0.9954700469970703,0.004516487009823322,1.316109046456404e-05,2.7707835670298664e-07
2025-08-22/IMG_0017.JPG,Small,Small,0.0025765234604477882,0.9923518300056458,0.005071308929473162,3.439104716562724e-07
2025-08-22/IMG_0018.JPG,Small,Small,0.0005343215307220817,0.9993466734886169,0.00011903544509550557,2.433594714634779e-10
2025-08-22/IMG_0019.JPG,Very Small,Very Small,0.9464195966720581,0.05350964143872261,6.77401912980713e-05,3.030775587831158e-06
2025-08-22/IMG_0020.JPG,Small,Small,0.002344083972275257,0.9975472092628479,0.00010869750258279964,5.911803491187584e-09
2025-08-22/IMG_0021.JPG,Very Small,Very Small,0.9863761067390442,0.01356133259832859,5.686493750545196e-05,5.603110366791952e-06
2025-08-22/IMG_0023.JPG,Very Small,Very Small,0.9924760460853577,0.007523885928094387,1.750901788000192e-07,5.381628476186506e-09
2025-08-22/IMG_0024.JPG,Small,Small,0.01436463650316,0.981364905834198,0.004270135425031185,4.0605607409816e-07
2025-08-22/IMG_0025.JPG,Small,Small,0.00031210706220008433,0.9996674060821533,2.0437806597328745e-05,2.0804413747299577e-10
2025-08-22/IMG_0027.JPG,Small,Small,0.0007687616744078696,0.9980698227882385,0.0011613890528678894,7.323065709385901e-09
2025-08-22/IMG_0030.JPG,Medium,Medium,0.0001712941302685067,0.10048332810401917,0.8991479277610779,0.0001974008628167212
2025-08-22/IMG_0031.JPG,Small,Small,0.03427210822701454,0.9646579027175903,0.0010692477226257324,7.766240059936536e-07
2025-08-22/IMG_0033.JPG,Small,Small,0.0027164118364453316,0.9963156580924988,0.0009679486975073814,2.8514184791106345e-08
2025-08-22/IMG_0035.JPG,Very Small,Very Small,0.9980455636978149,0.00195366726256907,7.348359645220626e-07,3.338803722385819e-08
2025-08-22/IMG_0036.JPG,Small,Small,0.007937021553516388,0.9919489622116089,0.00011382254160707816,7.940310098319969e-08
2025-08-22/IMG_0037.JPG,Medium,Medium,3.971600017393939e-05,0.06060998514294624,0.9392878413200378,6.235905311768875e-05
2025-08-22/IMG_0038.JPG,Small,Small,0.0006403866573236883,0.9888889193534851,0.01047055795788765,6.269932129043809e-08
2025-08-22/IMG_0041.JPG,Small,Small,0.0004633951175492257,0.9751074910163879,0.024428268894553185,8.303400136355776e-07
2025-08-22/IMG_0042.JPG,Medium,Medium,0.0003354057262185961,0.0642208382487297,0.9349871873855591,0.00045662096817977726
2025-08-22/IMG_0043.JPG,Small,Small,0.0012275517219677567,0.9987227320671082,4.9634189053904265e-05,7.975532456683254e-10
2025-08-22/IMG_0044.JPG,Very Small,Very Small,0.9983707070350647,0.0016290073981508613,2.3633636203612696e-07,5.236298505906234e-08
2025-08-22/IMG_0046.JPG,Very Small,Very Small,0.9963919520378113,0.0036080176942050457,8.035697440789136e-09,2.375699914569651e-10
2025-08-22/IMG_0049.JPG,Small,Small,0.002601478947326541,0.9960646033287048,0.0013339491561055183,6.4491811890832196e-09
2025-08-22/IMG_0051.JPG,Very Small,Very Small,0.9996614456176758,0.00033731141593307257,1.1327980473652133e-06,3.2917153447442615e-08
2025-08-22/IMG_0052.JPG,Small,Small,0.005862105637788773,0.9884486794471741,0.005689162760972977,1.3286391720157553e-07
2025-08-22/IMG_0053.JPG,Small,Small,0.0005661352188326418,0.9993414282798767,9.238633356289938e-05,3.8292113924143223e-10
2025-08-22/IMG_0054.JPG,Small,Small,0.00035073875915259123,0.9972079396247864,0.0024412067141383886,1.6358151810891286e-07
2025-08-22/IMG_0055.JPG,Medium,Medium,0.0012672881130129099,0.05428353324532509,0.9357649683952332,0.008684149943292141
2025-08-22/IMG_0056.JPG,Small,Small,0.030726972967386246,0.9692574143409729,1.5572242773487233e-05,1.0482447798665362e-08
2025-08-22/IMG_0057.JPG,Small,Small,0.0009947167709469795,0.9982801675796509,0.0007251157076098025,1.0949873896493045e-08
2025-08-22/IMG_0058.JPG,Small,Small,0.0011631782399490476,0.9963253140449524,0.002511482685804367,2.5420028748612822e-08
2025-08-22/IMG_0060.JPG,Very Small,Very Small,0.9966115355491638,0.003388495184481144,2.2680886058168426e-09,3.2539068661741055e-11
2025-08-22/IMG_0061.JPG,Medium,Medium,0.017013754695653915,0.33640941977500916,0.6413965225219727,0.005180350039154291
2025-08-22/IMG_0062.JPG,Small,Small,0.0009883109014481306,0.9989349246025085,7.671621278859675e-05,2.8253080430751254e-10
2025-08-22/IMG_0063.JPG,Small,Small,0.006041735876351595,0.9894306659698486,0.004526855424046516,6.847071176707686e-07
2025-08-22/IMG_0064.JPG,Small,Small,0.004953477997332811,0.9949554800987244,9.101760224439204e-05,2.7687294124056905e-10
2025-08-22/IMG_0065.JPG,Small,Small,1.4079842003411613e-05,0.99791020154953,0.0020756435114890337,2.8525165562953703e-10
2025-08-22/IMG_0066.JPG,Small,Small,5.358535054256208e-05,0.9999440908432007,2.370613628954743e-06,2.7585984372995552e-14
2025-08-22/IMG_0068.JPG,Small,Small,0.0002770828432403505,0.9991360306739807,0.0005868547013960779,2.8100211046933055e-10
2025-08-22/IMG_0071.JPG,Very Small,Very Small,0.9996734857559204,0.0003265136037953198,1.3180317282035503e-08,6.941416885730689e-10
2025-08-22/IMG_0072.JPG,Very Small,Very Small,0.9963998794555664,0.0035808375105261803,1.9196502762497403e-05,4.3601541932503096e-08
2025-08-22/IMG_0073.JPG,Small,Small,0.002850900636985898,0.9940453767776489,0.003103310940787196,3.1023205337987747e-07
2025-08-22/IMG_0075.JPG,Small,Small,0.0011859094956889749,0.9985817670822144,0.00023235393746290356,1.446066738575169e-10
2025-08-22/IMG_0076.JPG,Very Small,Very Small,0.9999244213104248,7.558442302979529e-05,1.4624352076553215e-11,1.7426557701212542e-13
2025-08-22/IMG_0077.JPG,Very Small,Very Small,0.9985615611076355,0.0014384498354047537,5.0801258311139463e-08,8.491923830789005e-10
2025-08-22/IMG_0078.JPG,Small,Small,0.0015539639862254262,0.9983595013618469,8.650700328871608e-05,6.3881708811663884e-09
2025-08-22/IMG_0079.JPG,Small,Small,0.007768159732222557,0.9916723370552063,0.0005595104885287583,2.728729464607227e-09
2025-08-22/IMG_0081.JPG,Small,Small,0.017516544088721275,0.9817724227905273,0.0007108419085852802,2.87913593410849e-07
2025-08-22/IMG_0082.JPG,Small,Small,0.00021407967142295092,0.9997512698173523,3.466407360974699e-05,2.755190797731899e-10
2025-08-22/IMG_0084.JPG,Small,Small,6.44851170363836e-05,0.99954754114151,0.00038796913577243686,2.551818756302282e-09
2025-08-22/IMG_0085.JPG,Very Small,Very Small,0.9482634663581848,0.05134852975606918,0.0003827807668130845,5.1783217713818885e-06
2025-08-22/IMG_0086.JPG,Small,Small,0.0015532372053712606,0.9882745742797852,0.01017212774604559,6.062650470539666e-08
2025-08-22/IMG_0087.JPG,Small,Small,0.0003293814370408654,0.9687557220458984,0.030914535745978355,3.0205811185624043e-07
2025-08-22/IMG_0089.JPG,Medium,Medium,2.3677584977122024e-05,0.08590491861104965,0.9140671491622925,4.255038675182732e-06
2025-08-22/IMG_0090.JPG,Small,Small,0.09540165960788727,0.9010947346687317,0.0035022180527448654,1.4290485523815732e-06
2025-08-22/IMG_0091.JPG,Very Small,Very Small,0.9999690055847168,3.1020696042105556e-05,3.150081237524027e-11,1.7123932480322956e-13
2025-08-22/IMG_0092.JPG,Small,Small,0.010684075765311718,0.9874197840690613,0.0018955989507958293,6.382285846484592e-07
2025-08-22/IMG_0094.JPG,Very Small,Very Small,0.9967644214630127,0.0032265938352793455,8.359067578567192e-06,6.661693419118819e-07
2025-08-22/IMG_0098.JPG,Very Small,Very Small,0.9992181062698364,0.000781852810177952,4.136399223142462e-09,3.617897093022293e-10
2025-08-22/IMG_0099.JPG,Very Small,Very Small,0.9987195730209351,0.0012785973958671093,1.8363848539593164e-06,8.335628365330194e-08
2025-08-22/IMG_0100.JPG,Very Small,Very Small,0.9971645474433899,0.002814845647662878,1.9445551515673287e-05,1.0789900670715724e-06
2025-08-22/IMG_0101.JPG,Medium,Medium,0.0005895801004953682,0.05902868136763573,0.9397168755531311,0.0006649119313806295
2025-08-22/IMG_0102.JPG,Very Small,Very Small,0.9970640540122986,0.002910601207986474,2.1187455786275677e-05,4.206752237223554e-06
2025-08-22/IMG_0104.JPG,Small,Small,0.0025240362156182528,0.9967161417007446,0.0007598443189635873,8.768962778127332e-10
2025-08-22/IMG_0106.JPG,Small,Small,0.007037047762423754,0.9907738566398621,0.0021880215499550104,1.0171354460908333e-06
2025-08-22/IMG_0107.JPG,Very Small,Very Small,0.9816001057624817,0.018398907035589218,1.0481102208359516e-06,1.7214736303117206e-08
2025-08-22/IMG_0108.JPG,Very Small,Very Small,0.9918341636657715,0.008163554593920708,2.185549419664312e-06,1.6660231949572335e-07
2025-08-22/IMG_0109.JPG,Small,Small,0.010975434444844723,0.9882678389549255,0.0007567717111669481,5.354081622499507e-08
2025-08-22/IMG_0110.JPG,Very Small,Very Small,0.9969120025634766,0.003025802318006754,3.6088546039536595e-05,2.6095887733390555e-05
2025-08-22/IMG_0111.JPG,Very Small,Very Small,0.996494710445404,0.003475177101790905,2.1643307263730094e-05,8.496066584484652e-06
2025-08-22/IMG_0113.JPG,Small,Small,0.0015779513632878661,0.9981290698051453,0.00029294341220520437,5.136825964591196e-10
2025-08-22/IMG_0116.JPG,Very Small,Very Small,0.9984684586524963,0.001531526679173112,2.8071506008586766e-08,7.205712138080855e-10
2025-08-22/IMG_0117.JPG,Very Small,Very Small,0.9962756633758545,0.0034267802257090807,0.00024415168445557356,5.337120092008263e-05
2025-08-22/IMG_0118.JPG,Medium,Medium,0.00016012144624255598,0.08994297683238983,0.9098421335220337,5.4771862778579816e-05
2025-08-22/IMG_0119.JPG,Very Small,Very Small,0.9910915493965149,0.008903778158128262,4.301882654544897e-06,3.51065068571188e-07
2025-08-22/IMG_0122.JPG,Very Small,Very Small,0.9834040999412537,0.016544794663786888,4.9600927013671026e-05,1.5610684158673394e-06
2025-08-22/IMG_0123.JPG,Small,Small,0.001544340280815959,0.9949368238449097,0.003518755780532956,8.562673770029505e-08
2025-08-22/IMG_0125.JPG,Very Small,Very Small,0.753912627696991,0.24598796665668488,9.835217497311532e-05,1.0756488109109341e-06
2025-08-22/IMG_0126.JPG,Very Small,Very Small,0.9999786615371704,2.110078276018612e-05,1.4614258248002443e-07,7.570700688575016e-08
2025-08-22/IMG_0128.JPG,Very Small,Very Small,0.9968468546867371,0.00315295672044158,8.476381196942384e-08,1.9030377274020793e-09
2025-08-22/IMG_0129.JPG,Very Small,Very Small,0.9896916747093201,0.01030059065669775,7.684102456551045e-06,4.041563883561139e-08
2025-08-22/IMG_0132.JPG,Small,Small,5.023731864639558e-05,0.999270498752594,0.0006792948115617037,9.873435402596442e-10
2025-08-22/IMG_0133.JPG,Small,Small,4.7270386858144775e-06,0.9878343343734741,0.012161003425717354,1.6483916454035352e-09
2025-08-22/IMG_0134.JPG,Medium,Medium,1.2267106285435148e-05,0.03666123002767563,0.9633087515830994,1.776478165993467e-05
2025-08-22/IMG_0135.JPG,Small,Small,0.0005604027537629008,0.9704627394676208,0.028976276516914368,5.351798222363868e-07
2025-08-22/IMG_0137.JPG,Very Small,Very Small,0.9992830157279968,0.0007124244002625346,3.0015116863069125e-06,1.6244806602117023e-06
2025-08-22/IMG_0138.JPG,Very Small,Very Small,0.9995380640029907,0.00046097158337943256,8.605640573478013e-07,1.2753797307141213e-07
2025-08-22/IMG_0139.JPG,Very Small,Very Small,0.9995918869972229,0.0004076133482158184,3.92671381632681e-07,1.0549785400826295e-07
2025-08-22/IMG_0140.JPG,Very Small,Very Small,0.9981924891471863,0.0017998925177380443,5.2183108891767915e-06,2.3546870124846464e-06
2025-08-22/IMG_0141.JPG,Very Small,Very Small,0.9996848106384277,0.000314434728352353,4.4087397554903873e-07,2.4163105649677163e-07
2025-08-22/IMG_0143.JPG,Very Small,Very Small,0.9999090433120728,9.096368012251332e-05,1.075236522041223e-08,4.66817162703137e-09
2025-08-22/IMG_0144.JPG,Very Small,Very Small,0.9994377493858337,0.0005618028808385134,3.9159408515843097e-07,6.21659808075492e-08
2025-08-22/IMG_0146.JPG,Small,Small,3.2962569093797356e-05,0.9469417929649353,0.05302529036998749,4.286918553475516e-08
2025-08-22/IMG_0147.JPG,Medium,Medium,9.194933954859152e-05,0.023002708330750465,0.9763912558555603,0.0005141249275766313
2025-08-22/IMG_0149.JPG,Medium,Medium,8.62835586303845e-05,0.06334207206964493,0.936465322971344,0.00010634648788254708
2025-08-22/IMG_0150.JPG,Small,Small,0.00026058199000544846,0.9909356236457825,0.008803772740066051,5.3056155024933105e-08
2025-08-22/IMG_0153.JPG,Medium,Medium,0.0005357331829145551,0.10150657594203949,0.8977718949317932,0.00018581979384180158
2025-08-22/IMG_0157.JPG,Medium,Medium,3.6748631373484386e-06,0.003006765153259039,0.9967365860939026,0.00025294351507909596
2025-08-22/IMG_0158.JPG,Very Small,Very Small,0.9965687990188599,0.003430373501032591,4.3369854552111065e-07,3.354659270371485e-07
2025-08-22/IMG_0159.JPG,Very Small,Very Small,0.962363064289093,0.037636108696460724,6.562963790202048e-07,1.6564584370826196e-07
2025-08-22/IMG_0162.JPG,Very Small,Very Small,0.9948921203613281,0.005107739940285683,1.0255460836106067e-07,2.4158506306548588e-08
2025-08-22/IMG_0164.JPG,Very Small,Very Small,0.9844269156455994,0.015572880394756794,1.6336088037860463e-07,3.644163371063769e-08
2025-08-22/IMG_0165.JPG,Very Small,Very Small,0.9869197607040405,0.01308009959757328,1.3120718733716785e-07,1.247792624781141e-08
2025-08-22/IMG_0168.JPG,Medium,Medium,5.8869776694336906e-05,0.06302522122859955,0.9367954730987549,0.0001204827640322037
2025-08-22/IMG_0170.JPG,Large,Large,0.001917881891131401,0.0013252398930490017,0.0475630946457386,0.9491937756538391
2025-08-22/IMG_0171.JPG,Medium,Medium,2.513733306841459e-05,0.006548909470438957,0.9908321499824524,0.0025937664322555065
2025-08-22/IMG_0173.JPG,Very Small,Very Small,0.9468818306922913,0.05311111360788345,5.5436107686546165e-06,1.5214574204946985e-06
2025-08-22/IMG_0174.JPG,Small,Small,0.0034149736166000366,0.9951632022857666,0.0014208832290023565,9.888265140034491e-07
2025-08-22/IMG_0175.JPG,Very Small,Very Small,0.9671785831451416,0.03281371295452118,5.3899266276857816e-06,2.25383496399445e-06
2025-08-22/IMG_0178.JPG,Very Small,Very Small,0.9933462142944336,0.0066526662558317184,5.884588745175279e-07,5.482268647938326e-07
2025-08-22/IMG_0179.JPG,Very Small,Very Small,0.9993528723716736,0.0006468473002314568,1.520816255151658e-07,2.10472322237365e-07
2025-08-22/IMG_0180.JPG,Small,Small,0.00024077760463114828,0.9997506737709045,8.551339305995498e-06,5.933371849398128e-11
2025-08-22/IMG_0181.JPG,Small,Small,0.0014724999200552702,0.9985264539718628,9.959956059901742e-07,4.450902146846403e-11
2025-08-22/IMG_0182.JPG,Very Small,Very Small,0.9992644190788269,0.0007355380803346634,2.362358975105394e-09,4.071617487610979e-10
2025-08-22/IMG_0183.JPG,Small,Small,0.0001454428129363805,0.9953161478042603,0.004538374487310648,4.941714593087454e-08
2025-08-22/IMG_0185.JPG,Medium,Medium,0.00010681528510758653,0.024631470441818237,0.973869264125824,0.0013925096718594432
2025-08-22/IMG_0186.JPG,Medium,Medium,4.226079909130931e-06,0.07656455785036087,0.9234240055084229,7.248946076288121e-06
2025-08-22/IMG_0188.JPG,Small,Small,5.454236998048145e-06,0.9999274015426636,6.717203359585255e-05,3.399234452944322e-12
2025-08-22/IMG_0189.JPG,Small,Small,1.8108345329892472e-06,0.9985247254371643,0.0014735115692019463,2.909385059257641e-11
2025-08-22/IMG_0190.JPG,Small,Small,0.00013807164214085788,0.9998164772987366,4.550424637272954e-05,5.0240509669174926e-11
2025-08-22/IMG_0191.JPG,Small,Small,1.6378940870254155e-07,0.9986363053321838,0.0013634912902489305,1.5625040324096506e-12
2025-08-22/IMG_0192.JPG,Small,Small,5.107399374537636e-07,0.9998927116394043,0.00010681548155844212,1.7207167765306841e-12
2025-08-22/IMG_0193.JPG,Small,Small,0.00012213835725560784,0.9997156262397766,0.00016216712538152933,2.636773022146599e-09
2025-08-22/IMG_0194.JPG,Small,Small,1.5916866686893627e-05,0.9984245300292969,0.0015596195589751005,1.1934830901338955e-09
2025-08-22/IMG_0196.JPG,Small,Small,0.0005287597887217999,0.9994440674781799,2.71688295470085e-05,3.3693872691920035e-10
2025-08-22/IMG_0197.JPG,Small,Small,6.833872703282395e-06,0.9980701804161072,0.0019230351317673922,3.3513130048845596e-09
2025-08-22/IMG_0199.JPG,Small,Small,0.001406871946528554,0.9985873699188232,5.811110895592719e-06,1.2167652996275535e-10
2025-08-22/IMG_0200.JPG,Small,Small,6.432641384890303e-06,0.9998980760574341,9.545206557959318e-05,1.318467418576219e-10
2025-08-22/IMG_0201.JPG,Small,Small,0.00139396742451936,0.992715060710907,0.005890862084925175,1.0879682577069616e-07
2025-08-22/IMG_0202.JPG,Small,Small,2.5731843322773784e-08,0.9998509883880615,0.00014891114551573992,1.0978948869824756e-12
2025-08-22/IMG_0203.JPG,Medium,Medium,9.248682886209281e-07,0.012136003002524376,0.9878608584403992,2.214215328422142e-06
2025-08-22/IMG_0204.JPG,Small,Small,2.9009728677920066e-05,0.9999356269836426,3.535556243150495e-05,1.4161756836661432e-11
2025-08-22/IMG_0206.JPG,Medium,Medium,1.1857659956149291e-05,0.06434323638677597,0.9356332421302795,1.1692764928739052e-05
2025-08-22/IMG_0208.JPG,Small,Small,0.00022009643726050854,0.9874217510223389,0.012358201667666435,2.8708445398706317e-08
2025-08-22/IMG_0209.JPG,Very Small,Very Small,0.9494417905807495,0.05055177956819534,6.256498181755887e-06,1.4219061483800033e-07
2025-08-22/IMG_0213.JPG,Very Small,Very Small,0.9959486126899719,0.0039137196727097034,6.45098916720599e-05,7.326203194679692e-05
2025-08-22/IMG_0214.JPG,Medium,Medium,2.0615891116904095e-05,0.13430997729301453,0.8656600713729858,9.329248314315919e-06
2025-08-22/IMG_0215.JPG,Very Small,Very Small,0.9980061650276184,0.0019850872922688723,6.199671133799711e-06,2.539980869187275e-06
2025-08-22/IMG_0217.JPG,Small,Small,0.0001287392369704321,0.9993430972099304,0.0005281477351672947,4.193088543047452e-09
2025-08-22/IMG_0218.JPG,Small,Small,0.0040056598372757435,0.9956194758415222,0.0003746175498235971,1.9226979475206463e-07
2025-08-22/IMG_0219.JPG,Small,Small,1.0820384659382398e-06,0.9954973459243774,0.00450159190222621,7.719866967903499e-10
2025-08-22/IMG_0221.JPG,Very Small,Very Small,0.99854975938797,0.0014377065235748887,4.404214905662229e-06,8.103342224785592e-06
2025-08-22/IMG_0222.JPG,Very Small,Very Small,0.9982619881629944,0.0017374028684571385,3.0836562814329227e-07,2.749165730620007e-07
2025-08-22/IMG_0223.JPG,Small,Small,4.317419006838463e-05,0.9956629872322083,0.004293857607990503,8.265709006138877e-09
2025-08-22/IMG_0224.JPG,Small,Small,5.525881078938255e-06,0.9978867173194885,0.002107806969434023,1.2039350627546241e-09
2025-08-22/IMG_0226.JPG,Small,Small,3.4637189401109936e-06,0.9999953508377075,1.1830271660073777e-06,1.337160633954615e-13
2025-08-22/IMG_0227.JPG,Small,Small,0.0005901819677092135,0.9994097948074341,4.4998995640810335e-09,1.759475540524108e-13
2025-08-22/IMG_0228.JPG,Small,Small,1.9839959009004815e-07,0.999478280544281,0.000521521084010601,1.0624325204322549e-11
2025-08-22/IMG_0229.JPG,Small,Small,0.00040673816693015397,0.9995554089546204,3.781991472351365e-05,1.505974123183762e-09
2025-08-22/IMG_0231.JPG,Small,Small,0.0022165044210851192,0.9977667331695557,1.6786840205895714e-05,5.5227737938423616e-09
2025-08-22/IMG_0233.JPG,Small,Small,4.00834069296252e-05,0.9999598264694214,5.6418755889353633e-08,2.0848208955644848e-13
2025-08-22/IMG_0234.JPG,Very Small,Very Small,0.9821203351020813,0.017877161502838135,1.5062543070598622e-06,1.002584895104519e-06
2025-08-22/IMG_0235.JPG,Very Small,Very Small,0.7456216812133789,0.2543738782405853,4.369082944322145e-06,3.592946740127445e-08
2025-08-22/IMG_0236.JPG,Very Small,Very Small,0.99974125623703,0.0002583824680186808,2.1507950975774293e-07,1.0361302571482156e-07
2025-08-22/IMG_0237.JPG,Very Small,Very Small,0.9932894110679626,0.0067101819440722466,4.2915985432046e-07,8.08455347112158e-09
2025-08-22/IMG_0238.JPG,Very Small,Very Small,0.994602382183075,0.004839426837861538,0.00018344339332543314,0.0003747637674678117
2025-08-22/IMG_0242.JPG,Very Small,Very Small,0.9944837689399719,0.005511934403330088,2.5924266537913354e-06,1.6168177126019145e-06
2025-08-22/IMG_0243.JPG,Very Small,Very Small,0.9957887530326843,0.004208701197057962,1.7538961856189417e-06,8.366169481632824e-07
2025-08-22/IMG_0244.JPG,Small,Small,2.3476282876799814e-05,0.9992328882217407,0.0007436592713929713,6.863019597069808e-10
2025-08-22/IMG_0245.JPG,Small,Small,1.3630721696245018e-05,0.9999864101409912,1.0013814666365306e-08,5.2645106834005653e-14
2025-08-22/IMG_0246.JPG,Small,Small,4.874431169810123e-07,0.9995325803756714,0.000466910598333925,1.4551521446137805e-11
2025-08-22/IMG_0247.JPG,Small,Small,5.406976470112568e-06,0.9999375343322754,5.7045828725676984e-05,1.3817271979355006e-11
2025-08-22/IMG_0248.JPG,Very Small,Very Small,0.9980547428131104,0.0019433023408055305,1.4671585404357756e-06,5.781140544058871e-07
2025-08-22/IMG_0249.JPG,Very Small,Very Small,0.9986972212791443,0.0013027683598920703,5.2067408162770334e-09,1.1791290166485169e-09
2025-08-22/IMG_0250.JPG,Very Small,Very Small,0.9606581330299377,0.03934096172451973,8.381812790503318e-07,1.229809782898883e-07
2025-08-22/IMG_0251.JPG,Very Small,Very Small,0.9967586398124695,0.003233110997825861,3.8119576402095845e-06,4.436199560586829e-06
2025-08-22/IMG_0252.JPG,Small,Small,0.00044480955693870783,0.999550998210907,4.174302830506349e-06,3.032623874243967e-10
2025-08-22/IMG_0254.JPG,Small,Small,1.855468326539267e-05,0.9999727010726929,8.694372809259221e-06,6.363167631695532e-11
2025-08-22/IMG_0255.JPG,Very Small,Very Small,0.9773898720741272,0.022610072046518326,5.09192652486945e-08,3.1691880231221603e-09
2025-08-22/IMG_0256.JPG,Medium,Medium,3.6826388623012463e-06,0.0698392316699028,0.9301533102989197,3.7857257666473743e-06
2025-08-22/IMG_0257.JPG,Medium,Medium,5.532704744837247e-05,0.014520322903990746,0.9839907884597778,0.001433511613868177
2025-08-22/IMG_0258.JPG,Medium,Medium,8.910554242902435e-06,0.005062560085207224,0.9947826266288757,0.00014587437908630818
2025-08-22/IMG_0259.JPG,Very Small,Very Small,0.9979016780853271,0.0020960597321391106,1.3951931805422646e-06,8.684424983584904e-07
2025-08-22/IMG_0261.JPG,Medium,Medium,8.141725515997678e-07,0.01580287143588066,0.9841930270195007,3.2056921099865576e-06
2025-08-22/IMG_0262.JPG,Small,Small,4.158066531090299e-06,0.9995294809341431,0.00046632287558168173,1.5991953594696184e-10
2025-08-22/IMG_0263.JPG,Small,Small,3.2519724300072994e-06,0.9999949932098389,1.730472945382644e-06,4.3980739731531993e-13
2025-08-22/IMG_0264.JPG,Small,Small,1.6187390428967774e-05,0.9998575448989868,0.00012621673522517085,1.8337703577842035e-10
2025-08-22/IMG_0265.JPG,Medium,Medium,7.017821189947426e-05,0.20247799158096313,0.79743492603302,1.6913980289245956e-05
2025-08-22/IMG_0266.JPG,Very Small,Very Small,0.9955457448959351,0.004443725571036339,6.683435913146241e-06,3.873816240229644e-06
2025-08-22/IMG_0267.JPG,Medium,Medium,2.9233617169666104e-05,0.03206188604235649,0.9678587317466736,5.016460636397824e-05
2025-08-22/IMG_0268.JPG,Very Small,Very Small,0.9936275482177734,0.006372140254825354,4.061754452777677e-07,4.817319876337933e-09
2025-08-22/IMG_0269.JPG,Very Small,Very Small,0.998584508895874,0.001414498663507402,6.39027462057129e-07,3.6462671459958074e-07
2025-08-22/IMG_0270.JPG,Small,Small,0.0002427486324450001,0.9997572302818298,7.230517695688832e-08,1.423713469166088e-12
2025-08-22/IMG_0271.JPG,Small,Small,2.201411462010583e-07,0.9998719692230225,0.0001277979026781395,3.414791453076882e-12
2025-08-22/IMG_0272.JPG,Small,Small,7.184900141510298e-07,0.9738300442695618,0.02616923116147518,5.962751403743027e-10
2025-08-22/IMG_0274.JPG,Small,Small,0.00180927908513695,0.997786283493042,0.0004044361412525177,4.0702681225468496e-09
2025-08-22/IMG_0276.JPG,Small,Small,0.0007606557919643819,0.9990715980529785,0.0001676771935308352,1.1370496544316211e-08
2025-08-22/IMG_0278.JPG,Small,Small,1.3920936908107251e-05,0.9998472929000854,0.00013872477575205266,6.888829090501147e-11
2025-08-22/IMG_0279.JPG,Medium,Medium,2.733597284532152e-06,0.013825641013681889,0.9861451387405396,2.6557809178484604e-05
2025-08-22/IMG_0280.JPG,Medium,Medium,3.0402776474147686e-07,0.0057489690370857716,0.9942474365234375,3.188495384165435e-06
2025-08-22/IMG_0281.JPG,Medium,Medium,1.73251646629069e-05,0.033585645258426666,0.9662998914718628,9.721526294015348e-05
2025-08-22/IMG_0283.JPG,Very Small,Very Small,0.971068263053894,0.028930539265275,9.86581312645285e-07,1.8120384481790097e-07
2025-08-22/IMG_0286.JPG,Very Small,Very Small,0.9834723472595215,0.016517478972673416,9.410683560417965e-06,7.880032057983044e-07
2025-08-22/IMG_0289.JPG,Small,Small,0.000990749802440405,0.9979573488235474,0.00105180311948061,1.2713921648810356e-07
2025-08-22/IMG_0290.JPG,Medium,Medium,2.2953347070142627e-05,0.0035562862176448107,0.9944964051246643,0.0019243077840656042
2025-08-22/IMG_0291.JPG,Small,Small,1.5111197171790991e-05,0.9991746544837952,0.0008102369029074907,1.32555999510231e-09
2025-08-22/IMG_0292.JPG,Medium,Medium,1.472929625379038e-06,0.08891323208808899,0.9110851883888245,9.15964193382024e-08
2025-08-22/IMG_0293.JPG,Small,Small,0.005845378618687391,0.9940528273582458,0.00010165676940232515,7.260506862394323e-08
2025-08-22/IMG_0297.JPG,Small,Small,7.258151413225278e-08,0.9999648332595825,3.5087938158540055e-05,1.3191369925644875e-13
2025-08-22/IMG_0298.JPG,Very Small,Very Small,0.9845119714736938,0.015488089062273502,3.8033776128543195e-09,3.9149631453350153e-11
2025-08-22/IMG_0299.JPG,Very Small,Very Small,0.9565310478210449,0.04346852749586105,4.824168513550831e-07,5.5803313081526085e-09
2025-08-22/IMG_0300.JPG,Small,Small,0.0001622195413801819,0.9998346567153931,3.1436370591109153e-06,1.771676555462065e-12
2025-08-22/IMG_9733.JPG,Small,Small,0.0004483739903662354,0.9889373779296875,0.01061420701444149,2.2094271301398294e-08
2025-08-22/IMG_9735.JPG,Very Small,Very Small,0.9758937358856201,0.024105962365865707,2.67926793640072e-07,7.480287222971782e-11
2025-08-22/IMG_9736.JPG,Medium,Medium,1.1047744010284077e-05,0.01780037209391594,0.9821838140487671,4.8496976887690835e-06
2025-08-22/IMG_9738.JPG,Medium,Medium,3.0148159567033872e-05,0.016591155901551247,0.983352541923523,2.6144884031964466e-05
2025-08-22/IMG_9739.JPG,Small,Small,0.00016719783889129758,0.9975208640098572,0.0023119570687413216,6.131782581686451e-11
2025-08-22/IMG_9740.JPG,Very Small,Very Small,0.9956530332565308,0.004346977919340134,3.864043751633517e-09,2.4355775642831423e-12
2025-08-22/IMG_9741.JPG,Small,Small,4.487808109843172e-05,0.9894523620605469,0.010502784512937069,5.441521885862777e-11
2025-08-22/IMG_9742.JPG,Small,Small,0.0017127947648987174,0.996513307094574,0.0017739500617608428,8.752141789081236e-10
2025-08-22/IMG_9743.JPG,Medium,Medium,1.052264360623667e-05,0.00412763562053442,0.9958123564720154,4.9438560381531715e-05
2025-08-22/IMG_9744.JPG,Small,Small,0.0003458167484495789,0.9987830519676208,0.0008710937690921128,1.6212982067997928e-09
2025-08-22/IMG_9746.JPG,Medium,Medium,3.0222340683394577e-06,0.014334140345454216,0.9856607913970947,1.967196112673264e-06
2025-08-22/IMG_9747.JPG,Very Small,Very Small,0.9951251149177551,0.004874678794294596,2.1371330660713284e-07,1.55124424416897e-09
2025-08-22/IMG_9748.JPG,Very Small,Very Small,0.9979175925254822,0.0020821616053581238,2.637008265082841e-07,6.38985397927172e-08
2025-08-22/IMG_9749.JPG,Very Small,Very Small,0.979015588760376,0.02098250575363636,1.8492097524358542e-06,2.4788075592141467e-08
2025-08-22/IMG_9750.JPG,Medium,Medium,1.1337098840158433e-05,0.006589645054191351,0.993320107460022,7.893770089140162e-05
2025-08-22/IMG_9751.JPG,Medium,Medium,4.898277620668523e-05,0.001155212870799005,0.9909043908119202,0.007891364395618439
2025-08-22/IMG_9752.JPG,Medium,Medium,6.382971332641318e-05,0.0025935464072972536,0.9880947470664978,0.00924794003367424
2025-08-22/IMG_9753.JPG,Medium,Medium,7.524396892222285e-07,0.008163942024111748,0.9918339252471924,1.3725657481700182e-06
2025-08-22/IMG_9754.JPG,Very Small,Very Small,0.9973888993263245,0.0026094578206539154,1.0185523251493578e-06,5.967215770397161e-07
2025-08-22/IMG_9755.JPG,Small,Small,0.0032982390839606524,0.926017701625824,0.07067961245775223,4.520908532867907e-06
2025-08-22/IMG_9757.JPG,Small,Small,0.0003231331647839397,0.9905869364738464,0.00908996257930994,1.1907735242289164e-08
2025-08-22/IMG_9759.JPG,Medium,Medium,1.1109043043688871e-05,0.0010058981133624911,0.9982811212539673,0.0007019693148322403
2025-08-22/IMG_9760.JPG,Small,Medium,6.867412594147027e-07,0.40372177958488464,0.5962775349617004,2.492623663030713e-09
2025-08-22/IMG_9762.JPG,Very Small,Very Small,0.9993452429771423,0.0006545954383909702,1.113964103183207e-07,2.6092801252985964e-09
2025-08-22/IMG_9764.JPG,Medium,Medium,0.0008996388642117381,0.014514287002384663,0.9715123772621155,0.013073706068098545
2025-08-22/IMG_9766.JPG,Large,Large,0.001582913100719452,0.0011324881343171,0.07967464625835419,0.9176098704338074
2025-08-22/IMG_9767.JPG,Small,Small,9.030776709550992e-06,0.9959814548492432,0.0040095048025250435,2.273021770804462e-10
2025-08-22/IMG_9768.JPG,Small,Small,3.0913187742953596e-07,0.9997504353523254,0.0002492947387509048,2.763220425042179e-13
2025-08-22/IMG_9769.JPG,Medium,Medium,4.474180457236798e-07,0.021897992119193077,0.978101372718811,2.0035857062339346e-07
2025-08-22/IMG_9770.JPG,Medium,Medium,6.741710762980802e-07,0.001126776565797627,0.9988597631454468,1.2766126928909216e-05
2025-08-22/IMG_9772.JPG,Medium,Medium,1.2518285075202584e-05,0.0365738645195961,0.963401198387146,1.2399316801747773e-05
2025-08-22/IMG_9773.JPG,Medium,Medium,1.3679907169716898e-05,0.02310623973608017,0.9768347144126892,4.545671254163608e-05
2025-08-22/IMG_9774.JPG,Medium,Medium,3.6809387893299572e-06,0.002415406284853816,0.9975308775901794,5.0055015890393406e-05
2025-08-22/IMG_9775.JPG,Very Small,Very Small,0.9634698033332825,0.03652993217110634,2.804835332881339e-07,4.794795227525128e-09
2025-08-22/IMG_9776.JPG,Small,Small,0.00033113561221398413,0.998418927192688,0.0012499074218794703,1.8083811115232606e-09
2025-08-22/IMG_9777.JPG,Medium,Medium,8.312032150570303e-05,0.0017215920379385352,0.9889194369316101,0.009275834076106548
2025-08-22/IMG_9778.JPG,Small,Small,0.006855076178908348,0.9931336641311646,1.1267149602645077e-05,1.545416794535015e-09
2025-08-22/IMG_9779.JPG,Very Small,Very Small,0.9992526173591614,0.0007472292054444551,7.683899383437165e-08,2.765662898696064e-08
2025-08-22/IMG_9780.JPG,Very Small,Very Small,0.9978541731834412,0.0021458235569298267,6.91045576317606e-09,1.1421062984240393e-09
2025-08-22/IMG_9782.JPG,Very Small,Very Small,0.9934766888618469,0.0065169199369847775,5.301884357322706e-06,1.0387839211034589e-06
2025-08-22/IMG_9783.JPG,Medium,Medium,1.5259436167980311e-06,0.035028137266635895,0.9649694561958313,9.284595421377162e-07
2025-08-22/IMG_9784.JPG,Medium,Medium,2.7539294023881666e-05,0.031654663383960724,0.9683077931404114,9.990750186261721e-06
2025-08-22/IMG_9785.JPG,Small,Small,9.310751011071261e-06,0.9981099367141724,0.0018807922024279833,8.080814663247171e-12
2025-08-22/IMG_9786.JPG,Medium,Medium,0.00024382265110034496,0.1293099820613861,0.8703587055206299,8.742902718950063e-05
2025-08-22/IMG_9787.JPG,Very Small,Very Small,0.9993096590042114,0.0006896379636600614,5.339982749319461e-07,2.5905745815180126e-07
2025-08-22/IMG_9788.JPG,Very Small,Very Small,0.9999253749847412,7.459342305082828e-05,4.306747847238057e-09,2.975309998376474e-09
2025-08-22/IMG_9791.JPG,Small,Small,1.6413272305726423e-06,0.9995003938674927,0.0004979796940460801,2.812780607389098e-12
2025-08-22/IMG_9792.JPG,Very Small,Very Small,0.9998666048049927,0.0001334001572104171,2.8278918762225658e-08,1.7787524342338656e-08
2025-08-22/IMG_9793.JPG,Small,Small,0.003188306698575616,0.9962789416313171,0.0005327216349542141,6.217615311499003e-10
2025-08-22/IMG_9795.JPG,Small,Small,0.00487983413040638,0.9949840307235718,0.00013609990128315985,9.811543799642664e-10
2025-08-22/IMG_9797.JPG,Small,Small,7.902762035882915e-07,0.9676216244697571,0.03237760066986084,4.1522185689757407e-10
2025-08-22/IMG_9798.JPG,Medium,Medium,2.4563253191445256e-06,0.0032662050798535347,0.9966841340065002,4.714462920674123e-05
2025-08-22/IMG_9799.JPG,Small,Small,0.002865214366465807,0.997040331363678,9.445649629924446e-05,2.8000988194776255e-09
2025-08-22/IMG_9802.JPG,Small,Small,0.002235875464975834,0.9967905879020691,0.0009734988561831415,4.710857481882158e-09
2025-08-22/IMG_9803.JPG,Medium,Medium,3.898967122495378e-07,0.017635297030210495,0.9823640584945679,2.795190710003226e-07
2025-08-22/IMG_9804.JPG,Very Small,Very Small,0.9988711476325989,0.001128263771533966,3.7507601291508763e-07,2.2263245114118035e-07
2025-08-22/IMG_9805.JPG,Medium,Medium,6.578119064215571e-05,0.009547846391797066,0.9898386001586914,0.0005477780941873789
2025-08-22/IMG_9807.JPG,Very Small,Very Small,0.9888200163841248,0.011177966371178627,1.9323977085150545e-06,9.578894122341808e-08
2025-08-22/IMG_9810.JPG,Large,Large,0.0011303420178592205,0.0001582594559295103,0.00419383030384779,0.9945175051689148
2025-08-22/IMG_9811.JPG,Medium,Medium,9.757347470440436e-06,0.01962493360042572,0.9803345203399658,3.0802788387518376e-05
2025-08-22/IMG_9812.JPG,Large,Large,0.000988038256764412,0.0004335159028414637,0.02774983085691929,0.970828652381897
2025-08-22/IMG_9813.JPG,Medium,Medium,0.0003802771680057049,0.004677826073020697,0.9789606332778931,0.015981176868081093
2025-08-22/IMG_9815.JPG,Large,Large,0.0010721293510869145,0.00015626942331437021,0.003752219257876277,0.9950194358825684
2025-08-22/IMG_9816.JPG,Very Small,Very Small,0.9999566078186035,4.336210622568615e-05,3.042700669197984e-08,2.0051045268587586e-08
2025-08-22/IMG_9817.JPG,Very Small,Very Small,0.9927279949188232,0.007266451139003038,5.474654699355597e-06,1.5979743750449416e-07
2025-08-22/IMG_9818.JPG,Medium,Medium,5.275392686598934e-05,0.001589383464306593,0.9915928840637207,0.006765023339539766
2025-08-22/IMG_9820.JPG,Medium,Medium,9.889945431496017e-06,0.001360786147415638,0.9985063672065735,0.0001229056651936844
2025-08-22/IMG_9822.JPG,Large,Large,0.0008172243251465261,0.000100370729342103,0.0021500657312572002,0.9969322681427002
2025-08-22/IMG_9823.JPG,Large,Large,0.000985019258223474,0.00012930356024298817,0.0036792971659451723,0.9952062964439392
2025-08-22/IMG_9827.JPG,Large,Large,0.0009991638362407684,0.000137616996653378,0.0024910501670092344,0.9963721036911011
2025-08-22/IMG_9832.JPG,Large,Large,0.0012510605156421661,0.00016144519031513482,0.002738469745963812,0.9958490133285522
2025-08-22/IMG_9833.JPG,Small,Small,0.00015757278015371412,0.9976307153701782,0.002211662707850337,2.3240143143254954e-09
2025-08-22/IMG_9834.JPG,Medium,Medium,4.557663487503305e-05,0.01712057925760746,0.9827379584312439,9.594035509508103e-05
2025-08-22/IMG_9835.JPG,Medium,Medium,1.183296353701735e-05,0.0012069432996213436,0.9981403350830078,0.0006409849738702178
2025-08-22/IMG_9837.JPG,Medium,Medium,1.1361929864506237e-05,0.010751300491392612,0.9892145991325378,2.280926491948776e-05
2025-08-22/IMG_9839.JPG,Medium,Medium,2.5643748813308775e-05,0.0024630725383758545,0.9913989305496216,0.006112405098974705
2025-08-22/IMG_9840.JPG,Medium,Medium,0.00030608446104452014,0.020595785230398178,0.9755303859710693,0.0035678225103765726
2025-08-22/IMG_9842.JPG,Medium,Medium,2.0529853372863727e-06,0.0009916682029142976,0.9989330172538757,7.323713361984119e-05
2025-08-22/IMG_9843.JPG,Large,Large,0.001120478380471468,0.0001370395766571164,0.0021715571638196707,0.9965708255767822
2025-08-22/IMG_9844.JPG,Large,Large,0.0011054828064516187,0.00010799623123602942,0.0016044264193624258,0.9971821308135986
2025-08-22/IMG_9845.JPG,Large,Large,0.0010163011029362679,0.00010176694195251912,0.001553274574689567,0.9973286390304565
2025-08-22/IMG_9846.JPG,Large,Large,0.001136526931077242,0.00012927445641253144,0.0018132567638531327,0.9969209432601929
2025-08-22/IMG_9847.JPG,Large,Large,0.001046086777932942,0.00012333049380686134,0.0016361551824957132,0.9971944093704224
2025-08-22/IMG_9848.JPG,Medium,Medium,1.2996883924643043e-06,0.0029072288889437914,0.997077226638794,1.4202379134076182e-05
2025-08-22/IMG_9849.JPG,Medium,Medium,1.0805958481796551e-05,0.003324854653328657,0.9961475133895874,0.0005168563220649958
2025-08-22/IMG_9851.JPG,Very Small,Very Small,0.9999127388000488,8.722075290279463e-05,2.567664525443547e-09,1.590466092160625e-09
2025-08-22/IMG_9853.JPG,Medium,Medium,1.3154368389223237e-05,0.017243642359972,0.9827100038528442,3.326318255858496e-05
2025-08-22/IMG_9854.JPG,Large,Large,0.0010070704156532884,0.00027035147650167346,0.00888220127671957,0.9898403286933899
2025-08-22/IMG_9855.JPG,Large,Large,0.00178982550278306,0.0014005866833031178,0.07327475398778915,0.9235348105430603
2025-08-22/IMG_9856.JPG,Large,Large,0.0018439488485455513,0.000773485517129302,0.027572767809033394,0.969809889793396
2025-08-22/IMG_9859.JPG,Large,Large,0.004620097577571869,0.0013586669228971004,0.03419532999396324,0.9598259329795837
2025-08-22/IMG_9860.JPG,Large,Large,0.0019258332904428244,0.00043815546086989343,0.007759124971926212,0.989876925945282
2025-08-22/IMG_9861.JPG,Small,Small,4.793321295437636e-07,0.9985558390617371,0.0014436988858506083,5.622145544253998e-12
2025-08-22/IMG_9863.JPG,Small,Small,0.0030927599873393774,0.9968144297599792,9.281482925871387e-05,2.4498625350588554e-09
2025-08-22/IMG_9864.JPG,Medium,Medium,4.725664621219039e-05,0.034303177148103714,0.9655593633651733,9.00911254575476e-05
2025-08-22/IMG_9865.JPG,Very Small,Very Small,0.9991698265075684,0.0008301763446070254,2.953946598438506e-08,2.276101973563982e-09
2025-08-22/IMG_9866.JPG,Small,Small,0.0005269037210382521,0.9988582134246826,0.0006148802931420505,2.5753787991078525e-09
2025-08-22/IMG_9870.JPG,Large,Large,0.0008232693071477115,0.00013934174785390496,0.0046075028367340565,0.994429886341095
2025-08-22/IMG_9871.JPG,Large,Large,0.0011706671211868525,0.0005946169840171933,0.06841998547315598,0.9298146963119507
2025-08-22/IMG_9872.JPG,Large,Large,0.0015254104509949684,0.0006246400298550725,0.028447670862078667,0.9694023728370667
2025-08-22/IMG_9875.JPG,Small,Small,0.001443254528567195,0.9910743832588196,0.007482252083718777,9.877061302177026e-08
2025-08-22/IMG_9878.JPG,Very Small,Very Small,0.9928123354911804,0.0071786148473620415,6.830011443526018e-06,2.2414819795812946e-06
2025-08-22/IMG_9881.JPG,Very Small,Very Small,0.9935451745986938,0.006452019792050123,2.0537079308269313e-06,8.377561471206718e-07
2025-08-22/IMG_9882.JPG,Small,Small,0.000414310023188591,0.9995834231376648,2.2886667920829495e-06,5.731441363177048e-11
2025-08-22/IMG_9885.JPG,Medium,Medium,4.1513103496981785e-06,0.008660735562443733,0.9913076758384705,2.7429292458691634e-05
2025-08-22/IMG_9886.JPG,Small,Small,7.840641046641394e-05,0.9957640171051025,0.0041575380600988865,6.023828547085941e-09
2025-08-22/IMG_9887.JPG,Medium,Medium,2.71679573415895e-06,0.08167143911123276,0.9183254241943359,3.866059330448479e-07
2025-08-22/IMG_9889.JPG,Small,Small,0.00028207903960719705,0.9985747337341309,0.0011431443272158504,2.256592246396849e-09
2025-08-22/IMG_9890.JPG,Small,Small,0.0001796841825125739,0.9997984766960144,2.1838135580765083e-05,1.923721251739785e-11
2025-08-22/IMG_9891.JPG,Small,Small,0.000585433270316571,0.9993910789489746,2.3517246518167667e-05,1.7763049364738492e-10
2025-08-22/IMG_9892.JPG,Small,Small,4.6644154849673214e-07,0.9999995231628418,5.5470575688332247e-08,2.049993035296415e-14
2025-08-22/IMG_9893.JPG,Small,Small,0.003328383434563875,0.9950150847434998,0.0016565389232710004,5.701699379301317e-08
2025-08-22/IMG_9894.JPG,Small,Small,2.738335751928389e-06,0.9999872446060181,1.0062919500342105e-05,7.960359259782945e-13
2025-08-22/IMG_9895.JPG,Small,Small,3.2872819133444864e-07,0.9997751116752625,0.0002246106741949916,4.783029983364273e-13
2025-08-22/IMG_9897.JPG,Small,Small,0.0003106248623225838,0.9996832609176636,6.129328085080488e-06,5.2363380992348496e-11
2025-08-22/IMG_9898.JPG,Small,Small,0.0017913992051035166,0.9982074499130249,1.095368361347937e-06,1.7141779315443806e-11
2025-08-22/IMG_9899.JPG,Small,Small,0.0005278923199512064,0.9994662404060364,5.839178811584134e-06,8.336997064928298e-11
2025-08-22/IMG_9903.JPG,Small,Small,4.689205823638076e-08,0.9994300007820129,0.0005699276807717979,1.1985785898938756e-13
2025-08-22/IMG_9904.JPG,Small,Small,0.00010464763909112662,0.9998537302017212,4.165435166214593e-05,8.639809007116028e-11
2025-08-22/IMG_9905.JPG,Small,Small,2.5091643692576326e-05,0.9999741315841675,7.391926146738115e-07,6.036801917727597e-13
2025-08-22/IMG_9907.JPG,Small,Small,6.2148619690560736e-06,0.9999593496322632,3.4456472349120304e-05,2.1953703503545252e-13
2025-08-22/IMG_9908.JPG,Small,Small,5.835735805703735e-07,0.9918897747993469,0.00810960866510868,3.537577869527908e-11
2025-08-22/IMG_9909.JPG,Small,Small,1.608153752385988e-07,0.99947589635849,0.0005239885649643838,4.4855173178190433e-13
2025-08-22/IMG_9910.JPG,Very Small,Very Small,0.9983043670654297,0.0016936247702687979,1.8639949530552258e-06,1.4439257256526616e-07
2025-08-22/IMG_9911.JPG,Small,Small,0.0056218733079731464,0.9938856959342957,0.0004923871601931751,1.420393314077728e-08
2025-08-22/IMG_9912.JPG,Small,Small,0.006281739566475153,0.9917969703674316,0.0019211794715374708,8.728956402137555e-08
2025-08-22/IMG_9914.JPG,Very Small,Very Small,0.9985663294792175,0.001433691242709756,4.676954379334575e-09,2.4576883930760296e-11
2025-08-22/IMG_9916.JPG,Small,Small,0.00364016555249691,0.9963164329528809,4.331874879426323e-05,6.617095760219627e-11
2025-08-22/IMG_9917.JPG,Small,Small,0.018352994695305824,0.9816416501998901,5.335695277608465e-06,1.2479979272228547e-09
2025-08-22/IMG_9918.JPG,Very Small,Very Small,0.9993119239807129,0.0006880579749122262,8.915635341111283e-09,4.73032613079738e-10
2025-08-22/IMG_9920.JPG,Very Small,Very Small,0.987025797367096,0.012969965115189552,4.133927632210543e-06,4.834350875171367e-08
2025-08-22/IMG_9921.JPG,Very Small,Very Small,0.9996923208236694,0.0003077287401538342,9.209032647561344e-09,1.3709716695231577e-09
2025-08-22/IMG_9922.JPG,Very Small,Very Small,0.9975530505180359,0.0024469445925205946,5.1131792133674026e-08,6.998528867541154e-09
2025-08-22/IMG_9923.JPG,Small,Small,0.007000187411904335,0.9916776418685913,0.0013217274099588394,4.7348942189273657e-07
2025-08-22/IMG_9925.JPG,Very Small,Very Small,0.9962841868400574,0.0037149309646338224,8.272530749309226e-07,7.195305329332768e-08
2025-08-22/IMG_9927.JPG,Very Small,Very Small,0.9956586360931396,0.004241258837282658,8.394910400966182e-05,1.6219240933423862e-05
2025-08-22/IMG_9929.JPG,Very Small,Very Small,0.9990057349205017,0.0009885068284347653,5.1843221626768354e-06,5.85126031182881e-07
2025-08-22/IMG_9930.JPG,Very Small,Very Small,0.9999804496765137,1.9600325686042197e-05,2.8820979890847864e-12,2.433680427321727e-13
2025-08-22/IMG_9931.JPG,Very Small,Very Small,0.9998295307159424,0.00017043603293132037,4.200395586906325e-10,1.2285485129215346e-10
2025-08-22/IMG_9932.JPG,Very Small,Very Small,0.99986732006073,0.00013270010822452605,1.0342452588796291e-10,8.874029115701898e-12
2025-08-22/IMG_9936.JPG,Very Small,Very Small,0.9987106323242188,0.0012894179672002792,3.7557992826897646e-10,4.087895386778451e-12
2025-08-22/IMG_9937.JPG,Small,Small,0.0008373720338568091,0.9990907907485962,7.182324043242261e-05,5.388072765732943e-10
2025-08-22/IMG_9938.JPG,Very Small,Very Small,0.9984316229820251,0.0015683097299188375,4.724124647026429e-09,2.925746103721316e-11
2025-08-22/IMG_9939.JPG,Small,Small,0.007848063483834267,0.9920935034751892,5.842052632942796e-05,1.4871119960457868e-11
2025-08-22/IMG_9940.JPG,Small,Small,0.00017476666835136712,0.9913749098777771,0.008450285531580448,3.5976848167251774e-09
2025-08-22/IMG_9941.JPG,Small,Small,0.0021756303030997515,0.9978162050247192,8.106460882117972e-06,2.1937196850729812e-11
2025-08-22/IMG_9942.JPG,Small,Small,0.03871111571788788,0.9609519839286804,0.0003367191820871085,2.3704765794718696e-07
2025-08-22/IMG_9944.JPG,Very Small,Very Small,0.9969249367713928,0.003074772423133254,1.79247791720627e-07,3.136866988384668e-09
2025-08-22/IMG_9945.JPG,Very Small,Very Small,0.9864566326141357,0.013542762026190758,5.721811930925469e-07,3.279215832208138e-08
2025-08-22/IMG_9946.JPG,Very Small,Very Small,0.9999691247940063,3.087248114752583e-05,4.128456951302262e-11,3.855857039908317e-12
2025-08-22/IMG_9947.JPG,Very Small,Very Small,0.9797331094741821,0.020266911014914513,2.6485603044079653e-08,7.950198138706455e-11
2025-08-22/IMG_9949.JPG,Small,Small,0.009710563346743584,0.9899570345878601,0.00033241554046981037,5.3464322746776816e-08
2025-08-22/IMG_9950.JPG,Small,Small,4.015099875687156e-06,0.9999113082885742,8.461884135613218e-05,1.7002722743197224e-13
2025-08-22/IMG_9951.JPG,Very Small,Very Small,0.9974453449249268,0.0025546785909682512,2.0175171755454357e-08,1.0726092236623685e-09
2025-08-22/IMG_9952.JPG,Very Small,Very Small,0.9998062252998352,0.00019385166524443775,9.661476063627106e-09,1.4537090975430544e-10
2025-08-22/IMG_9954.JPG,Very Small,Very Small,0.9997677206993103,0.00023224641336128116,2.545865740444242e-09,1.1632535212857675e-11
2025-08-22/IMG_9956.JPG,Small,Small,0.00575582729652524,0.9934002161026001,0.0008439126540906727,1.7263840845771483e-07
2025-08-22/IMG_9958.JPG,Very Small,Very Small,0.9980666041374207,0.0019316718680784106,1.6890860479179537e-06,4.687652221946337e-08
2025-08-22/IMG_9959.JPG,Very Small,Very Small,0.9999977350234985,2.2495353277918184e-06,3.2280864179640156e-12,6.006553761317424e-13
2025-08-22/IMG_9961.JPG,Very Small,Very Small,0.9999864101409912,1.3609718735096976e-05,1.281869402292024e-11,1.294060887092885e-12
2025-08-22/IMG_9962.JPG,Very Small,Very Small,0.9952549934387207,0.00474506476894021,1.0744533263107314e-08,3.933255804389191e-11
2025-08-22/IMG_9963.JPG,Small,Small,0.03636999800801277,0.9636284112930298,1.5592783029205748e-06,3.256129046946832e-11
2025-08-22/IMG_9967.JPG,Very Small,Very Small,0.9814954400062561,0.018504394218325615,1.312099442429826e-07,2.639412244320738e-09
2025-08-22/IMG_9968.JPG,Very Small,Very Small,0.9993081092834473,0.0006918595172464848,1.975490951378056e-11,6.315394171160782e-13
2025-08-22/IMG_9971.JPG,Small,Small,0.00027477688854560256,0.9997020363807678,2.3120259356801398e-05,3.891003491629519e-11
2025-08-22/IMG_9972.JPG,Very Small,Very Small,0.9856861233711243,0.01431150734424591,2.3484537905460456e-06,1.4312296237051214e-08
2025-08-22/IMG_9973.JPG,Very Small,Very Small,0.9961919784545898,0.0038076729979366064,3.11653622020458e-07,2.912051488834777e-09
2025-08-22/IMG_9976.JPG,Small,Small,0.00963860098272562,0.9899848699569702,0.00037625376717187464,2.5401860170859436e-07
2025-08-22/IMG_9977.JPG,Very Small,Very Small,0.9996058344841003,0.00039420381654053926,2.3403980975444938e-08,1.4269768700003738e-09
2025-08-22/IMG_9979.JPG,Very Small,Very Small,0.9929083585739136,0.007082768250256777,8.792046173766721e-06,1.7551025166540057e-07
2025-08-22/IMG_9981.JPG,Small,Small,0.009124601259827614,0.9904850721359253,0.0003903194738086313,3.0412388163369997e-09
2025-08-22/IMG_9982.JPG,Very Small,Very Small,0.9949339032173157,0.005066125653684139,5.873160624503271e-09,1.879125154091721e-11
2025-08-22/IMG_9983.JPG,Very Small,Very Small,0.9999964237213135,3.536119947966654e-06,1.0708432431798601e-13,4.480322329228261e-15
2025-08-22/IMG_9984.JPG,Very Small,Very Small,0.9998825788497925,0.00011741765047190711,3.9142175611850405e-11,9.665641767866995e-13
2025-08-22/IMG_9985.JPG,Very Small,Very Small,0.9955453872680664,0.004454630892723799,4.407615961099509e-08,3.774838219783305e-09
2025-08-22/IMG_9986.JPG,Very Small,Very Small,0.9991747736930847,0.0008247182122431695,3.9013997366055264e-07,1.0703811170742483e-07
2025-08-22/IMG_9987.JPG,Very Small,Very Small,0.9742267727851868,0.025758635252714157,1.4317725799628533e-05,2.826923548582272e-07
2025-08-22/IMG_9988.JPG,Small,Small,0.0020358418114483356,0.9971436858177185,0.0008204752230085433,8.672524920427804e-09
2025-08-22/IMG_9990.JPG,Small,Small,0.0032074544578790665,0.9967526793479919,3.989328251918778e-05,1.1771333907617532e-10
2025-08-22/IMG_9991.JPG,Very Small,Very Small,0.9997723698616028,0.00022768416965845972,3.811494408978433e-08,7.742279706235422e-09
2025-08-22/IMG_9993.JPG,Very Small,Very Small,0.9702136516571045,0.029751045629382133,3.203772575943731e-05,3.2378595733462134e-06
2025-08-22/IMG_9994.JPG,Very Small,Very Small,0.9973636269569397,0.0026340230833739042,2.1932403342361795e-06,1.7458985723806109e-07
2025-08-22/IMG_9996.JPG,Small,Small,0.0010298147099092603,0.9985843896865845,0.0003858149575535208,1.6182516660023794e-08
2025-08-22/IMG_9998.JPG,Very Small,Very Small,0.9770256280899048,0.022973036393523216,1.2790235359716462e-06,1.1038997627110803e-07
2025-08-22/IMG_9999.JPG,Very Small,Very Small,0.9986445307731628,0.0013545118272304535,9.11715176243888e-07,1.762164636431862e-08
2025-09-29/IMG_1672.JPG,Small,Small,0.0005564242019318044,0.999442994594574,5.349789944375516e-07,9.498028448809426e-13
2025-09-29/IMG_1673.JPG,Small,Small,0.015567226335406303,0.9844210147857666,1.1786127288360149e-05,2.409648036660883e-10
2025-09-29/IMG_1674.JPG,Small,Small,4.91768787469482e-07,0.9997005462646484,0.0002990283537656069,1.3787580831810947e-13
2025-09-29/IMG_1675.JPG,Medium,Medium,0.0002682931371964514,0.009646332822740078,0.9889928698539734,0.0010925005190074444
2025-09-29/IMG_1677.JPG,Small,Small,4.599150634021498e-05,0.9983867406845093,0.0015672390582039952,2.0416448046067792e-11
2025-09-29/IMG_1678.JPG,Small,Small,3.418522828724235e-05,0.999920129776001,4.5665256038773805e-05,1.538716550009145e-11
2025-09-29/IMG_1679.JPG,Medium,Medium,1.5076072941155871e-06,0.01869194023311138,0.981306254863739,2.966529564218945e-07
2025-09-29/IMG_1681.JPG,Medium,Medium,4.58620888821315e-06,0.000729589955881238,0.999091386795044,0.00017432754975743592
2025-09-29/IMG_1684.JPG,Medium,Medium,2.42382452597667e-06,0.03736469894647598,0.962632417678833,4.1894131186381856e-07
2025-09-29/IMG_1685.JPG,Very Small,Very Small,0.9895609617233276,0.010436288081109524,2.419450311208493e-06,2.803357119773864e-07
2025-09-29/IMG_1688.JPG,Very Small,Very Small,0.9993075132369995,0.0006925067282281816,6.0677214364091014e-09,1.1906005348283344e-10
2025-09-29/IMG_1689.JPG,Very Small,Very Small,0.9910088181495667,0.008989987894892693,1.14390002181608e-06,7.73265895759323e-09
2025-09-29/IMG_1690.JPG,Medium,Medium,7.634284884261433e-06,0.015251333825290203,0.9847344160079956,6.601525910809869e-06
2025-09-29/IMG_1691.JPG,Medium,Medium,8.721284757484682e-06,0.0006276128115132451,0.9990248680114746,0.0003388076729606837
2025-09-29/IMG_1692.JPG,Medium,Medium,4.3277205463709834e-07,0.0038131701294332743,0.9961854815483093,8.118656182887207e-07
2025-09-29/IMG_1693.JPG,Medium,Medium,6.9055909079907e-07,0.02889510616660118,0.971104085445404,1.0316355059103444e-07
2025-09-29/IMG_1697.JPG,Medium,Medium,5.146726834936999e-05,0.04942503944039345,0.9505206346511841,2.8943641154910438e-06
2025-09-29/IMG_1699.JPG,Medium,Medium,6.294940817497263e-07,0.01664060354232788,0.9833586812019348,1.2403313576214714e-07
2025-09-29/IMG_1700.JPG,Small,Small,3.892925633408595e-06,0.9998595714569092,0.00013651192421093583,1.0072765104646164e-12
2025-09-29/IMG_1701.JPG,Small,Small,0.0009926437633112073,0.9986910223960876,0.000316297315293923,4.3420506079527854e-10
2025-09-29/IMG_1702.JPG,Very Small,Very Small,0.9989743232727051,0.0010256808018311858,3.97719079892056e-10,2.0265416948717085e-12
2025-09-29/IMG_1703.JPG,Very Small,Very Small,0.9995335340499878,0.00046654383186250925,3.147103022627107e-09,2.9019110031613948e-11
2025-09-29/IMG_1704.JPG,Medium,Medium,1.1256647667323705e-05,0.014247654937207699,0.9857266545295715,1.4439932783716358e-05
2025-09-29/IMG_1705.JPG,Very Small,Very Small,0.9991974234580994,0.0008021421963348985,3.6986415352657787e-07,1.3082127736652183e-07
2025-09-29/IMG_1706.JPG,Medium,Medium,2.458357994328253e-05,0.01811257004737854,0.9818440079689026,1.8889713828684762e-05
2025-09-29/IMG_1707.JPG,Small,Small,0.0004981230013072491,0.9994910955429077,1.0715127245930489e-05,3.978290266659634e-11
2025-09-29/IMG_1708.JPG,Small,Small,0.0007186010479927063,0.9992714524269104,9.91403703665128e-06,5.3848592251881655e-12
2025-09-29/IMG_1709.JPG,Small,Small,4.216553577407467e-07,0.9967395663261414,0.0032600569538772106,1.9537587693518876e-12
2025-09-29/IMG_1710.JPG,Medium,Medium,2.939601245088852e-06,0.010047004558146,0.9899488687515259,1.2183232911411324e-06
2025-09-29/IMG_1711.JPG,Very Small,Very Small,0.9998279809951782,0.0001719677384244278,6.7809984294342485e-09,1.6886002596194771e-09
2025-09-29/IMG_1712.JPG,Small,Small,0.0001161867767223157,0.9976650476455688,0.002218730514869094,1.343600453118654e-09
2025-09-29/IMG_1713.JPG,Medium,Medium,3.7517587770707905e-05,0.05981466546654701,0.9401424527168274,5.315171165420907e-06
2025-09-29/IMG_1714.JPG,Medium,Medium,2.905113944962068e-07,0.0031843180768191814,0.9968153834342957,1.1777100894505566e-07
2025-09-29/IMG_1715.JPG,Very Small,Very Small,0.9993442893028259,0.0006556406733579934,6.717444933634908e-10,6.972854238451731e-11
2025-09-29/IMG_1716.JPG,Very Small,Very Small,0.9954118132591248,0.004588049370795488,8.048125721416e-08,4.3947562256008155e-10
2025-09-29/IMG_1717.JPG,Medium,Medium,1.379622631247912e-06,0.028314176946878433,0.9716843366622925,7.001598589795321e-08
2025-09-29/IMG_1718.JPG,Small,Small,0.01883717253804207,0.980511486530304,0.0006513444241136312,2.4267931664212483e-08
2025-09-29/IMG_1719.JPG,Very Small,Very Small,0.9996531009674072,0.00034687406150624156,1.0317551257799096e-08,3.3739717686387394e-09
2025-09-29/IMG_1720.JPG,Small,Small,0.03126565366983414,0.9681529998779297,0.0005811327719129622,2.1932680738245836e-07
2025-09-29/IMG_1721.JPG,Very Small,Very Small,0.9995386600494385,0.0004613876808434725,8.190466638247074e-10,3.5861467875125674e-12
2025-09-29/IMG_1722.JPG,Very Small,Very Small,0.9886142015457153,0.011385413818061352,3.673043238450191e-07,2.565443679714008e-08
2025-09-29/IMG_1723.JPG,Medium,Medium,1.0654877087290515e-06,0.06583254039287567,0.9341663122177124,1.4701289963170439e-08
2025-09-29/IMG_1725.JPG,Small,Small,0.0003802540886681527,0.999618649482727,1.0145616897716536e-06,2.3215080912860654e-14
2025-09-29/IMG_1726.JPG,Small,Small,3.8959453377174214e-05,0.9932075142860413,0.006753456313163042,1.0210043921432543e-09
2025-09-29/IMG_1727.JPG,Very Small,Very Small,0.9993822574615479,0.0006175256567075849,1.4511117285564978e-07,1.9358401104341283e-08
2025-09-29/IMG_1728.JPG,Very Small,Very Small,0.9996151924133301,0.00038475266774185,2.8752855651958953e-09,3.9498865289644414e-10
2025-09-29/IMG_1729.JPG,Very Small,Very Small,0.999990701675415,9.243502063327469e-06,1.0139097894601434e-10,7.80844659764579e-12
2025-09-29/IMG_1731.JPG,Small,Small,0.0005364757962524891,0.9993230104446411,0.00014051591278985143,2.940974547227526e-11
2025-09-29/IMG_1732.JPG,Very Small,Very Small,0.9990039467811584,0.000995888956822455,9.471596484900147e-08,1.8786348476851344e-08
2025-09-29/IMG_1735.JPG,Very Small,Very Small,0.9902779459953308,0.009721722453832626,3.812523345914087e-07,4.543994069905466e-09
2025-09-29/IMG_1736.JPG,Very Small,Very Small,0.9987848401069641,0.0012149865506216884,7.387821909787817e-08,2.561904288711503e-08
2025-09-29/IMG_1737.JPG,Small,Small,0.006010714452713728,0.9939888715744019,4.3816305606014794e-07,1.487031678348849e-11
2025-09-29/IMG_1738.JPG,Medium,Medium,3.96317182094208e-06,0.02205231972038746,0.9779425263404846,1.242211283170036e-06
2025-09-29/IMG_1739.JPG,Small,Small,0.010334772989153862,0.9896509647369385,1.4292912965174764e-05,1.581384134752284e-09
2025-09-29/IMG_1740.JPG,Small,Small,0.00041316341958008707,0.9995014667510986,8.53732562973164e-05,2.8047025812938386e-10
2025-09-29/IMG_1742.JPG,Small,Small,1.2402958873281023e-06,0.9997053742408752,0.00029337892192415893,8.525341890774918e-14
2025-09-29/IMG_1746.JPG,Medium,Medium,0.0001170426985481754,0.00820866134017706,0.990570068359375,0.0011041973484680057
2025-09-29/IMG_1748.JPG,Very Small,Very Small,0.9998816251754761,0.00011838282080134377,1.9729817779534642e-08,9.306917014839655e-09
2025-09-29/IMG_1750.JPG,Medium,Medium,4.192803316982463e-06,0.004290757700800896,0.9956873059272766,1.7764275980880484e-05
2025-09-29/IMG_1751.JPG,Small,Small,0.00205607945099473,0.9979318380355835,1.205868466058746e-05,6.040710900240276e-12
2025-09-29/IMG_1752.JPG,Small,Small,7.066305261105299e-05,0.9979021549224854,0.002027220092713833,1.0274417983069384e-09
2025-09-29/IMG_1753.JPG,Small,Small,0.004934182856231928,0.9933058619499207,0.0017599354032427073,1.2220687573005762e-08
2025-09-29/IMG_1754.JPG,Very Small,Very Small,0.9999470710754395,5.2942032198188826e-05,1.136724270267564e-09,1.4198764386463836e-10
2025-09-29/IMG_1755.JPG,Medium,Medium,1.5471201550099067e-05,0.009306876920163631,0.9906230568885803,5.461403270601295e-05
2025-09-29/IMG_1757.JPG,Very Small,Very Small,0.9995774626731873,0.00042255764128640294,2.513573349460785e-09,7.495996184880838e-11
2025-09-29/IMG_1759.JPG,Very Small,Very Small,0.9995090961456299,0.0004909025155939162,7.04578217991525e-09,6.124312862398895e-11
2025-09-29/IMG_1760.JPG,Very Small,Very Small,0.9938046932220459,0.0061953505501151085,9.93146453964755e-10,4.018169044023301e-12
2025-09-29/IMG_1761.JPG,Small,Small,0.014421035535633564,0.9812912940979004,0.004287395626306534,2.152370939256798e-07
2025-09-29/IMG_1763.JPG,Medium,Medium,0.0006004637107253075,0.04761488735675812,0.9510824680328369,0.0007022321806289256
2025-09-29/IMG_1764.JPG,Small,Small,0.009815489873290062,0.990168571472168,1.594885361555498e-05,2.5612051368639754e-10
2025-09-29/IMG_1768.JPG,Medium,Medium,7.98835390014574e-06,0.0329805426299572,0.9670063257217407,5.1572897064033896e-06
2025-09-29/IMG_1769.JPG,Medium,Medium,0.00017981368000619113,0.07311390340328217,0.9266597628593445,4.650228584068827e-05
2025-09-29/IMG_1770.JPG,Very Small,Very Small,0.9996793270111084,0.00032059825025498867,5.349103204821404e-08,5.6417238880612786e-08
2025-09-29/IMG_1772.JPG,Very Small,Very Small,0.9997221827507019,0.0002777723711915314,1.3162670953192901e-08,7.616937303112081e-09
2025-09-29/IMG_1773.JPG,Very Small,Very Small,0.9993938207626343,0.0005785319372080266,7.8174571171985e-06,1.973815233213827e-05
2025-09-29/IMG_1776.JPG,Very Small,Very Small,0.9991933703422546,0.000805803807452321,4.7629418986616656e-07,3.3600124993427016e-07
2025-09-29/IMG_1777.JPG,Very Small,Very Small,0.9992629885673523,0.0007251481292769313,3.907268364855554e-06,7.893741894804407e-06
2025-09-29/IMG_1779.JPG,Very Small,Very Small,0.9995847344398499,0.00041532269096933305,1.2359947731965804e-08,4.842967360474404e-09
2025-09-29/IMG_1780.JPG,Small,Small,0.00045700668124482036,0.9987891316413879,0.0007538676145486534,1.8446230098945193e-09
2025-09-29/IMG_1781.JPG,Small,Small,0.0001552515896037221,0.9935817718505859,0.006262943148612976,3.4056333308996045e-09
2025-09-29/IMG_1784.JPG,Small,Small,0.0001880624477053061,0.9690878987312317,0.030724039301276207,2.068075311001394e-08
2025-09-29/IMG_1785.JPG,Very Small,Very Small,0.9998329877853394,0.00016701022104825824,1.966540530418115e-08,9.203760420462004e-09
2025-09-29/IMG_1786.JPG,Very Small,Very Small,0.9963394403457642,0.0036597391590476036,5.850181423738832e-07,2.387702693340543e-07
2025-09-29/IMG_1787.JPG,Very Small,Very Small,0.9992483258247375,0.0007512466399930418,2.3886292410679744e-07,1.5505960959671938e-07
2025-09-29/IMG_1788.JPG,Very Small,Very Small,0.9975035786628723,0.0024964832700788975,5.899709520917895e-08,3.6008986903368623e-09
2025-09-29/IMG_1791.JPG,Very Small,Very Small,0.9940478801727295,0.005951477214694023,5.235695539340668e-07,1.3700854140097363e-07
2025-09-29/IMG_1792.JPG,Small,Small,0.003137327963486314,0.9963812232017517,0.00048144112224690616,5.440800165956716e-08
2025-09-29/IMG_1793.JPG,Very Small,Very Small,0.9991984963417053,0.0008015438797883689,1.5016889065577743e-08,3.791067904046486e-09
2025-09-29/IMG_1794.JPG,Very Small,Very Small,0.9913040399551392,0.008695641532540321,3.835227744275471e-07,3.126431025179954e-08
2025-09-29/IMG_1797.JPG,Small,Small,0.001208057045005262,0.9981358051300049,0.0006561187328770757,1.5669209263435846e-09
2025-09-29/IMG_1799.JPG,Small,Small,0.021906506270170212,0.9780749082565308,1.8614689906826243e-05,2.622784656125532e-09
2025-09-29/IMG_1800.JPG,Very Small,Very Small,0.9968017339706421,0.0031829902436584234,1.013366909319302e-05,5.1433794396871235e-06
2025-09-29/IMG_1801.JPG,Very Small,Very Small,0.9999319314956665,6.805461453041062e-05,9.25127885409438e-09,3.788499292056713e-09
2025-09-29/IMG_1802.JPG,Very Small,Very Small,0.99956876039505,0.00043064236524514854,2.727528851664829e-07,3.4059112863360497e-07
2025-09-29/IMG_1803.JPG,Very Small,Very Small,0.9958064556121826,0.004192279186099768,1.1248110922679189e-06,1.2334415089299e-07
2025-09-29/IMG_1804.JPG,Very Small,Very Small,0.9995063543319702,0.0004932254669256508,1.934154738592042e-07,1.1923825127269083e-07
2025-09-29/IMG_1806.JPG,Very Small,Very Small,0.9937002658843994,0.006299306638538837,3.81068247179428e-07,6.975280086862767e-08
2025-09-29/IMG_1809.JPG,Medium,Medium,3.0602086553699337e-06,0.002275415463373065,0.9976906776428223,3.082347029703669e-05
2025-09-29/IMG_1811.JPG,Medium,Medium,7.63719708629651e-06,0.01749327965080738,0.9824934005737305,5.74628484173445e-06
2025-09-29/IMG_1815.JPG,Very Small,Very Small,0.9949919581413269,0.0050080385990440845,3.227113509751689e-08,1.1547737210904074e-09
2025-09-29/IMG_1816.JPG,Very Small,Very Small,0.9948818683624268,0.005115521140396595,2.463758164594765e-06,8.446354371471898e-08
2025-09-29/IMG_1817.JPG,Very Small,Very Small,0.9991546869277954,0.0008452933398075402,5.031316518966378e-08,5.95789995117002e-09
2025-09-29/IMG_1818.JPG,Very Small,Very Small,0.9615346193313599,0.03846270218491554,2.5063316115847556e-06,9.378378251767572e-08
2025-09-29/IMG_1819.JPG,Small,Small,0.017640121281147003,0.9822927117347717,6.712678441544995e-05,4.666006692133351e-09
2025-09-29/IMG_1820.JPG,Very Small,Very Small,0.9974180459976196,0.002581497188657522,2.9995163686180604e-07,6.439042721240185e-08
2025-09-29/IMG_1821.JPG,Very Small,Very Small,0.9963862895965576,0.003602266078814864,7.037161594780628e-06,4.4493181121652015e-06
2025-09-29/IMG_1822.JPG,Very Small,Very Small,0.9984167814254761,0.00158313091378659,5.251102308534428e-08,3.933824288537835e-08
2025-09-29/IMG_1824.JPG,Medium,Medium,3.2984221434162464e-06,0.007168271578848362,0.9928247928619385,3.636456767708296e-06
2025-09-29/IMG_1825.JPG,Small,Small,0.00010606313298922032,0.9956700801849365,0.004223898518830538,1.0240224668223163e-08
2025-09-29/IMG_1826.JPG,Small,Small,0.0010712683433666825,0.9979774355888367,0.0009512836113572121,7.31125116004705e-09
2025-09-29/IMG_1827.JPG,Medium,Medium,8.823704411042854e-05,0.06203817203640938,0.9378526210784912,2.0980913177481852e-05
2025-09-29/IMG_1828.JPG,Small,Small,0.0021546001080423594,0.9747644066810608,0.02308054454624653,4.6869499215063115e-07
2025-09-29/IMG_1830.JPG,Small,Small,0.0002534563827794045,0.9996763467788696,7.016972085693851e-05,1.9003009235629698e-11
2025-09-29/IMG_1831.JPG,Small,Small,9.209195559378713e-05,0.9999061822891235,1.7246816241822671e-06,7.725081967342728e-13
2025-09-29/IMG_1832.JPG,Small,Small,0.0001743493921821937,0.9998227953910828,2.8890267458336893e-06,4.216006450202814e-12
2025-09-29/IMG_1833.JPG,Small,Small,5.742917252860025e-08,0.9999434947967529,5.6420776672894135e-05,3.831830093162106e-15
2025-09-29/IMG_1834.JPG,Small,Small,1.4712298934682622e-07,0.9998155236244202,0.00018436057143844664,6.677716376819048e-14
2025-09-29/IMG_1835.JPG,Small,Small,4.922905532112054e-07,0.9999417066574097,5.774884994025342e-05,3.086578573025661e-14
2025-09-29/IMG_1836.JPG,Small,Small,0.00015751759929116815,0.9996104836463928,0.00023196727852337062,3.001939252733621e-10
2025-09-29/IMG_1838.JPG,Small,Small,2.6083200737048173e-06,0.9997813105583191,0.00021604150242637843,3.9801701431224634e-13
2025-09-29/IMG_1840.JPG,Small,Small,3.1528173849437735e-07,0.9999921321868896,7.5730417847807985e-06,1.1250770179046816e-14
2025-09-29/IMG_1841.JPG,Small,Small,1.7063027826225152e-06,0.9992102384567261,0.0007879833574406803,2.1688111376261254e-11
2025-09-29/IMG_1843.JPG,Small,Small,1.3173270417610183e-05,0.9999858140945435,1.0135850061487872e-06,1.893457450292263e-14
2025-09-29/IMG_1844.JPG,Small,Small,7.279363217094215e-06,0.9985343217849731,0.0014583795564249158,1.7583821551592216e-11
2025-09-29/IMG_1845.JPG,Small,Small,3.2020608387028915e-07,0.9985551238059998,0.0014445792185142636,2.1726891119566716e-13
2025-09-29/IMG_1846.JPG,Small,Small,1.7368094631819986e-05,0.9977878332138062,0.0021947920322418213,9.67495597525847e-11
2025-09-29/IMG_1847.JPG,Medium,Medium,2.025390313065145e-05,0.033270757645368576,0.9666349291801453,7.400273170787841e-05
2025-09-29/IMG_1848.JPG,Medium,Medium,2.409867647656938e-06,0.09357699006795883,0.9064202904701233,3.3919610586963245e-07
2025-09-29/IMG_1849.JPG,Small,Small,0.04148532450199127,0.9563329219818115,0.0021815397776663303,2.4761482109170174e-07
2025-09-29/IMG_1850.JPG,Small,Small,0.018895205110311508,0.9807589650154114,0.0003458446590229869,1.8467011031475522e-08
2025-09-29/IMG_1854.JPG,Very Small,Very Small,0.9994650483131409,0.0005349010461941361,1.6576489514363857e-08,4.096353478644232e-09
2025-09-29/IMG_1857.JPG,Very Small,Very Small,0.999010443687439,0.0009895444381982088,1.7253307671438733e-09,2.40422091957182e-11
2025-09-29/IMG_1858.JPG,Small,Small,0.05141700431704521,0.9485357999801636,4.7195120714604855e-05,3.2565763419256655e-09
2025-09-29/IMG_1859.JPG,Medium,Medium,4.941401130054146e-05,0.06538135558366776,0.9345546364784241,1.4533580724673811e-05
2025-09-29/IMG_1861.JPG,Very Small,Very Small,0.9970921277999878,0.0029060260858386755,1.5348192619057954e-06,2.9107076215950656e-07
2025-09-29/IMG_1862.JPG,Small,Small,0.00016389816300943494,0.9806633591651917,0.01917272061109543,1.5641628436924293e-08
2025-09-29/IMG_1865.JPG,Small,Small,0.00235324096865952,0.9774335026741028,0.020212890580296516,2.992878762597684e-07
2025-09-29/IMG_1869.JPG,Small,Small,0.00026411627186462283,0.9996665716171265,6.931754614925012e-05,1.1298604413179092e-10
2025-09-29/IMG_1870.JPG,Small,Small,0.020627396181225777,0.9793475270271301,2.5085319066420197e-05,1.1634956331718627e-09
2025-09-29/IMG_1871.JPG,Small,Small,0.0007671645726077259,0.9921151995658875,0.0071176569908857346,2.671331378323316e-09
2025-09-29/IMG_1873.JPG,Small,Small,0.00037610597792081535,0.9982354640960693,0.0013883751817047596,4.337785963759444e-10
2025-09-29/IMG_1874.JPG,Small,Small,1.0879049114009831e-05,0.9977025389671326,0.0022865955252200365,2.195134048491032e-12
2025-09-29/IMG_1875.JPG,Small,Small,0.0004387637018226087,0.9990474581718445,0.0005137405241839588,3.6331829211810884e-10
2025-09-29/IMG_1877.JPG,Very Small,Very Small,0.9987485408782959,0.001251266454346478,9.323258609583718e-08,4.748754722783133e-09
2025-09-29/IMG_1878.JPG,Small,Small,0.017888009548187256,0.9820965528488159,1.5507428543060087e-05,8.229730230624455e-10
2025-09-29/IMG_1879.JPG,Very Small,Very Small,0.999473512172699,0.0005265403306111693,9.857999749840474e-09,6.780865868805108e-10
2025-09-29/IMG_1880.JPG,Very Small,Very Small,0.9984155893325806,0.001584456069394946,2.7772905752954102e-08,1.0994068988523509e-09
2025-09-29/IMG_1881.JPG,Small,Small,0.0014965833397582173,0.9981815814971924,0.0003218656056560576,1.6031641292268972e-10
2025-09-29/IMG_1882.JPG,Small,Small,1.1704867574735545e-05,0.9999200105667114,6.827124889241531e-05,8.311790383568052e-13
2025-09-29/IMG_1883.JPG,Small,Small,0.0003217495104763657,0.9996103644371033,6.785493314964697e-05,2.9438184528940425e-11
2025-09-29/IMG_1885.JPG,Very Small,Very Small,0.9973012804985046,0.002688552485778928,9.393026630277745e-06,8.372023785341298e-07
2025-09-29/IMG_1886.JPG,Very Small,Very Small,0.9998026490211487,0.0001974247134057805,1.8939813606344558e-10,7.382829699149884e-13
2025-09-29/IMG_1889.JPG,Very Small,Very Small,0.999815046787262,0.00018493650713935494,3.105723234142488e-09,6.435775801172383e-10
2025-09-29/IMG_1890.JPG,Small,Small,0.05508023500442505,0.9286999702453613,0.01621737889945507,2.3896873244666494e-06
2025-09-29/IMG_1891.JPG,Medium,Medium,2.5184128389810212e-05,0.013401820324361324,0.986556351184845,1.6671587218297645e-05
2025-09-29/IMG_1893.JPG,Very Small,Very Small,0.9982501864433289,0.0017464044503867626,3.15884972224012e-06,1.4470924725173973e-07
2025-09-29/IMG_1895.JPG,Small,Small,0.003064000280573964,0.9827699661254883,0.014165875501930714,1.3835273193762987e-07
2025-09-29/IMG_1897.JPG,Small,Small,0.07775966823101044,0.9210262894630432,0.0012140074977651238,1.5006035525289008e-08
2025-09-29/IMG_1898.JPG,Medium,Medium,0.00011445119162090123,0.005887053441256285,0.9926676154136658,0.0013309232890605927
2025-09-29/IMG_1899.JPG,Medium,Medium,3.3300568702543387e-06,0.029826102778315544,0.9701700210571289,5.444989028546843e-07
2025-09-29/IMG_1900.JPG,Medium,Medium,3.9453905628761277e-05,0.015058565884828568,0.9848810434341431,2.1001906134188175e-05
2025-09-29/IMG_1901.JPG,Small,Small,3.642515366664156e-05,0.995905876159668,0.004057715646922588,1.731079168898475e-10
2025-09-29/IMG_1902.JPG,Small,Small,0.06733787059783936,0.9279646873474121,0.004696224816143513,1.2295361102587776e-06
2025-09-29/IMG_1903.JPG,Medium,Medium,0.0008968779584392905,0.03049936331808567,0.9665318131446838,0.00207190727815032
2025-09-29/IMG_1904.JPG,Very Small,Very Small,0.9999608993530273,3.9074533560778946e-05,6.1434937137505585e-09,1.0331752120507076e-09
2025-09-29/IMG_1905.JPG,Medium,Medium,0.0023482467513531446,0.016585489735007286,0.9652629494667053,0.015803400427103043
2025-09-29/IMG_1906.JPG,Large,Large,0.004501631483435631,0.0015146215446293354,0.030030405148863792,0.9639533162117004
2025-09-29/IMG_1907.JPG,Very Small,Very Small,0.9982692003250122,0.0017291777767241001,1.5649075066903606e-06,8.189049083284772e-08
2025-09-29/IMG_1908.JPG,Large,Large,0.0020515017677098513,0.0007545275730080903,0.038633983582258224,0.958560049533844
2025-09-29/IMG_1909.JPG,Very Small,Very Small,0.9974549412727356,0.0025433143600821495,1.7342665614705766e-06,1.64307003558406e-08
2025-09-29/IMG_1912.JPG,Small,Small,0.029705693945288658,0.9702625870704651,3.1695981306256726e-05,1.3721329628069157e-09
2025-09-29/IMG_1914.JPG,Very Small,Very Small,0.9998898506164551,0.00011016045755241066,7.022282755286824e-10,2.5061544853266504e-11
2025-09-29/IMG_1915.JPG,Very Small,Very Small,0.9997673630714417,0.00023249274818226695,6.068374602818949e-08,1.947238281729824e-08
2025-09-29/IMG_1916.JPG,Very Small,Very Small,0.9996975660324097,0.00030246374080888927,3.2707866637338157e-08,4.886038684759342e-09
2025-09-29/IMG_1917.JPG,Very Small,Very Small,0.999862551689148,0.00013742486771661788,1.1652793174832254e-09,1.0666290767291642e-10
2025-09-29/IMG_1919.JPG,Very Small,Very Small,0.9996278285980225,0.000372031208826229,1.458867870951508e-07,3.781976509742435e-09
2025-09-29/IMG_1920.JPG,Very Small,Very Small,0.9971866011619568,0.00281096831895411,2.4304824819409987e-06,6.735307067629037e-08
2025-09-29/IMG_1921.JPG,Very Small,Very Small,0.999333918094635,0.0006658928468823433,1.3881052041142539e-07,1.1767395058370766e-08
2025-09-29/IMG_1922.JPG,Very Small,Very Small,0.9983774423599243,0.0016103461384773254,8.145250831148587e-06,4.117322532692924e-06
2025-09-29/IMG_1923.JPG,Very Small,Very Small,0.9973646998405457,0.0026351867709308863,8.815105445592053e-08,7.56229390219687e-09
2025-09-29/IMG_1924.JPG,Very Small,Very Small,0.9992247819900513,0.0007751054363325238,9.655366284277989e-08,2.698343770646261e-08
2025-09-29/IMG_1925.JPG,Small,Small,0.030768603086471558,0.9690240025520325,0.00020726992806885391,8.39489544546268e-08
2025-09-29/IMG_1927.JPG,Very Small,Very Small,0.9996635913848877,0.000336402008542791,8.448570731900418e-09,5.243093181839242e-10
2025-09-29/IMG_1930.JPG,Very Small,Very Small,0.9999935626983643,6.399227913789218e-06,1.015633410705874e-10,2.5889377447407824e-11
2025-09-29/IMG_1931.JPG,Very Small,Very Small,0.999896764755249,0.0001032220316119492,3.0652806959352574e-09,1.2320531261877932e-09
2025-09-29/IMG_1933.JPG,Very Small,Very Small,0.9984226226806641,0.001576212584041059,9.152250299848674e-07,2.490629924523091e-07
2025-09-29/IMG_1934.JPG,Small,Small,0.03167065978050232,0.9682759046554565,5.337193579180166e-05,2.5582620466479966e-09
2025-09-29/IMG_1935.JPG,Very Small,Very Small,0.9996887445449829,0.0003112324047833681,2.4403012943707836e-08,1.130588844766578e-09
2025-09-29/IMG_1937.JPG,Very Small,Very Small,0.9963383674621582,0.0036552008241415024,5.89881210544263e-06,5.622078447231615e-07
2025-09-29/IMG_1939.JPG,Very Small,Very Small,0.9990377426147461,0.0009616418974474072,5.49495553059387e-07,4.910180706474421e-08
2025-09-29/IMG_1940.JPG,Very Small,Very Small,0.9999783039093018,2.169700564991217e-05,3.2550782069762363e-09,1.0774311443029205e-09
2025-09-29/IMG_1941.JPG,Very Small,Very Small,0.9977902173995972,0.002201827708631754,6.716152256558416e-06,1.3129568969816319e-06
2025-09-29/IMG_1942.JPG,Very Small,Very Small,0.9996510744094849,0.0003489297814667225,1.172843688834746e-08,7.454646344662308e-10
2025-09-29/IMG_1944.JPG,Very Small,Very Small,0.9946229457855225,0.005370748229324818,5.742439498135354e-06,5.993490503897192e-07
2025-09-29/IMG_1946.JPG,Very Small,Very Small,0.9983587861061096,0.0016405106289312243,6.414832682821725e-07,4.410319931480444e-08
2025-09-29/IMG_1947.JPG,Small,Small,0.04440794140100479,0.955144464969635,0.0004474872548598796,1.6817627113141498e-07
2025-09-29/IMG_1948.JPG,Very Small,Very Small,0.9995050430297852,0.0004948722198605537,1.0973692354809828e-07,1.3600720549789003e-08
2025-09-29/IMG_1950.JPG,Very Small,Very Small,0.9973422884941101,0.0026409942656755447,1.5597810488543473e-05,1.1836942803711281e-06
