image_filename,true_class,predicted_class,probability_very_small,probability_small,probability_medium,probability_large
2025-08-22/IMG_0119.JPG,Very Small,Very Small,0.7933333333333333,0.16,0.04666666666666667,0.0
2025-08-22/IMG_9896.JPG,Small,Small,0.20666666666666667,0.7766666666666666,0.016666666666666666,0.0
2025-08-07/IMG_9607.JPG,Medium,Medium,0.0033333333333333335,0.16666666666666666,0.82,0.01
2025-09-05/IMG_1018.JPG,Small,Small,0.09,0.8733333333333333,0.03666666666666667,0.0
2025-08-22/IMG_0157.JPG,Medium,Medium,0.013333333333333334,0.05333333333333334,0.8966666666666666,0.03666666666666667
2025-09-05/IMG_1066.JPG,Medium,Medium,0.056666666666666664,0.2733333333333333,0.6466666666666666,0.023333333333333334
2025-09-29/IMG_1848.JPG,Medium,Medium,0.03333333333333333,0.31666666666666665,0.65,0.0
2025-08-22/IMG_0237.JPG,Very Small,Very Small,0.67,0.2866666666666667,0.03,0.013333333333333334
2025-09-05/IMG_1052.JPG,Very Small,Very Small,0.65,0.31666666666666665,0.03,0.0033333333333333335
2025-09-05/IMG_1449.JPG,Medium,Medium,0.04666666666666667,0.18333333333333332,0.76,0.01
2025-08-22/IMG_9840.JPG,Medium,Medium,0.0033333333333333335,0.043333333333333335,0.8766666666666667,0.07666666666666666
2025-08-07/IMG_9408.JPG,Small,Small,0.15,0.8233333333333334,0.02666666666666667,0.0
2025-08-22/IMG_0130.JPG,Very Small,Very Small,0.9633333333333334,0.03333333333333333,0.0033333333333333335,0.0
2025-09-05/IMG_1605.JPG,Small,Small,0.056666666666666664,0.86,0.08,0.0033333333333333335
2025-08-22/IMG_9860.JPG,Large,Large,0.03333333333333333,0.03333333333333333,0.08666666666666667,0.8466666666666667
2025-09-05/IMG_0844.JPG,Medium,Medium,0.023333333333333334,0.2633333333333333,0.7133333333333334,0.0
2025-09-05/IMG_0801.JPG,Small,Small,0.016666666666666666,0.9366666666666666,0.04666666666666667,0.0
2025-08-07/IMG_9132.JPG,Small,Small,0.06666666666666667,0.8866666666666667,0.043333333333333335,0.0033333333333333335
2025-09-05/IMG_0832.JPG,Very Small,Very Small,0.96,0.03,0.01,0.0
2025-09-29/IMG_1926.JPG,Very Small,Very Small,0.8433333333333334,0.15,0.006666666666666667,0.0
2025-09-05/IMG_0879.JPG,Small,Small,0.06333333333333334,0.8066666666666666,0.11666666666666667,0.013333333333333334
2025-08-07/IMG_9112.JPG,Small,Small,0.09333333333333334,0.8633333333333333,0.043333333333333335,0.0
2025-09-05/IMG_0909.JPG,Small,Small,0.33666666666666667,0.66,0.0033333333333333335,0.0
2025-08-07/IMG_9423.JPG,Very Small,Very Small,0.7433333333333333,0.19666666666666666,0.06,0.0
2025-09-29/IMG_1939.JPG,Very Small,Very Small,0.91,0.08,0.01,0.0
2025-09-05/IMG_1353.JPG,Very Small,Very Small,0.6866666666666666,0.26666666666666666,0.04666666666666667,0.0
2025-09-29/IMG_1845.JPG,Small,Small,0.06666666666666667,0.8633333333333333,0.06666666666666667,0.0033333333333333335
2025-08-22/IMG_0128.JPG,Very Small,Very Small,0.9566666666666667,0.03333333333333333,0.006666666666666667,0.0033333333333333335
2025-08-07/IMG_9542.JPG,Large,Large,0.04666666666666667,0.05,0.11,0.7933333333333333
2025-08-22/IMG_0010.JPG,Small,Small,0.21333333333333335,0.7766666666666666,0.01,0.0
2025-09-05/IMG_0946.JPG,Medium,Medium,0.006666666666666667,0.12333333333333334,0.87,0.0
2025-08-22/IMG_0129.JPG,Very Small,Very Small,0.91,0.07,0.02,0.0
2025-09-29/IMG_1826.JPG,Small,Small,0.13333333333333333,0.8133333333333334,0.05333333333333334,0.0
2025-09-05/IMG_1327.JPG,Very Small,Very Small,0.7733333333333333,0.17666666666666667,0.04666666666666667,0.0033333333333333335
2025-09-05/IMG_1455.JPG,Very Small,Very Small,0.9333333333333333,0.06666666666666667,0.0,0.0
2025-09-29/IMG_1912.JPG,Small,Small,0.14666666666666667,0.8233333333333334,0.03,0.0
2025-08-22/IMG_9807.JPG,Very Small,Very Small,0.6533333333333333,0.31333333333333335,0.03,0.0033333333333333335
2025-08-07/IMG_9151.JPG,Very Small,Very Small,0.75,0.23,0.013333333333333334,0.006666666666666667
2025-08-07/IMG_9133.JPG,Small,Small,0.07333333333333333,0.8966666666666666,0.03,0.0
2025-09-29/IMG_1784.JPG,Small,Small,0.0033333333333333335,0.8866666666666667,0.11,0.0
2025-09-29/IMG_1778.JPG,Very Small,Very Small,0.95,0.05,0.0,0.0
2025-09-05/IMG_0887.JPG,Medium,Medium,0.03,0.21,0.7433333333333333,0.016666666666666666
2025-08-07/IMG_9232.JPG,Small,Small,0.04,0.9,0.05,0.01
2025-08-07/IMG_9534.JPG,Large,Large,0.03333333333333333,0.023333333333333334,0.09666666666666666,0.8466666666666667
2025-08-22/IMG_0012.JPG,Very Small,Very Small,0.7966666666666666,0.12333333333333334,0.07,0.01
2025-08-22/IMG_0210.JPG,Small,Small,0.06666666666666667,0.85,0.07333333333333333,0.01
2025-09-29/IMG_1875.JPG,Small,Small,0.14666666666666667,0.7933333333333333,0.056666666666666664,0.0033333333333333335
2025-08-22/IMG_9752.JPG,Medium,Medium,0.006666666666666667,0.043333333333333335,0.94,0.01
2025-08-22/IMG_0295.JPG,Medium,Medium,0.02,0.04,0.9033333333333333,0.03666666666666667
2025-09-29/IMG_1950.JPG,Very Small,Very Small,0.81,0.14666666666666667,0.043333333333333335,0.0
2025-09-29/IMG_1705.JPG,Very Small,Very Small,0.9566666666666667,0.03333333333333333,0.006666666666666667,0.0033333333333333335
2025-09-05/IMG_1255.JPG,Small,Small,0.08666666666666667,0.8533333333333334,0.05333333333333334,0.006666666666666667
2025-08-22/IMG_0246.JPG,Small,Small,0.04666666666666667,0.8333333333333334,0.12,0.0
2025-08-07/IMG_9193.JPG,Very Small,Very Small,0.97,0.03,0.0,0.0
2025-08-22/IMG_9735.JPG,Very Small,Very Small,0.7533333333333333,0.20333333333333334,0.043333333333333335,0.0
2025-08-22/IMG_9778.JPG,Small,Small,0.25,0.7166666666666667,0.03333333333333333,0.0
2025-09-05/IMG_1183.JPG,Very Small,Very Small,0.9566666666666667,0.04,0.0033333333333333335,0.0
2025-09-05/IMG_1130.JPG,Small,Small,0.03,0.89,0.07666666666666666,0.0033333333333333335
2025-08-22/IMG_0269.JPG,Very Small,Very Small,0.72,0.24,0.03333333333333333,0.006666666666666667
2025-09-05/IMG_1388.JPG,Small,Small,0.043333333333333335,0.8933333333333333,0.06,0.0033333333333333335
2025-09-05/IMG_1462.JPG,Small,Small,0.09333333333333334,0.86,0.04,0.006666666666666667
2025-08-07/IMG_9674.JPG,Large,Large,0.016666666666666666,0.013333333333333334,0.15,0.82
2025-09-05/IMG_0970.JPG,Small,Small,0.07,0.8833333333333333,0.04666666666666667,0.0
2025-08-22/IMG_9772.JPG,Medium,Medium,0.013333333333333334,0.2,0.7866666666666666,0.0
2025-09-05/IMG_1452.JPG,Very Small,Very Small,0.8766666666666667,0.12,0.0033333333333333335,0.0
2025-08-07/IMG_9700.JPG,Large,Large,0.006666666666666667,0.0033333333333333335,0.27,0.72
2025-09-05/IMG_1469.JPG,Very Small,Very Small,0.9333333333333333,0.06666666666666667,0.0,0.0
2025-09-05/IMG_1165.JPG,Medium,Medium,0.01,0.19666666666666666,0.7633333333333333,0.03
2025-08-22/IMG_0083.JPG,Very Small,Very Small,0.89,0.10333333333333333,0.0033333333333333335,0.0033333333333333335
2025-08-22/IMG_0293.JPG,Small,Small,0.08333333333333333,0.84,0.07333333333333333,0.0033333333333333335
2025-09-05/IMG_1361.JPG,Very Small,Very Small,0.8933333333333333,0.08333333333333333,0.023333333333333334,0.0
2025-09-05/IMG_1246.JPG,Small,Small,0.18333333333333332,0.7833333333333333,0.03,0.0033333333333333335
2025-09-05/IMG_1398.JPG,Very Small,Very Small,0.9266666666666666,0.07,0.0033333333333333335,0.0
2025-09-29/IMG_1722.JPG,Very Small,Very Small,0.72,0.2633333333333333,0.016666666666666666,0.0
2025-09-29/IMG_1807.JPG,Very Small,Very Small,0.9533333333333334,0.04666666666666667,0.0,0.0
2025-08-07/IMG_9547.JPG,Small,Small,0.08333333333333333,0.81,0.09,0.016666666666666666
2025-09-05/IMG_0922.JPG,Very Small,Very Small,0.9066666666666666,0.09,0.0,0.0033333333333333335
2025-08-07/IMG_9575.JPG,Large,Large,0.013333333333333334,0.02,0.07333333333333333,0.8933333333333333
2025-09-29/IMG_1783.JPG,Small,Small,0.016666666666666666,0.9633333333333334,0.02,0.0
2025-08-07/IMG_9466.JPG,Very Small,Very Small,0.99,0.01,0.0,0.0
2025-08-07/IMG_9187.JPG,Small,Small,0.06,0.9,0.04,0.0
2025-08-07/IMG_9509.JPG,Small,Small,0.09,0.85,0.05,0.01
2025-09-05/IMG_1499.JPG,Small,Small,0.06666666666666667,0.92,0.013333333333333334,0.0
2025-09-05/IMG_1348.JPG,Small,Small,0.06,0.89,0.05,0.0
2025-08-07/IMG_9445.JPG,Small,Small,0.013333333333333334,0.9133333333333333,0.07333333333333333,0.0
2025-08-22/IMG_9796.JPG,Very Small,Very Small,0.9866666666666667,0.013333333333333334,0.0,0.0
2025-09-05/IMG_0998.JPG,Small,Small,0.16666666666666666,0.78,0.05333333333333334,0.0
2025-09-05/IMG_1602.JPG,Medium,Medium,0.05333333333333334,0.17,0.7733333333333333,0.0033333333333333335
2025-08-07/IMG_9215.JPG,Small,Small,0.09666666666666666,0.87,0.03333333333333333,0.0
2025-08-22/IMG_0163.JPG,Very Small,Very Small,0.9333333333333333,0.056666666666666664,0.01,0.0
2025-08-22/IMG_9894.JPG,Small,Small,0.05333333333333334,0.8966666666666666,0.05,0.0
2025-09-05/IMG_1249.JPG,Very Small,Very Small,0.7633333333333333,0.23,0.006666666666666667,0.0
2025-09-05/IMG_0994.JPG,Medium,Medium,0.06,0.25,0.69,0.0
2025-09-29/IMG_1836.JPG,Small,Small,0.03333333333333333,0.9066666666666666,0.06,0.0
2025-08-07/IMG_9425.JPG,Very Small,Very Small,0.98,0.02,0.0,0.0
2025-08-07/IMG_9140.JPG,Very Small,Very Small,0.7933333333333333,0.18666666666666668,0.02,0.0
2025-09-05/IMG_1057.JPG,Small,Small,0.12333333333333334,0.8366666666666667,0.023333333333333334,0.016666666666666666
2025-09-05/IMG_0825.JPG,Medium,Medium,0.006666666666666667,0.10333333333333333,0.88,0.01
2025-09-05/IMG_1541.JPG,Small,Small,0.07,0.9133333333333333,0.016666666666666666,0.0
2025-08-07/IMG_9414.JPG,Large,Large,0.0033333333333333335,0.02,0.18,0.7966666666666666
2025-09-05/IMG_0917.JPG,Medium,Medium,0.006666666666666667,0.08333333333333333,0.91,0.0
2025-08-07/IMG_9606.JPG,Medium,Medium,0.01,0.11,0.8233333333333334,0.056666666666666664
2025-09-05/IMG_0829.JPG,Small,Small,0.04,0.9133333333333333,0.04666666666666667,0.0
2025-09-29/IMG_1945.JPG,Very Small,Very Small,0.8833333333333333,0.11333333333333333,0.0033333333333333335,0.0
2025-09-29/IMG_1809.JPG,Medium,Medium,0.02666666666666667,0.09333333333333334,0.8433333333333334,0.03666666666666667
2025-09-05/IMG_1069.JPG,Small,Small,0.14,0.6866666666666666,0.16,0.013333333333333334
2025-09-05/IMG_0888.JPG,Small,Small,0.056666666666666664,0.83,0.10666666666666667,0.006666666666666667
2025-08-22/IMG_9877.JPG,Small,Small,0.0,0.9366666666666666,0.06333333333333334,0.0
2025-09-05/IMG_1460.JPG,Small,Small,0.06,0.8966666666666666,0.043333333333333335,0.0
2025-08-22/IMG_9961.JPG,Very Small,Very Small,0.8566666666666667,0.14,0.0033333333333333335,0.0
2025-08-22/IMG_9776.JPG,Small,Small,0.0033333333333333335,0.9733333333333334,0.023333333333333334,0.0
2025-08-22/IMG_0023.JPG,Very Small,Very Small,0.7666666666666667,0.20333333333333334,0.03,0.0
2025-08-07/IMG_9260.JPG,Small,Small,0.04,0.8566666666666667,0.10333333333333333,0.0
2025-08-22/IMG_0092.JPG,Small,Small,0.09666666666666666,0.8566666666666667,0.04666666666666667,0.0
2025-08-07/IMG_9513.JPG,Small,Small,0.043333333333333335,0.9366666666666666,0.016666666666666666,0.0033333333333333335
2025-09-29/IMG_1930.JPG,Very Small,Very Small,0.93,0.06333333333333334,0.006666666666666667,0.0
2025-08-07/IMG_9410.JPG,Very Small,Very Small,0.8766666666666667,0.11666666666666667,0.006666666666666667,0.0
2025-09-05/IMG_1072.JPG,Small,Small,0.03333333333333333,0.9033333333333333,0.06,0.0033333333333333335
2025-09-05/IMG_1250.JPG,Very Small,Very Small,0.8933333333333333,0.09,0.016666666666666666,0.0
2025-09-05/IMG_1294.JPG,Small,Small,0.09333333333333334,0.87,0.03333333333333333,0.0033333333333333335
2025-08-22/IMG_0174.JPG,Small,Small,0.10333333333333333,0.8566666666666667,0.04,0.0
2025-09-05/IMG_1323.JPG,Very Small,Very Small,0.9,0.08,0.02,0.0
2025-08-07/IMG_9493.JPG,Medium,Medium,0.07,0.14,0.7633333333333333,0.02666666666666667
2025-08-07/IMG_9660.JPG,Large,Large,0.006666666666666667,0.04,0.18333333333333332,0.77
2025-09-05/IMG_1476.JPG,Small,Small,0.03333333333333333,0.92,0.04666666666666667,0.0
2025-08-22/IMG_0134.JPG,Medium,Medium,0.0033333333333333335,0.19333333333333333,0.7866666666666666,0.016666666666666666
2025-08-22/IMG_0046.JPG,Very Small,Very Small,0.8966666666666666,0.07666666666666666,0.02666666666666667,0.0
2025-09-29/IMG_1871.JPG,Small,Small,0.19,0.8,0.01,0.0
2025-08-22/IMG_0199.JPG,Small,Small,0.006666666666666667,0.9566666666666667,0.03333333333333333,0.0033333333333333335
2025-09-05/IMG_1513.JPG,Small,Small,0.11666666666666667,0.8733333333333333,0.01,0.0
2025-09-05/IMG_1491.JPG,Small,Small,0.04666666666666667,0.8,0.14,0.013333333333333334
2025-09-29/IMG_1725.JPG,Small,Small,0.016666666666666666,0.9133333333333333,0.07,0.0
2025-09-05/IMG_1262.JPG,Very Small,Very Small,0.8866666666666667,0.08666666666666667,0.02666666666666667,0.0
2025-09-05/IMG_1377.JPG,Small,Small,0.02666666666666667,0.8866666666666667,0.08333333333333333,0.0033333333333333335
2025-09-29/IMG_1716.JPG,Very Small,Very Small,0.6733333333333333,0.31333333333333335,0.013333333333333334,0.0
2025-09-05/IMG_1095.JPG,Medium,Medium,0.01,0.09333333333333334,0.8933333333333333,0.0033333333333333335
2025-09-05/IMG_1577.JPG,Very Small,Very Small,0.72,0.21333333333333335,0.06666666666666667,0.0
2025-08-22/IMG_9751.JPG,Medium,Medium,0.01,0.02666666666666667,0.9033333333333333,0.06
2025-09-05/IMG_1023.JPG,Small,Small,0.19666666666666666,0.7666666666666667,0.03666666666666667,0.0
2025-08-07/IMG_9128.JPG,Medium,Medium,0.12333333333333334,0.20666666666666667,0.67,0.0
2025-09-05/IMG_1532.JPG,Very Small,Very Small,0.8433333333333334,0.14666666666666667,0.01,0.0
2025-08-07/IMG_9429.JPG,Small,Small,0.03333333333333333,0.86,0.1,0.006666666666666667
2025-08-07/IMG_9402.JPG,Small,Small,0.006666666666666667,0.9433333333333334,0.04666666666666667,0.0033333333333333335
2025-09-29/IMG_1895.JPG,Small,Small,0.016666666666666666,0.6633333333333333,0.14666666666666667,0.17333333333333334
2025-09-05/IMG_0979.JPG,Medium,Medium,0.06666666666666667,0.26666666666666666,0.6666666666666666,0.0
2025-08-07/IMG_9451.JPG,Very Small,Very Small,0.9766666666666667,0.023333333333333334,0.0,0.0
2025-09-05/IMG_0806.JPG,Small,Small,0.07333333333333333,0.8166666666666667,0.11,0.0
2025-08-07/IMG_9204.JPG,Very Small,Very Small,0.9933333333333333,0.006666666666666667,0.0,0.0
2025-09-05/IMG_0860.JPG,Small,Small,0.19,0.7666666666666667,0.043333333333333335,0.0
2025-08-22/IMG_0179.JPG,Very Small,Very Small,0.9633333333333334,0.03333333333333333,0.0033333333333333335,0.0
2025-08-07/IMG_9086.JPG,Small,Small,0.03666666666666667,0.9066666666666666,0.056666666666666664,0.0
2025-09-05/IMG_1534.JPG,Small,Small,0.12,0.8466666666666667,0.03333333333333333,0.0
2025-09-05/IMG_1065.JPG,Small,Small,0.16666666666666666,0.8266666666666667,0.006666666666666667,0.0
2025-09-29/IMG_1681.JPG,Medium,Medium,0.0,0.06,0.94,0.0
2025-09-29/IMG_1786.JPG,Very Small,Very Small,0.9766666666666667,0.023333333333333334,0.0,0.0
2025-08-07/IMG_9182.JPG,Very Small,Very Small,0.7466666666666667,0.20666666666666667,0.043333333333333335,0.0033333333333333335
2025-08-22/IMG_0213.JPG,Very Small,Very Small,0.9066666666666666,0.07666666666666666,0.013333333333333334,0.0033333333333333335
2025-09-05/IMG_0840.JPG,Very Small,Very Small,0.96,0.03333333333333333,0.006666666666666667,0.0
2025-08-22/IMG_0200.JPG,Small,Small,0.02666666666666667,0.9233333333333333,0.05,0.0
2025-08-22/IMG_0110.JPG,Very Small,Very Small,0.7566666666666667,0.22,0.023333333333333334,0.0
2025-09-05/IMG_1222.JPG,Small,Small,0.06,0.7966666666666666,0.13333333333333333,0.01
2025-08-07/IMG_9604.JPG,Small,Small,0.04666666666666667,0.9166666666666666,0.03666666666666667,0.0
2025-08-07/IMG_9211.JPG,Very Small,Very Small,0.9333333333333333,0.06666666666666667,0.0,0.0
2025-09-05/IMG_1261.JPG,Medium,Medium,0.09333333333333334,0.26,0.6433333333333333,0.0033333333333333335
2025-09-05/IMG_1270.JPG,Small,Small,0.21,0.73,0.06,0.0
2025-08-07/IMG_9243.JPG,Very Small,Very Small,0.9366666666666666,0.06,0.0033333333333333335,0.0
2025-09-05/IMG_1508.JPG,Medium,Medium,0.0033333333333333335,0.18666666666666668,0.8066666666666666,0.0033333333333333335
2025-09-05/IMG_1475.JPG,Medium,Medium,0.0,0.03,0.9633333333333334,0.006666666666666667
2025-08-07/IMG_9506.JPG,Very Small,Very Small,0.8133333333333334,0.17333333333333334,0.013333333333333334,0.0
2025-08-22/IMG_0070.JPG,Small,Small,0.11666666666666667,0.8366666666666667,0.03666666666666667,0.01
2025-09-05/IMG_1015.JPG,Small,Small,0.10666666666666667,0.8333333333333334,0.04666666666666667,0.013333333333333334
2025-08-22/IMG_9806.JPG,Medium,Medium,0.0033333333333333335,0.04666666666666667,0.8666666666666667,0.08333333333333333
2025-09-05/IMG_0873.JPG,Small,Small,0.02,0.8,0.17333333333333334,0.006666666666666667
2025-08-07/IMG_9512.JPG,Small,Small,0.16,0.8233333333333334,0.013333333333333334,0.0033333333333333335
2025-08-22/IMG_9841.JPG,Small,Small,0.006666666666666667,0.8766666666666667,0.11,0.006666666666666667
2025-09-05/IMG_1536.JPG,Small,Small,0.3,0.69,0.01,0.0
2025-08-22/IMG_0047.JPG,Very Small,Very Small,0.9033333333333333,0.06666666666666667,0.02666666666666667,0.0033333333333333335
2025-08-07/IMG_9202.JPG,Small,Small,0.07666666666666666,0.85,0.07333333333333333,0.0
2025-08-22/IMG_0197.JPG,Small,Small,0.013333333333333334,0.8233333333333334,0.14333333333333334,0.02
2025-09-05/IMG_1162.JPG,Small,Small,0.016666666666666666,0.72,0.25666666666666665,0.006666666666666667
2025-09-29/IMG_1684.JPG,Medium,Medium,0.01,0.11,0.88,0.0
2025-09-05/IMG_1439.JPG,Very Small,Very Small,0.9166666666666666,0.08,0.0033333333333333335,0.0
2025-08-22/IMG_0177.JPG,Very Small,Very Small,0.8166666666666667,0.18333333333333332,0.0,0.0
2025-09-05/IMG_1111.JPG,Medium,Medium,0.03,0.18333333333333332,0.7833333333333333,0.0033333333333333335
2025-09-29/IMG_1745.JPG,Small,Small,0.023333333333333334,0.81,0.16666666666666666,0.0
2025-08-07/IMG_9226.JPG,Small,Small,0.19,0.7733333333333333,0.03,0.006666666666666667
2025-09-05/IMG_1207.JPG,Very Small,Very Small,0.7233333333333334,0.21666666666666667,0.056666666666666664,0.0033333333333333335
2025-09-05/IMG_1387.JPG,Medium,Medium,0.03333333333333333,0.11333333333333333,0.79,0.06333333333333334
2025-08-07/IMG_9562.JPG,Medium,Medium,0.06666666666666667,0.17333333333333334,0.7366666666666667,0.023333333333333334
2025-09-05/IMG_1492.JPG,Small,Small,0.03,0.7533333333333333,0.21333333333333335,0.0033333333333333335
2025-09-29/IMG_1777.JPG,Very Small,Very Small,0.9733333333333334,0.023333333333333334,0.0033333333333333335,0.0
2025-09-29/IMG_1790.JPG,Small,Small,0.36,0.6366666666666667,0.0033333333333333335,0.0
2025-09-05/IMG_1528.JPG,Small,Small,0.17333333333333334,0.8166666666666667,0.01,0.0
2025-08-22/IMG_9969.JPG,Small,Small,0.21333333333333335,0.77,0.016666666666666666,0.0
2025-09-05/IMG_1341.JPG,Medium,Medium,0.04,0.12666666666666668,0.79,0.043333333333333335
2025-08-07/IMG_9688.JPG,Large,Large,0.0,0.013333333333333334,0.09333333333333334,0.8933333333333333
2025-09-05/IMG_1575.JPG,Small,Small,0.18,0.7966666666666666,0.02,0.0033333333333333335
2025-09-05/IMG_0830.JPG,Small,Small,0.2,0.76,0.03666666666666667,0.0033333333333333335
2025-09-05/IMG_1020.JPG,Small,Small,0.04666666666666667,0.89,0.06333333333333334,0.0
2025-08-22/IMG_0153.JPG,Medium,Medium,0.02,0.17666666666666667,0.8033333333333333,0.0
2025-09-05/IMG_0826.JPG,Very Small,Very Small,0.9833333333333333,0.016666666666666666,0.0,0.0
2025-09-05/IMG_1046.JPG,Small,Small,0.11,0.8466666666666667,0.04,0.0033333333333333335
2025-08-07/IMG_9595.JPG,Medium,Medium,0.0033333333333333335,0.02666666666666667,0.9266666666666666,0.043333333333333335
2025-09-05/IMG_1025.JPG,Very Small,Very Small,0.7733333333333333,0.15333333333333332,0.06666666666666667,0.006666666666666667
2025-08-07/IMG_9184.JPG,Medium,Medium,0.0033333333333333335,0.07,0.9133333333333333,0.013333333333333334
2025-08-22/IMG_9921.JPG,Very Small,Very Small,0.7766666666666666,0.20333333333333334,0.02,0.0
2025-09-29/IMG_1822.JPG,Very Small,Very Small,0.9466666666666667,0.043333333333333335,0.0033333333333333335,0.006666666666666667
2025-09-05/IMG_1134.JPG,Small,Small,0.03,0.8833333333333333,0.08666666666666667,0.0
2025-08-22/IMG_9999.JPG,Very Small,Very Small,0.8033333333333333,0.16333333333333333,0.03333333333333333,0.0
2025-08-07/IMG_9239.JPG,Small,Small,0.11333333333333333,0.8533333333333334,0.02666666666666667,0.006666666666666667
2025-09-05/IMG_1608.JPG,Small,Small,0.11,0.8433333333333334,0.04666666666666667,0.0
2025-08-22/IMG_0223.JPG,Small,Small,0.03,0.87,0.08333333333333333,0.016666666666666666
2025-08-07/IMG_9616.JPG,Large,Large,0.0,0.0033333333333333335,0.023333333333333334,0.9733333333333334
2025-09-05/IMG_1489.JPG,Medium,Medium,0.006666666666666667,0.05333333333333334,0.8633333333333333,0.07666666666666666
2025-08-22/IMG_9936.JPG,Very Small,Very Small,0.87,0.12666666666666668,0.0033333333333333335,0.0
2025-09-05/IMG_1414.JPG,Very Small,Very Small,0.9266666666666666,0.06333333333333334,0.01,0.0
2025-08-07/IMG_9233.JPG,Very Small,Very Small,0.8533333333333334,0.14666666666666667,0.0,0.0
2025-08-07/IMG_9556.JPG,Very Small,Very Small,0.7633333333333333,0.19333333333333333,0.043333333333333335,0.0
2025-08-07/IMG_9209.JPG,Very Small,Very Small,0.9066666666666666,0.08333333333333333,0.01,0.0
2025-09-05/IMG_1509.JPG,Medium,Medium,0.0,0.03333333333333333,0.9533333333333334,0.013333333333333334
2025-08-22/IMG_9771.JPG,Very Small,Very Small,0.9433333333333334,0.056666666666666664,0.0,0.0
2025-08-07/IMG_9590.JPG,Medium,Medium,0.056666666666666664,0.08666666666666667,0.81,0.04666666666666667
2025-08-22/IMG_9766.JPG,Large,Large,0.0033333333333333335,0.013333333333333334,0.31,0.6733333333333333
2025-09-05/IMG_1221.JPG,Small,Small,0.03666666666666667,0.8433333333333334,0.11333333333333333,0.006666666666666667
2025-09-05/IMG_1380.JPG,Medium,Medium,0.0,0.03333333333333333,0.94,0.02666666666666667
2025-08-22/IMG_0035.JPG,Very Small,Very Small,0.6833333333333333,0.22666666666666666,0.07333333333333333,0.016666666666666666
2025-09-05/IMG_1268.JPG,Small,Small,0.056666666666666664,0.9066666666666666,0.03666666666666667,0.0
2025-08-07/IMG_9434.JPG,Small,Small,0.03333333333333333,0.9166666666666666,0.04666666666666667,0.0033333333333333335
2025-09-29/IMG_1902.JPG,Small,Small,0.1,0.7866666666666666,0.09,0.023333333333333334
2025-08-07/IMG_9518.JPG,Small,Small,0.15,0.8433333333333334,0.0033333333333333335,0.0033333333333333335
2025-09-05/IMG_1407.JPG,Small,Small,0.013333333333333334,0.8766666666666667,0.11,0.0
2025-09-29/IMG_1910.JPG,Small,Small,0.10666666666666667,0.65,0.15,0.09333333333333334
2025-09-05/IMG_1517.JPG,Small,Small,0.19333333333333333,0.7766666666666666,0.023333333333333334,0.006666666666666667
2025-08-07/IMG_9654.JPG,Large,Large,0.0,0.006666666666666667,0.06666666666666667,0.9266666666666666
2025-09-05/IMG_1561.JPG,Small,Small,0.10666666666666667,0.8866666666666667,0.0033333333333333335,0.0033333333333333335
2025-09-05/IMG_1565.JPG,Very Small,Very Small,0.6566666666666666,0.21333333333333335,0.1,0.03
2025-08-07/IMG_9476.JPG,Small,Small,0.03333333333333333,0.8766666666666667,0.09,0.0
2025-09-29/IMG_1933.JPG,Very Small,Very Small,0.8433333333333334,0.13333333333333333,0.023333333333333334,0.0
2025-09-05/IMG_0882.JPG,Small,Small,0.04,0.8466666666666667,0.10333333333333333,0.01
2025-08-22/IMG_0279.JPG,Medium,Medium,0.006666666666666667,0.13,0.84,0.023333333333333334
2025-09-05/IMG_1298.JPG,Very Small,Very Small,0.91,0.09,0.0,0.0
2025-08-22/IMG_0168.JPG,Medium,Medium,0.0033333333333333335,0.056666666666666664,0.9333333333333333,0.006666666666666667
2025-09-05/IMG_1564.JPG,Very Small,Very Small,0.7366666666666667,0.20666666666666667,0.056666666666666664,0.0
2025-08-22/IMG_9947.JPG,Very Small,Very Small,0.9233333333333333,0.06666666666666667,0.01,0.0
2025-08-22/IMG_9755.JPG,Small,Small,0.04,0.88,0.07,0.01
2025-09-05/IMG_1419.JPG,Small,Small,0.013333333333333334,0.9366666666666666,0.05,0.0
2025-09-05/IMG_0954.JPG,Small,Small,0.02666666666666667,0.7866666666666666,0.17333333333333334,0.013333333333333334
2025-08-07/IMG_9526.JPG,Medium,Medium,0.056666666666666664,0.23333333333333334,0.7033333333333334,0.006666666666666667
2025-09-05/IMG_1198.JPG,Very Small,Very Small,0.93,0.06333333333333334,0.006666666666666667,0.0
2025-08-07/IMG_9181.JPG,Small,Small,0.09666666666666666,0.8133333333333334,0.07666666666666666,0.013333333333333334
2025-09-05/IMG_1139.JPG,Small,Small,0.03666666666666667,0.89,0.07333333333333333,0.0
2025-08-22/IMG_9913.JPG,Small,Small,0.22666666666666666,0.7633333333333333,0.0033333333333333335,0.006666666666666667
2025-08-07/IMG_9655.JPG,Large,Large,0.006666666666666667,0.04,0.14666666666666667,0.8066666666666666
2025-09-05/IMG_0823.JPG,Very Small,Very Small,0.7,0.2633333333333333,0.03666666666666667,0.0
2025-09-29/IMG_1898.JPG,Medium,Medium,0.07,0.13333333333333333,0.7633333333333333,0.03333333333333333
2025-08-22/IMG_9779.JPG,Very Small,Very Small,0.99,0.01,0.0,0.0
2025-09-29/IMG_1906.JPG,Large,Large,0.0033333333333333335,0.006666666666666667,0.11,0.88
2025-09-05/IMG_1218.JPG,Medium,Medium,0.08666666666666667,0.19,0.7166666666666667,0.006666666666666667
2025-08-22/IMG_0054.JPG,Small,Small,0.13333333333333333,0.8133333333333334,0.05333333333333334,0.0
2025-09-05/IMG_1044.JPG,Small,Small,0.06666666666666667,0.89,0.043333333333333335,0.0
2025-09-05/IMG_1409.JPG,Small,Small,0.01,0.9433333333333334,0.04666666666666667,0.0
2025-08-22/IMG_9977.JPG,Very Small,Very Small,0.8566666666666667,0.12333333333333334,0.016666666666666666,0.0033333333333333335
2025-09-05/IMG_1145.JPG,Small,Small,0.05333333333333334,0.8333333333333334,0.11333333333333333,0.0
2025-08-22/IMG_0227.JPG,Small,Small,0.05333333333333334,0.8866666666666667,0.06,0.0
2025-08-22/IMG_9876.JPG,Medium,Medium,0.0033333333333333335,0.11666666666666667,0.8766666666666667,0.0033333333333333335
2025-08-22/IMG_9950.JPG,Small,Small,0.11333333333333333,0.82,0.04666666666666667,0.02
2025-09-05/IMG_0874.JPG,Small,Small,0.08333333333333333,0.8566666666666667,0.06,0.0
2025-08-07/IMG_9448.JPG,Very Small,Very Small,0.9433333333333334,0.05,0.006666666666666667,0.0
2025-08-22/IMG_9759.JPG,Medium,Medium,0.0,0.13666666666666666,0.8466666666666667,0.016666666666666666
2025-09-29/IMG_1901.JPG,Small,Small,0.043333333333333335,0.81,0.14,0.006666666666666667
2025-08-07/IMG_9426.JPG,Medium,Medium,0.01,0.14333333333333334,0.8466666666666667,0.0
2025-08-22/IMG_9790.JPG,Medium,Medium,0.006666666666666667,0.16666666666666666,0.8133333333333334,0.013333333333333334
2025-08-22/IMG_9739.JPG,Small,Small,0.07333333333333333,0.86,0.06333333333333334,0.0033333333333333335
2025-09-05/IMG_1463.JPG,Small,Small,0.11333333333333333,0.8133333333333334,0.07,0.0033333333333333335
2025-08-22/IMG_9851.JPG,Very Small,Very Small,0.9166666666666666,0.07333333333333333,0.01,0.0
2025-08-07/IMG_9691.JPG,Medium,Medium,0.006666666666666667,0.03333333333333333,0.9033333333333333,0.056666666666666664
2025-09-05/IMG_0939.JPG,Small,Small,0.043333333333333335,0.8433333333333334,0.11333333333333333,0.0
2025-09-29/IMG_1704.JPG,Medium,Medium,0.0,0.15666666666666668,0.8433333333333334,0.0
2025-08-22/IMG_0094.JPG,Very Small,Very Small,0.88,0.11333333333333333,0.006666666666666667,0.0
2025-08-22/IMG_0291.JPG,Small,Small,0.023333333333333334,0.7333333333333333,0.23,0.013333333333333334
2025-08-07/IMG_9656.JPG,Large,Large,0.0033333333333333335,0.006666666666666667,0.02666666666666667,0.9633333333333334
2025-08-22/IMG_0271.JPG,Small,Small,0.03666666666666667,0.9366666666666666,0.02666666666666667,0.0
2025-09-29/IMG_1823.JPG,Medium,Medium,0.016666666666666666,0.12,0.85,0.013333333333333334
2025-09-29/IMG_1680.JPG,Small,Small,0.02666666666666667,0.82,0.15333333333333332,0.0
2025-08-22/IMG_9966.JPG,Very Small,Very Small,0.7966666666666666,0.18,0.023333333333333334,0.0
2025-09-05/IMG_0796.JPG,Small,Small,0.24,0.76,0.0,0.0
2025-08-22/IMG_9808.JPG,Very Small,Very Small,0.99,0.01,0.0,0.0
2025-09-05/IMG_1448.JPG,Medium,Medium,0.043333333333333335,0.18,0.7766666666666666,0.0
2025-09-05/IMG_1288.JPG,Small,Small,0.08666666666666667,0.89,0.023333333333333334,0.0
2025-08-22/IMG_9810.JPG,Large,Large,0.0033333333333333335,0.0,0.04,0.9566666666666667
2025-08-22/IMG_0222.JPG,Very Small,Very Small,0.9866666666666667,0.01,0.0033333333333333335,0.0
2025-08-07/IMG_9449.JPG,Medium,Medium,0.0033333333333333335,0.22,0.7666666666666667,0.01
2025-08-07/IMG_9406.JPG,Medium,Medium,0.016666666666666666,0.15,0.8333333333333334,0.0
2025-09-05/IMG_1178.JPG,Medium,Medium,0.0033333333333333335,0.18,0.8166666666666667,0.0
2025-08-07/IMG_9585.JPG,Large,Large,0.03333333333333333,0.07333333333333333,0.15,0.7433333333333333
2025-08-22/IMG_9818.JPG,Medium,Medium,0.0033333333333333335,0.03333333333333333,0.8266666666666667,0.13666666666666666
2025-08-07/IMG_9160.JPG,Small,Small,0.23,0.7533333333333333,0.016666666666666666,0.0
2025-08-07/IMG_9485.JPG,Medium,Medium,0.03,0.17,0.79,0.01
2025-08-22/IMG_0039.JPG,Very Small,Very Small,0.8166666666666667,0.13666666666666666,0.043333333333333335,0.0033333333333333335
2025-09-05/IMG_0867.JPG,Medium,Medium,0.0,0.01,0.9833333333333333,0.006666666666666667
2025-09-05/IMG_1096.JPG,Small,Small,0.013333333333333334,0.8433333333333334,0.14333333333333334,0.0
2025-08-07/IMG_9673.JPG,Large,Large,0.0033333333333333335,0.006666666666666667,0.08333333333333333,0.9066666666666666
2025-08-22/IMG_9829.JPG,Large,Large,0.0033333333333333335,0.013333333333333334,0.04666666666666667,0.9366666666666666
2025-09-05/IMG_0975.JPG,Very Small,Very Small,0.7466666666666667,0.22666666666666666,0.02,0.006666666666666667
2025-09-29/IMG_1693.JPG,Medium,Medium,0.023333333333333334,0.31,0.6666666666666666,0.0
2025-08-07/IMG_9603.JPG,Medium,Medium,0.006666666666666667,0.12,0.84,0.03333333333333333
2025-09-29/IMG_1849.JPG,Small,Small,0.06333333333333334,0.7266666666666667,0.17,0.04
2025-08-07/IMG_9218.JPG,Small,Small,0.04,0.93,0.03,0.0
2025-09-05/IMG_1504.JPG,Medium,Medium,0.0033333333333333335,0.09333333333333334,0.8933333333333333,0.01
2025-09-05/IMG_1320.JPG,Small,Small,0.24,0.7433333333333333,0.016666666666666666,0.0
2025-08-22/IMG_0300.JPG,Small,Small,0.11333333333333333,0.83,0.05333333333333334,0.0033333333333333335
2025-08-07/IMG_9505.JPG,Medium,Medium,0.07333333333333333,0.15666666666666668,0.7566666666666667,0.013333333333333334
2025-09-29/IMG_1839.JPG,Small,Small,0.03,0.8366666666666667,0.12333333333333334,0.01
2025-08-07/IMG_9431.JPG,Very Small,Very Small,0.9433333333333334,0.05,0.0033333333333333335,0.0033333333333333335
2025-09-05/IMG_1555.JPG,Very Small,Very Small,0.82,0.16666666666666666,0.013333333333333334,0.0
2025-08-07/IMG_9228.JPG,Medium,Medium,0.01,0.20333333333333334,0.7733333333333333,0.013333333333333334
2025-09-05/IMG_1231.JPG,Small,Small,0.006666666666666667,0.69,0.2833333333333333,0.02
2025-09-05/IMG_1187.JPG,Small,Small,0.04666666666666667,0.8866666666666667,0.06666666666666667,0.0
2025-08-22/IMG_0226.JPG,Small,Small,0.01,0.9633333333333334,0.02666666666666667,0.0
2025-09-29/IMG_1721.JPG,Very Small,Very Small,0.98,0.016666666666666666,0.0033333333333333335,0.0
2025-09-29/IMG_1788.JPG,Very Small,Very Small,0.74,0.25666666666666665,0.0033333333333333335,0.0
2025-09-29/IMG_1794.JPG,Very Small,Very Small,0.9633333333333334,0.03666666666666667,0.0,0.0
2025-08-22/IMG_9938.JPG,Very Small,Very Small,0.87,0.12333333333333334,0.006666666666666667,0.0
2025-08-22/IMG_0041.JPG,Small,Small,0.10666666666666667,0.8533333333333334,0.04,0.0
2025-08-22/IMG_0042.JPG,Medium,Medium,0.10666666666666667,0.24666666666666667,0.6466666666666666,0.0
2025-09-29/IMG_1881.JPG,Small,Small,0.06666666666666667,0.9033333333333333,0.03,0.0
2025-09-05/IMG_1021.JPG,Small,Small,0.05,0.93,0.016666666666666666,0.0033333333333333335
2025-09-05/IMG_1404.JPG,Small,Small,0.03,0.9333333333333333,0.03333333333333333,0.0033333333333333335
2025-08-22/IMG_9754.JPG,Very Small,Very Small,0.9833333333333333,0.016666666666666666,0.0,0.0
2025-08-22/IMG_0091.JPG,Very Small,Very Small,0.7566666666666667,0.23,0.01,0.0033333333333333335
2025-09-05/IMG_1171.JPG,Very Small,Very Small,0.96,0.03666666666666667,0.0033333333333333335,0.0
2025-09-29/IMG_1879.JPG,Very Small,Very Small,0.9133333333333333,0.07,0.016666666666666666,0.0
2025-08-22/IMG_9822.JPG,Large,Large,0.0033333333333333335,0.006666666666666667,0.05,0.94
2025-09-05/IMG_1091.JPG,Very Small,Very Small,0.91,0.08666666666666667,0.0033333333333333335,0.0
2025-09-05/IMG_1037.JPG,Small,Small,0.21,0.7333333333333333,0.04666666666666667,0.01
2025-09-05/IMG_1045.JPG,Medium,Medium,0.17333333333333334,0.17,0.6566666666666666,0.0
2025-09-05/IMG_1453.JPG,Small,Small,0.32666666666666666,0.6666666666666666,0.006666666666666667,0.0
2025-09-05/IMG_1589.JPG,Very Small,Very Small,0.7466666666666667,0.24666666666666667,0.006666666666666667,0.0
2025-09-05/IMG_1607.JPG,Medium,Medium,0.02666666666666667,0.11333333333333333,0.8066666666666666,0.05333333333333334
2025-09-29/IMG_1679.JPG,Medium,Medium,0.0,0.13,0.87,0.0
2025-09-05/IMG_1412.JPG,Medium,Medium,0.0,0.06,0.9266666666666666,0.013333333333333334
2025-09-05/IMG_1352.JPG,Small,Small,0.11,0.8333333333333334,0.05333333333333334,0.0033333333333333335
2025-09-05/IMG_1410.JPG,Medium,Medium,0.0033333333333333335,0.06,0.93,0.006666666666666667
2025-08-22/IMG_9996.JPG,Small,Small,0.15333333333333332,0.7966666666666666,0.043333333333333335,0.006666666666666667
2025-09-29/IMG_1793.JPG,Very Small,Very Small,0.89,0.09333333333333334,0.016666666666666666,0.0
2025-09-29/IMG_1671.JPG,Small,Small,0.013333333333333334,0.8033333333333333,0.16,0.023333333333333334
2025-08-07/IMG_9489.JPG,Very Small,Very Small,0.7566666666666667,0.21666666666666667,0.023333333333333334,0.0033333333333333335
2025-09-05/IMG_1144.JPG,Medium,Medium,0.02,0.23666666666666666,0.7433333333333333,0.0
2025-08-07/IMG_9163.JPG,Very Small,Very Small,0.8533333333333334,0.13666666666666666,0.01,0.0
2025-08-22/IMG_9889.JPG,Small,Small,0.07333333333333333,0.81,0.11,0.006666666666666667
2025-08-22/IMG_0048.JPG,Small,Small,0.08666666666666667,0.8733333333333333,0.03333333333333333,0.006666666666666667
2025-09-05/IMG_1120.JPG,Very Small,Very Small,0.97,0.02666666666666667,0.0033333333333333335,0.0
2025-09-05/IMG_1540.JPG,Very Small,Very Small,0.8966666666666666,0.09333333333333334,0.01,0.0
2025-09-29/IMG_1853.JPG,Very Small,Very Small,0.8333333333333334,0.16,0.006666666666666667,0.0
2025-08-22/IMG_0085.JPG,Very Small,Very Small,0.8066666666666666,0.16,0.03333333333333333,0.0
2025-08-07/IMG_9652.JPG,Large,Large,0.013333333333333334,0.016666666666666666,0.12,0.85
2025-09-05/IMG_0863.JPG,Small,Small,0.016666666666666666,0.89,0.09333333333333334,0.0
2025-08-22/IMG_0036.JPG,Small,Small,0.10666666666666667,0.8733333333333333,0.016666666666666666,0.0033333333333333335
2025-08-22/IMG_9979.JPG,Very Small,Very Small,0.75,0.16666666666666666,0.06,0.023333333333333334
2025-08-22/IMG_0002.JPG,Very Small,Very Small,0.8833333333333333,0.10666666666666667,0.01,0.0
2025-08-22/IMG_9734.JPG,Very Small,Very Small,0.7966666666666666,0.17666666666666667,0.02666666666666667,0.0
2025-08-22/IMG_9882.JPG,Small,Small,0.12666666666666668,0.85,0.023333333333333334,0.0
2025-09-29/IMG_1952.JPG,Very Small,Very Small,0.7166666666666667,0.26,0.023333333333333334,0.0
2025-08-07/IMG_9538.JPG,Large,Large,0.03333333333333333,0.056666666666666664,0.14333333333333334,0.7666666666666667
2025-09-05/IMG_1060.JPG,Very Small,Very Small,0.86,0.11666666666666667,0.016666666666666666,0.006666666666666667
2025-08-22/IMG_9940.JPG,Small,Small,0.08333333333333333,0.8966666666666666,0.016666666666666666,0.0033333333333333335
2025-08-22/IMG_0211.JPG,Small,Small,0.05,0.8933333333333333,0.056666666666666664,0.0
2025-09-05/IMG_0814.JPG,Small,Small,0.01,0.8466666666666667,0.14333333333333334,0.0
2025-08-07/IMG_9468.JPG,Small,Small,0.04,0.9166666666666666,0.043333333333333335,0.0
2025-08-07/IMG_9598.JPG,Small,Small,0.01,0.9066666666666666,0.08333333333333333,0.0
2025-09-05/IMG_1199.JPG,Very Small,Very Small,0.8066666666666666,0.09333333333333334,0.03666666666666667,0.06333333333333334
2025-09-05/IMG_1138.JPG,Small,Small,0.16666666666666666,0.78,0.05333333333333334,0.0
2025-09-29/IMG_1799.JPG,Small,Small,0.14,0.8466666666666667,0.01,0.0033333333333333335
2025-09-05/IMG_1359.JPG,Very Small,Very Small,0.78,0.21,0.01,0.0
2025-08-22/IMG_9929.JPG,Very Small,Very Small,0.7833333333333333,0.16333333333333333,0.04666666666666667,0.006666666666666667
2025-09-29/IMG_1860.JPG,Very Small,Very Small,0.7833333333333333,0.2,0.013333333333333334,0.0033333333333333335
2025-08-07/IMG_9259.JPG,Small,Small,0.02666666666666667,0.8033333333333333,0.14666666666666667,0.023333333333333334
2025-09-05/IMG_1351.JPG,Medium,Medium,0.06333333333333334,0.2633333333333333,0.67,0.0033333333333333335
2025-08-07/IMG_9085.JPG,Very Small,Very Small,0.6733333333333333,0.23,0.09,0.006666666666666667
2025-08-07/IMG_9148.JPG,Very Small,Very Small,0.8266666666666667,0.16666666666666666,0.006666666666666667,0.0
2025-09-05/IMG_0811.JPG,Medium,Medium,0.0,0.04666666666666667,0.93,0.023333333333333334
2025-08-22/IMG_9902.JPG,Small,Small,0.02,0.85,0.13,0.0
2025-08-07/IMG_9135.JPG,Small,Small,0.05333333333333334,0.8833333333333333,0.06,0.0033333333333333335
2025-09-29/IMG_1746.JPG,Medium,Medium,0.013333333333333334,0.25,0.7366666666666667,0.0
2025-08-07/IMG_9257.JPG,Small,Small,0.08,0.8933333333333333,0.02,0.006666666666666667
2025-08-07/IMG_9544.JPG,Large,Large,0.06333333333333334,0.11333333333333333,0.16333333333333333,0.66
2025-09-05/IMG_1276.JPG,Medium,Medium,0.12666666666666668,0.22666666666666666,0.6466666666666666,0.0
2025-09-05/IMG_1456.JPG,Small,Small,0.08,0.8766666666666667,0.043333333333333335,0.0
2025-09-29/IMG_1838.JPG,Small,Small,0.02666666666666667,0.8833333333333333,0.09,0.0
2025-09-29/IMG_1925.JPG,Small,Small,0.25333333333333335,0.7366666666666667,0.01,0.0
2025-09-05/IMG_1248.JPG,Small,Small,0.24,0.7433333333333333,0.016666666666666666,0.0
2025-08-07/IMG_9639.JPG,Large,Large,0.01,0.02666666666666667,0.14333333333333334,0.82
2025-08-07/IMG_9217.JPG,Medium,Medium,0.03666666666666667,0.25333333333333335,0.71,0.0
2025-09-05/IMG_1257.JPG,Small,Small,0.07,0.89,0.04,0.0
2025-09-05/IMG_1364.JPG,Medium,Medium,0.006666666666666667,0.12,0.8633333333333333,0.01
2025-09-05/IMG_1428.JPG,Medium,Medium,0.0,0.02666666666666667,0.9566666666666667,0.016666666666666666
2025-08-07/IMG_9558.JPG,Small,Small,0.06,0.69,0.21333333333333335,0.03666666666666667
2025-08-22/IMG_0186.JPG,Medium,Medium,0.0,0.13333333333333333,0.8633333333333333,0.0033333333333333335
2025-09-05/IMG_1592.JPG,Small,Small,0.12333333333333334,0.8166666666666667,0.056666666666666664,0.0033333333333333335
2025-08-07/IMG_9553.JPG,Large,Large,0.07,0.23333333333333334,0.07,0.6266666666666667
2025-09-29/IMG_1737.JPG,Small,Small,0.16,0.8366666666666667,0.0,0.0033333333333333335
2025-08-22/IMG_0276.JPG,Small,Small,0.04,0.86,0.09666666666666666,0.0033333333333333335
2025-09-05/IMG_1578.JPG,Small,Small,0.12333333333333334,0.8733333333333333,0.0033333333333333335,0.0
2025-08-22/IMG_9798.JPG,Medium,Medium,0.0,0.013333333333333334,0.9833333333333333,0.0033333333333333335
2025-08-22/IMG_0078.JPG,Small,Small,0.11333333333333333,0.8,0.07,0.016666666666666666
2025-09-05/IMG_0804.JPG,Medium,Medium,0.0,0.05,0.93,0.02
2025-09-05/IMG_1493.JPG,Small,Small,0.01,0.9466666666666667,0.043333333333333335,0.0
2025-09-05/IMG_0942.JPG,Very Small,Very Small,0.72,0.25333333333333335,0.023333333333333334,0.0033333333333333335
2025-09-29/IMG_1852.JPG,Small,Small,0.11666666666666667,0.85,0.03333333333333333,0.0
2025-09-29/IMG_1947.JPG,Small,Small,0.18333333333333332,0.7466666666666667,0.07,0.0
2025-08-07/IMG_9401.JPG,Small,Small,0.016666666666666666,0.88,0.1,0.0033333333333333335
2025-08-22/IMG_0001.JPG,Very Small,Very Small,0.8033333333333333,0.14666666666666667,0.05,0.0
2025-09-29/IMG_1885.JPG,Very Small,Very Small,0.72,0.15333333333333332,0.11,0.016666666666666666
2025-08-07/IMG_9545.JPG,Medium,Medium,0.04666666666666667,0.08666666666666667,0.81,0.056666666666666664
2025-09-05/IMG_1099.JPG,Small,Small,0.013333333333333334,0.8066666666666666,0.17333333333333334,0.006666666666666667
2025-09-05/IMG_1170.JPG,Very Small,Very Small,0.99,0.006666666666666667,0.0033333333333333335,0.0
2025-09-05/IMG_0875.JPG,Very Small,Very Small,0.89,0.10333333333333333,0.006666666666666667,0.0
2025-09-29/IMG_1821.JPG,Very Small,Very Small,0.96,0.03666666666666667,0.0,0.0033333333333333335
2025-08-22/IMG_9941.JPG,Small,Small,0.11666666666666667,0.8633333333333333,0.016666666666666666,0.0033333333333333335
2025-09-05/IMG_1357.JPG,Small,Small,0.23666666666666666,0.7433333333333333,0.016666666666666666,0.0033333333333333335
2025-08-07/IMG_9454.JPG,Very Small,Very Small,0.9566666666666667,0.043333333333333335,0.0,0.0
2025-09-29/IMG_1768.JPG,Medium,Medium,0.013333333333333334,0.21333333333333335,0.77,0.0033333333333333335
2025-09-29/IMG_1819.JPG,Small,Small,0.04,0.93,0.03,0.0
2025-09-05/IMG_0962.JPG,Medium,Medium,0.0,0.03666666666666667,0.9633333333333334,0.0
2025-08-22/IMG_9833.JPG,Small,Small,0.006666666666666667,0.88,0.11,0.0033333333333333335
2025-09-05/IMG_1595.JPG,Small,Small,0.15,0.8333333333333334,0.016666666666666666,0.0
2025-09-05/IMG_0839.JPG,Small,Small,0.04,0.9233333333333333,0.03,0.006666666666666667
2025-08-07/IMG_9403.JPG,Small,Small,0.016666666666666666,0.91,0.07333333333333333,0.0
2025-09-05/IMG_1544.JPG,Very Small,Very Small,0.72,0.23333333333333334,0.04,0.006666666666666667
2025-09-29/IMG_1924.JPG,Very Small,Very Small,0.94,0.056666666666666664,0.0033333333333333335,0.0
2025-09-05/IMG_1342.JPG,Very Small,Very Small,0.73,0.25333333333333335,0.016666666666666666,0.0
2025-08-22/IMG_0292.JPG,Medium,Medium,0.03333333333333333,0.15666666666666668,0.7933333333333333,0.016666666666666666
2025-08-22/IMG_9786.JPG,Medium,Medium,0.0033333333333333335,0.14333333333333334,0.8466666666666667,0.006666666666666667
2025-09-05/IMG_1416.JPG,Very Small,Very Small,0.9333333333333333,0.05333333333333334,0.013333333333333334,0.0
2025-08-07/IMG_9488.JPG,Small,Small,0.07666666666666666,0.8433333333333334,0.07,0.01
2025-09-05/IMG_1326.JPG,Medium,Medium,0.12,0.21,0.67,0.0
2025-08-22/IMG_0173.JPG,Very Small,Very Small,0.9133333333333333,0.08,0.006666666666666667,0.0
2025-09-05/IMG_0929.JPG,Large,Large,0.023333333333333334,0.03333333333333333,0.17,0.7733333333333333
2025-08-22/IMG_0283.JPG,Very Small,Very Small,0.9666666666666667,0.03333333333333333,0.0,0.0
2025-08-22/IMG_9911.JPG,Small,Small,0.056666666666666664,0.88,0.06,0.0033333333333333335
2025-08-22/IMG_9866.JPG,Small,Small,0.013333333333333334,0.9366666666666666,0.05,0.0
2025-08-07/IMG_9517.JPG,Small,Small,0.17666666666666667,0.7933333333333333,0.03,0.0
2025-09-05/IMG_1092.JPG,Very Small,Very Small,0.9766666666666667,0.016666666666666666,0.006666666666666667,0.0
2025-08-22/IMG_9945.JPG,Very Small,Very Small,0.92,0.07333333333333333,0.0033333333333333335,0.0033333333333333335
2025-08-07/IMG_9671.JPG,Large,Large,0.01,0.02666666666666667,0.17,0.7933333333333333
2025-09-29/IMG_1900.JPG,Medium,Medium,0.016666666666666666,0.16333333333333333,0.7933333333333333,0.02666666666666667
2025-08-22/IMG_9801.JPG,Medium,Medium,0.0,0.03333333333333333,0.95,0.016666666666666666
2025-09-05/IMG_1507.JPG,Small,Small,0.02666666666666667,0.9566666666666667,0.016666666666666666,0.0
2025-08-07/IMG_9457.JPG,Small,Small,0.17333333333333334,0.8033333333333333,0.023333333333333334,0.0
2025-09-05/IMG_1417.JPG,Medium,Medium,0.0,0.016666666666666666,0.97,0.013333333333333334
2025-09-05/IMG_1384.JPG,Medium,Medium,0.0033333333333333335,0.07,0.9266666666666666,0.0
2025-08-07/IMG_9213.JPG,Small,Small,0.05333333333333334,0.9133333333333333,0.03,0.0033333333333333335
2025-08-07/IMG_9628.JPG,Large,Large,0.0,0.016666666666666666,0.08,0.9033333333333333
2025-08-22/IMG_9955.JPG,Very Small,Very Small,0.8033333333333333,0.18333333333333332,0.013333333333333334,0.0
2025-08-07/IMG_9446.JPG,Medium,Medium,0.016666666666666666,0.22,0.76,0.0033333333333333335
2025-09-05/IMG_1531.JPG,Small,Small,0.09666666666666666,0.8166666666666667,0.08333333333333333,0.0033333333333333335
2025-09-29/IMG_1685.JPG,Very Small,Very Small,0.8566666666666667,0.12333333333333334,0.02,0.0
2025-08-07/IMG_9107.JPG,Small,Small,0.1,0.8733333333333333,0.02666666666666667,0.0
2025-09-05/IMG_1586.JPG,Very Small,Very Small,0.75,0.18666666666666668,0.06333333333333334,0.0
2025-09-05/IMG_0869.JPG,Very Small,Very Small,0.9233333333333333,0.06333333333333334,0.013333333333333334,0.0
2025-09-05/IMG_1188.JPG,Very Small,Very Small,0.73,0.22666666666666666,0.043333333333333335,0.0
2025-08-22/IMG_0218.JPG,Small,Small,0.12666666666666668,0.7966666666666666,0.07333333333333333,0.0033333333333333335
2025-09-05/IMG_1567.JPG,Very Small,Very Small,0.8733333333333333,0.12333333333333334,0.0033333333333333335,0.0
2025-08-07/IMG_9494.JPG,Small,Small,0.08333333333333333,0.88,0.03333333333333333,0.0033333333333333335
2025-08-22/IMG_9859.JPG,Large,Large,0.01,0.03666666666666667,0.12,0.8333333333333334
2025-08-07/IMG_9191.JPG,Small,Small,0.12666666666666668,0.8366666666666667,0.03666666666666667,0.0
2025-08-07/IMG_9635.JPG,Large,Large,0.0,0.006666666666666667,0.023333333333333334,0.97
2025-09-29/IMG_1816.JPG,Very Small,Very Small,0.7233333333333334,0.27,0.006666666666666667,0.0
2025-09-05/IMG_1112.JPG,Very Small,Very Small,0.98,0.016666666666666666,0.0033333333333333335,0.0
2025-08-22/IMG_9923.JPG,Small,Small,0.2833333333333333,0.71,0.006666666666666667,0.0
2025-08-07/IMG_9490.JPG,Medium,Medium,0.0,0.01,0.97,0.02
2025-09-05/IMG_1329.JPG,Small,Small,0.09,0.8733333333333333,0.03666666666666667,0.0
2025-08-07/IMG_9689.JPG,Large,Large,0.0,0.0033333333333333335,0.02666666666666667,0.97
2025-09-05/IMG_1107.JPG,Medium,Medium,0.023333333333333334,0.04666666666666667,0.9133333333333333,0.016666666666666666
2025-09-05/IMG_1324.JPG,Small,Small,0.07333333333333333,0.9233333333333333,0.0033333333333333335,0.0
2025-08-22/IMG_0113.JPG,Small,Small,0.18666666666666668,0.7666666666666667,0.04666666666666667,0.0
2025-09-05/IMG_1296.JPG,Very Small,Very Small,0.8666666666666667,0.12666666666666668,0.006666666666666667,0.0
2025-08-07/IMG_9235.JPG,Medium,Medium,0.0,0.056666666666666664,0.87,0.07333333333333333
2025-08-07/IMG_9241.JPG,Very Small,Very Small,0.9433333333333334,0.056666666666666664,0.0,0.0
2025-09-29/IMG_1817.JPG,Very Small,Very Small,0.9666666666666667,0.03333333333333333,0.0,0.0
2025-08-22/IMG_0055.JPG,Medium,Medium,0.04,0.18666666666666668,0.6966666666666667,0.07666666666666666
2025-08-07/IMG_9561.JPG,Medium,Medium,0.06666666666666667,0.19666666666666666,0.7333333333333333,0.0033333333333333335
2025-09-05/IMG_0834.JPG,Medium,Medium,0.02,0.07666666666666666,0.8866666666666667,0.016666666666666666
2025-08-22/IMG_9872.JPG,Large,Large,0.01,0.01,0.13,0.85
2025-09-29/IMG_1914.JPG,Very Small,Very Small,0.81,0.18333333333333332,0.006666666666666667,0.0
2025-08-07/IMG_9420.JPG,Small,Small,0.07666666666666666,0.8733333333333333,0.05,0.0
2025-08-07/IMG_9514.JPG,Small,Small,0.11333333333333333,0.83,0.05333333333333334,0.0033333333333333335
2025-09-29/IMG_1728.JPG,Very Small,Very Small,0.9866666666666667,0.013333333333333334,0.0,0.0
2025-09-05/IMG_0905.JPG,Medium,Medium,0.04,0.2733333333333333,0.6833333333333333,0.0033333333333333335
2025-08-22/IMG_9839.JPG,Medium,Medium,0.0033333333333333335,0.006666666666666667,0.8933333333333333,0.09666666666666666
2025-08-22/IMG_9922.JPG,Very Small,Very Small,0.9233333333333333,0.07666666666666666,0.0,0.0
2025-08-07/IMG_9198.JPG,Medium,Medium,0.08666666666666667,0.19,0.7166666666666667,0.006666666666666667
2025-09-05/IMG_1576.JPG,Very Small,Very Small,0.93,0.056666666666666664,0.01,0.0033333333333333335
2025-08-07/IMG_9658.JPG,Large,Large,0.006666666666666667,0.023333333333333334,0.21333333333333335,0.7566666666666667
2025-08-22/IMG_0259.JPG,Very Small,Very Small,0.9433333333333334,0.056666666666666664,0.0,0.0
2025-09-29/IMG_1800.JPG,Very Small,Very Small,0.95,0.05,0.0,0.0
2025-09-05/IMG_1234.JPG,Small,Small,0.0,0.8033333333333333,0.19,0.006666666666666667
2025-09-05/IMG_1360.JPG,Very Small,Very Small,0.7766666666666666,0.18333333333333332,0.04,0.0
2025-09-05/IMG_1087.JPG,Very Small,Very Small,0.8566666666666667,0.12,0.023333333333333334,0.0
2025-08-22/IMG_0182.JPG,Very Small,Very Small,0.83,0.14333333333333334,0.02666666666666667,0.0
2025-09-05/IMG_1553.JPG,Very Small,Very Small,0.7566666666666667,0.22,0.023333333333333334,0.0
2025-08-22/IMG_0097.JPG,Very Small,Very Small,0.99,0.006666666666666667,0.0033333333333333335,0.0
2025-08-07/IMG_9695.JPG,Small,Small,0.03,0.9433333333333334,0.02666666666666667,0.0
2025-08-07/IMG_9263.JPG,Small,Small,0.13666666666666666,0.8066666666666666,0.056666666666666664,0.0
2025-09-05/IMG_1278.JPG,Very Small,Very Small,0.7866666666666666,0.14,0.07333333333333333,0.0
2025-08-22/IMG_0281.JPG,Medium,Medium,0.0033333333333333335,0.04666666666666667,0.95,0.0
2025-08-07/IMG_9109.JPG,Small,Small,0.11666666666666667,0.83,0.05,0.0033333333333333335
2025-08-22/IMG_0025.JPG,Small,Small,0.22333333333333333,0.7733333333333333,0.0033333333333333335,0.0
2025-09-29/IMG_1905.JPG,Medium,Medium,0.016666666666666666,0.023333333333333334,0.7333333333333333,0.22666666666666666
2025-08-22/IMG_0044.JPG,Very Small,Very Small,0.87,0.12,0.01,0.0
2025-09-05/IMG_1512.JPG,Small,Small,0.16,0.8333333333333334,0.006666666666666667,0.0
2025-08-07/IMG_9432.JPG,Small,Small,0.03666666666666667,0.9066666666666666,0.056666666666666664,0.0
2025-09-29/IMG_1825.JPG,Small,Small,0.06,0.8533333333333334,0.07,0.016666666666666666
2025-08-22/IMG_0019.JPG,Very Small,Very Small,0.7933333333333333,0.17333333333333334,0.03333333333333333,0.0
2025-09-05/IMG_1333.JPG,Small,Small,0.24333333333333335,0.7433333333333333,0.01,0.0033333333333333335
2025-08-07/IMG_9180.JPG,Small,Small,0.23333333333333334,0.75,0.016666666666666666,0.0
2025-08-22/IMG_9956.JPG,Small,Small,0.26,0.7266666666666667,0.013333333333333334,0.0
2025-08-22/IMG_9844.JPG,Large,Large,0.013333333333333334,0.02,0.08666666666666667,0.88
2025-08-22/IMG_0118.JPG,Medium,Medium,0.09,0.16,0.7333333333333333,0.016666666666666666
2025-09-05/IMG_0890.JPG,Small,Small,0.056666666666666664,0.8533333333333334,0.08,0.01
2025-08-07/IMG_9479.JPG,Medium,Medium,0.0,0.0033333333333333335,0.9833333333333333,0.013333333333333334
2025-08-07/IMG_9645.JPG,Large,Large,0.0,0.01,0.05,0.94
2025-09-05/IMG_1012.JPG,Small,Small,0.07333333333333333,0.82,0.07666666666666666,0.03
2025-08-22/IMG_0267.JPG,Medium,Medium,0.016666666666666666,0.32,0.6633333333333333,0.0
2025-09-05/IMG_1425.JPG,Small,Small,0.02,0.9266666666666666,0.05333333333333334,0.0
2025-09-05/IMG_1295.JPG,Small,Small,0.12,0.8533333333333334,0.02666666666666667,0.0
2025-08-07/IMG_9681.JPG,Large,Large,0.0,0.0033333333333333335,0.02,0.9766666666666667
2025-09-05/IMG_0807.JPG,Medium,Medium,0.0033333333333333335,0.35,0.6466666666666666,0.0
2025-09-29/IMG_1701.JPG,Small,Small,0.27666666666666667,0.7066666666666667,0.016666666666666666,0.0
2025-08-22/IMG_0193.JPG,Small,Small,0.04,0.8833333333333333,0.07333333333333333,0.0033333333333333335
2025-09-05/IMG_0845.JPG,Medium,Medium,0.0,0.14333333333333334,0.85,0.006666666666666667
2025-09-05/IMG_0800.JPG,Medium,Medium,0.0033333333333333335,0.25333333333333335,0.7433333333333333,0.0
2025-09-05/IMG_1559.JPG,Small,Small,0.11333333333333333,0.86,0.02666666666666667,0.0
2025-09-05/IMG_1363.JPG,Medium,Medium,0.01,0.14666666666666667,0.8333333333333334,0.01
2025-09-05/IMG_0857.JPG,Very Small,Very Small,0.9633333333333334,0.03666666666666667,0.0,0.0
2025-08-07/IMG_9216.JPG,Medium,Medium,0.08,0.20333333333333334,0.7166666666666667,0.0
2025-09-05/IMG_0866.JPG,Medium,Medium,0.01,0.07666666666666666,0.9066666666666666,0.006666666666666667
2025-09-29/IMG_1846.JPG,Small,Small,0.05,0.8733333333333333,0.07666666666666666,0.0
2025-09-05/IMG_1484.JPG,Very Small,Very Small,0.7866666666666666,0.19333333333333333,0.02,0.0
2025-08-22/IMG_9900.JPG,Small,Small,0.10333333333333333,0.89,0.006666666666666667,0.0
2025-09-05/IMG_1312.JPG,Small,Small,0.14666666666666667,0.81,0.043333333333333335,0.0
2025-09-05/IMG_0963.JPG,Small,Small,0.05,0.9133333333333333,0.03333333333333333,0.0033333333333333335
2025-08-22/IMG_0030.JPG,Medium,Medium,0.12,0.20333333333333334,0.65,0.02666666666666667
2025-09-05/IMG_1098.JPG,Small,Small,0.043333333333333335,0.8566666666666667,0.09666666666666666,0.0033333333333333335
2025-08-22/IMG_9984.JPG,Very Small,Very Small,0.91,0.08,0.01,0.0
2025-09-29/IMG_1917.JPG,Very Small,Very Small,0.8466666666666667,0.14333333333333334,0.01,0.0
2025-09-29/IMG_1797.JPG,Small,Small,0.08333333333333333,0.8666666666666667,0.04666666666666667,0.0033333333333333335
2025-09-05/IMG_1600.JPG,Small,Small,0.07666666666666666,0.8666666666666667,0.056666666666666664,0.0
2025-08-22/IMG_0018.JPG,Small,Small,0.15333333333333332,0.8366666666666667,0.01,0.0
2025-08-22/IMG_9949.JPG,Small,Small,0.08,0.8533333333333334,0.056666666666666664,0.01
2025-09-05/IMG_1519.JPG,Small,Small,0.21,0.79,0.0,0.0
2025-09-05/IMG_1403.JPG,Very Small,Very Small,0.9133333333333333,0.08333333333333333,0.0033333333333333335,0.0
2025-09-05/IMG_1132.JPG,Very Small,Very Small,0.9366666666666666,0.05333333333333334,0.01,0.0
2025-09-05/IMG_0910.JPG,Very Small,Very Small,0.9833333333333333,0.013333333333333334,0.0033333333333333335,0.0
2025-08-22/IMG_0207.JPG,Medium,Medium,0.05333333333333334,0.24666666666666667,0.6866666666666666,0.013333333333333334
2025-09-05/IMG_1119.JPG,Small,Small,0.15666666666666668,0.7733333333333333,0.07,0.0
2025-09-05/IMG_1523.JPG,Very Small,Very Small,0.7933333333333333,0.18,0.02666666666666667,0.0
2025-08-22/IMG_0235.JPG,Very Small,Very Small,0.72,0.2733333333333333,0.006666666666666667,0.0
2025-08-22/IMG_0154.JPG,Small,Small,0.03,0.8466666666666667,0.11,0.013333333333333334
2025-08-07/IMG_9422.JPG,Very Small,Very Small,0.7266666666666667,0.23,0.043333333333333335,0.0
2025-08-07/IMG_9144.JPG,Very Small,Very Small,0.8533333333333334,0.13666666666666666,0.01,0.0
2025-09-29/IMG_1842.JPG,Small,Small,0.14333333333333334,0.8066666666666666,0.04666666666666667,0.0033333333333333335
2025-08-07/IMG_9156.JPG,Medium,Medium,0.05,0.18666666666666668,0.7533333333333333,0.01
2025-08-22/IMG_0053.JPG,Small,Small,0.14333333333333334,0.8133333333333334,0.03,0.013333333333333334
2025-09-29/IMG_1694.JPG,Very Small,Very Small,0.8766666666666667,0.12,0.0033333333333333335,0.0
2025-09-05/IMG_1470.JPG,Small,Small,0.1,0.87,0.02666666666666667,0.0033333333333333335
2025-08-22/IMG_9937.JPG,Small,Small,0.09,0.87,0.03666666666666667,0.0033333333333333335
2025-09-05/IMG_1310.JPG,Very Small,Very Small,0.9333333333333333,0.06,0.006666666666666667,0.0
2025-09-05/IMG_0912.JPG,Very Small,Very Small,0.8966666666666666,0.08666666666666667,0.016666666666666666,0.0
2025-09-29/IMG_1676.JPG,Medium,Medium,0.0,0.14666666666666667,0.8433333333333334,0.01
2025-08-07/IMG_9581.JPG,Medium,Medium,0.056666666666666664,0.07,0.84,0.03333333333333333
2025-09-05/IMG_0956.JPG,Small,Small,0.043333333333333335,0.9133333333333333,0.043333333333333335,0.0
2025-09-05/IMG_1013.JPG,Very Small,Very Small,0.8366666666666667,0.14333333333333334,0.02,0.0
2025-09-05/IMG_0836.JPG,Very Small,Very Small,0.9266666666666666,0.06,0.013333333333333334,0.0
2025-09-29/IMG_1946.JPG,Very Small,Very Small,0.84,0.14666666666666667,0.013333333333333334,0.0
2025-08-22/IMG_9881.JPG,Very Small,Very Small,0.7933333333333333,0.17,0.03333333333333333,0.0033333333333333335
2025-08-07/IMG_9249.JPG,Medium,Medium,0.01,0.1,0.87,0.02
2025-08-07/IMG_9165.JPG,Very Small,Very Small,0.77,0.20666666666666667,0.023333333333333334,0.0
2025-08-07/IMG_9675.JPG,Large,Large,0.013333333333333334,0.013333333333333334,0.06666666666666667,0.9066666666666666
2025-08-22/IMG_0148.JPG,Small,Small,0.06333333333333334,0.8,0.13,0.006666666666666667
2025-09-05/IMG_0955.JPG,Small,Small,0.023333333333333334,0.9333333333333333,0.04,0.0033333333333333335
2025-09-29/IMG_1904.JPG,Very Small,Very Small,0.6166666666666667,0.07,0.2966666666666667,0.016666666666666666
2025-08-07/IMG_9097.JPG,Small,Small,0.18,0.8033333333333333,0.016666666666666666,0.0
2025-08-07/IMG_9714.JPG,Large,Large,0.0,0.0,0.04666666666666667,0.9533333333333334
2025-09-05/IMG_1521.JPG,Small,Small,0.25333333333333335,0.7366666666666667,0.01,0.0
2025-08-07/IMG_9646.JPG,Large,Large,0.0033333333333333335,0.0,0.15,0.8466666666666667
2025-09-29/IMG_1864.JPG,Small,Small,0.21,0.7666666666666667,0.016666666666666666,0.006666666666666667
2025-09-29/IMG_1691.JPG,Medium,Medium,0.0033333333333333335,0.02,0.9533333333333334,0.023333333333333334
2025-09-05/IMG_1163.JPG,Medium,Medium,0.02,0.17666666666666667,0.8,0.0033333333333333335
2025-09-29/IMG_1803.JPG,Very Small,Very Small,0.98,0.02,0.0,0.0
2025-08-22/IMG_0149.JPG,Medium,Medium,0.07,0.21,0.7166666666666667,0.0033333333333333335
2025-09-05/IMG_0889.JPG,Medium,Medium,0.03666666666666667,0.16,0.7766666666666666,0.02666666666666667
2025-08-22/IMG_9948.JPG,Very Small,Very Small,0.85,0.14,0.006666666666666667,0.0033333333333333335
2025-09-05/IMG_1263.JPG,Small,Small,0.1,0.88,0.02,0.0
2025-09-05/IMG_1241.JPG,Medium,Medium,0.006666666666666667,0.13333333333333333,0.8533333333333334,0.006666666666666667
2025-09-29/IMG_1715.JPG,Very Small,Very Small,0.9566666666666667,0.04,0.0033333333333333335,0.0
2025-09-05/IMG_1083.JPG,Small,Small,0.03,0.8966666666666666,0.07,0.0033333333333333335
2025-08-07/IMG_9192.JPG,Small,Small,0.14333333333333334,0.8266666666666667,0.03,0.0
2025-09-05/IMG_1002.JPG,Small,Small,0.06,0.8966666666666666,0.043333333333333335,0.0
2025-09-05/IMG_1131.JPG,Small,Small,0.07666666666666666,0.8233333333333334,0.1,0.0
2025-08-22/IMG_9813.JPG,Medium,Medium,0.0,0.04,0.91,0.05
2025-08-07/IMG_9094.JPG,Small,Small,0.23,0.7266666666666667,0.043333333333333335,0.0
2025-08-07/IMG_9633.JPG,Large,Large,0.0033333333333333335,0.043333333333333335,0.12333333333333334,0.83
2025-09-05/IMG_1447.JPG,Medium,Medium,0.04,0.24666666666666667,0.71,0.0033333333333333335
2025-08-07/IMG_9599.JPG,Medium,Medium,0.0,0.056666666666666664,0.8866666666666667,0.056666666666666664
2025-09-05/IMG_0897.JPG,Very Small,Very Small,0.9233333333333333,0.06666666666666667,0.01,0.0
2025-09-29/IMG_1723.JPG,Medium,Medium,0.01,0.14,0.8466666666666667,0.0033333333333333335
2025-08-22/IMG_9995.JPG,Very Small,Very Small,0.85,0.13666666666666666,0.01,0.0033333333333333335
2025-08-22/IMG_0102.JPG,Very Small,Very Small,0.7766666666666666,0.12333333333333334,0.043333333333333335,0.056666666666666664
2025-08-07/IMG_9099.JPG,Very Small,Very Small,0.7666666666666667,0.22333333333333333,0.01,0.0
2025-09-05/IMG_1518.JPG,Small,Small,0.15666666666666668,0.8233333333333334,0.02,0.0
2025-08-07/IMG_9559.JPG,Small,Small,0.11666666666666667,0.7733333333333333,0.1,0.01
2025-08-22/IMG_9944.JPG,Very Small,Very Small,0.86,0.10333333333333333,0.03333333333333333,0.0033333333333333335
2025-08-22/IMG_0236.JPG,Very Small,Very Small,0.8333333333333334,0.14666666666666667,0.02,0.0
2025-08-22/IMG_9774.JPG,Medium,Medium,0.0033333333333333335,0.07,0.92,0.006666666666666667
2025-09-05/IMG_1330.JPG,Very Small,Very Small,0.9066666666666666,0.07333333333333333,0.02,0.0
2025-09-29/IMG_1677.JPG,Small,Small,0.0033333333333333335,0.78,0.21666666666666667,0.0
2025-09-05/IMG_1376.JPG,Medium,Medium,0.016666666666666666,0.03666666666666667,0.9,0.04666666666666667
2025-08-22/IMG_0117.JPG,Very Small,Very Small,0.75,0.15666666666666668,0.08666666666666667,0.006666666666666667
2025-09-29/IMG_1760.JPG,Very Small,Very Small,0.9333333333333333,0.06,0.006666666666666667,0.0
2025-09-29/IMG_1804.JPG,Very Small,Very Small,0.99,0.01,0.0,0.0
2025-08-22/IMG_9985.JPG,Very Small,Very Small,0.87,0.12333333333333334,0.006666666666666667,0.0
2025-08-07/IMG_9124.JPG,Small,Small,0.043333333333333335,0.88,0.07666666666666666,0.0
2025-08-07/IMG_9424.JPG,Small,Small,0.016666666666666666,0.87,0.11333333333333333,0.0
2025-09-05/IMG_1435.JPG,Small,Small,0.07666666666666666,0.7466666666666667,0.16,0.016666666666666666
2025-08-22/IMG_9899.JPG,Small,Small,0.02,0.9566666666666667,0.01,0.013333333333333334
2025-08-22/IMG_0180.JPG,Small,Small,0.13,0.8666666666666667,0.0033333333333333335,0.0
2025-09-05/IMG_1443.JPG,Very Small,Very Small,0.8566666666666667,0.11333333333333333,0.03,0.0
2025-09-29/IMG_1711.JPG,Very Small,Very Small,0.9733333333333334,0.02,0.006666666666666667,0.0
2025-09-05/IMG_1010.JPG,Very Small,Very Small,0.73,0.25,0.02,0.0
2025-09-05/IMG_1385.JPG,Very Small,Very Small,0.8566666666666667,0.13333333333333333,0.01,0.0
2025-08-07/IMG_9150.JPG,Very Small,Very Small,0.7666666666666667,0.19333333333333333,0.03666666666666667,0.0033333333333333335
2025-08-07/IMG_9092.JPG,Medium,Medium,0.18,0.17666666666666667,0.64,0.0033333333333333335
2025-08-22/IMG_9804.JPG,Very Small,Very Small,0.9766666666666667,0.023333333333333334,0.0,0.0
2025-09-05/IMG_1299.JPG,Very Small,Very Small,0.72,0.25,0.03,0.0
2025-08-07/IMG_9625.JPG,Large,Large,0.0033333333333333335,0.023333333333333334,0.14666666666666667,0.8266666666666667
2025-09-05/IMG_1160.JPG,Medium,Medium,0.02666666666666667,0.14333333333333334,0.8,0.03
2025-08-07/IMG_9487.JPG,Small,Small,0.12,0.8433333333333334,0.03666666666666667,0.0
2025-09-29/IMG_1937.JPG,Very Small,Very Small,0.8466666666666667,0.12666666666666668,0.023333333333333334,0.0033333333333333335
2025-09-29/IMG_1835.JPG,Small,Small,0.01,0.9433333333333334,0.04666666666666667,0.0
2025-08-22/IMG_9953.JPG,Very Small,Very Small,0.8466666666666667,0.13666666666666666,0.016666666666666666,0.0
2025-08-22/IMG_9843.JPG,Large,Large,0.0,0.006666666666666667,0.06666666666666667,0.9266666666666666
2025-08-07/IMG_9125.JPG,Small,Small,0.04666666666666667,0.91,0.043333333333333335,0.0
2025-09-05/IMG_1076.JPG,Small,Small,0.02,0.8733333333333333,0.10666666666666667,0.0
2025-09-05/IMG_1506.JPG,Small,Small,0.023333333333333334,0.88,0.09666666666666666,0.0
2025-09-05/IMG_0821.JPG,Small,Small,0.043333333333333335,0.8533333333333334,0.10333333333333333,0.0
2025-08-22/IMG_9744.JPG,Small,Small,0.13333333333333333,0.8233333333333334,0.043333333333333335,0.0
2025-09-05/IMG_1211.JPG,Small,Small,0.043333333333333335,0.78,0.08,0.09666666666666666
2025-08-22/IMG_9919.JPG,Very Small,Very Small,0.8833333333333333,0.09333333333333334,0.023333333333333334,0.0
2025-09-05/IMG_1355.JPG,Small,Small,0.14666666666666667,0.8066666666666666,0.04666666666666667,0.0
2025-09-29/IMG_1782.JPG,Small,Small,0.0033333333333333335,0.8933333333333333,0.09666666666666666,0.006666666666666667
2025-09-29/IMG_1717.JPG,Medium,Medium,0.006666666666666667,0.06666666666666667,0.9266666666666666,0.0
2025-09-29/IMG_1883.JPG,Small,Small,0.13666666666666666,0.8233333333333334,0.03666666666666667,0.0033333333333333335
2025-09-05/IMG_0818.JPG,Small,Small,0.0,0.83,0.17,0.0
2025-09-05/IMG_1367.JPG,Small,Small,0.03,0.8866666666666667,0.08333333333333333,0.0
2025-08-07/IMG_9640.JPG,Large,Large,0.0,0.0033333333333333335,0.06666666666666667,0.93
2025-08-22/IMG_9787.JPG,Very Small,Very Small,0.9933333333333333,0.006666666666666667,0.0,0.0
2025-09-05/IMG_1189.JPG,Small,Small,0.05,0.8933333333333333,0.056666666666666664,0.0
2025-09-05/IMG_1524.JPG,Small,Small,0.08,0.8833333333333333,0.03,0.006666666666666667
2025-08-22/IMG_0229.JPG,Small,Small,0.04666666666666667,0.9266666666666666,0.023333333333333334,0.0033333333333333335
2025-09-29/IMG_1805.JPG,Very Small,Very Small,0.94,0.06,0.0,0.0
2025-09-29/IMG_1754.JPG,Very Small,Very Small,0.9433333333333334,0.05333333333333334,0.0033333333333333335,0.0
2025-08-07/IMG_9686.JPG,Medium,Medium,0.006666666666666667,0.02666666666666667,0.6966666666666667,0.27
2025-08-07/IMG_9634.JPG,Large,Large,0.0,0.01,0.09333333333333334,0.8966666666666666
2025-09-05/IMG_1472.JPG,Large,Large,0.023333333333333334,0.04666666666666667,0.21,0.72
2025-08-07/IMG_9240.JPG,Very Small,Very Small,0.89,0.10666666666666667,0.0033333333333333335,0.0
2025-09-29/IMG_1766.JPG,Medium,Medium,0.15666666666666668,0.19,0.6533333333333333,0.0
2025-08-22/IMG_0136.JPG,Very Small,Very Small,0.9566666666666667,0.03333333333333333,0.01,0.0
2025-09-29/IMG_1672.JPG,Small,Small,0.12,0.8766666666666667,0.0033333333333333335,0.0
2025-08-07/IMG_9455.JPG,Small,Small,0.02666666666666667,0.9366666666666666,0.03666666666666667,0.0
2025-08-22/IMG_9880.JPG,Small,Small,0.0033333333333333335,0.9533333333333334,0.04,0.0033333333333333335
2025-08-07/IMG_9447.JPG,Very Small,Very Small,0.9933333333333333,0.006666666666666667,0.0,0.0
2025-08-07/IMG_9469.JPG,Medium,Medium,0.023333333333333334,0.13333333333333333,0.8166666666666667,0.02666666666666667
2025-08-22/IMG_0203.JPG,Medium,Medium,0.0033333333333333335,0.09,0.8633333333333333,0.043333333333333335
2025-08-22/IMG_0107.JPG,Very Small,Very Small,0.93,0.05333333333333334,0.016666666666666666,0.0
2025-09-05/IMG_1302.JPG,Small,Small,0.22333333333333333,0.7566666666666667,0.016666666666666666,0.0033333333333333335
2025-09-05/IMG_1173.JPG,Very Small,Very Small,0.9366666666666666,0.05,0.013333333333333334,0.0
2025-09-29/IMG_1869.JPG,Small,Small,0.07,0.9066666666666666,0.016666666666666666,0.006666666666666667
2025-08-22/IMG_9781.JPG,Very Small,Very Small,0.9333333333333333,0.05,0.016666666666666666,0.0
2025-09-05/IMG_1196.JPG,Very Small,Very Small,0.98,0.016666666666666666,0.0033333333333333335,0.0
2025-08-07/IMG_9555.JPG,Medium,Medium,0.04666666666666667,0.11333333333333333,0.7933333333333333,0.04666666666666667
2025-09-29/IMG_1678.JPG,Small,Small,0.07666666666666666,0.8466666666666667,0.07333333333333333,0.0033333333333333335
2025-08-07/IMG_9219.JPG,Medium,Medium,0.02666666666666667,0.25333333333333335,0.71,0.01
2025-08-22/IMG_9930.JPG,Very Small,Very Small,0.7966666666666666,0.16666666666666666,0.03666666666666667,0.0
2025-08-07/IMG_9155.JPG,Small,Small,0.08666666666666667,0.88,0.03333333333333333,0.0
2025-09-05/IMG_1437.JPG,Very Small,Very Small,0.8566666666666667,0.12333333333333334,0.02,0.0
2025-08-22/IMG_0073.JPG,Small,Small,0.16,0.7766666666666666,0.06333333333333334,0.0
2025-09-29/IMG_1748.JPG,Very Small,Very Small,0.83,0.14666666666666667,0.023333333333333334,0.0
2025-08-07/IMG_9690.JPG,Large,Large,0.0,0.013333333333333334,0.14,0.8466666666666667
2025-08-22/IMG_9954.JPG,Very Small,Very Small,0.8366666666666667,0.14,0.023333333333333334,0.0
2025-09-05/IMG_0864.JPG,Small,Small,0.0,0.9133333333333333,0.08666666666666667,0.0
2025-08-07/IMG_9162.JPG,Very Small,Very Small,0.8366666666666667,0.14333333333333334,0.02,0.0
2025-08-07/IMG_9237.JPG,Medium,Medium,0.07,0.14333333333333334,0.7533333333333333,0.03333333333333333
2025-09-05/IMG_1230.JPG,Small,Small,0.02666666666666667,0.89,0.08333333333333333,0.0
2025-09-05/IMG_1580.JPG,Small,Small,0.05,0.8366666666666667,0.11333333333333333,0.0
2025-09-05/IMG_0865.JPG,Very Small,Very Small,0.95,0.05,0.0,0.0
2025-09-05/IMG_0945.JPG,Medium,Medium,0.01,0.18666666666666668,0.7833333333333333,0.02
2025-08-07/IMG_9683.JPG,Large,Large,0.0,0.01,0.06333333333333334,0.9266666666666666
2025-09-29/IMG_1724.JPG,Medium,Medium,0.006666666666666667,0.18666666666666668,0.8066666666666666,0.0
2025-09-05/IMG_1118.JPG,Medium,Medium,0.013333333333333334,0.11333333333333333,0.8566666666666667,0.016666666666666666
2025-09-05/IMG_1535.JPG,Small,Small,0.07333333333333333,0.86,0.06666666666666667,0.0
2025-09-05/IMG_0815.JPG,Very Small,Very Small,0.9533333333333334,0.04,0.006666666666666667,0.0
2025-08-07/IMG_9421.JPG,Small,Small,0.03333333333333333,0.9433333333333334,0.023333333333333334,0.0
2025-09-29/IMG_1718.JPG,Small,Small,0.10666666666666667,0.84,0.05333333333333334,0.0
2025-09-05/IMG_1181.JPG,Medium,Medium,0.01,0.22666666666666666,0.7633333333333333,0.0
2025-08-22/IMG_9733.JPG,Small,Small,0.1,0.8566666666666667,0.043333333333333335,0.0
2025-09-05/IMG_1080.JPG,Medium,Medium,0.01,0.08666666666666667,0.8566666666666667,0.04666666666666667
2025-09-29/IMG_1729.JPG,Very Small,Very Small,0.9833333333333333,0.013333333333333334,0.0033333333333333335,0.0
2025-08-22/IMG_0022.JPG,Very Small,Very Small,0.8766666666666667,0.12333333333333334,0.0,0.0
2025-08-07/IMG_9709.JPG,Large,Large,0.02,0.03333333333333333,0.11,0.8366666666666667
2025-08-22/IMG_9912.JPG,Small,Small,0.09,0.8633333333333333,0.03666666666666667,0.01
2025-08-22/IMG_9763.JPG,Very Small,Very Small,0.6366666666666667,0.15,0.20333333333333334,0.01
2025-09-29/IMG_1742.JPG,Small,Small,0.006666666666666667,0.82,0.17333333333333334,0.0
2025-09-05/IMG_1208.JPG,Small,Small,0.27,0.7133333333333334,0.016666666666666666,0.0
2025-08-07/IMG_9706.JPG,Large,Large,0.023333333333333334,0.023333333333333334,0.06,0.8933333333333333
2025-09-05/IMG_1477.JPG,Small,Small,0.05333333333333334,0.87,0.07666666666666666,0.0
2025-09-05/IMG_1562.JPG,Very Small,Very Small,0.8333333333333334,0.16333333333333333,0.0033333333333333335,0.0
2025-09-05/IMG_0961.JPG,Small,Small,0.013333333333333334,0.8333333333333334,0.14,0.013333333333333334
2025-09-05/IMG_0872.JPG,Small,Small,0.06333333333333334,0.8966666666666666,0.04,0.0
2025-09-05/IMG_0914.JPG,Small,Small,0.06,0.8733333333333333,0.06,0.006666666666666667
2025-09-29/IMG_1907.JPG,Very Small,Very Small,0.61,0.09666666666666666,0.17666666666666667,0.11666666666666667
2025-08-22/IMG_0253.JPG,Medium,Medium,0.0,0.03,0.96,0.01
2025-09-05/IMG_1093.JPG,Medium,Medium,0.0033333333333333335,0.06333333333333334,0.9233333333333333,0.01
2025-08-22/IMG_0098.JPG,Very Small,Very Small,0.93,0.06666666666666667,0.0033333333333333335,0.0
2025-08-07/IMG_9698.JPG,Large,Large,0.016666666666666666,0.06,0.12333333333333334,0.8
2025-09-05/IMG_1214.JPG,Small,Small,0.14,0.7866666666666666,0.07333333333333333,0.0
2025-09-29/IMG_1916.JPG,Very Small,Very Small,0.9566666666666667,0.03666666666666667,0.006666666666666667,0.0
2025-09-05/IMG_1184.JPG,Very Small,Very Small,0.92,0.06666666666666667,0.013333333333333334,0.0
2025-08-07/IMG_9532.JPG,Medium,Medium,0.0033333333333333335,0.08,0.7966666666666666,0.12
2025-09-29/IMG_1876.JPG,Very Small,Very Small,0.88,0.11,0.006666666666666667,0.0033333333333333335
2025-09-05/IMG_1006.JPG,Very Small,Very Small,0.73,0.22,0.04666666666666667,0.0033333333333333335
2025-09-05/IMG_1064.JPG,Very Small,Very Small,0.8266666666666667,0.15333333333333332,0.02,0.0
2025-09-05/IMG_1584.JPG,Very Small,Very Small,0.6833333333333333,0.12,0.18666666666666668,0.01
2025-09-05/IMG_1497.JPG,Small,Small,0.09333333333333334,0.87,0.03666666666666667,0.0
2025-09-05/IMG_1539.JPG,Very Small,Very Small,0.9,0.09666666666666666,0.0033333333333333335,0.0
2025-08-22/IMG_9986.JPG,Very Small,Very Small,0.8133333333333334,0.17666666666666667,0.01,0.0
2025-09-05/IMG_0822.JPG,Small,Small,0.02666666666666667,0.94,0.03333333333333333,0.0
2025-08-07/IMG_9172.JPG,Small,Small,0.16,0.8033333333333333,0.03666666666666667,0.0
2025-09-05/IMG_1597.JPG,Very Small,Very Small,0.7233333333333334,0.23333333333333334,0.043333333333333335,0.0
2025-08-07/IMG_9548.JPG,Medium,Medium,0.043333333333333335,0.12,0.7966666666666666,0.04
2025-08-22/IMG_9767.JPG,Small,Small,0.15,0.8166666666666667,0.03333333333333333,0.0
2025-09-05/IMG_1100.JPG,Medium,Medium,0.02,0.2966666666666667,0.6833333333333333,0.0
2025-09-29/IMG_1767.JPG,Small,Small,0.006666666666666667,0.93,0.06333333333333334,0.0
2025-09-05/IMG_1486.JPG,Large,Large,0.03333333333333333,0.056666666666666664,0.19666666666666666,0.7133333333333334
2025-08-07/IMG_9515.JPG,Small,Small,0.11,0.8733333333333333,0.013333333333333334,0.0033333333333333335
2025-09-05/IMG_0805.JPG,Medium,Medium,0.0,0.04666666666666667,0.9533333333333334,0.0
2025-09-29/IMG_1682.JPG,Small,Small,0.02,0.8466666666666667,0.13333333333333333,0.0
2025-09-29/IMG_1780.JPG,Small,Small,0.04666666666666667,0.93,0.023333333333333334,0.0
2025-08-07/IMG_9231.JPG,Small,Small,0.03333333333333333,0.9333333333333333,0.03333333333333333,0.0
2025-08-22/IMG_0109.JPG,Small,Small,0.21666666666666667,0.7533333333333333,0.03,0.0
2025-08-22/IMG_9742.JPG,Small,Small,0.12666666666666668,0.7966666666666666,0.07333333333333333,0.0033333333333333335
2025-09-29/IMG_1708.JPG,Small,Small,0.03,0.95,0.02,0.0
2025-08-22/IMG_0195.JPG,Small,Small,0.0033333333333333335,0.7666666666666667,0.22,0.01
2025-09-05/IMG_1494.JPG,Small,Small,0.016666666666666666,0.96,0.023333333333333334,0.0
2025-08-22/IMG_9967.JPG,Very Small,Very Small,0.7666666666666667,0.19666666666666666,0.03666666666666667,0.0
2025-09-29/IMG_1764.JPG,Small,Small,0.21333333333333335,0.7733333333333333,0.013333333333333334,0.0
2025-09-05/IMG_1598.JPG,Small,Small,0.21,0.7733333333333333,0.016666666666666666,0.0
2025-09-05/IMG_0903.JPG,Small,Small,0.03333333333333333,0.91,0.05,0.006666666666666667
2025-09-05/IMG_0901.JPG,Medium,Medium,0.013333333333333334,0.21,0.7666666666666667,0.01
2025-09-05/IMG_0813.JPG,Medium,Medium,0.0033333333333333335,0.12666666666666668,0.87,0.0
2025-08-22/IMG_9993.JPG,Very Small,Very Small,0.7333333333333333,0.24666666666666667,0.02,0.0
2025-09-05/IMG_1408.JPG,Medium,Medium,0.01,0.22666666666666666,0.76,0.0033333333333333335
2025-09-05/IMG_0797.JPG,Small,Small,0.13333333333333333,0.8566666666666667,0.01,0.0
2025-08-07/IMG_9551.JPG,Medium,Medium,0.0033333333333333335,0.016666666666666666,0.7266666666666667,0.25333333333333335
2025-09-05/IMG_1572.JPG,Medium,Medium,0.02666666666666667,0.12666666666666668,0.8233333333333334,0.023333333333333334
2025-09-05/IMG_1394.JPG,Medium,Medium,0.0,0.06666666666666667,0.9233333333333333,0.01
2025-09-29/IMG_1923.JPG,Very Small,Very Small,0.81,0.13666666666666666,0.05333333333333334,0.0
2025-08-22/IMG_0294.JPG,Medium,Medium,0.016666666666666666,0.12,0.8466666666666667,0.016666666666666666
2025-08-22/IMG_9775.JPG,Very Small,Very Small,0.9466666666666667,0.043333333333333335,0.01,0.0
2025-08-07/IMG_9159.JPG,Small,Small,0.26666666666666666,0.73,0.0033333333333333335,0.0
2025-08-22/IMG_0262.JPG,Small,Small,0.03333333333333333,0.9666666666666667,0.0,0.0
2025-08-07/IMG_9605.JPG,Small,Small,0.03,0.74,0.22333333333333333,0.006666666666666667
2025-09-05/IMG_1000.JPG,Very Small,Very Small,0.8866666666666667,0.10666666666666667,0.006666666666666667,0.0
2025-08-07/IMG_9685.JPG,Medium,Medium,0.0,0.01,0.84,0.15
2025-08-22/IMG_0234.JPG,Very Small,Very Small,0.9833333333333333,0.013333333333333334,0.0033333333333333335,0.0
2025-09-29/IMG_1843.JPG,Small,Small,0.10666666666666667,0.8633333333333333,0.02666666666666667,0.0033333333333333335
2025-09-05/IMG_1526.JPG,Small,Small,0.13,0.83,0.02666666666666667,0.013333333333333334
2025-09-05/IMG_1307.JPG,Small,Small,0.11666666666666667,0.8633333333333333,0.02,0.0
2025-08-22/IMG_0161.JPG,Small,Small,0.013333333333333334,0.96,0.02666666666666667,0.0
2025-08-22/IMG_0138.JPG,Very Small,Very Small,0.96,0.03,0.01,0.0
2025-08-22/IMG_9750.JPG,Medium,Medium,0.01,0.03666666666666667,0.9333333333333333,0.02
2025-08-22/IMG_9884.JPG,Medium,Medium,0.0033333333333333335,0.06666666666666667,0.91,0.02
2025-08-22/IMG_9862.JPG,Very Small,Very Small,0.9566666666666667,0.043333333333333335,0.0,0.0
2025-09-29/IMG_1719.JPG,Very Small,Very Small,0.8866666666666667,0.1,0.013333333333333334,0.0
2025-09-05/IMG_0926.JPG,Small,Small,0.05333333333333334,0.92,0.02666666666666667,0.0
2025-08-22/IMG_0121.JPG,Very Small,Very Small,0.87,0.10666666666666667,0.023333333333333334,0.0
2025-09-05/IMG_1030.JPG,Very Small,Very Small,0.8766666666666667,0.09333333333333334,0.02666666666666667,0.0033333333333333335
2025-08-22/IMG_0242.JPG,Very Small,Very Small,0.97,0.023333333333333334,0.006666666666666667,0.0
2025-09-05/IMG_1105.JPG,Medium,Medium,0.02,0.11333333333333333,0.8433333333333334,0.023333333333333334
2025-08-22/IMG_9918.JPG,Very Small,Very Small,0.8866666666666667,0.11333333333333333,0.0,0.0
2025-09-05/IMG_1155.JPG,Small,Small,0.09666666666666666,0.8333333333333334,0.06666666666666667,0.0033333333333333335
2025-09-05/IMG_0931.JPG,Medium,Medium,0.0,0.08333333333333333,0.9133333333333333,0.0033333333333333335
2025-08-22/IMG_9946.JPG,Very Small,Very Small,0.9233333333333333,0.07,0.006666666666666667,0.0
2025-09-05/IMG_1289.JPG,Very Small,Very Small,0.9266666666666666,0.06666666666666667,0.006666666666666667,0.0
2025-09-05/IMG_1560.JPG,Small,Small,0.16333333333333333,0.7966666666666666,0.04,0.0
2025-08-22/IMG_0050.JPG,Medium,Medium,0.09,0.17,0.71,0.03
2025-09-29/IMG_1832.JPG,Small,Small,0.043333333333333335,0.86,0.09666666666666666,0.0
2025-08-22/IMG_0089.JPG,Medium,Medium,0.08333333333333333,0.19,0.7266666666666667,0.0
2025-09-05/IMG_0981.JPG,Very Small,Very Small,0.7066666666666667,0.25333333333333335,0.04,0.0
2025-08-22/IMG_0280.JPG,Medium,Medium,0.0033333333333333335,0.11333333333333333,0.86,0.023333333333333334
2025-08-07/IMG_9176.JPG,Medium,Medium,0.10666666666666667,0.21666666666666667,0.6766666666666666,0.0
2025-09-05/IMG_1568.JPG,Small,Small,0.14,0.8033333333333333,0.05,0.006666666666666667
2025-09-05/IMG_1457.JPG,Small,Small,0.09,0.8366666666666667,0.07333333333333333,0.0
2025-09-05/IMG_1169.JPG,Very Small,Very Small,0.9366666666666666,0.05333333333333334,0.01,0.0
2025-09-05/IMG_1603.JPG,Medium,Medium,0.023333333333333334,0.2866666666666667,0.69,0.0
2025-09-29/IMG_1892.JPG,Medium,Medium,0.0033333333333333335,0.0033333333333333335,0.6333333333333333,0.36
2025-08-07/IMG_9467.JPG,Medium,Medium,0.04,0.06,0.8866666666666667,0.013333333333333334
2025-09-05/IMG_0983.JPG,Very Small,Very Small,0.8,0.17666666666666667,0.023333333333333334,0.0
2025-09-05/IMG_1277.JPG,Small,Small,0.05,0.9366666666666666,0.013333333333333334,0.0
2025-09-29/IMG_1741.JPG,Small,Small,0.0,0.7133333333333334,0.2866666666666667,0.0
2025-09-05/IMG_1400.JPG,Small,Small,0.0,0.9333333333333333,0.06666666666666667,0.0
2025-08-07/IMG_9167.JPG,Very Small,Very Small,0.73,0.11666666666666667,0.11666666666666667,0.03666666666666667
2025-09-05/IMG_1055.JPG,Very Small,Very Small,0.7966666666666666,0.17333333333333334,0.03,0.0
2025-09-05/IMG_1346.JPG,Small,Small,0.13333333333333333,0.8166666666666667,0.043333333333333335,0.006666666666666667
2025-09-29/IMG_1713.JPG,Medium,Medium,0.0033333333333333335,0.18,0.81,0.006666666666666667
2025-08-22/IMG_9972.JPG,Very Small,Very Small,0.72,0.2633333333333333,0.016666666666666666,0.0
2025-08-22/IMG_9736.JPG,Medium,Medium,0.06666666666666667,0.10666666666666667,0.8,0.02666666666666667
2025-08-22/IMG_0051.JPG,Very Small,Very Small,0.6766666666666666,0.21,0.07333333333333333,0.04
2025-08-07/IMG_9088.JPG,Small,Small,0.11333333333333333,0.8633333333333333,0.023333333333333334,0.0
2025-09-05/IMG_1441.JPG,Very Small,Very Small,0.9066666666666666,0.07666666666666666,0.016666666666666666,0.0
2025-09-29/IMG_1951.JPG,Small,Small,0.09,0.8833333333333333,0.02666666666666667,0.0
2025-09-05/IMG_1017.JPG,Very Small,Very Small,0.7733333333333333,0.21666666666666667,0.01,0.0
2025-09-05/IMG_1125.JPG,Medium,Medium,0.08,0.3,0.62,0.0
2025-09-05/IMG_0982.JPG,Small,Small,0.08333333333333333,0.8266666666666667,0.09,0.0
2025-08-22/IMG_0214.JPG,Medium,Medium,0.02,0.16333333333333333,0.76,0.056666666666666664
2025-08-22/IMG_0252.JPG,Small,Small,0.22666666666666666,0.74,0.03333333333333333,0.0
2025-09-05/IMG_1585.JPG,Medium,Medium,0.12666666666666668,0.23,0.6433333333333333,0.0
2025-08-22/IMG_0074.JPG,Very Small,Very Small,0.8,0.15666666666666668,0.04,0.0033333333333333335
2025-08-07/IMG_9584.JPG,Medium,Medium,0.02,0.06,0.7833333333333333,0.13666666666666666
2025-08-07/IMG_9522.JPG,Small,Small,0.13333333333333333,0.85,0.016666666666666666,0.0
2025-09-29/IMG_1674.JPG,Small,Small,0.016666666666666666,0.9066666666666666,0.07666666666666666,0.0
2025-09-05/IMG_1293.JPG,Small,Small,0.08,0.8566666666666667,0.056666666666666664,0.006666666666666667
2025-09-05/IMG_1205.JPG,Medium,Medium,0.0033333333333333335,0.09333333333333334,0.88,0.023333333333333334
2025-08-07/IMG_9262.JPG,Small,Small,0.05333333333333334,0.8,0.14666666666666667,0.0
2025-09-05/IMG_1442.JPG,Very Small,Very Small,0.8866666666666667,0.08,0.03333333333333333,0.0
2025-09-29/IMG_1870.JPG,Small,Small,0.04666666666666667,0.9333333333333333,0.016666666666666666,0.0033333333333333335
2025-09-05/IMG_0953.JPG,Small,Small,0.02,0.9033333333333333,0.07666666666666666,0.0
2025-09-05/IMG_1109.JPG,Small,Small,0.05333333333333334,0.82,0.12666666666666668,0.0
2025-09-05/IMG_1007.JPG,Small,Small,0.056666666666666664,0.8366666666666667,0.10333333333333333,0.0033333333333333335
2025-08-22/IMG_0043.JPG,Small,Small,0.21333333333333335,0.7666666666666667,0.02,0.0
2025-08-07/IMG_9608.JPG,Large,Large,0.0033333333333333335,0.02666666666666667,0.09666666666666666,0.8733333333333333
2025-09-05/IMG_1569.JPG,Very Small,Very Small,0.8033333333333333,0.17333333333333334,0.023333333333333334,0.0
2025-08-22/IMG_0278.JPG,Small,Small,0.02666666666666667,0.9333333333333333,0.03666666666666667,0.0033333333333333335
2025-08-22/IMG_9782.JPG,Very Small,Very Small,0.8666666666666667,0.12666666666666668,0.006666666666666667,0.0
2025-08-07/IMG_9214.JPG,Small,Small,0.056666666666666664,0.9233333333333333,0.02,0.0
2025-08-22/IMG_9939.JPG,Small,Small,0.09333333333333334,0.8366666666666667,0.06666666666666667,0.0033333333333333335
2025-08-22/IMG_0183.JPG,Small,Small,0.01,0.8966666666666666,0.08666666666666667,0.006666666666666667
2025-08-22/IMG_9960.JPG,Very Small,Very Small,0.8366666666666667,0.15,0.013333333333333334,0.0
2025-09-05/IMG_0913.JPG,Small,Small,0.04666666666666667,0.85,0.10333333333333333,0.0
2025-09-29/IMG_1700.JPG,Small,Small,0.03,0.7933333333333333,0.17666666666666667,0.0
2025-09-05/IMG_1399.JPG,Medium,Medium,0.0,0.13333333333333333,0.8633333333333333,0.0033333333333333335
2025-08-07/IMG_9411.JPG,Small,Small,0.02666666666666667,0.92,0.04666666666666667,0.006666666666666667
2025-09-05/IMG_0991.JPG,Medium,Medium,0.08,0.25,0.67,0.0
2025-08-22/IMG_0124.JPG,Very Small,Very Small,0.8133333333333334,0.17,0.016666666666666666,0.0
2025-08-07/IMG_9636.JPG,Large,Large,0.0,0.006666666666666667,0.056666666666666664,0.9366666666666666
2025-09-05/IMG_1172.JPG,Very Small,Very Small,0.9933333333333333,0.006666666666666667,0.0,0.0
2025-09-05/IMG_1014.JPG,Medium,Medium,0.16333333333333333,0.21,0.6266666666666667,0.0
2025-08-07/IMG_9460.JPG,Small,Small,0.016666666666666666,0.9466666666666667,0.03333333333333333,0.0033333333333333335
2025-09-05/IMG_1167.JPG,Very Small,Very Small,0.9033333333333333,0.08,0.016666666666666666,0.0
2025-09-05/IMG_1210.JPG,Very Small,Very Small,0.87,0.12,0.01,0.0
2025-08-22/IMG_0038.JPG,Small,Small,0.11,0.7833333333333333,0.10333333333333333,0.0033333333333333335
2025-09-05/IMG_1466.JPG,Very Small,Very Small,0.8866666666666667,0.11333333333333333,0.0,0.0
2025-09-05/IMG_1239.JPG,Small,Small,0.006666666666666667,0.8233333333333334,0.16,0.01
2025-08-22/IMG_9873.JPG,Medium,Medium,0.0,0.0033333333333333335,0.8933333333333333,0.10333333333333333
2025-09-05/IMG_1016.JPG,Small,Small,0.05,0.8833333333333333,0.06666666666666667,0.0
2025-08-22/IMG_0251.JPG,Very Small,Very Small,0.9633333333333334,0.03666666666666667,0.0,0.0
2025-08-07/IMG_9147.JPG,Small,Small,0.15,0.84,0.01,0.0
2025-09-29/IMG_1787.JPG,Very Small,Very Small,0.98,0.016666666666666666,0.0,0.0033333333333333335
2025-09-05/IMG_1201.JPG,Very Small,Very Small,0.7666666666666667,0.22333333333333333,0.01,0.0
2025-09-05/IMG_1019.JPG,Small,Small,0.05,0.7633333333333333,0.14666666666666667,0.04
2025-09-05/IMG_1500.JPG,Small,Small,0.006666666666666667,0.9333333333333333,0.06,0.0
2025-09-29/IMG_1747.JPG,Very Small,Very Small,0.95,0.04666666666666667,0.0033333333333333335,0.0
2025-09-05/IMG_0820.JPG,Medium,Medium,0.02,0.29,0.69,0.0
2025-08-22/IMG_0287.JPG,Medium,Medium,0.006666666666666667,0.08,0.8533333333333334,0.06
2025-08-22/IMG_9861.JPG,Small,Small,0.013333333333333334,0.8933333333333333,0.09,0.0033333333333333335
2025-09-05/IMG_1336.JPG,Small,Small,0.05333333333333334,0.8,0.14,0.006666666666666667
2025-09-29/IMG_1712.JPG,Small,Small,0.10666666666666667,0.86,0.03333333333333333,0.0
2025-09-05/IMG_1204.JPG,Medium,Medium,0.006666666666666667,0.03333333333333333,0.9133333333333333,0.04666666666666667
2025-08-07/IMG_9200.JPG,Small,Small,0.013333333333333334,0.89,0.09666666666666666,0.0
2025-09-05/IMG_0947.JPG,Medium,Medium,0.0033333333333333335,0.10333333333333333,0.8833333333333333,0.01
2025-08-07/IMG_9679.JPG,Large,Large,0.0,0.0,0.023333333333333334,0.9766666666666667
2025-09-05/IMG_1051.JPG,Very Small,Very Small,0.8166666666666667,0.16333333333333333,0.02,0.0
2025-08-07/IMG_9701.JPG,Medium,Medium,0.0,0.01,0.9233333333333333,0.06666666666666667
2025-08-07/IMG_9693.JPG,Medium,Medium,0.0033333333333333335,0.043333333333333335,0.9266666666666666,0.02666666666666667
2025-09-05/IMG_1371.JPG,Small,Small,0.056666666666666664,0.9266666666666666,0.016666666666666666,0.0
2025-08-22/IMG_9805.JPG,Medium,Medium,0.0033333333333333335,0.05333333333333334,0.9133333333333333,0.03
2025-09-05/IMG_1253.JPG,Small,Small,0.14666666666666667,0.8,0.05333333333333334,0.0
2025-09-05/IMG_0936.JPG,Small,Small,0.24666666666666667,0.75,0.0033333333333333335,0.0
2025-08-22/IMG_0169.JPG,Medium,Medium,0.0033333333333333335,0.043333333333333335,0.8966666666666666,0.056666666666666664
2025-08-07/IMG_9530.JPG,Small,Small,0.11,0.82,0.06333333333333334,0.006666666666666667
2025-09-05/IMG_1297.JPG,Small,Small,0.20333333333333334,0.79,0.006666666666666667,0.0
2025-09-05/IMG_1516.JPG,Very Small,Very Small,0.8733333333333333,0.11333333333333333,0.01,0.0033333333333333335
2025-08-07/IMG_9245.JPG,Medium,Medium,0.0033333333333333335,0.03333333333333333,0.9466666666666667,0.016666666666666666
2025-09-05/IMG_1606.JPG,Small,Small,0.056666666666666664,0.7366666666666667,0.19333333333333333,0.013333333333333334
2025-08-22/IMG_0027.JPG,Small,Small,0.09333333333333334,0.7766666666666666,0.09666666666666666,0.03333333333333333
2025-09-05/IMG_0919.JPG,Small,Small,0.11,0.84,0.04666666666666667,0.0033333333333333335
2025-09-05/IMG_1149.JPG,Small,Small,0.17,0.8133333333333334,0.016666666666666666,0.0
2025-09-05/IMG_0808.JPG,Very Small,Very Small,0.8266666666666667,0.13,0.043333333333333335,0.0
2025-09-05/IMG_1146.JPG,Very Small,Very Small,0.7866666666666666,0.16333333333333333,0.05,0.0
2025-09-05/IMG_1034.JPG,Small,Small,0.21666666666666667,0.7533333333333333,0.03,0.0
2025-09-05/IMG_1468.JPG,Very Small,Very Small,0.92,0.056666666666666664,0.02,0.0033333333333333335
2025-09-29/IMG_1851.JPG,Small,Small,0.11333333333333333,0.8166666666666667,0.06333333333333334,0.006666666666666667
2025-08-22/IMG_9973.JPG,Very Small,Very Small,0.91,0.08666666666666667,0.0033333333333333335,0.0
2025-09-05/IMG_1582.JPG,Medium,Medium,0.043333333333333335,0.18333333333333332,0.7566666666666667,0.016666666666666666
2025-09-05/IMG_0854.JPG,Small,Small,0.013333333333333334,0.89,0.09666666666666666,0.0
2025-08-22/IMG_9770.JPG,Medium,Medium,0.0033333333333333335,0.08666666666666667,0.8966666666666666,0.013333333333333334
2025-08-07/IMG_9609.JPG,Large,Large,0.0,0.006666666666666667,0.07,0.9233333333333333
2025-08-22/IMG_9942.JPG,Small,Small,0.22333333333333333,0.7533333333333333,0.02,0.0033333333333333335
2025-09-05/IMG_1454.JPG,Small,Small,0.12,0.85,0.03,0.0
2025-09-29/IMG_1919.JPG,Very Small,Very Small,0.75,0.16666666666666666,0.08333333333333333,0.0
2025-09-05/IMG_1122.JPG,Very Small,Very Small,0.9133333333333333,0.06666666666666667,0.02,0.0
2025-08-07/IMG_9611.JPG,Large,Large,0.0033333333333333335,0.0033333333333333335,0.06,0.9333333333333333
2025-09-05/IMG_1154.JPG,Very Small,Very Small,0.77,0.17666666666666667,0.05333333333333334,0.0
2025-08-22/IMG_0056.JPG,Small,Small,0.09666666666666666,0.78,0.07,0.05333333333333334
2025-08-22/IMG_0261.JPG,Medium,Medium,0.023333333333333334,0.09666666666666666,0.87,0.01
2025-08-07/IMG_9130.JPG,Small,Small,0.04666666666666667,0.9233333333333333,0.03,0.0
2025-08-22/IMG_0166.JPG,Very Small,Very Small,0.9233333333333333,0.07,0.006666666666666667,0.0
2025-09-05/IMG_1267.JPG,Small,Small,0.06,0.9033333333333333,0.03666666666666667,0.0
2025-08-07/IMG_9711.JPG,Large,Large,0.0,0.02,0.08,0.9
2025-09-29/IMG_1922.JPG,Very Small,Very Small,0.84,0.14333333333333334,0.016666666666666666,0.0
2025-08-22/IMG_0099.JPG,Very Small,Very Small,0.8133333333333334,0.16666666666666666,0.02,0.0
2025-09-05/IMG_1265.JPG,Small,Small,0.08,0.86,0.06,0.0
2025-09-05/IMG_1226.JPG,Small,Small,0.01,0.89,0.1,0.0
2025-08-07/IMG_9145.JPG,Small,Small,0.15333333333333332,0.8233333333333334,0.02,0.0033333333333333335
2025-08-22/IMG_0090.JPG,Small,Small,0.11,0.78,0.10333333333333333,0.006666666666666667
2025-09-05/IMG_1596.JPG,Very Small,Very Small,0.8966666666666666,0.09333333333333334,0.01,0.0
2025-09-05/IMG_1008.JPG,Medium,Medium,0.1,0.23333333333333334,0.6666666666666666,0.0
2025-08-07/IMG_9583.JPG,Medium,Medium,0.04666666666666667,0.10333333333333333,0.7666666666666667,0.08333333333333333
2025-09-05/IMG_1424.JPG,Small,Small,0.013333333333333334,0.9666666666666667,0.02,0.0
2025-09-29/IMG_1801.JPG,Very Small,Very Small,0.98,0.013333333333333334,0.0033333333333333335,0.0033333333333333335
2025-09-05/IMG_1356.JPG,Medium,Medium,0.07333333333333333,0.21666666666666667,0.7,0.01
2025-09-05/IMG_0935.JPG,Small,Small,0.26666666666666666,0.71,0.023333333333333334,0.0
2025-09-05/IMG_0892.JPG,Very Small,Very Small,0.9533333333333334,0.03666666666666667,0.006666666666666667,0.0033333333333333335
2025-08-22/IMG_0247.JPG,Small,Small,0.02,0.92,0.056666666666666664,0.0033333333333333335
2025-08-07/IMG_9638.JPG,Large,Large,0.0,0.016666666666666666,0.03666666666666667,0.9466666666666667
2025-09-05/IMG_1487.JPG,Medium,Medium,0.02,0.14,0.81,0.03
2025-09-29/IMG_1789.JPG,Very Small,Very Small,0.9733333333333334,0.023333333333333334,0.0033333333333333335,0.0
2025-09-05/IMG_1123.JPG,Very Small,Very Small,0.9766666666666667,0.023333333333333334,0.0,0.0
2025-08-22/IMG_0020.JPG,Small,Small,0.23666666666666666,0.76,0.0033333333333333335,0.0
2025-09-29/IMG_1941.JPG,Very Small,Very Small,0.75,0.20333333333333334,0.04666666666666667,0.0
2025-08-07/IMG_9441.JPG,Very Small,Very Small,0.9466666666666667,0.05,0.0033333333333333335,0.0
2025-08-22/IMG_9865.JPG,Very Small,Very Small,0.91,0.08,0.01,0.0
2025-09-05/IMG_1505.JPG,Small,Small,0.05,0.9266666666666666,0.02,0.0033333333333333335
2025-08-22/IMG_0071.JPG,Very Small,Very Small,0.6666666666666666,0.15,0.10333333333333333,0.08
2025-09-05/IMG_1501.JPG,Small,Small,0.03333333333333333,0.9633333333333334,0.0033333333333333335,0.0
2025-08-22/IMG_0164.JPG,Very Small,Very Small,0.94,0.056666666666666664,0.0033333333333333335,0.0
2025-09-05/IMG_1077.JPG,Small,Small,0.043333333333333335,0.84,0.11666666666666667,0.0
2025-08-07/IMG_9458.JPG,Small,Small,0.0033333333333333335,0.9866666666666667,0.01,0.0
2025-08-22/IMG_0241.JPG,Very Small,Very Small,0.9466666666666667,0.05333333333333334,0.0,0.0
2025-09-29/IMG_1762.JPG,Small,Small,0.09,0.76,0.15,0.0
2025-08-07/IMG_9528.JPG,Medium,Medium,0.03333333333333333,0.15,0.8,0.016666666666666666
2025-08-22/IMG_0255.JPG,Very Small,Very Small,0.9333333333333333,0.05333333333333334,0.013333333333333334,0.0
2025-09-05/IMG_1273.JPG,Very Small,Very Small,0.8933333333333333,0.09333333333333334,0.013333333333333334,0.0
2025-09-05/IMG_1287.JPG,Very Small,Very Small,0.8433333333333334,0.13666666666666666,0.02,0.0
2025-09-05/IMG_0972.JPG,Small,Small,0.17666666666666667,0.8033333333333333,0.02,0.0
2025-09-29/IMG_1815.JPG,Very Small,Very Small,0.7066666666666667,0.27666666666666667,0.016666666666666666,0.0
2025-08-22/IMG_0225.JPG,Very Small,Very Small,0.9833333333333333,0.016666666666666666,0.0,0.0
2025-09-29/IMG_1765.JPG,Medium,Medium,0.02666666666666667,0.22666666666666666,0.74,0.006666666666666667
2025-09-05/IMG_1438.JPG,Very Small,Very Small,0.9366666666666666,0.05,0.01,0.0033333333333333335
2025-09-29/IMG_1740.JPG,Small,Small,0.1,0.8933333333333333,0.006666666666666667,0.0
2025-09-05/IMG_0973.JPG,Very Small,Very Small,0.93,0.06666666666666667,0.0033333333333333335,0.0
2025-09-05/IMG_1283.JPG,Very Small,Very Small,0.82,0.15333333333333332,0.02666666666666667,0.0
2025-09-29/IMG_1709.JPG,Small,Small,0.02666666666666667,0.79,0.18333333333333332,0.0
2025-09-05/IMG_1224.JPG,Small,Small,0.0,0.7566666666666667,0.24,0.0033333333333333335
2025-08-22/IMG_9760.JPG,Small,Small,0.01,0.87,0.11666666666666667,0.0033333333333333335
2025-09-05/IMG_1549.JPG,Very Small,Very Small,0.77,0.21666666666666667,0.013333333333333334,0.0
2025-08-22/IMG_9832.JPG,Large,Large,0.0,0.006666666666666667,0.023333333333333334,0.97
2025-09-05/IMG_1490.JPG,Medium,Medium,0.03333333333333333,0.14333333333333334,0.8,0.023333333333333334
2025-09-05/IMG_1113.JPG,Medium,Medium,0.0033333333333333335,0.17333333333333334,0.82,0.0033333333333333335
2025-09-29/IMG_1873.JPG,Small,Small,0.10333333333333333,0.8533333333333334,0.04,0.0033333333333333335
2025-08-22/IMG_9738.JPG,Medium,Medium,0.08,0.18,0.73,0.01
2025-09-05/IMG_0951.JPG,Small,Small,0.013333333333333334,0.9066666666666666,0.07666666666666666,0.0033333333333333335
2025-08-07/IMG_9400.JPG,Medium,Medium,0.006666666666666667,0.03333333333333333,0.9233333333333333,0.03666666666666667
2025-09-05/IMG_1440.JPG,Very Small,Very Small,0.9466666666666667,0.05,0.0033333333333333335,0.0
2025-08-07/IMG_9157.JPG,Small,Small,0.22666666666666666,0.75,0.016666666666666666,0.006666666666666667
2025-09-05/IMG_1137.JPG,Small,Small,0.013333333333333334,0.8466666666666667,0.13333333333333333,0.006666666666666667
2025-09-05/IMG_1197.JPG,Very Small,Very Small,0.95,0.04,0.01,0.0
2025-08-22/IMG_9886.JPG,Small,Small,0.06,0.72,0.20333333333333334,0.016666666666666666
2025-08-07/IMG_9713.JPG,Large,Large,0.006666666666666667,0.02666666666666667,0.11,0.8566666666666667
2025-08-22/IMG_9991.JPG,Very Small,Very Small,0.9666666666666667,0.02666666666666667,0.006666666666666667,0.0
2025-09-05/IMG_1084.JPG,Small,Small,0.023333333333333334,0.7833333333333333,0.19333333333333333,0.0
2025-08-22/IMG_0217.JPG,Small,Small,0.06,0.8433333333333334,0.08666666666666667,0.01
2025-09-05/IMG_1581.JPG,Small,Small,0.09666666666666666,0.7633333333333333,0.14,0.0
2025-08-22/IMG_9878.JPG,Very Small,Very Small,0.78,0.17333333333333334,0.04666666666666667,0.0
2025-08-07/IMG_9715.JPG,Medium,Medium,0.016666666666666666,0.07333333333333333,0.77,0.14
2025-08-22/IMG_9748.JPG,Very Small,Very Small,0.9466666666666667,0.04,0.013333333333333334,0.0
2025-08-22/IMG_9864.JPG,Medium,Medium,0.006666666666666667,0.16333333333333333,0.82,0.01
2025-08-22/IMG_9892.JPG,Small,Small,0.056666666666666664,0.8966666666666666,0.043333333333333335,0.0033333333333333335
2025-09-05/IMG_1121.JPG,Very Small,Very Small,0.6933333333333334,0.24333333333333335,0.06,0.0033333333333333335
2025-09-29/IMG_1863.JPG,Very Small,Very Small,0.8133333333333334,0.17,0.016666666666666666,0.0
2025-08-07/IMG_9118.JPG,Very Small,Very Small,0.74,0.13333333333333333,0.07666666666666666,0.05
2025-09-05/IMG_1482.JPG,Small,Small,0.19333333333333333,0.7833333333333333,0.016666666666666666,0.006666666666666667
2025-08-07/IMG_9462.JPG,Very Small,Very Small,0.9466666666666667,0.04666666666666667,0.006666666666666667,0.0
2025-08-22/IMG_0233.JPG,Small,Small,0.11333333333333333,0.86,0.023333333333333334,0.0033333333333333335
2025-08-22/IMG_9883.JPG,Very Small,Very Small,0.86,0.12,0.013333333333333334,0.006666666666666667
2025-08-22/IMG_0005.JPG,Very Small,Very Small,0.9266666666666666,0.06333333333333334,0.01,0.0
2025-08-07/IMG_9138.JPG,Very Small,Very Small,0.8833333333333333,0.10666666666666667,0.01,0.0
2025-08-22/IMG_9792.JPG,Very Small,Very Small,0.9933333333333333,0.006666666666666667,0.0,0.0
2025-09-05/IMG_1546.JPG,Very Small,Very Small,0.82,0.16666666666666666,0.013333333333333334,0.0
2025-08-07/IMG_9105.JPG,Small,Small,0.13,0.8366666666666667,0.03333333333333333,0.0
2025-08-07/IMG_9678.JPG,Large,Large,0.03,0.09,0.13666666666666666,0.7433333333333333
2025-08-07/IMG_9254.JPG,Small,Small,0.26,0.7166666666666667,0.02,0.0033333333333333335
2025-08-07/IMG_9450.JPG,Small,Small,0.01,0.93,0.056666666666666664,0.0033333333333333335
2025-09-05/IMG_1430.JPG,Small,Small,0.11,0.8066666666666666,0.08333333333333333,0.0
2025-09-05/IMG_1086.JPG,Medium,Medium,0.013333333333333334,0.10333333333333333,0.8533333333333334,0.03
2025-09-29/IMG_1890.JPG,Small,Small,0.08,0.87,0.05,0.0
2025-09-29/IMG_1862.JPG,Small,Small,0.12333333333333334,0.84,0.03333333333333333,0.0033333333333333335
2025-08-22/IMG_9800.JPG,Small,Small,0.0,0.9466666666666667,0.05333333333333334,0.0
2025-08-07/IMG_9264.JPG,Small,Small,0.05333333333333334,0.81,0.13333333333333333,0.0033333333333333335
2025-09-05/IMG_1078.JPG,Small,Small,0.01,0.92,0.06666666666666667,0.0033333333333333335
2025-09-29/IMG_1899.JPG,Medium,Medium,0.016666666666666666,0.15666666666666668,0.7966666666666666,0.03
2025-09-05/IMG_1266.JPG,Very Small,Very Small,0.85,0.13,0.02,0.0
2025-08-22/IMG_9983.JPG,Very Small,Very Small,0.8966666666666666,0.09666666666666666,0.006666666666666667,0.0
2025-08-07/IMG_9491.JPG,Small,Small,0.006666666666666667,0.94,0.05333333333333334,0.0
2025-08-22/IMG_0045.JPG,Small,Small,0.10333333333333333,0.82,0.056666666666666664,0.02
2025-09-05/IMG_1209.JPG,Very Small,Very Small,0.96,0.04,0.0,0.0
2025-08-07/IMG_9641.JPG,Large,Large,0.0,0.01,0.14333333333333334,0.8466666666666667
2025-09-05/IMG_1366.JPG,Very Small,Very Small,0.9866666666666667,0.013333333333333334,0.0,0.0
2025-09-05/IMG_1140.JPG,Medium,Medium,0.016666666666666666,0.20666666666666667,0.7766666666666666,0.0
2025-08-07/IMG_9136.JPG,Very Small,Very Small,0.7133333333333334,0.24666666666666667,0.03333333333333333,0.006666666666666667
2025-09-05/IMG_1530.JPG,Small,Small,0.11666666666666667,0.8233333333333334,0.06,0.0
2025-08-07/IMG_9473.JPG,Very Small,Very Small,0.86,0.13,0.01,0.0
2025-09-05/IMG_1213.JPG,Small,Small,0.22,0.7666666666666667,0.013333333333333334,0.0
2025-08-07/IMG_9464.JPG,Medium,Medium,0.0,0.043333333333333335,0.9433333333333334,0.013333333333333334
2025-08-22/IMG_0250.JPG,Very Small,Very Small,0.8433333333333334,0.13666666666666666,0.016666666666666666,0.0033333333333333335
2025-09-05/IMG_1358.JPG,Small,Small,0.16666666666666666,0.7833333333333333,0.04666666666666667,0.0033333333333333335
2025-09-29/IMG_1738.JPG,Medium,Medium,0.0033333333333333335,0.15333333333333332,0.8433333333333334,0.0
2025-09-05/IMG_1579.JPG,Small,Small,0.12,0.7866666666666666,0.08333333333333333,0.01
2025-09-29/IMG_1755.JPG,Medium,Medium,0.06,0.14333333333333334,0.79,0.006666666666666667
2025-08-07/IMG_9110.JPG,Small,Small,0.15,0.8166666666666667,0.03,0.0033333333333333335
2025-08-07/IMG_9170.JPG,Very Small,Very Small,0.7766666666666666,0.20666666666666667,0.016666666666666666,0.0
2025-08-07/IMG_9474.JPG,Small,Small,0.023333333333333334,0.9033333333333333,0.06666666666666667,0.006666666666666667
2025-08-22/IMG_0245.JPG,Small,Small,0.04,0.94,0.02,0.0
2025-08-07/IMG_9694.JPG,Medium,Medium,0.0,0.03333333333333333,0.8433333333333334,0.12333333333333334
2025-08-07/IMG_9199.JPG,Small,Small,0.04,0.9033333333333333,0.056666666666666664,0.0
2025-08-22/IMG_9987.JPG,Very Small,Very Small,0.8966666666666666,0.09666666666666666,0.006666666666666667,0.0
2025-09-29/IMG_1896.JPG,Medium,Medium,0.006666666666666667,0.06333333333333334,0.7766666666666666,0.15333333333333332
2025-08-22/IMG_0008.JPG,Very Small,Very Small,0.9133333333333333,0.07666666666666666,0.01,0.0
2025-08-22/IMG_0112.JPG,Small,Small,0.17333333333333334,0.77,0.056666666666666664,0.0
2025-09-05/IMG_1533.JPG,Small,Small,0.13333333333333333,0.8033333333333333,0.06333333333333334,0.0
2025-08-22/IMG_9797.JPG,Small,Small,0.013333333333333334,0.9366666666666666,0.05,0.0
2025-08-07/IMG_9708.JPG,Large,Large,0.03,0.05333333333333334,0.08666666666666667,0.83
2025-09-05/IMG_1465.JPG,Very Small,Very Small,0.98,0.02,0.0,0.0
2025-09-05/IMG_1271.JPG,Very Small,Very Small,0.8266666666666667,0.14333333333333334,0.03,0.0
2025-09-05/IMG_1035.JPG,Very Small,Very Small,0.81,0.16333333333333333,0.023333333333333334,0.0033333333333333335
2025-09-05/IMG_1488.JPG,Medium,Medium,0.0033333333333333335,0.07333333333333333,0.9,0.023333333333333334
2025-09-05/IMG_1587.JPG,Very Small,Very Small,0.9233333333333333,0.07333333333333333,0.0033333333333333335,0.0
2025-09-05/IMG_1321.JPG,Very Small,Very Small,0.8566666666666667,0.11,0.03333333333333333,0.0
2025-08-07/IMG_9579.JPG,Medium,Medium,0.01,0.03333333333333333,0.8633333333333333,0.09333333333333334
2025-09-29/IMG_1918.JPG,Very Small,Very Small,0.91,0.08333333333333333,0.006666666666666667,0.0
2025-08-07/IMG_9154.JPG,Small,Small,0.04666666666666667,0.9133333333333333,0.03666666666666667,0.0033333333333333335
2025-09-05/IMG_1108.JPG,Small,Small,0.013333333333333334,0.9333333333333333,0.05,0.0033333333333333335
2025-08-07/IMG_9508.JPG,Small,Small,0.06666666666666667,0.9133333333333333,0.02,0.0
2025-08-22/IMG_0088.JPG,Small,Small,0.18,0.7766666666666666,0.043333333333333335,0.0
2025-09-05/IMG_1082.JPG,Small,Small,0.03,0.8333333333333334,0.13666666666666666,0.0
2025-09-05/IMG_1332.JPG,Small,Small,0.07333333333333333,0.8366666666666667,0.08666666666666667,0.0033333333333333335
2025-08-22/IMG_9906.JPG,Small,Small,0.09666666666666666,0.8833333333333333,0.013333333333333334,0.006666666666666667
2025-08-22/IMG_0146.JPG,Small,Small,0.016666666666666666,0.8733333333333333,0.1,0.01
2025-08-07/IMG_9475.JPG,Small,Small,0.03333333333333333,0.9066666666666666,0.056666666666666664,0.0033333333333333335
2025-09-05/IMG_1227.JPG,Small,Small,0.013333333333333334,0.82,0.15666666666666668,0.01
2025-08-07/IMG_9127.JPG,Very Small,Very Small,0.7333333333333333,0.24333333333333335,0.023333333333333334,0.0
2025-08-22/IMG_0049.JPG,Small,Small,0.21,0.7266666666666667,0.06,0.0033333333333333335
2025-09-05/IMG_1258.JPG,Medium,Medium,0.08666666666666667,0.13333333333333333,0.78,0.0
2025-08-07/IMG_9510.JPG,Small,Small,0.06666666666666667,0.9133333333333333,0.016666666666666666,0.0033333333333333335
2025-09-05/IMG_0891.JPG,Very Small,Very Small,0.95,0.043333333333333335,0.006666666666666667,0.0
2025-09-29/IMG_1877.JPG,Very Small,Very Small,0.8733333333333333,0.10666666666666667,0.02,0.0
2025-08-07/IMG_9412.JPG,Small,Small,0.01,0.7466666666666667,0.24333333333333335,0.0
2025-08-07/IMG_9704.JPG,Large,Large,0.02666666666666667,0.10333333333333333,0.08333333333333333,0.7866666666666666
2025-09-29/IMG_1710.JPG,Medium,Medium,0.0,0.07333333333333333,0.9266666666666666,0.0
2025-09-05/IMG_1429.JPG,Medium,Medium,0.0033333333333333335,0.01,0.97,0.016666666666666666
2025-09-05/IMG_1503.JPG,Medium,Medium,0.0033333333333333335,0.15333333333333332,0.8266666666666667,0.016666666666666666
2025-08-22/IMG_9988.JPG,Small,Small,0.21333333333333335,0.7633333333333333,0.023333333333333334,0.0
2025-09-05/IMG_1252.JPG,Small,Small,0.12,0.8333333333333334,0.04666666666666667,0.0
2025-09-29/IMG_1697.JPG,Medium,Medium,0.006666666666666667,0.3433333333333333,0.65,0.0
2025-09-05/IMG_1389.JPG,Very Small,Very Small,0.9633333333333334,0.03666666666666667,0.0,0.0
2025-08-07/IMG_9168.JPG,Small,Small,0.12333333333333334,0.83,0.043333333333333335,0.0033333333333333335
2025-09-05/IMG_0952.JPG,Small,Small,0.05,0.8333333333333334,0.11666666666666667,0.0
2025-09-05/IMG_0906.JPG,Very Small,Very Small,0.9966666666666667,0.0,0.0033333333333333335,0.0
2025-08-22/IMG_0239.JPG,Small,Small,0.056666666666666664,0.9066666666666666,0.03666666666666667,0.0
2025-09-05/IMG_1485.JPG,Medium,Medium,0.016666666666666666,0.06666666666666667,0.86,0.056666666666666664
2025-08-22/IMG_9838.JPG,Medium,Medium,0.006666666666666667,0.03,0.96,0.0033333333333333335
2025-08-07/IMG_9188.JPG,Small,Small,0.08333333333333333,0.8533333333333334,0.06,0.0033333333333333335
2025-08-07/IMG_9256.JPG,Small,Small,0.09333333333333334,0.8966666666666666,0.006666666666666667,0.0033333333333333335
2025-09-05/IMG_0809.JPG,Very Small,Very Small,0.73,0.21666666666666667,0.05333333333333334,0.0
2025-09-29/IMG_1775.JPG,Very Small,Very Small,0.9833333333333333,0.016666666666666666,0.0,0.0
2025-09-05/IMG_1001.JPG,Small,Small,0.06666666666666667,0.89,0.043333333333333335,0.0
2025-09-05/IMG_0965.JPG,Small,Small,0.02,0.96,0.02,0.0
2025-09-05/IMG_1445.JPG,Very Small,Very Small,0.9333333333333333,0.06,0.006666666666666667,0.0
2025-08-22/IMG_9768.JPG,Small,Small,0.016666666666666666,0.93,0.05,0.0033333333333333335
2025-09-05/IMG_1496.JPG,Medium,Medium,0.02666666666666667,0.11666666666666667,0.84,0.016666666666666666
2025-08-22/IMG_0028.JPG,Small,Small,0.18333333333333332,0.8066666666666666,0.01,0.0
2025-09-05/IMG_0932.JPG,Medium,Medium,0.0,0.05333333333333334,0.9433333333333334,0.0033333333333333335
2025-08-22/IMG_9965.JPG,Small,Small,0.2,0.78,0.016666666666666666,0.0033333333333333335
2025-08-22/IMG_9850.JPG,Medium,Medium,0.006666666666666667,0.04,0.77,0.18333333333333332
2025-08-22/IMG_9830.JPG,Large,Large,0.02,0.023333333333333334,0.06333333333333334,0.8933333333333333
2025-08-07/IMG_9174.JPG,Small,Small,0.19333333333333333,0.7566666666666667,0.04666666666666667,0.0033333333333333335
2025-09-29/IMG_1903.JPG,Medium,Medium,0.05,0.09333333333333334,0.83,0.02666666666666667
2025-09-05/IMG_0996.JPG,Small,Small,0.13333333333333333,0.81,0.056666666666666664,0.0
2025-09-05/IMG_1542.JPG,Small,Small,0.23,0.74,0.03,0.0
2025-09-29/IMG_1911.JPG,Large,Large,0.006666666666666667,0.02,0.13666666666666666,0.8366666666666667
2025-09-29/IMG_1857.JPG,Very Small,Very Small,0.8866666666666667,0.09,0.023333333333333334,0.0
2025-08-22/IMG_0156.JPG,Medium,Medium,0.0,0.05,0.94,0.01
2025-08-22/IMG_9885.JPG,Medium,Medium,0.023333333333333334,0.05333333333333334,0.8633333333333333,0.06
2025-09-29/IMG_1868.JPG,Very Small,Very Small,0.71,0.2633333333333333,0.023333333333333334,0.0033333333333333335
2025-09-05/IMG_1279.JPG,Very Small,Very Small,0.6933333333333334,0.23333333333333334,0.06333333333333334,0.01
2025-09-29/IMG_1763.JPG,Medium,Medium,0.01,0.20333333333333334,0.77,0.016666666666666666
2025-09-05/IMG_1274.JPG,Very Small,Very Small,0.8833333333333333,0.11666666666666667,0.0,0.0
2025-09-05/IMG_1254.JPG,Small,Small,0.15,0.8,0.04666666666666667,0.0033333333333333335
2025-08-07/IMG_9212.JPG,Very Small,Very Small,0.9466666666666667,0.05333333333333334,0.0,0.0
2025-08-07/IMG_9596.JPG,Medium,Medium,0.006666666666666667,0.03666666666666667,0.8466666666666667,0.11
2025-09-05/IMG_1220.JPG,Medium,Medium,0.02666666666666667,0.07,0.8933333333333333,0.01
2025-09-05/IMG_0843.JPG,Very Small,Very Small,1.0,0.0,0.0,0.0
2025-08-22/IMG_0013.JPG,Very Small,Very Small,0.7366666666666667,0.18,0.08333333333333333,0.0
2025-08-07/IMG_9106.JPG,Very Small,Very Small,0.73,0.25333333333333335,0.016666666666666666,0.0
2025-08-22/IMG_0115.JPG,Very Small,Very Small,0.8266666666666667,0.15666666666666668,0.016666666666666666,0.0
2025-09-05/IMG_0798.JPG,Small,Small,0.0,0.9533333333333334,0.04666666666666667,0.0
2025-08-22/IMG_0142.JPG,Very Small,Very Small,0.9533333333333334,0.04,0.006666666666666667,0.0
2025-08-07/IMG_9206.JPG,Very Small,Very Small,0.9233333333333333,0.06666666666666667,0.01,0.0
2025-08-22/IMG_0060.JPG,Very Small,Very Small,0.8933333333333333,0.08333333333333333,0.02,0.0033333333333333335
2025-08-22/IMG_9920.JPG,Very Small,Very Small,0.8633333333333333,0.12,0.016666666666666666,0.0
2025-09-05/IMG_1286.JPG,Medium,Medium,0.05333333333333334,0.21,0.73,0.006666666666666667
2025-09-05/IMG_1309.JPG,Small,Small,0.22666666666666666,0.77,0.0033333333333333335,0.0
2025-08-22/IMG_0133.JPG,Small,Small,0.04666666666666667,0.8533333333333334,0.1,0.0
2025-09-05/IMG_0940.JPG,Very Small,Very Small,0.7066666666666667,0.2633333333333333,0.02666666666666667,0.0033333333333333335
2025-08-22/IMG_9871.JPG,Large,Large,0.0033333333333333335,0.013333333333333334,0.10666666666666667,0.8766666666666667
2025-09-05/IMG_0948.JPG,Medium,Medium,0.01,0.15666666666666668,0.8266666666666667,0.006666666666666667
2025-08-22/IMG_0178.JPG,Very Small,Very Small,0.9566666666666667,0.03666666666666667,0.006666666666666667,0.0
2025-09-29/IMG_1913.JPG,Very Small,Very Small,0.7466666666666667,0.23333333333333334,0.02,0.0
2025-08-22/IMG_0286.JPG,Very Small,Very Small,0.8466666666666667,0.10666666666666667,0.04666666666666667,0.0
2025-08-22/IMG_9837.JPG,Medium,Medium,0.0,0.08666666666666667,0.91,0.0033333333333333335
2025-09-05/IMG_1322.JPG,Very Small,Very Small,0.89,0.09333333333333334,0.016666666666666666,0.0
2025-08-22/IMG_9974.JPG,Very Small,Very Small,0.9033333333333333,0.07333333333333333,0.02,0.0033333333333333335
2025-09-05/IMG_1467.JPG,Small,Small,0.24333333333333335,0.7566666666666667,0.0,0.0
2025-08-07/IMG_9433.JPG,Small,Small,0.01,0.86,0.13,0.0
2025-08-07/IMG_9115.JPG,Small,Small,0.09333333333333334,0.8566666666666667,0.05,0.0
2025-08-22/IMG_0061.JPG,Medium,Medium,0.15333333333333332,0.24333333333333335,0.6033333333333334,0.0
2025-08-22/IMG_0176.JPG,Very Small,Very Small,0.8433333333333334,0.11666666666666667,0.04,0.0
2025-08-07/IMG_9705.JPG,Large,Large,0.03,0.03333333333333333,0.11333333333333333,0.8233333333333334
2025-09-05/IMG_0900.JPG,Very Small,Very Small,0.9766666666666667,0.023333333333333334,0.0,0.0
2025-08-22/IMG_0011.JPG,Very Small,Very Small,0.71,0.25666666666666665,0.03333333333333333,0.0
2025-08-07/IMG_9589.JPG,Medium,Medium,0.006666666666666667,0.023333333333333334,0.7766666666666666,0.19333333333333333
2025-08-07/IMG_9571.JPG,Large,Large,0.0033333333333333335,0.04,0.07333333333333333,0.8833333333333333
2025-09-29/IMG_1811.JPG,Medium,Medium,0.18,0.18666666666666668,0.6333333333333333,0.0
2025-08-07/IMG_9117.JPG,Small,Small,0.05,0.8166666666666667,0.11666666666666667,0.016666666666666666
2025-08-07/IMG_9108.JPG,Small,Small,0.08666666666666667,0.89,0.023333333333333334,0.0
2025-08-07/IMG_9397.JPG,Small,Small,0.16333333333333333,0.8066666666666666,0.03,0.0
2025-09-29/IMG_1792.JPG,Small,Small,0.11333333333333333,0.8733333333333333,0.013333333333333334,0.0
2025-09-05/IMG_0968.JPG,Medium,Medium,0.013333333333333334,0.07333333333333333,0.8933333333333333,0.02
2025-09-29/IMG_1781.JPG,Small,Small,0.006666666666666667,0.92,0.07,0.0033333333333333335
2025-08-07/IMG_9659.JPG,Large,Large,0.0033333333333333335,0.0033333333333333335,0.02666666666666667,0.9666666666666667
2025-09-05/IMG_1094.JPG,Medium,Medium,0.043333333333333335,0.31,0.6433333333333333,0.0033333333333333335
2025-09-29/IMG_1692.JPG,Medium,Medium,0.006666666666666667,0.08,0.9133333333333333,0.0
2025-09-05/IMG_1195.JPG,Small,Small,0.02,0.8966666666666666,0.08333333333333333,0.0
2025-09-05/IMG_1179.JPG,Small,Small,0.013333333333333334,0.88,0.10333333333333333,0.0033333333333333335
2025-08-07/IMG_9139.JPG,Small,Small,0.15333333333333332,0.8233333333333334,0.02,0.0033333333333333335
2025-08-22/IMG_0216.JPG,Small,Small,0.02666666666666667,0.8766666666666667,0.09,0.006666666666666667
2025-08-22/IMG_9835.JPG,Medium,Medium,0.0,0.03,0.9066666666666666,0.06333333333333334
2025-09-05/IMG_0852.JPG,Small,Small,0.01,0.79,0.2,0.0
2025-08-07/IMG_9101.JPG,Medium,Medium,0.09,0.22333333333333333,0.6866666666666666,0.0
2025-09-05/IMG_0816.JPG,Small,Small,0.03666666666666667,0.8366666666666667,0.11333333333333333,0.013333333333333334
2025-09-05/IMG_1338.JPG,Small,Small,0.04,0.9333333333333333,0.02666666666666667,0.0
2025-09-05/IMG_1304.JPG,Very Small,Very Small,0.8866666666666667,0.08333333333333333,0.03,0.0
2025-09-05/IMG_0992.JPG,Very Small,Very Small,0.81,0.15333333333333332,0.03666666666666667,0.0
2025-08-22/IMG_9958.JPG,Very Small,Very Small,0.7533333333333333,0.16666666666666666,0.056666666666666664,0.023333333333333334
2025-08-07/IMG_9578.JPG,Large,Large,0.013333333333333334,0.013333333333333334,0.16333333333333333,0.81
2025-08-07/IMG_9699.JPG,Medium,Medium,0.016666666666666666,0.04666666666666667,0.8266666666666667,0.11
2025-08-22/IMG_9764.JPG,Medium,Medium,0.06,0.19333333333333333,0.74,0.006666666666666667
2025-09-05/IMG_1420.JPG,Small,Small,0.03,0.8466666666666667,0.12,0.0033333333333333335
2025-09-05/IMG_0964.JPG,Small,Small,0.006666666666666667,0.7066666666666667,0.2733333333333333,0.013333333333333334
2025-09-05/IMG_1502.JPG,Small,Small,0.006666666666666667,0.9333333333333333,0.06,0.0
2025-09-05/IMG_1397.JPG,Very Small,Very Small,1.0,0.0,0.0,0.0
2025-08-07/IMG_9574.JPG,Large,Large,0.01,0.02,0.16,0.81
2025-09-05/IMG_1203.JPG,Large,Large,0.02666666666666667,0.05,0.18666666666666668,0.7366666666666667
2025-08-22/IMG_0058.JPG,Small,Small,0.17666666666666667,0.7766666666666666,0.04666666666666667,0.0
2025-09-05/IMG_1005.JPG,Very Small,Very Small,0.66,0.16,0.17,0.01
2025-09-05/IMG_1362.JPG,Medium,Medium,0.02666666666666667,0.09333333333333334,0.87,0.01
2025-09-05/IMG_1106.JPG,Very Small,Very Small,0.9566666666666667,0.043333333333333335,0.0,0.0
2025-09-05/IMG_0949.JPG,Small,Small,0.02,0.82,0.15666666666666668,0.0033333333333333335
2025-09-05/IMG_1164.JPG,Small,Small,0.013333333333333334,0.87,0.11,0.006666666666666667
2025-08-07/IMG_9440.JPG,Very Small,Very Small,0.77,0.20666666666666667,0.023333333333333334,0.0
2025-08-22/IMG_0290.JPG,Medium,Medium,0.02,0.09,0.8,0.09
2025-09-29/IMG_1758.JPG,Small,Small,0.13666666666666666,0.8233333333333334,0.04,0.0
2025-08-07/IMG_9116.JPG,Small,Small,0.11,0.8033333333333333,0.07333333333333333,0.013333333333333334
2025-08-22/IMG_0032.JPG,Very Small,Very Small,0.8333333333333334,0.12666666666666668,0.04,0.0
2025-08-22/IMG_0007.JPG,Small,Small,0.22666666666666666,0.7466666666666667,0.02666666666666667,0.0
2025-08-07/IMG_9236.JPG,Medium,Medium,0.043333333333333335,0.11,0.8333333333333334,0.013333333333333334
2025-08-22/IMG_9975.JPG,Small,Small,0.15,0.83,0.013333333333333334,0.006666666666666667
2025-08-07/IMG_9615.JPG,Large,Large,0.02,0.09333333333333334,0.17333333333333334,0.7133333333333334
2025-09-05/IMG_1411.JPG,Very Small,Very Small,0.96,0.03333333333333333,0.006666666666666667,0.0
2025-09-05/IMG_1225.JPG,Small,Small,0.006666666666666667,0.77,0.21,0.013333333333333334
2025-08-22/IMG_9915.JPG,Small,Small,0.09666666666666666,0.87,0.02666666666666667,0.006666666666666667
2025-09-05/IMG_1228.JPG,Small,Small,0.01,0.91,0.08,0.0
2025-09-05/IMG_1115.JPG,Medium,Medium,0.02666666666666667,0.24666666666666667,0.7266666666666667,0.0
2025-08-07/IMG_9247.JPG,Medium,Medium,0.023333333333333334,0.19333333333333333,0.7733333333333333,0.01
2025-09-05/IMG_1386.JPG,Small,Small,0.01,0.95,0.04,0.0
2025-08-07/IMG_9141.JPG,Very Small,Very Small,0.8766666666666667,0.10666666666666667,0.016666666666666666,0.0
2025-09-05/IMG_1269.JPG,Small,Small,0.07333333333333333,0.8466666666666667,0.08,0.0
2025-09-29/IMG_1731.JPG,Small,Small,0.06666666666666667,0.9133333333333333,0.02,0.0
2025-08-22/IMG_9753.JPG,Medium,Medium,0.0033333333333333335,0.12333333333333334,0.87,0.0033333333333333335
2025-08-22/IMG_9897.JPG,Small,Small,0.023333333333333334,0.9366666666666666,0.03333333333333333,0.006666666666666667
2025-08-22/IMG_0254.JPG,Small,Small,0.15333333333333332,0.8266666666666667,0.02,0.0
2025-09-05/IMG_0848.JPG,Very Small,Very Small,0.99,0.006666666666666667,0.0033333333333333335,0.0
2025-08-07/IMG_9178.JPG,Small,Small,0.21,0.7566666666666667,0.03,0.0033333333333333335
2025-09-05/IMG_0925.JPG,Very Small,Very Small,0.9333333333333333,0.06666666666666667,0.0,0.0
2025-09-29/IMG_1887.JPG,Small,Small,0.03666666666666667,0.8766666666666667,0.07666666666666666,0.01
2025-09-05/IMG_1143.JPG,Very Small,Very Small,0.9366666666666666,0.06,0.0033333333333333335,0.0
2025-09-05/IMG_1133.JPG,Small,Small,0.0033333333333333335,0.8266666666666667,0.17,0.0
2025-09-05/IMG_0835.JPG,Medium,Medium,0.023333333333333334,0.2733333333333333,0.7033333333333334,0.0
2025-08-22/IMG_9907.JPG,Small,Small,0.02666666666666667,0.8633333333333333,0.10333333333333333,0.006666666666666667
2025-09-05/IMG_1068.JPG,Small,Small,0.12333333333333334,0.81,0.06666666666666667,0.0
2025-08-22/IMG_9815.JPG,Large,Large,0.0,0.0033333333333333335,0.02666666666666667,0.97
2025-08-22/IMG_9925.JPG,Very Small,Very Small,0.85,0.13666666666666666,0.013333333333333334,0.0
2025-09-05/IMG_1558.JPG,Small,Small,0.22,0.7666666666666667,0.01,0.0033333333333333335
2025-09-05/IMG_1557.JPG,Very Small,Very Small,0.7866666666666666,0.2,0.013333333333333334,0.0
2025-08-22/IMG_9904.JPG,Small,Small,0.03333333333333333,0.96,0.006666666666666667,0.0
2025-08-22/IMG_0189.JPG,Small,Small,0.02,0.8666666666666667,0.1,0.013333333333333334
2025-08-07/IMG_9248.JPG,Small,Small,0.013333333333333334,0.9433333333333334,0.043333333333333335,0.0
2025-08-22/IMG_0029.JPG,Small,Small,0.14666666666666667,0.7966666666666666,0.04666666666666667,0.01
2025-08-07/IMG_9543.JPG,Small,Small,0.06666666666666667,0.7066666666666667,0.18666666666666668,0.04
2025-09-29/IMG_1940.JPG,Very Small,Very Small,0.82,0.16333333333333333,0.016666666666666666,0.0
2025-08-22/IMG_0123.JPG,Small,Small,0.043333333333333335,0.7933333333333333,0.16,0.0033333333333333335
2025-09-05/IMG_1053.JPG,Very Small,Very Small,0.6733333333333333,0.20666666666666667,0.11333333333333333,0.006666666666666667
2025-08-07/IMG_9194.JPG,Small,Small,0.13666666666666666,0.8533333333333334,0.01,0.0
2025-08-22/IMG_9803.JPG,Medium,Medium,0.0,0.04,0.9566666666666667,0.0033333333333333335
2025-09-29/IMG_1908.JPG,Large,Large,0.05333333333333334,0.1,0.11666666666666667,0.73
