image_filename,true_class,predicted_class,decision_very_small,decision_small,decision_medium,decision_large
2025-08-22/IMG_0001.JPG,Very Small,Small,2.250547938169848,3.2693786193468983,0.8314420508798548,-0.28713674822869534
2025-08-22/IMG_0002.JPG,Very Small,Very Small,3.267899233916366,2.2359202143993304,0.9168784473001568,-0.2869328399625502
2025-08-22/IMG_0003.JPG,Small,Small,2.246086048717921,3.2624993724229134,1.0567866060173388,-0.290221006472458
2025-08-22/IMG_0004.JPG,Small,Very Small,3.263055150998375,2.261651172324666,0.8719198818355142,-0.29042888865373057
2025-08-22/IMG_0005.JPG,Very Small,Very Small,3.271556540556644,2.245048497251177,0.8339842975406875,-0.2869029596711315
2025-08-22/IMG_0009.JPG,Very Small,Very Small,3.2852514492282223,2.254833549751202,0.7880132023806738,-0.2938012054887307
2025-08-22/IMG_0010.JPG,Small,Very Small,3.2556335458165626,2.2656299165073546,0.8457554552139215,-0.2879952837704362
2025-08-22/IMG_0011.JPG,Very Small,Small,2.1683013844448804,3.265520217567904,0.9099649397389298,-0.2734375331015248
2025-08-22/IMG_0012.JPG,Very Small,Small,2.1835172931454476,3.2183117627456426,1.1084528802231584,-0.26095181396875605
2025-08-22/IMG_0013.JPG,Very Small,Small,2.1623429866506303,3.2180003637350976,1.1063175991336207,-0.2559567819585757
2025-08-22/IMG_0017.JPG,Small,Small,2.2172548396944802,3.2412784089932267,0.846681143919603,-0.26150886234010884
2025-08-22/IMG_0018.JPG,Small,Small,2.2414122663761145,3.2345592047260454,0.8506733845477042,-0.26910075311162335
2025-08-22/IMG_0019.JPG,Very Small,Small,2.2529902558285384,3.2610280822656588,0.8300706666093346,-0.28372296321601936
2025-08-22/IMG_0020.JPG,Small,Very Small,3.26373920980851,2.268012923820727,0.8178986432665385,-0.28997914444326905
2025-08-22/IMG_0021.JPG,Very Small,Very Small,3.28623314872677,2.2437839158925597,0.8024585410941321,-0.29338789383355673
2025-08-22/IMG_0023.JPG,Very Small,Small,2.2337162890653945,3.263292626579283,0.8678144446647799,-0.28163874631126445
2025-08-22/IMG_0024.JPG,Small,Small,2.24135715283304,3.235563043252268,1.020768105597808,-0.27868783284785564
2025-08-22/IMG_0025.JPG,Small,Very Small,3.270824740992066,2.252548434224212,0.8477535729906681,-0.28957758746299117
2025-08-22/IMG_0027.JPG,Small,Small,2.1858930259935683,3.255293087264616,0.8024181185025023,-0.25156653782430416
2025-08-22/IMG_0030.JPG,Medium,Small,2.2178956062762705,3.205869679505067,0.9544993887454973,-0.2566098130691071
2025-08-22/IMG_0031.JPG,Small,Small,2.2432498323732855,3.2354247869850643,0.8243090162266373,-0.26653731311079465
2025-08-22/IMG_0033.JPG,Small,Small,2.2459298585307024,3.267141771253494,0.8710023007365604,-0.28715451410908027
2025-08-22/IMG_0035.JPG,Very Small,Small,2.23399409239115,3.271033078203664,0.7804351272741977,-0.27562337446386087
2025-08-22/IMG_0036.JPG,Small,Small,2.239486479544881,3.261753636952447,0.8150916925444036,-0.277432096910466
2025-08-22/IMG_0037.JPG,Medium,Small,2.1977141532855233,3.2664946663731014,0.864916079139636,-0.27549923206822113
2025-08-22/IMG_0038.JPG,Small,Small,2.214558989844199,3.260584123384076,0.8207757401704794,-0.2695426477674839
2025-08-22/IMG_0041.JPG,Small,Small,2.2323183844738526,3.2647245643665546,0.86299110078943,-0.28173723841803416
2025-08-22/IMG_0042.JPG,Medium,Small,2.2274431562974004,3.266146681072125,0.9211360666790824,-0.2843087022773124
2025-08-22/IMG_0043.JPG,Small,Very Small,3.2596554786404686,2.240992969954764,0.8681401355570529,-0.2818894766337236
2025-08-22/IMG_0044.JPG,Very Small,Very Small,3.271759452173583,2.253074197812197,0.7784014465062943,-0.28270177652978834
2025-08-22/IMG_0046.JPG,Very Small,Very Small,3.274752285096972,2.2656247644763554,0.7616467324506121,-0.2864092569591009
2025-08-22/IMG_0049.JPG,Small,Small,2.2408635771260457,3.246202871350383,0.8219199382100912,-0.27024304837553
2025-08-22/IMG_0051.JPG,Very Small,Very Small,3.2289492686296395,2.2552180923124703,0.7697172600976524,-0.2544542626403704
2025-08-22/IMG_0052.JPG,Small,Small,1.8960397940233886,3.2464970779256705,0.868948684472669,-0.21156959243072337
2025-08-22/IMG_0053.JPG,Small,Very Small,3.243813430424156,2.2613414936268184,0.7619428606659548,-0.2646772992009956
2025-08-22/IMG_0054.JPG,Small,Small,2.2006512517911,3.264217069267675,0.8615952008047265,-0.27407443249793223
2025-08-22/IMG_0055.JPG,Medium,Very Small,1.9865680939657966,2.2081149080558324,2.1190250834913074,-0.22836032294135483
2025-08-22/IMG_0056.JPG,Small,Small,2.1408737560044595,3.264671121337888,0.8095925352485135,-0.25498377513597964
2025-08-22/IMG_0057.JPG,Small,Small,2.0031379658168817,3.256754447413539,0.8886445048066808,-0.24699235206418949
2025-08-22/IMG_0058.JPG,Small,Small,2.237649950165377,3.272325390543562,0.8590249120564442,-0.2871307478272139
2025-08-22/IMG_0060.JPG,Very Small,Very Small,3.2625564926801585,2.2701268865167474,0.7720078551711931,-0.2844506054648386
2025-08-22/IMG_0061.JPG,Medium,Small,2.2342186913983806,3.2675020118996105,0.9539010054576225,-0.287457957244704
2025-08-22/IMG_0062.JPG,Small,Small,2.2508941876905806,3.2675337982821095,0.8297798528776072,-0.2861571204118634
2025-08-22/IMG_0063.JPG,Small,Small,2.232267107407927,3.260169845218608,0.7649565455501672,-0.2586425595923314
2025-08-22/IMG_0064.JPG,Small,Small,2.2255188829633132,3.2664328988535636,0.7978896825470567,-0.27310022951062946
2025-08-22/IMG_0065.JPG,Small,Small,2.212734598041222,3.266250363254051,0.7872002484863675,-0.26623018693588363
2025-08-22/IMG_0066.JPG,Small,Small,2.203941380647815,3.2729216906524123,0.7832177005198009,-0.26964565383434264
2025-08-22/IMG_0068.JPG,Small,Small,2.1799775221154785,3.273050835255426,0.8730127331826851,-0.2785781715315515
2025-08-22/IMG_0071.JPG,Very Small,Small,2.1817430466477115,3.233801728534367,0.9567880049661148,-0.25755827765547307
2025-08-22/IMG_0072.JPG,Very Small,Small,2.209929426117006,3.190344823451875,0.9132625562109198,-0.24276857317454448
2025-08-22/IMG_0073.JPG,Small,Small,2.234103329204389,3.2553152562991894,0.8973785598545878,-0.2794561393969473
2025-08-22/IMG_0075.JPG,Small,Small,2.233540459988219,3.2272269597251912,0.9051460806413617,-0.2677682739371457
2025-08-22/IMG_0076.JPG,Very Small,Very Small,3.2753316735714977,2.1970090065926384,0.8074109313491092,-0.2760964395887717
2025-08-22/IMG_0077.JPG,Very Small,Very Small,3.2667705397058104,2.1944227410734554,0.8556711101551658,-0.27427147919174355
2025-08-22/IMG_0078.JPG,Small,Small,2.213688811704215,3.247941625633804,0.8066475539589849,-0.2559638897310932
2025-08-22/IMG_0079.JPG,Small,Small,2.056659383418467,3.2499941250837407,0.8346524617819439,-0.22982044189414283
2025-08-22/IMG_0081.JPG,Small,Small,2.239014638795519,3.268763790606394,1.0099824226854008,-0.2901966872446781
2025-08-22/IMG_0082.JPG,Small,Very Small,3.253777083574665,2.267617895140281,0.8972337427929803,-0.2906888908536009
2025-08-22/IMG_0084.JPG,Small,Small,2.2415556073035634,3.2647915212933176,0.8698251596038579,-0.2847029103110083
2025-08-22/IMG_0085.JPG,Very Small,Small,2.2561775598415967,3.2655450034485836,0.8188267652972515,-0.28603091772381545
2025-08-22/IMG_0086.JPG,Small,Very Small,3.264770845554933,2.266378403312955,0.7822235853258146,-0.28541057170888967
2025-08-22/IMG_0087.JPG,Small,Small,2.2210953335638397,3.2704503253248367,1.0282682143218789,-0.2880643378291572
2025-08-22/IMG_0089.JPG,Medium,Small,2.2082060908517644,3.2708426225707146,1.0777521743999736,-0.2876856038690809
2025-08-22/IMG_0090.JPG,Small,Small,2.077853864635193,3.262764747256465,1.1158160454470112,-0.2733890426056887
2025-08-22/IMG_0091.JPG,Very Small,Small,2.2304270209534502,3.2648651987451203,0.8609085377925334,-0.2811812533782581
2025-08-22/IMG_0092.JPG,Small,Small,2.1861143098702356,3.267325148358895,1.1482964795367276,-0.28648739011393604
2025-08-22/IMG_0094.JPG,Very Small,Very Small,3.264161229951088,2.2357965552559333,1.0131885230118294,-0.2875307388440029
2025-08-22/IMG_0098.JPG,Very Small,Very Small,3.2852069962065427,2.247850080808341,0.7861870185873565,-0.2918568800929914
2025-08-22/IMG_0099.JPG,Very Small,Very Small,3.2655247857001894,2.249318983528949,0.8176090197458876,-0.283395969962392
2025-08-22/IMG_0100.JPG,Very Small,Very Small,3.2518424289023287,1.937367216109467,1.0388468752607045,-0.24981159721344676
2025-08-22/IMG_0101.JPG,Medium,Very Small,3.240999939413091,0.7847382869391826,2.2310737707037074,-0.25096045820354373
2025-08-22/IMG_0102.JPG,Very Small,Very Small,3.2599038768729303,0.7990755337803753,2.1093843077176815,-0.23837965117803614
2025-08-22/IMG_0104.JPG,Small,Small,2.189297255994523,3.2599020365759515,0.9882169720199588,-0.276029840897959
2025-08-22/IMG_0106.JPG,Small,Very Small,3.259682002212558,2.2663101161334116,0.8405350881312873,-0.2893699737507426
2025-08-22/IMG_0107.JPG,Very Small,Very Small,3.281828011300279,2.2506257760698323,0.7927630974289872,-0.2909170009213666
2025-08-22/IMG_0108.JPG,Very Small,Small,2.2516823183532324,3.264784109783422,0.8452059229997549,-0.2862397012187279
2025-08-22/IMG_0109.JPG,Small,Small,2.242173200572626,3.267879345199625,0.990678393984919,-0.2901578777171098
2025-08-22/IMG_0110.JPG,Very Small,Small,2.240801557887587,3.2606218516917096,1.083466499770125,-0.2890114464377825
2025-08-22/IMG_0111.JPG,Very Small,Small,2.20881546780219,3.2550044165429264,0.8629366027932872,-0.2696497318535877
2025-08-22/IMG_0113.JPG,Small,Small,2.2021713924817816,3.266543848364282,0.9239001742964619,-0.27988329690332564
2025-08-22/IMG_0116.JPG,Very Small,Small,2.2420111974037997,3.268705266299766,0.994582970807066,-0.29055046599428264
2025-08-22/IMG_0117.JPG,Very Small,Very Small,3.2508672934493035,2.255343439686816,1.0296360603501453,-0.28837159013605657
2025-08-22/IMG_0118.JPG,Medium,Small,2.1136556055850577,3.2705645861844106,1.1488584362703778,-0.2830932103585698
2025-08-22/IMG_0119.JPG,Very Small,Very Small,3.265389482616446,2.264952228943473,0.7875166534339869,-0.28586626326579384
2025-08-22/IMG_0122.JPG,Very Small,Very Small,3.24917574889677,2.271168607994165,0.8709582943294919,-0.28999413541954827
2025-08-22/IMG_0123.JPG,Small,Small,0.7819680392913965,3.2694691466764727,2.2470829241212327,-0.27951043356511424
2025-08-22/IMG_0125.JPG,Very Small,Small,2.232550300747598,3.2748948453471,0.9348559945544775,-0.29042520236675207
2025-08-22/IMG_0126.JPG,Very Small,Very Small,3.2977908647464034,2.221196318646456,0.7345272564220178,-0.2885242912378456
2025-08-22/IMG_0128.JPG,Very Small,Very Small,3.2862406287827906,2.2425628946031892,0.7635621921743423,-0.2877360271689592
2025-08-22/IMG_0129.JPG,Very Small,Very Small,3.2895136414719617,2.2434748084957126,0.7541056897880114,-0.2889142644036877
2025-08-22/IMG_0132.JPG,Small,Small,2.1877343918225547,3.2696605296307872,1.1720234304324828,-0.28942114678727865
2025-08-22/IMG_0133.JPG,Small,Small,0.8522332536632252,3.2717839788242884,2.1622316986602024,-0.2734627821721221
2025-08-22/IMG_0134.JPG,Medium,Medium,0.7330905065277429,2.261050774947502,3.2653251795438223,-0.25917070100996
2025-08-22/IMG_0135.JPG,Small,Small,0.8811862382563795,3.265375594092919,2.1948188402036393,-0.2754392065516128
2025-08-22/IMG_0137.JPG,Very Small,Very Small,3.2864670238151863,2.259691069379413,0.7522359145117926,-0.29028556262530053
2025-08-22/IMG_0138.JPG,Very Small,Very Small,3.2854664091558092,2.2647732387848016,0.7494564447556977,-0.29059502284059086
2025-08-22/IMG_0139.JPG,Very Small,Very Small,3.2738833720033855,2.2788269910605226,0.7758932482996161,-0.29488965207437146
2025-08-22/IMG_0140.JPG,Very Small,Very Small,3.2845920294309803,2.2710823374762925,0.7605158619031129,-0.29476065799175927
2025-08-22/IMG_0141.JPG,Very Small,Very Small,3.286495604811977,2.2720927950165732,0.7536019760113966,-0.2951312115786841
2025-08-22/IMG_0143.JPG,Very Small,Very Small,3.2803873068743403,2.263188148451108,0.7496324028580128,-0.2859178025209163
2025-08-22/IMG_0144.JPG,Very Small,Very Small,3.262564904612517,2.2611342616606525,0.8375064279692186,-0.2881412108101744
2025-08-22/IMG_0146.JPG,Small,Small,0.7531970647939462,3.2707227579966056,2.2251409449175847,-0.26011566045564494
2025-08-22/IMG_0147.JPG,Medium,Medium,0.7810586079513446,2.21928147312746,3.264410272923486,-0.26453387740676526
2025-08-22/IMG_0149.JPG,Medium,Small,0.7777743226413647,3.263716182994778,2.268253062094649,-0.28509322040822155
2025-08-22/IMG_0150.JPG,Small,Small,0.8216759300652232,3.2768540012615204,2.2320637654490865,-0.2860050151799722
2025-08-22/IMG_0153.JPG,Medium,Medium,0.7428903944593925,2.243283458782558,3.272720636318203,-0.26429104208364795
2025-08-22/IMG_0157.JPG,Medium,Medium,-0.2856777018923866,1.1260447342213435,3.274930913055337,2.1348067527024233
2025-08-22/IMG_0158.JPG,Very Small,Very Small,3.2675672863490957,2.243919911202895,0.9580871494591156,-0.28977543698516744
2025-08-22/IMG_0159.JPG,Very Small,Very Small,3.266763995412828,2.2582807411058305,0.7837793899257612,-0.282846486792006
2025-08-22/IMG_0162.JPG,Very Small,Very Small,3.265274598900393,2.267792593510946,0.9068615462340176,-0.2945549917982567
2025-08-22/IMG_0164.JPG,Very Small,Very Small,3.26708744293327,2.261767443669408,0.8370143983938483,-0.29022629530688904
2025-08-22/IMG_0165.JPG,Very Small,Very Small,3.266227912201297,2.2610053414092834,0.9012021965743781,-0.2924570858144804
2025-08-22/IMG_0168.JPG,Medium,Medium,-0.2824890197917536,2.254108712668125,3.2680620367402957,0.7875107477615619
2025-08-22/IMG_0170.JPG,Large,Medium,-0.2926295060530261,1.1203030539314216,3.277342181228221,2.2085451805735636
2025-08-22/IMG_0171.JPG,Medium,Medium,-0.28069211688935375,2.1694136773485106,3.2861118330524746,0.7874276177591383
2025-08-22/IMG_0173.JPG,Very Small,Very Small,3.272190694002337,2.277062687342324,0.7635151625255925,-0.29131837647684583
2025-08-22/IMG_0174.JPG,Small,Small,2.1528844405928758,3.269852510841148,1.0471884746957658,-0.28011143300528124
2025-08-22/IMG_0175.JPG,Very Small,Very Small,3.2737658429080962,2.2648441281973493,0.7867233254129808,-0.2899665459789244
2025-08-22/IMG_0178.JPG,Very Small,Very Small,3.2811220048128624,2.2562182095052874,0.7669258110533088,-0.28817927557791584
2025-08-22/IMG_0179.JPG,Very Small,Very Small,3.285052089851649,2.256864492861333,0.7554943301449326,-0.2889509151644197
2025-08-22/IMG_0180.JPG,Small,Small,2.161750710208078,3.278417538743503,0.8860089640271138,-0.2819952292073024
2025-08-22/IMG_0181.JPG,Small,Small,0.7413695375971465,3.28241017926438,2.249386201118029,-0.27827733549492073
2025-08-22/IMG_0182.JPG,Very Small,Very Small,3.2558295148228558,2.276592766483937,0.8417782132535849,-0.29303678179763354
2025-08-22/IMG_0183.JPG,Small,Small,0.7581834697734124,3.2582926291279124,2.2444373495532774,-0.2600638556154087
2025-08-22/IMG_0185.JPG,Medium,Medium,-0.28498444743974133,2.25193088054477,3.2672707372682734,0.8150610186457492
2025-08-22/IMG_0186.JPG,Medium,Medium,-0.2738922971756487,2.253119616072566,3.2519210111956345,0.792826484576378
2025-08-22/IMG_0188.JPG,Small,Small,2.2249353080247394,3.2847498225559937,0.8373735758727229,-0.29158034552114503
2025-08-22/IMG_0189.JPG,Small,Small,0.7451996478017857,3.28191159499458,2.2080903485264622,-0.2652968833943714
2025-08-22/IMG_0190.JPG,Small,Small,2.1333583683680115,3.286970487034919,1.2067512683083743,-0.2982081894589377
2025-08-22/IMG_0191.JPG,Small,Medium,-0.2819122874271441,2.271435270246331,3.253601565974056,0.7747706076096145
2025-08-22/IMG_0192.JPG,Small,Small,0.8119161039170635,3.2756171269853347,2.2543823807718537,-0.29005741460666656
2025-08-22/IMG_0193.JPG,Small,Small,1.9905564522319932,3.283270225280887,1.0966663778792443,-0.28596839981196237
2025-08-22/IMG_0194.JPG,Small,Small,2.250496548171136,3.291924873993462,0.7971708326083735,-0.29831809648113156
2025-08-22/IMG_0196.JPG,Small,Small,2.209502702556998,3.2863178327744715,0.8657708588363606,-0.2922193608775905
2025-08-22/IMG_0197.JPG,Small,Small,0.8512368657725804,3.2500000949977106,2.1788066619697557,-0.2567249148102415
2025-08-22/IMG_0199.JPG,Small,Small,0.7664072957149692,3.2855859745203846,2.2342679672512804,-0.28574127144464495
2025-08-22/IMG_0200.JPG,Small,Small,0.8301803198327529,3.280185091128927,2.239841457155254,-0.2905904671254719
2025-08-22/IMG_0201.JPG,Small,Small,0.7872437025887814,3.2776977443901254,2.2341150698771393,-0.282724619062851
2025-08-22/IMG_0202.JPG,Small,Small,1.7818590047582794,3.2812555298642123,1.13946752872232,-0.2695542154886847
2025-08-22/IMG_0203.JPG,Medium,Medium,-0.27951632309228075,2.233946518407885,3.2601408106943834,0.861112929257278
2025-08-22/IMG_0204.JPG,Small,Small,2.0651522611338895,3.2616842912250945,1.046920087663312,-0.26744504143870984
2025-08-22/IMG_0206.JPG,Medium,Small,0.7620741931153939,3.243387575965844,2.227731907856896,-0.23438248474583298
2025-08-22/IMG_0208.JPG,Small,Small,0.821145863522358,3.24842640931867,2.20758671098585,-0.25790000001292096
2025-08-22/IMG_0209.JPG,Very Small,Very Small,3.2550030038411153,2.2446057469716343,0.9731955646210925,-0.285197545300484
2025-08-22/IMG_0213.JPG,Very Small,Very Small,3.2782704452124145,2.2103233719381445,0.7897647799947801,-0.2782880901019052
2025-08-22/IMG_0214.JPG,Medium,Medium,-0.26384572476441004,2.232879073096693,3.250591250864961,0.7973946290168421
2025-08-22/IMG_0215.JPG,Very Small,Very Small,3.2753475426177148,2.2279162159139707,0.8110040784389521,-0.2828372574121071
2025-08-22/IMG_0217.JPG,Small,Small,0.7713815262065815,3.2567037844762536,2.234277960826562,-0.2597791338528339
2025-08-22/IMG_0218.JPG,Small,Small,1.9128011714864854,3.270986662051533,1.105133190541354,-0.2722035858741822
2025-08-22/IMG_0219.JPG,Small,Small,-0.23799147887739763,3.2581754888345826,2.0805693417673417,0.8143113409439161
2025-08-22/IMG_0221.JPG,Very Small,Very Small,3.2839139396820647,2.2378020490635917,0.7590388080256681,-0.2830238580368837
2025-08-22/IMG_0222.JPG,Very Small,Very Small,3.2903386108816255,2.242760252972043,0.7664876292374077,-0.2921497854248922
2025-08-22/IMG_0223.JPG,Small,Small,0.8020841207947683,3.265374256838385,2.138316337281571,-0.2530631353411866
2025-08-22/IMG_0224.JPG,Small,Small,0.7338161211579766,3.2719039610945777,2.2150795287863776,-0.23173923406056623
2025-08-22/IMG_0226.JPG,Small,Small,1.8012050237051755,3.2804707579971244,1.1104624441875233,-0.2707200537592323
2025-08-22/IMG_0227.JPG,Small,Small,1.8096494908374483,3.287817550968474,1.1006254945150737,-0.2814493965175635
2025-08-22/IMG_0228.JPG,Small,Small,0.7358134890570304,3.2796106904058804,2.230500779057049,-0.26127004679621946
2025-08-22/IMG_0229.JPG,Small,Small,2.0521939387964765,3.2807503288375197,0.9501273529377257,-0.2808307446214839
2025-08-22/IMG_0231.JPG,Small,Small,2.126613441493837,3.2824202597985646,0.8454497161756824,-0.2803824129815655
2025-08-22/IMG_0233.JPG,Small,Small,2.198176428032845,3.2769339928940084,0.8276136101210319,-0.28046882838529863
2025-08-22/IMG_0234.JPG,Very Small,Very Small,3.2804330256132817,2.2794443423000694,0.7496658689415119,-0.29398159654446443
2025-08-22/IMG_0235.JPG,Very Small,Small,2.2091580987746693,3.2770844607931306,0.87587592425816,-0.285830478828499
2025-08-22/IMG_0236.JPG,Very Small,Very Small,3.2910435295874882,2.249079183460538,0.7704746832295557,-0.2946965114931043
2025-08-22/IMG_0237.JPG,Very Small,Small,2.1640644945437466,3.2672356761187453,1.1544108813696852,-0.2848506114733167
2025-08-22/IMG_0238.JPG,Very Small,Very Small,3.2792799206687704,2.2044879464286082,0.8405304207495506,-0.28457622433209695
2025-08-22/IMG_0242.JPG,Very Small,Very Small,3.265251523149256,2.2513815973498597,0.8832531460455818,-0.28843677409443486
2025-08-22/IMG_0243.JPG,Very Small,Very Small,3.2915124514260494,2.225603877447623,0.7832135809083868,-0.29270567853636326
2025-08-22/IMG_0244.JPG,Small,Medium,-0.27969766365150006,2.2605556807623493,3.2725498305925194,0.7532617102812497
2025-08-22/IMG_0245.JPG,Small,Small,2.0945902519030994,3.281325387554404,0.8530456487536219,-0.2779348090530402
2025-08-22/IMG_0246.JPG,Small,Small,0.8223195039786496,3.2659696184780227,2.2232533925675284,-0.2762052988312214
2025-08-22/IMG_0247.JPG,Small,Small,0.8530702703018651,3.2570077703221534,2.2521660162018544,-0.28347616670495124
2025-08-22/IMG_0248.JPG,Very Small,Very Small,3.270731645380006,2.2441373340402753,0.8234803340995925,-0.28527554133880834
2025-08-22/IMG_0249.JPG,Very Small,Very Small,3.272829454988397,2.255932279007619,0.8411984612832485,-0.2911712120036075
2025-08-22/IMG_0250.JPG,Very Small,Very Small,3.238022932636401,2.269324832546702,0.8873494670599302,-0.28700179184137364
2025-08-22/IMG_0251.JPG,Very Small,Very Small,3.282849910924618,2.2426432147065904,0.78589178146886,-0.28878503747974954
2025-08-22/IMG_0252.JPG,Small,Small,2.1855575392815663,3.2810683936904494,0.9145424147187219,-0.2876002612102211
2025-08-22/IMG_0254.JPG,Small,Small,2.157442820852224,3.2806058479242,0.9073406879588161,-0.28454284475477004
2025-08-22/IMG_0255.JPG,Very Small,Very Small,3.273749964714735,2.2764453773683377,0.7614879013813071,-0.2913438007400989
2025-08-22/IMG_0256.JPG,Medium,Medium,0.7233355182184424,2.264613259476075,3.270502068028062,-0.2553366229440438
2025-08-22/IMG_0257.JPG,Medium,Medium,-0.26594320857107906,2.2662513295931888,3.2490465106089546,0.7504720400558935
2025-08-22/IMG_0258.JPG,Medium,Medium,-0.28548427243873714,2.245977889152641,3.2730871370686536,0.8065857102640425
2025-08-22/IMG_0259.JPG,Very Small,Very Small,3.272051154550168,2.2715522663563625,0.7742911589648703,-0.29025324659185736
2025-08-22/IMG_0261.JPG,Medium,Medium,-0.2817707969166466,2.259790883248647,3.272930906436514,0.7596096081762351
2025-08-22/IMG_0262.JPG,Small,Small,1.9752994823907064,3.2801339940659227,1.062191684874578,-0.28137243004224904
2025-08-22/IMG_0263.JPG,Small,Small,2.0795917661435026,3.2864618602733073,0.9426928700158631,-0.2871505948744436
2025-08-22/IMG_0264.JPG,Small,Small,2.215512502078078,3.285702855528264,0.7930460515402619,-0.28697209059749107
2025-08-22/IMG_0265.JPG,Medium,Medium,0.7545486741889629,2.257988696435616,3.258842757430049,-0.26805052432542037
2025-08-22/IMG_0266.JPG,Very Small,Very Small,3.2665084455159716,2.266126316730082,0.7650055462470295,-0.2825073225382182
2025-08-22/IMG_0267.JPG,Medium,Small,0.7354201672411236,3.276375374857653,2.250488640691721,-0.26703297331309955
2025-08-22/IMG_0268.JPG,Very Small,Very Small,3.253245684088201,2.2425373186698483,0.8439568795534683,-0.27734088041327193
2025-08-22/IMG_0269.JPG,Very Small,Very Small,3.242492549216609,2.2234957671038598,1.040534592549967,-0.27628156274294047
2025-08-22/IMG_0270.JPG,Small,Very Small,3.2299347209710643,2.271352266573809,1.0573037989169636,-0.29064949218526515
2025-08-22/IMG_0271.JPG,Small,Small,2.054097796176176,3.2708903522302712,1.1621239979982678,-0.2818840566981778
2025-08-22/IMG_0272.JPG,Small,Small,2.05345769605562,3.265195326592762,1.2016475647446727,-0.2829375947510029
2025-08-22/IMG_0274.JPG,Small,Small,0.8991478222850368,3.2722992569145095,2.2347518460697438,-0.2883425171617119
2025-08-22/IMG_0276.JPG,Small,Small,1.893105632109573,3.2829145016887917,1.1031216139575524,-0.2827298500868418
2025-08-22/IMG_0278.JPG,Small,Small,1.9548047162477045,3.2801301955080984,1.082923882422649,-0.2815702429196171
2025-08-22/IMG_0279.JPG,Medium,Medium,0.7425508505332774,2.220137238512851,3.256315745494763,-0.21759658003764984
2025-08-22/IMG_0280.JPG,Medium,Medium,0.7419015008296902,2.218886115312406,3.2689596292305536,-0.2422605620145803
2025-08-22/IMG_0281.JPG,Medium,Medium,-0.27966283256948693,2.228358787119742,3.277875159739727,0.7787049977844094
2025-08-22/IMG_0283.JPG,Very Small,Very Small,3.269202900397561,2.263939273746642,0.8179566537639633,-0.2905870622461347
2025-08-22/IMG_0286.JPG,Very Small,Very Small,3.285688536370627,2.2616810136401946,0.7603632056280941,-0.29213390279214246
2025-08-22/IMG_0289.JPG,Small,Very Small,3.24793041055734,2.275511018013861,0.8410380065906344,-0.29035709993133696
2025-08-22/IMG_0290.JPG,Medium,Medium,-0.25935231517532625,2.1980347319237805,3.2550736535658507,0.8169962491716488
2025-08-22/IMG_0291.JPG,Small,Small,0.7788561221504813,3.263546964461454,2.215238289037331,-0.26130646616179865
2025-08-22/IMG_0292.JPG,Medium,Medium,0.766985983045006,2.2405198610893104,3.2561483751198543,-0.2606695826447806
2025-08-22/IMG_0293.JPG,Small,Small,2.0537721185345723,3.2794096976506575,1.078016711208862,-0.2834293565125796
2025-08-22/IMG_0297.JPG,Small,Small,0.8281207311955401,3.253053091988049,2.2072115299368567,-0.26286859954642233
2025-08-22/IMG_0298.JPG,Very Small,Very Small,3.2715059277147374,2.271335301898514,0.776812458300305,-0.2902757738836406
2025-08-22/IMG_0299.JPG,Very Small,Very Small,3.253866970106327,2.2685204720369536,0.8201040134339512,-0.28681231253095985
2025-08-22/IMG_0300.JPG,Small,Small,2.1923968399761837,3.2718574716286732,0.9801579106753684,-0.2837598135906887
2025-08-22/IMG_9733.JPG,Small,Small,2.1816718398559125,3.2732908511746506,0.9396610427102158,-0.2822749616739288
2025-08-22/IMG_9735.JPG,Very Small,Very Small,3.2528213232619176,2.26971068776093,0.8829366545777615,-0.2908060763788299
2025-08-22/IMG_9736.JPG,Medium,Medium,0.8434638390872817,2.121990193137231,3.2397304813294348,-0.2308625341521297
2025-08-22/IMG_9738.JPG,Medium,Very Small,3.1921778145187525,2.2112493149841344,1.1291835716251275,-0.262780771748799
2025-08-22/IMG_9739.JPG,Small,Small,1.039306806912433,3.268036878157481,2.204724783700232,-0.28453226232857365
2025-08-22/IMG_9740.JPG,Very Small,Very Small,3.262606718025945,2.2590713961003366,0.943398434792249,-0.2916513657907774
2025-08-22/IMG_9741.JPG,Small,Small,0.8170070648964295,3.2546766211948555,2.24920701776565,-0.2776192650160188
2025-08-22/IMG_9742.JPG,Small,Very Small,3.2605113450797303,2.2455665264723454,0.8911337938215489,-0.28495626296472626
2025-08-22/IMG_9743.JPG,Medium,Small,0.8120399663007499,3.2566309964245526,2.232956030233378,-0.2713023713560408
2025-08-22/IMG_9744.JPG,Small,Small,2.2319466278589375,3.275510714436568,0.9852958056689132,-0.2916997159191346
2025-08-22/IMG_9746.JPG,Medium,Small,0.9404323435502274,3.2514363333854734,2.232073965088199,-0.27908377587517447
2025-08-22/IMG_9747.JPG,Very Small,Very Small,3.287130175957696,2.263262074885053,0.7869550822937798,-0.29710325622979544
2025-08-22/IMG_9748.JPG,Very Small,Very Small,3.277743181052679,2.1985381418928953,1.1115700808820486,-0.29152167301646303
2025-08-22/IMG_9749.JPG,Very Small,Very Small,3.285808692314606,2.2674662039076776,0.7942067178906682,-0.2981011265064876
2025-08-22/IMG_9750.JPG,Medium,Medium,-0.2702275691971818,2.1439277664098317,3.2858309508267114,0.7620424795371914
2025-08-22/IMG_9751.JPG,Medium,Medium,-0.2908441677425616,2.0519545444430713,3.293391227730693,0.8645002693344636
2025-08-22/IMG_9752.JPG,Medium,Medium,0.7167940249977396,2.2521896019168657,3.286107768665617,-0.2595303980050101
2025-08-22/IMG_9753.JPG,Medium,Medium,0.738976643691692,2.257582572121922,3.2668415662668,-0.2639433076783337
2025-08-22/IMG_9754.JPG,Very Small,Very Small,3.273761170708392,2.2753300298848895,0.8383065826506425,-0.2978731083040958
2025-08-22/IMG_9755.JPG,Small,Medium,0.77363642452379,2.230146211084187,3.265168835018662,-0.26672478700510727
2025-08-22/IMG_9757.JPG,Small,Small,0.7341485293300583,3.2777438873426017,2.2794309257247143,-0.28729764286544346
2025-08-22/IMG_9759.JPG,Medium,Medium,0.7077242004299789,2.2798438784223265,3.289928497957064,-0.27578969478341525
2025-08-22/IMG_9760.JPG,Small,Small,0.7550935836131039,3.273391923006641,2.264553009638507,-0.28311545171467617
2025-08-22/IMG_9762.JPG,Very Small,Very Small,3.261795137895623,2.271060503984557,0.8059066025805485,-0.28957935937349166
2025-08-22/IMG_9764.JPG,Medium,Medium,0.7794156319646555,2.1604831405956046,3.27383389786308,-0.26046285149578885
2025-08-22/IMG_9766.JPG,Large,Medium,-0.2912045539896819,0.8108673427106746,3.288829697375056,2.2114036582334364
2025-08-22/IMG_9767.JPG,Small,Small,2.241950965396763,3.273202685536159,0.963760483615215,-0.29202389759134195
2025-08-22/IMG_9768.JPG,Small,Small,0.8151324579817945,3.2757251624426997,2.24645297228056,-0.2881522799260098
2025-08-22/IMG_9769.JPG,Medium,Small,0.7597127725533839,3.277693331302905,2.2637728440557923,-0.28703981875875445
2025-08-22/IMG_9770.JPG,Medium,Medium,0.7271548495327471,2.237108906044943,3.2913246140585466,-0.2767235742540292
2025-08-22/IMG_9772.JPG,Medium,Medium,0.7604889364230688,2.2400327690631583,3.2740929984164495,-0.274301418504059
2025-08-22/IMG_9773.JPG,Medium,Medium,0.7589756442560757,2.2196951489148264,3.2807300313468515,-0.274429729592527
2025-08-22/IMG_9774.JPG,Medium,Medium,0.722681149319555,2.2173486882713327,3.2880418320470604,-0.25550325173888483
2025-08-22/IMG_9775.JPG,Very Small,Very Small,3.280325284952217,2.2273759161395046,0.777570292079349,-0.28148218406950143
2025-08-22/IMG_9776.JPG,Small,Small,2.193342127582798,3.28309764596754,0.9480506256249512,-0.29077219170950486
2025-08-22/IMG_9777.JPG,Medium,Medium,-0.2931914217358744,2.2157174550344414,3.29237554403019,0.7915727555588528
2025-08-22/IMG_9778.JPG,Small,Small,2.227419186239849,3.256578924673188,1.113218467422947,-0.28574433348448686
2025-08-22/IMG_9779.JPG,Very Small,Very Small,3.293924660474926,2.243924429517758,0.7402513401239339,-0.28979811121896
2025-08-22/IMG_9780.JPG,Very Small,Very Small,3.272504729533597,2.2730817536620247,0.7989856401611738,-0.2940856553541082
2025-08-22/IMG_9782.JPG,Very Small,Very Small,3.2782244730358943,2.2497923524839885,0.7814896625228211,-0.28661968216320743
2025-08-22/IMG_9783.JPG,Medium,Small,0.7239659192030518,3.2808884035866153,2.284177328774362,-0.28779346307636255
2025-08-22/IMG_9784.JPG,Medium,Small,0.7986388520836443,3.266504963703064,2.2586140510556736,-0.28518645102618834
2025-08-22/IMG_9785.JPG,Small,Small,0.7743316687225936,3.2867346455402537,2.254199049604718,-0.2930245851486602
2025-08-22/IMG_9786.JPG,Medium,Medium,0.762371199867322,2.2010968909315163,3.2776331498986475,-0.2669615710396478
2025-08-22/IMG_9787.JPG,Very Small,Very Small,3.2916356406145413,2.253610551440967,0.7465530447227515,-0.2916802552208138
2025-08-22/IMG_9788.JPG,Very Small,Very Small,3.2424298214087592,2.279316647470931,0.8688140566665785,-0.29262763935013597
2025-08-22/IMG_9791.JPG,Small,Small,0.8277376303500293,3.278213284659838,2.2430723185409147,-0.28987917197318736
2025-08-22/IMG_9792.JPG,Very Small,Very Small,3.3001247507290135,2.183341069093372,0.7293957251213863,-0.2853443886789013
2025-08-22/IMG_9793.JPG,Small,Small,0.7419107131285445,3.2752785375711913,2.2435246341984914,-0.2669754370758784
2025-08-22/IMG_9795.JPG,Small,Small,0.8054866006609605,3.290453667595572,2.2257701009394775,-0.2939854969839406
2025-08-22/IMG_9797.JPG,Small,Small,0.7767156797733596,3.272428030319654,2.2347385046016033,-0.2761073876451051
2025-08-22/IMG_9798.JPG,Medium,Medium,-0.2830904447089654,2.160584185371355,3.2928521270530986,0.7611110020793053
2025-08-22/IMG_9799.JPG,Small,Very Small,3.2508332060397165,2.2710005128264386,1.1916578622106486,-0.29911311577618954
2025-08-22/IMG_9802.JPG,Small,Small,0.7610636752212636,3.278223059640894,2.223221506499004,-0.2732139033068434
2025-08-22/IMG_9803.JPG,Medium,Medium,0.7138139978825757,2.258396787572608,3.289725668784243,-0.2669598778342464
2025-08-22/IMG_9804.JPG,Very Small,Very Small,3.284881013301439,2.282344676358874,0.7593862146983239,-0.29939572910963574
2025-08-22/IMG_9805.JPG,Medium,Medium,-0.2885589724711275,2.2505692967777007,3.2780765813357164,0.794125539310053
2025-08-22/IMG_9807.JPG,Very Small,Small,2.188788631513022,3.2807882032117286,1.019609962150621,-0.2901126226510839
2025-08-22/IMG_9810.JPG,Large,Large,-0.25036476673182395,0.7750003532607523,2.225598453628426,3.250010078525555
2025-08-22/IMG_9811.JPG,Medium,Medium,-0.2895177274340457,2.1907851788372823,3.2942308015011736,0.7690622481397442
2025-08-22/IMG_9812.JPG,Large,Medium,-0.282525104274631,0.8020136131180162,3.281211001601165,2.2065043982120622
2025-08-22/IMG_9813.JPG,Medium,Medium,-0.28709462133811753,0.9653509911534395,3.2802754873518993,2.1701363019546593
2025-08-22/IMG_9815.JPG,Large,Large,-0.28777983482213826,0.7459956686329434,2.2642187176217745,3.283555396037795
2025-08-22/IMG_9816.JPG,Very Small,Very Small,3.2617625090637343,2.1747579997668285,0.8538468025396528,-0.2663804548589077
2025-08-22/IMG_9817.JPG,Very Small,Small,2.008291515811826,3.275275390961486,1.1598001722859088,-0.28349105133944513
2025-08-22/IMG_9818.JPG,Medium,Medium,-0.2925661300472402,1.1052269255409086,3.2859818775786533,2.1344046805636143
2025-08-22/IMG_9820.JPG,Medium,Medium,-0.29122477208131553,2.2468491979717253,3.2867119500048285,0.774610705507464
2025-08-22/IMG_9822.JPG,Large,Large,-0.28447864401657436,0.8021339553913363,2.255487513289939,3.2666880604990585
2025-08-22/IMG_9823.JPG,Large,Large,-0.2802630113546258,0.8598460913705929,2.2491739493064262,3.2509422902692098
2025-08-22/IMG_9827.JPG,Large,Large,-0.28485274819562073,0.7351677853596931,2.270968968835407,3.281223720682287
2025-08-22/IMG_9832.JPG,Large,Large,-0.28294634284175246,0.7492487631663429,2.270209299796535,3.2712744485724388
2025-08-22/IMG_9833.JPG,Small,Small,0.8155976145765576,3.272231244411734,2.249067984714821,-0.28686235273973365
2025-08-22/IMG_9834.JPG,Medium,Medium,-0.2673226269784051,0.8425521822321327,3.2843250858936166,1.8461948961619363
2025-08-22/IMG_9835.JPG,Medium,Medium,-0.2937743796070343,0.8557914324973491,3.2996371810811334,1.8623331664131297
2025-08-22/IMG_9837.JPG,Medium,Medium,0.7410714865960653,2.2291597999376846,3.2804754241422827,-0.2670116381577214
2025-08-22/IMG_9839.JPG,Medium,Medium,-0.2866937962096629,1.095614244042291,3.285355878462997,1.943772248651999
2025-08-22/IMG_9840.JPG,Medium,Medium,-0.27610534246498036,0.8988978890482817,3.2793107861415978,2.027450934340329
2025-08-22/IMG_9842.JPG,Medium,Medium,-0.2929464131852007,0.7831112912360512,3.2968584155168172,2.1647607994432154
2025-08-22/IMG_9843.JPG,Large,Large,-0.2755100610654148,0.7289056364702575,2.268672072180694,3.277454826684069
2025-08-22/IMG_9844.JPG,Large,Large,-0.2616801823690618,0.7500555198099117,2.25852848088848,3.2538421665084996
2025-08-22/IMG_9845.JPG,Large,Large,-0.2745367596293803,0.7601156304423367,2.2548459988268506,3.2665237513342533
2025-08-22/IMG_9846.JPG,Large,Large,-0.2789041024623578,0.7524502958141223,2.2656609185703687,3.267770942101483
2025-08-22/IMG_9847.JPG,Large,Large,-0.27626820351097997,0.7491117303338293,2.2304341591107977,3.28316998742164
2025-08-22/IMG_9848.JPG,Medium,Medium,-0.275093722412415,2.220988043498245,3.2715384594204773,0.7930368764916691
2025-08-22/IMG_9849.JPG,Medium,Medium,-0.27562499966175336,0.7601671813898635,3.2906445631646846,2.115860882067856
2025-08-22/IMG_9851.JPG,Very Small,Very Small,3.2744201626146876,2.2814340558529302,0.7448570549951257,-0.29069473458965767
2025-08-22/IMG_9853.JPG,Medium,Medium,-0.27518279183340216,0.923984413805143,3.2832023328315714,1.8722272208642912
2025-08-22/IMG_9854.JPG,Large,Large,-0.28422951509006233,0.7538474504681176,2.2739258505977302,3.2666779375342427
2025-08-22/IMG_9855.JPG,Large,Large,-0.27156817120766985,0.7771238146774825,2.2642679740254272,3.2404362677762064
2025-08-22/IMG_9856.JPG,Large,Large,-0.27465991489623454,0.9207868793372103,2.163290691004916,3.267098345333438
2025-08-22/IMG_9859.JPG,Large,Large,-0.2846802497619139,0.951674099361498,2.246378012114031,3.25372946440043
2025-08-22/IMG_9860.JPG,Large,Large,-0.22086038792908202,1.9568336880807609,0.8433145842550747,3.2499881664433365
2025-08-22/IMG_9861.JPG,Small,Small,0.8182822732586936,3.263294096350659,2.232462995196173,-0.27650159355120946
2025-08-22/IMG_9863.JPG,Small,Small,2.072210663975053,3.2799498533759346,1.0506915420031804,-0.2835822177848676
2025-08-22/IMG_9864.JPG,Medium,Medium,0.72660126888538,2.26153536046621,3.2681407362320556,-0.25385649587726583
2025-08-22/IMG_9865.JPG,Very Small,Very Small,3.2658436879795834,2.2770621955268937,1.0742976162165612,-0.30049116445713336
2025-08-22/IMG_9866.JPG,Small,Small,1.8488013735886706,3.284389203667077,1.1865973440627282,-0.28736895598065454
2025-08-22/IMG_9870.JPG,Large,Large,-0.2911445778734491,0.7486899412809831,2.2735385879382566,3.281170621084411
2025-08-22/IMG_9871.JPG,Large,Large,-0.281876426245951,0.8578720471349994,2.263755869920913,3.236163364416015
2025-08-22/IMG_9872.JPG,Large,Large,-0.27988562589822935,0.8473408933885808,2.250562895260563,3.2511173966912157
2025-08-22/IMG_9875.JPG,Small,Small,0.7430467103862274,3.2820501862414595,2.256564768171604,-0.28187533075690435
2025-08-22/IMG_9878.JPG,Very Small,Very Small,3.263683736383383,2.2667702641212517,1.0918291294922593,-0.2969982962850926
2025-08-22/IMG_9881.JPG,Very Small,Very Small,3.2500101158198236,2.2555523008856095,1.1585851188646263,-0.29265081218991273
2025-08-22/IMG_9882.JPG,Small,Small,2.201162553005441,3.284240042418652,0.8101406401015129,-0.2856358019903236
2025-08-22/IMG_9885.JPG,Medium,Medium,-0.2806965074639639,1.0350286547246546,3.28155665923698,1.9393031527967721
2025-08-22/IMG_9886.JPG,Small,Small,0.7972567895059632,3.23148696758259,2.261930197472254,-0.2714756896334944
2025-08-22/IMG_9887.JPG,Medium,Small,0.7391647309337162,3.25797013101484,2.263421760135025,-0.26076116386059606
2025-08-22/IMG_9889.JPG,Small,Small,0.8424895949101352,3.2667245197818935,2.230017150372173,-0.2807142547292588
2025-08-22/IMG_9890.JPG,Small,Small,1.9148759602458096,3.274303740066587,1.1186895216456767,-0.2764203349093129
2025-08-22/IMG_9891.JPG,Small,Small,2.0624125445503867,3.268443600147962,1.1483995312298676,-0.2793061890851472
2025-08-22/IMG_9892.JPG,Small,Small,2.1124487336183355,3.2808035034519305,1.0669589258138825,-0.28642498703571434
2025-08-22/IMG_9893.JPG,Small,Small,1.9101925575850562,3.2842256657045397,1.160442605345536,-0.28796350441028573
2025-08-22/IMG_9894.JPG,Small,Small,0.8185811621541093,3.2816861030712476,2.254752453064174,-0.29412566403548646
2025-08-22/IMG_9895.JPG,Small,Small,0.7525480635743862,3.2706478984108363,2.2468037960131895,-0.2703032947903904
2025-08-22/IMG_9897.JPG,Small,Small,2.1397178603689104,3.2739759858003077,1.1839196582648948,-0.28928981850906743
2025-08-22/IMG_9898.JPG,Small,Small,2.2398076993850595,3.2866023220421563,1.1214705918007442,-0.3008777704220313
2025-08-22/IMG_9899.JPG,Small,Small,2.1202358844000155,3.28587034228627,1.075825900584334,-0.29104130684970875
2025-08-22/IMG_9903.JPG,Small,Small,0.7485418376060561,3.276164824422545,2.2611072479204455,-0.28104259631746015
2025-08-22/IMG_9904.JPG,Small,Small,2.2135360572383105,3.2846390462826185,0.741895810304186,-0.26919378387052934
2025-08-22/IMG_9905.JPG,Small,Small,1.9526685558916466,3.25696954432876,1.241701716107229,-0.2845813718407947
2025-08-22/IMG_9907.JPG,Small,Small,-0.2659711364164173,3.2786992387152813,2.2482028851515357,0.73243387615773
2025-08-22/IMG_9908.JPG,Small,Medium,0.7227815411464953,2.257911866937297,3.2806688412884437,-0.2640157954566799
2025-08-22/IMG_9909.JPG,Small,Medium,-0.2786762482024611,2.255165105235914,3.2841175599086823,0.7341625387463088
2025-08-22/IMG_9910.JPG,Very Small,Very Small,3.2700384898723467,2.247755694350124,0.7618508924996296,-0.2744350667773396
2025-08-22/IMG_9911.JPG,Small,Small,2.0205261150959744,3.2761584074362666,1.1156083994009975,-0.2814660941631075
2025-08-22/IMG_9912.JPG,Small,Small,2.1598957941442087,3.2732374939722026,1.084471315369947,-0.284371669490059
2025-08-22/IMG_9914.JPG,Very Small,Very Small,3.2678221157778347,2.2631001392501675,0.7762554258604695,-0.2842603696013825
2025-08-22/IMG_9916.JPG,Small,Very Small,3.2527346179126413,2.2566133307643756,0.8230882770166306,-0.2808359749036393
2025-08-22/IMG_9917.JPG,Small,Very Small,3.266128582290778,2.2475715369868254,0.8080801006944202,-0.2819686770187326
2025-08-22/IMG_9918.JPG,Very Small,Very Small,3.2444083441526184,2.254432811747252,0.930075811680051,-0.2836395586693001
2025-08-22/IMG_9920.JPG,Very Small,Very Small,3.2645689236915967,2.2563316403940648,0.8534405222817434,-0.2882376380660604
2025-08-22/IMG_9921.JPG,Very Small,Small,2.2390619413974036,3.2640384380833334,0.8598790089096978,-0.28298871586295343
2025-08-22/IMG_9922.JPG,Very Small,Very Small,3.2859713730684152,2.2379055307552074,0.7688162389459755,-0.28746924468100604
2025-08-22/IMG_9923.JPG,Small,Very Small,3.2571554694720772,2.260055161511536,0.8238412278195633,-0.284341220999309
2025-08-22/IMG_9925.JPG,Very Small,Very Small,3.257752282501847,2.1904446540076483,0.9353935613821978,-0.2727567695996912
2025-08-22/IMG_9927.JPG,Very Small,Very Small,3.2516331452764202,0.857308675616177,2.124197476347821,-0.24841500730922234
2025-08-22/IMG_9929.JPG,Very Small,Small,2.220272306938017,3.2194190757111105,0.9308911620117046,-0.26107196391097487
2025-08-22/IMG_9930.JPG,Very Small,Very Small,3.263386180753733,2.2293739525840106,0.7862042407844829,-0.26902497718860385
2025-08-22/IMG_9931.JPG,Very Small,Very Small,3.2870821774487062,2.1944543088228823,0.761696020973159,-0.27868413005258186
2025-08-22/IMG_9932.JPG,Very Small,Very Small,3.2907200611389436,2.2109038501924707,0.747032154655102,-0.2812274266705381
2025-08-22/IMG_9936.JPG,Very Small,Very Small,3.2597372708217303,2.2620879740704765,0.8009641412199152,-0.28377325084806515
2025-08-22/IMG_9937.JPG,Small,Small,2.13042968618506,3.2558608142094796,1.0319191588120848,-0.2673439136627794
2025-08-22/IMG_9938.JPG,Very Small,Very Small,3.2600203135040413,2.2590492174599204,0.8027449837273009,-0.2827087801573513
2025-08-22/IMG_9939.JPG,Small,Small,2.1810357172556656,3.2502069448063415,1.1320925797516774,-0.27640238167232145
2025-08-22/IMG_9940.JPG,Small,Small,2.084406008906393,3.247822979336983,1.1203969973340848,-0.2639272856329555
2025-08-22/IMG_9941.JPG,Small,Small,2.214676068205296,3.2567948795137123,0.9876378688103478,-0.27891872405526097
2025-08-22/IMG_9942.JPG,Small,Small,2.1854049035795393,3.2594962086485864,1.0801523642943718,-0.27854809578527184
2025-08-22/IMG_9944.JPG,Very Small,Small,2.226376643303376,3.2464730197166016,0.7959892231617449,-0.25717020804088464
2025-08-22/IMG_9945.JPG,Very Small,Very Small,3.2549931426024563,2.237299070636084,0.8168035574639593,-0.27279039175563047
2025-08-22/IMG_9946.JPG,Very Small,Very Small,3.263739514556005,2.2369527839426246,0.8260043108647106,-0.2791875207041251
2025-08-22/IMG_9947.JPG,Very Small,Very Small,3.2674586666027436,2.2425971061899403,0.8279192968018061,-0.2833329572848037
2025-08-22/IMG_9949.JPG,Small,Small,2.0163824433701145,3.2522174417177427,1.002278024798428,-0.25335730538912926
2025-08-22/IMG_9950.JPG,Small,Small,2.146566574415436,3.2549172099681183,0.8981489975051344,-0.2608000127514706
2025-08-22/IMG_9951.JPG,Very Small,Small,2.247799402898961,3.25224392994699,0.803723697211341,-0.2735501128406729
2025-08-22/IMG_9952.JPG,Very Small,Very Small,3.2649268506102054,2.2221145531645266,0.8419648025562956,-0.2774836908622565
2025-08-22/IMG_9954.JPG,Very Small,Very Small,3.274008278606957,2.2267270978405973,0.7818019123675858,-0.2763570461001444
2025-08-22/IMG_9956.JPG,Small,Very Small,3.246769842821273,2.188340082058204,0.8894106777365731,-0.26169818957739244
2025-08-22/IMG_9958.JPG,Very Small,Small,2.2124443809578485,3.2529374783196054,0.8544998751277979,-0.26834186283384
2025-08-22/IMG_9959.JPG,Very Small,Very Small,3.2573843109141065,2.232314641519662,0.8864356398426221,-0.27932497228363035
2025-08-22/IMG_9961.JPG,Very Small,Very Small,3.267678086731975,2.2431825899557927,0.7834830350002668,-0.2770370531742981
2025-08-22/IMG_9962.JPG,Very Small,Small,2.2428281085918087,3.272853937578061,0.8163221993500329,-0.2854901770606979
2025-08-22/IMG_9963.JPG,Small,Very Small,3.2650714191515497,2.2665486508731783,0.7829534279887088,-0.28576755834681794
2025-08-22/IMG_9967.JPG,Very Small,Very Small,3.281919301489357,2.2571658648736026,0.7764532292632628,-0.2907263392149532
2025-08-22/IMG_9968.JPG,Very Small,Very Small,3.2797351180246705,2.2567336403231777,0.7660205928513646,-0.2871379669439833
2025-08-22/IMG_9971.JPG,Small,Very Small,3.288058016724843,2.2359576240279826,0.7512004633327796,-0.28461701698237873
2025-08-22/IMG_9972.JPG,Very Small,Very Small,3.2678592814767637,2.267814371105037,0.7812688384808283,-0.2874831109214223
2025-08-22/IMG_9973.JPG,Very Small,Very Small,3.252428803570151,2.248906618405556,0.7998720132118199,-0.2734446063710359
2025-08-22/IMG_9976.JPG,Small,Very Small,3.255287642333236,2.2434990850110563,0.7800604003311224,-0.2672210829392202
2025-08-22/IMG_9977.JPG,Very Small,Very Small,3.276903750934003,2.2330464850871388,0.8142119997228217,-0.28552080603838187
2025-08-22/IMG_9979.JPG,Very Small,Very Small,3.2235164511140755,2.2474057918563957,0.7921731949914407,-0.2550619856746513
2025-08-22/IMG_9981.JPG,Small,Very Small,3.265881384485545,2.262930275719086,0.8033368481615407,-0.2872767277448922
2025-08-22/IMG_9982.JPG,Very Small,Very Small,3.2725973384849247,2.265550446886919,0.7708723651950932,-0.2870826095911782
2025-08-22/IMG_9983.JPG,Very Small,Very Small,3.2944332522391866,2.206844499470999,0.7561888283601865,-0.2887746306610242
2025-08-22/IMG_9984.JPG,Very Small,Very Small,3.2898360279673633,2.251009494373687,0.7554132368588028,-0.2914380555328552
2025-08-22/IMG_9985.JPG,Very Small,Very Small,3.282636280635825,2.2576711883198497,0.7677079948715324,-0.2899394471449292
2025-08-22/IMG_9986.JPG,Very Small,Very Small,3.2878368968605014,2.2430244590172697,0.7809723940692179,-0.2921884934739699
2025-08-22/IMG_9987.JPG,Very Small,Very Small,3.2625148886185755,2.25385893360777,0.8795942908377751,-0.2878929400463492
2025-08-22/IMG_9988.JPG,Small,Small,2.2380872845104522,3.270795193255122,0.9666674531221909,-0.29014805769061763
2025-08-22/IMG_9990.JPG,Small,Very Small,3.26891665671061,2.252424598589396,0.7776791594780925,-0.28035471690243413
2025-08-22/IMG_9991.JPG,Very Small,Very Small,3.2876686316925317,2.2532906580938645,0.7553841692087766,-0.29008140244315506
2025-08-22/IMG_9993.JPG,Very Small,Small,2.2036757421596764,3.275147348821257,0.8850730035108898,-0.2841213879765428
2025-08-22/IMG_9994.JPG,Very Small,Small,2.214610301977374,3.2653073896991667,0.887977327664011,-0.2795834866260361
2025-08-22/IMG_9996.JPG,Small,Small,2.1135869501679574,3.2635648241644977,0.9966269286085373,-0.27025437373195066
2025-08-22/IMG_9998.JPG,Very Small,Very Small,3.266499340269974,2.2602915843254827,0.8610904815044415,-0.29079795836604744
2025-08-22/IMG_9999.JPG,Very Small,Small,2.1872734867253083,3.2620631939380753,1.083502201083283,-0.28036816875775367
2025-09-05/IMG_0795.JPG,Small,Small,2.1498760237622436,3.2735379015816886,0.8029542219022517,-0.26593479897216243
2025-09-05/IMG_0797.JPG,Small,Small,2.2222216860294677,3.2824216139958646,1.149433570247019,-0.29772022003820425
2025-09-05/IMG_0798.JPG,Small,Small,0.7872893409324567,3.275131277875579,2.258857040242151,-0.2885270532301978
2025-09-05/IMG_0801.JPG,Small,Small,0.8109224099631486,3.267462060017688,2.2300505055185784,-0.2775644404001791
2025-09-05/IMG_0804.JPG,Medium,Medium,-0.29095624395307323,2.1715061906474085,3.298934441720486,0.7524853028970617
2025-09-05/IMG_0805.JPG,Medium,Medium,0.7110599226673044,2.2540800731731245,3.2913392021465104,-0.2614151257938812
2025-09-05/IMG_0806.JPG,Small,Small,0.8048364996204265,3.2731269450885936,2.164818653257399,-0.2680006058145406
2025-09-05/IMG_0808.JPG,Very Small,Very Small,3.2305540261576002,2.2669018948965896,1.1623660974676757,-0.29273536195474237
2025-09-05/IMG_0809.JPG,Very Small,Very Small,3.258229791283334,2.254749918656942,1.022148194806911,-0.2903296162013873
2025-09-05/IMG_0811.JPG,Medium,Medium,-0.281163129961637,1.8648353980156513,3.294414754792604,0.8003487349898675
2025-09-05/IMG_0812.JPG,Medium,Medium,0.7221772432803202,2.2485574581361805,3.2897983712691183,-0.2736363591465526
2025-09-05/IMG_0813.JPG,Medium,Medium,0.7367666328781415,2.2453166856722215,3.284928296209321,-0.2770116523915186
2025-09-05/IMG_0814.JPG,Small,Small,0.7500669470900447,3.2730443711107373,2.2711358116340783,-0.2849639329702755
2025-09-05/IMG_0818.JPG,Small,Small,0.8147195823239892,3.25781087390721,2.2153183019790963,-0.2664895273088414
2025-09-05/IMG_0820.JPG,Medium,Small,0.7383452438450008,3.2872863304337026,2.28127716556351,-0.2962630563056554
2025-09-05/IMG_0821.JPG,Small,Small,0.8988194367214353,3.2713113976423167,2.2430959066447094,-0.28966081659556175
2025-09-05/IMG_0822.JPG,Small,Small,2.220938911874752,3.2743213143812833,1.0761184488507403,-0.29119389578478555
2025-09-05/IMG_0823.JPG,Very Small,Very Small,3.264217948604788,2.240982800340795,0.8586228771294773,-0.28355074645800094
2025-09-05/IMG_0824.JPG,Very Small,Small,2.2084050474946944,3.2569275360616645,1.0755865284730104,-0.2806251359894247
2025-09-05/IMG_0825.JPG,Medium,Medium,-0.2773931580147284,2.1956332215365832,3.2882863181804463,0.7529855745257923
2025-09-05/IMG_0827.JPG,Medium,Medium,-0.26861769193972485,2.0539960597616678,3.285635500982206,0.7766413705067992
2025-09-05/IMG_0828.JPG,Small,Small,0.9140251368475156,3.2663984599217293,2.111347289269439,-0.26840656202711594
2025-09-05/IMG_0829.JPG,Small,Small,0.8310769318100677,3.2799246515208123,2.2593168238571284,-0.29509490390065446
2025-09-05/IMG_0830.JPG,Small,Small,0.8894868238781511,3.275429697368514,2.2570454229252213,-0.2947089563036751
2025-09-05/IMG_0832.JPG,Very Small,Very Small,3.2926524466557576,2.209003849131398,0.7898507187942334,-0.2925282971773515
2025-09-05/IMG_0833.JPG,Small,Medium,0.7897297977349309,2.2019291621973602,3.2685753529525696,-0.2663375392401981
2025-09-05/IMG_0834.JPG,Medium,Medium,-0.2756243844967281,1.9425967891662903,3.288655271228305,0.8012578264043986
2025-09-05/IMG_0836.JPG,Very Small,Very Small,3.2610471459026162,2.2403849248680867,0.9136797163195609,-0.2846577685506302
2025-09-05/IMG_0838.JPG,Medium,Medium,0.7453011581679836,2.2382868392524267,3.282092981950653,-0.27559651322087814
2025-09-05/IMG_0839.JPG,Small,Small,2.14308974562345,3.277301135753498,1.0560647710342004,-0.28504727632475363
2025-09-05/IMG_0840.JPG,Very Small,Very Small,3.282703742180794,2.2442278231512662,0.7777548354231876,-0.28782104310439893
2025-09-05/IMG_0842.JPG,Very Small,Very Small,3.271686140399361,2.26082265579427,0.8073635732517592,-0.28967461827914387
2025-09-05/IMG_0843.JPG,Very Small,Very Small,3.290096980347761,2.2481975482488536,0.7496600302113584,-0.2895226275803399
2025-09-05/IMG_0846.JPG,Small,Small,0.8173258065656465,3.2884716212290996,2.247553903424878,-0.29671809016427414
2025-09-05/IMG_0847.JPG,Medium,Medium,0.7208194974183325,2.219623087571125,3.291799900439224,-0.2639130692190044
2025-09-05/IMG_0848.JPG,Very Small,Very Small,3.295253883028434,2.254794017692348,0.7351514119498668,-0.29233555899931757
2025-09-05/IMG_0849.JPG,Very Small,Very Small,3.265210463498874,2.2579133998593073,0.8389559239424447,-0.2881545016332169
2025-09-05/IMG_0851.JPG,Medium,Medium,0.7085250661582898,2.2574504165057627,3.295841779027116,-0.270679842996717
2025-09-05/IMG_0852.JPG,Small,Small,0.7358006050788488,3.2715034755075116,2.279012614844863,-0.2836264108716557
2025-09-05/IMG_0853.JPG,Very Small,Very Small,3.2965134090962813,2.2359565054900536,0.7367698653010462,-0.2901627245911269
2025-09-05/IMG_0854.JPG,Small,Small,0.7302679926132334,3.2833329893389065,2.2762711561967786,-0.28746527260239996
2025-09-05/IMG_0856.JPG,Small,Small,0.82290486785229,3.28983450498889,2.226044917010079,-0.2947371719783957
2025-09-05/IMG_0857.JPG,Very Small,Very Small,3.2882226316916494,2.2661237999439656,0.7555322276837796,-0.29456399205459016
2025-09-05/IMG_0858.JPG,Small,Small,0.8279860703178925,3.2736161760285922,2.221086208495523,-0.28193435079567775
2025-09-05/IMG_0861.JPG,Small,Small,0.9254984174667849,3.2733747010352086,1.9544425538849748,-0.26814311931201945
2025-09-05/IMG_0862.JPG,Medium,Medium,0.8824626224768837,2.1649202045044262,3.275923527887312,-0.2799213760064688
2025-09-05/IMG_0863.JPG,Small,Medium,0.7820916448917645,2.2353226463914737,3.2751366640180675,-0.27992151142572785
2025-09-05/IMG_0865.JPG,Very Small,Very Small,3.2882325274394844,2.2377733785657004,0.7582163909608588,-0.287280438335395
2025-09-05/IMG_0866.JPG,Medium,Medium,-0.2860978153652858,2.217848481569372,3.2897264936936654,0.7626284338978682
2025-09-05/IMG_0868.JPG,Very Small,Very Small,3.2788882359332514,2.1493302063955477,0.8300262168617121,-0.2767733686315522
2025-09-05/IMG_0869.JPG,Very Small,Very Small,3.272502289840787,2.2828018575601585,0.7488594998408185,-0.29177421769531003
2025-09-05/IMG_0871.JPG,Medium,Medium,0.726786299410739,2.2252435544766853,3.2755997718522663,-0.23271973936340776
2025-09-05/IMG_0872.JPG,Small,Small,0.9238267255478623,3.2763982714170177,2.251739576925661,-0.29476957198057296
2025-09-05/IMG_0874.JPG,Small,Small,2.2211081912575623,3.271828793192373,1.1775377910466696,-0.29425295779148286
2025-09-05/IMG_0875.JPG,Very Small,Very Small,3.2848540069276804,2.213219977379404,0.8220152427136931,-0.2889198432345313
2025-09-05/IMG_0876.JPG,Medium,Medium,0.7265504731087209,2.2288371604935713,3.280952121179598,-0.24973204114541192
2025-09-05/IMG_0878.JPG,Very Small,Very Small,3.2684865460831807,2.245796259952868,1.1010690782063046,-0.2935721176861622
2025-09-05/IMG_0880.JPG,Very Small,Very Small,3.257480466498013,2.263062334458188,1.1358127477133146,-0.29556442217349044
2025-09-05/IMG_0882.JPG,Small,Small,0.9073328629641322,3.2582535201749527,2.2424001988620637,-0.28373290971935267
2025-09-05/IMG_0884.JPG,Medium,Medium,0.7313538318063708,2.260803201210855,3.276533314153593,-0.2705743892925732
2025-09-05/IMG_0885.JPG,Small,Small,0.9108503332154736,3.28565197589883,1.9637391123370336,-0.2820804488819488
2025-09-05/IMG_0887.JPG,Medium,Medium,0.747450281610518,2.217920336259674,3.2478133204590054,-0.2080036690978253
2025-09-05/IMG_0888.JPG,Small,Small,0.9655360265393491,3.2572314537052574,2.101174568529958,-0.2624200659538919
2025-09-05/IMG_0891.JPG,Very Small,Very Small,3.2868722514759727,2.2868533669709925,0.7493458175264402,-0.3010159384754885
2025-09-05/IMG_0892.JPG,Very Small,Very Small,3.2540693652867554,2.251799670759409,0.9287924773186113,-0.28586344003250236
2025-09-05/IMG_0893.JPG,Very Small,Very Small,3.268097910405272,2.2446755826536817,0.836076943095676,-0.2850372088495413
2025-09-05/IMG_0894.JPG,Very Small,Very Small,3.253240601011476,2.1393509937066444,1.0960018501965163,-0.2702583727571384
2025-09-05/IMG_0895.JPG,Very Small,Very Small,3.2853770853916133,2.2307142577069943,0.7522318467974092,-0.2804515965798762
2025-09-05/IMG_0896.JPG,Very Small,Very Small,3.274107316265553,2.2484569331615973,0.7664746134096547,-0.2797055974663268
2025-09-05/IMG_0897.JPG,Very Small,Very Small,3.2643115733964763,2.2451449840381335,0.8107792752998935,-0.28039115895496813
2025-09-05/IMG_0900.JPG,Very Small,Very Small,3.2716176380132214,2.218152847895388,0.77592608258014,-0.2697719803906418
2025-09-05/IMG_0901.JPG,Medium,Medium,0.7280611956048922,2.274771899342289,3.275872597719136,-0.27836162781665647
2025-09-05/IMG_0902.JPG,Medium,Medium,0.7642300311385385,2.0970378160207845,3.2708436193983808,-0.23318183930354602
2025-09-05/IMG_0903.JPG,Small,Small,0.7695911338152687,3.270820040361239,2.1750645056912936,-0.25396257543593953
2025-09-05/IMG_0904.JPG,Small,Small,0.7332096304884879,3.2867855481262747,2.264761480788552,-0.2858017835004331
2025-09-05/IMG_0905.JPG,Medium,Medium,0.7434511641625636,2.254218502952616,3.269345911117943,-0.2677357513854398
2025-09-05/IMG_0906.JPG,Very Small,Very Small,3.2766642736486054,2.2649184830389504,0.7690799872222931,-0.2888862584514377
2025-09-05/IMG_0907.JPG,Very Small,Very Small,3.2647063511905303,2.2633943888971206,0.7954838041000094,-0.2859551728447753
2025-09-05/IMG_0908.JPG,Very Small,Very Small,3.264932233333728,2.268293912724337,0.7944550017226274,-0.28822631336862087
2025-09-05/IMG_0910.JPG,Very Small,Very Small,3.2886827175723243,2.236133755436953,0.7355672470774318,-0.2782992332055503
2025-09-05/IMG_0911.JPG,Small,Small,2.1307283564468498,3.2834853865348874,1.227097712340665,-0.29813416024492734
2025-09-05/IMG_0912.JPG,Very Small,Very Small,3.272106656206211,2.229681208490324,0.8032804398077742,-0.2797441990083524
2025-09-05/IMG_0913.JPG,Small,Small,0.8117935783966728,3.271931134824015,2.2190684778316365,-0.27822822628920607
2025-09-05/IMG_0914.JPG,Small,Small,2.1336707597533615,3.2672982829604282,1.00017291753797,-0.27503612465410077
2025-09-05/IMG_0915.JPG,Small,Very Small,3.2585426933868846,2.280135373037747,0.7703571630714443,-0.2889368073455985
2025-09-05/IMG_0921.JPG,Very Small,Very Small,3.289767854328156,2.2606244523746275,0.7393282355589988,-0.289750850991981
2025-09-05/IMG_0922.JPG,Very Small,Very Small,3.268228139877841,2.2802787897287855,0.8200296416007794,-0.29721635123193424
2025-09-05/IMG_0923.JPG,Small,Small,1.0840085148557963,3.278786505344147,2.230937845101707,-0.29503347796024987
2025-09-05/IMG_0929.JPG,Large,Large,-0.28561712189113947,0.7749561055062346,2.2724749065604417,3.2606598160409455
2025-09-05/IMG_0930.JPG,Medium,Medium,-0.266100391602901,2.029381927580279,3.2820083168826946,0.7932487126188602
2025-09-05/IMG_0932.JPG,Medium,Medium,0.7177917698666261,2.230791936621705,3.293681616084868,-0.26844834330212536
2025-09-05/IMG_0934.JPG,Very Small,Very Small,3.2514995953643613,2.2764129353244753,0.9813484856658244,-0.2957541541956882
2025-09-05/IMG_0935.JPG,Small,Small,2.233769888360287,3.2574912304471115,1.0406598106295362,-0.2848975940537907
2025-09-05/IMG_0936.JPG,Small,Small,2.21445820202532,3.2494631547242223,1.1855561067034444,-0.28594517892904686
2025-09-05/IMG_0937.JPG,Very Small,Very Small,3.2638961737865495,2.246576990213383,0.851501860073163,-0.2845952129259421
2025-09-05/IMG_0939.JPG,Small,Small,0.9094419439012652,3.273408577750176,2.2413323912737573,-0.2906675996146293
2025-09-05/IMG_0940.JPG,Very Small,Very Small,3.241798560996687,2.260506968342487,1.0415787296959567,-0.2880509411074998
2025-09-05/IMG_0941.JPG,Small,Small,0.8550716760228032,3.27785458530203,2.223269641394718,-0.2874677781565013
2025-09-05/IMG_0942.JPG,Very Small,Very Small,3.2393412714190477,2.250733109813122,0.7857128361245634,-0.2636255426015692
2025-09-05/IMG_0943.JPG,Medium,Medium,-0.2931632777228096,1.1389887501338642,3.29276712896651,1.8706485533274557
2025-09-05/IMG_0944.JPG,Medium,Medium,-0.2794186590702614,1.0428977155782828,3.2834952187354434,1.8682697208305044
2025-09-05/IMG_0946.JPG,Medium,Medium,0.7392845050125447,2.240054402875999,3.2662253655544027,-0.24895350495003657
2025-09-05/IMG_0947.JPG,Medium,Medium,-0.2553272519661647,2.1187293570047165,3.2725073528927613,0.7874312143482882
2025-09-05/IMG_0948.JPG,Medium,Medium,0.7479706880985069,2.2115412629779465,3.2785186197378464,-0.262684310723316
2025-09-05/IMG_0949.JPG,Small,Small,0.7632144197226431,3.278448866746936,2.153693823197379,-0.25886888186593443
2025-09-05/IMG_0951.JPG,Small,Small,0.8594276174018614,3.2592260944434988,2.2095492733819317,-0.272301046548913
2025-09-05/IMG_0953.JPG,Small,Small,0.7763021020002046,3.2856872575864955,2.243395097124247,-0.28982800510283774
2025-09-05/IMG_0954.JPG,Small,Small,0.7335656357515739,3.273387944410714,2.271935677730026,-0.2778431440315662
2025-09-05/IMG_0956.JPG,Small,Small,0.8800137057635995,3.2678277262919657,2.2398537331271315,-0.2863324393179041
2025-09-05/IMG_0957.JPG,Very Small,Small,2.23320242441485,3.265775156653516,0.8660172995405333,-0.28275854179820537
2025-09-05/IMG_0959.JPG,Small,Small,0.7903422020398015,3.276982129756182,2.2532704448765104,-0.2881873357006619
2025-09-05/IMG_0960.JPG,Small,Small,0.7659526866637808,3.2790584075113545,2.25500167279543,-0.28598268026114243
2025-09-05/IMG_0963.JPG,Small,Small,2.1199527918766883,3.2643530403466956,1.1306617946861865,-0.27813792450998087
2025-09-05/IMG_0964.JPG,Small,Medium,0.7164722031439521,2.242267570765259,3.293834213959214,-0.2716810763243091
2025-09-05/IMG_0968.JPG,Medium,Medium,0.7345384658314382,2.19747604065306,3.2841490041690826,-0.2561650047590993
2025-09-05/IMG_0969.JPG,Small,Medium,0.7711999941550625,2.2192502588566443,3.219154023723475,-0.20766366010609075
2025-09-05/IMG_0971.JPG,Small,Small,2.2033959278508566,3.267365430200331,1.1569578297825642,-0.28893747186242275
2025-09-05/IMG_0973.JPG,Very Small,Very Small,3.2858363290606354,2.2453057179161724,0.8408095379498333,-0.2958402969675996
2025-09-05/IMG_0975.JPG,Very Small,Small,2.246545563197462,3.259041067444344,0.8749648751720703,-0.28378399131734827
2025-09-05/IMG_0976.JPG,Medium,Small,1.9350989687159275,3.250098652646689,1.121212115489278,-0.2564290348829852
2025-09-05/IMG_0977.JPG,Small,Small,2.13235824128274,3.264263958660087,0.8933770637950943,-0.26685733784499516
2025-09-05/IMG_0978.JPG,Small,Small,2.2369247471483367,3.253826459725853,0.896880172637528,-0.2795879671360429
2025-09-05/IMG_0979.JPG,Medium,Small,2.1582393239984734,3.2706528325558697,1.0821252523598262,-0.28243214353986207
2025-09-05/IMG_0980.JPG,Very Small,Small,2.239145364787581,3.270112551398854,0.8284552993714522,-0.2839597529287186
2025-09-05/IMG_0981.JPG,Very Small,Small,2.21014949137682,3.276919070582494,1.0503363426841545,-0.29055728425118965
2025-09-05/IMG_0982.JPG,Small,Small,2.1628153234021967,3.269157699061943,0.9872634737042889,-0.2787706322371478
2025-09-05/IMG_0983.JPG,Very Small,Small,2.2307591607618296,3.267756793122588,0.8416593255159923,-0.28147653123527244
2025-09-05/IMG_0984.JPG,Small,Small,2.1897334593095,3.265246475689445,1.1098701359907195,-0.28364617965654854
2025-09-05/IMG_0985.JPG,Small,Small,1.9823544614067228,3.267206353472722,1.1722588836874976,-0.27827648039866554
2025-09-05/IMG_0988.JPG,Very Small,Small,2.247556410925062,3.2359566958041914,0.9193928058798513,-0.27768719434974365
2025-09-05/IMG_0989.JPG,Small,Small,2.2349444945203887,3.278504578052466,1.0035632342937286,-0.29401708210577193
2025-09-05/IMG_0991.JPG,Medium,Small,0.9889392307165449,3.276678865448435,2.2187242053359255,-0.29036546274951736
2025-09-05/IMG_0993.JPG,Small,Small,2.1915048946745825,3.2729576833634706,1.1021315759669816,-0.2877523367463038
2025-09-05/IMG_0994.JPG,Medium,Small,2.1408812448635866,3.2790684253132243,1.043519237709045,-0.285883077323159
2025-09-05/IMG_0995.JPG,Small,Small,2.210469910214484,3.280433317879286,1.1171263664859392,-0.2943741707515243
2025-09-05/IMG_0996.JPG,Small,Small,2.2356050282808773,3.2664602784555514,0.8673815815072532,-0.28383809868451154
2025-09-05/IMG_0997.JPG,Very Small,Very Small,3.2737078382818945,2.184070214492116,0.8148690062567894,-0.273536866291394
2025-09-05/IMG_0998.JPG,Small,Very Small,3.262751294239915,2.21676504777951,0.8628497175565331,-0.27667383896261843
2025-09-05/IMG_1000.JPG,Very Small,Very Small,3.295638957043097,2.228075174131155,0.7614285244133498,-0.2940819951336779
2025-09-05/IMG_1001.JPG,Small,Small,2.207357826615286,3.266940937666428,0.9828347989832751,-0.28292284785863486
2025-09-05/IMG_1002.JPG,Small,Small,2.1660070928492394,3.2710801886542806,1.0623060016966113,-0.2826477070227042
2025-09-05/IMG_1004.JPG,Very Small,Small,1.1206611483465323,3.2205324276321474,2.206509844654697,-0.26861773033852726
2025-09-05/IMG_1005.JPG,Very Small,Small,2.1571074490712903,3.2497705804226267,1.1812150145100397,-0.2784347906876773
2025-09-05/IMG_1006.JPG,Very Small,Very Small,3.248643733448201,2.2636658764894726,0.8531899686719093,-0.28525749436410586
2025-09-05/IMG_1007.JPG,Small,Small,1.0863736305700302,3.2736024443464316,2.183013806905476,-0.2866991460387676
2025-09-05/IMG_1008.JPG,Medium,Small,0.8305118920737661,3.269472120757844,2.244326547752975,-0.28523498517463064
2025-09-05/IMG_1009.JPG,Very Small,Very Small,3.2545878410408626,2.2587397431930203,0.9515346736680829,-0.2890752048192488
2025-09-05/IMG_1010.JPG,Very Small,Small,2.230923128935036,3.2697900789164125,0.9043951702657628,-0.286375021440138
2025-09-05/IMG_1011.JPG,Small,Small,2.2542646624770373,3.2667843592289816,0.8561964330091253,-0.28868558448181036
2025-09-05/IMG_1013.JPG,Very Small,Very Small,3.2705778792057907,2.2582716044794204,0.8675337901239659,-0.2921451748874198
2025-09-05/IMG_1014.JPG,Medium,Small,2.1932914626141837,3.26602683799483,1.1809441267582796,-0.28900762885326103
2025-09-05/IMG_1015.JPG,Small,Small,2.2044344635755344,3.258449401475626,1.053116184909571,-0.27980209299384784
2025-09-05/IMG_1016.JPG,Small,Small,2.143092872743769,3.2768708855072948,1.1046084942281917,-0.2864717855938994
2025-09-05/IMG_1018.JPG,Small,Small,2.161596341910655,3.275811472086814,0.8190930825999638,-0.2732624838458831
2025-09-05/IMG_1019.JPG,Small,Small,2.125689901848765,3.268635025204369,1.1492212140186155,-0.28258163944013887
2025-09-05/IMG_1021.JPG,Small,Small,2.078874772800385,3.2730068845457745,0.9093269446627908,-0.27230340142533577
2025-09-05/IMG_1022.JPG,Very Small,Small,2.2456436069151664,3.2401561323339934,0.8355666014393504,-0.2716636316571259
2025-09-05/IMG_1023.JPG,Small,Small,2.2331558798612487,3.2424441743410983,0.9322562120864257,-0.2752596038521311
2025-09-05/IMG_1024.JPG,Very Small,Small,2.235483167373803,3.2364891721992444,1.1442701455268556,-0.28291692261397283
2025-09-05/IMG_1025.JPG,Very Small,Small,2.209998331303506,3.237196072932378,1.1851565273930424,-0.28140817475211455
2025-09-05/IMG_1026.JPG,Small,Small,2.2129670897803635,3.2548103404991022,0.9168037977385014,-0.2746661120038599
2025-09-05/IMG_1027.JPG,Very Small,Very Small,3.277436620756544,2.1348541348926826,0.8468936508719576,-0.2757955778830705
2025-09-05/IMG_1029.JPG,Very Small,Very Small,3.248218500672568,1.957081825563785,0.8296922108402307,-0.21095646701643184
2025-09-05/IMG_1032.JPG,Medium,Medium,0.7869143646839718,2.250845537263733,3.2407026017664458,-0.2648513987734711
2025-09-05/IMG_1034.JPG,Small,Very Small,3.2694338959404425,2.2498604852895467,0.8427223633877616,-0.2877742356008974
2025-09-05/IMG_1035.JPG,Very Small,Very Small,3.2683089436343806,2.2163394721086607,0.8087924908324953,-0.2741276936869876
2025-09-05/IMG_1038.JPG,Small,Small,2.2103681238820583,3.253247474876216,0.8308617994534141,-0.26450388967747934
2025-09-05/IMG_1039.JPG,Small,Small,0.9353133906899258,3.262539126850364,2.1824764290444616,-0.2746199342046912
2025-09-05/IMG_1040.JPG,Small,Small,0.8040148835239098,3.276944566117165,2.212005331351091,-0.2798441953194529
2025-09-05/IMG_1041.JPG,Small,Small,1.0888583332690853,3.280130370831699,2.1606705533159785,-0.28923769471247757
2025-09-05/IMG_1042.JPG,Medium,Small,0.7906966613084779,3.277702594030711,2.2260226496250533,-0.2813362398049752
2025-09-05/IMG_1043.JPG,Small,Small,1.0276023977137132,3.2688952776693925,2.0934721534682383,-0.2743665767415428
2025-09-05/IMG_1044.JPG,Small,Small,2.2145650127424,3.2621190983897037,0.9072154868594847,-0.278702644254084
2025-09-05/IMG_1045.JPG,Medium,Small,2.2447279796815236,3.2668067420497953,0.9416998361127635,-0.2892448456151065
2025-09-05/IMG_1046.JPG,Small,Small,2.1967659163435287,3.258652052563163,0.9006373668890637,-0.27250085691589304
2025-09-05/IMG_1047.JPG,Very Small,Very Small,3.259818804672976,2.1029758423970026,0.7849520108999606,-0.22795591658489864
2025-09-05/IMG_1050.JPG,Very Small,Very Small,3.2640754088808634,2.2034204143130784,0.764252543927189,-0.2492209820740572
2025-09-05/IMG_1051.JPG,Very Small,Very Small,3.2713347777824584,2.255958019194147,0.7925059329214993,-0.285955195546223
2025-09-05/IMG_1052.JPG,Very Small,Small,2.2133532090586696,3.256809794612672,0.7979566911478091,-0.2607952578754056
2025-09-05/IMG_1053.JPG,Very Small,Small,2.1724861907184874,3.258310103751257,0.8578598576951713,-0.2634813018063395
2025-09-05/IMG_1054.JPG,Medium,Very Small,3.2340312227606343,2.2305057820654324,1.080582396744285,-0.2770009021003946
2025-09-05/IMG_1057.JPG,Small,Small,2.19950705046698,3.2469854158523592,0.7822337178910014,-0.2371835883468098
2025-09-05/IMG_1059.JPG,Small,Small,2.2331986172294642,3.2505616613286072,0.7969640444286983,-0.2638561913521625
2025-09-05/IMG_1061.JPG,Very Small,Small,2.2188357708217046,3.2524452209100234,0.8091295443437782,-0.2622964489148901
2025-09-05/IMG_1062.JPG,Small,Small,0.9601464031439686,3.2729585324497097,2.165339444539062,-0.2810003521464799
2025-09-05/IMG_1063.JPG,Very Small,Small,2.2144901307635427,3.2404053922783946,1.0371847061475397,-0.2729182482085326
2025-09-05/IMG_1065.JPG,Small,Small,2.2155997298860295,3.2627957995300765,0.8007144413849437,-0.2675895964206124
2025-09-05/IMG_1066.JPG,Medium,Small,0.8261062957910169,3.266939944990956,2.119889823181752,-0.25912103010657234
2025-09-05/IMG_1067.JPG,Medium,Small,0.8071691684340055,3.256713179642668,2.2122390062377653,-0.26287165018690184
2025-09-05/IMG_1069.JPG,Small,Medium,1.068476536913657,2.2433974124594367,3.2524915221752835,-0.28630657571965873
2025-09-05/IMG_1071.JPG,Medium,Medium,0.735112846099438,2.263079838651514,3.2745186975965086,-0.2731891752843714
2025-09-05/IMG_1072.JPG,Small,Small,2.0840672041929293,3.2721480074797498,1.0765480844493274,-0.27853842032677917
2025-09-05/IMG_1076.JPG,Small,Small,0.7520996875446244,3.276679696185554,2.261763124912723,-0.28312833504736684
2025-09-05/IMG_1077.JPG,Small,Small,0.9138029545130856,3.2729650793677867,2.2653898192190045,-0.2966182412584796
2025-09-05/IMG_1078.JPG,Small,Small,0.7977668240975421,3.278090201600854,2.25453304859707,-0.29016355126597637
2025-09-05/IMG_1079.JPG,Medium,Medium,0.7255771143134362,2.2104947982755925,3.291767966199481,-0.26764904489514313
2025-09-05/IMG_1081.JPG,Medium,Medium,0.7262739064124637,2.2754969181742624,3.28775099265752,-0.2887938313696484
2025-09-05/IMG_1082.JPG,Small,Small,0.7506931844347511,3.284830018980828,2.2481570679335707,-0.28444912194495897
2025-09-05/IMG_1084.JPG,Small,Small,0.7539772553229664,3.2837376207169138,2.264787494946018,-0.2904120164515985
2025-09-05/IMG_1085.JPG,Small,Medium,0.7369947975019199,2.2373003936847646,3.282633788862876,-0.2705116689613926
2025-09-05/IMG_1086.JPG,Medium,Medium,0.7055031117761825,2.2475761028946413,3.298022903198277,-0.26306943010176786
2025-09-05/IMG_1087.JPG,Very Small,Very Small,3.2809617758096015,2.2804757314260584,0.7623388331899986,-0.2970498210284253
2025-09-05/IMG_1091.JPG,Very Small,Very Small,3.2567298870386545,2.2425473452008435,1.173585666030988,-0.2922301754036273
2025-09-05/IMG_1092.JPG,Very Small,Very Small,3.282227606781267,2.238130612071598,0.8722981992271432,-0.293663564871756
2025-09-05/IMG_1093.JPG,Medium,Medium,0.7200669593466106,2.2018865286160167,3.2941241189430985,-0.26381821589843324
2025-09-05/IMG_1094.JPG,Medium,Medium,0.7559555460462917,2.246453878623639,3.280394012439819,-0.2812504045503622
2025-09-05/IMG_1096.JPG,Small,Small,0.7226650594870223,3.2864803104572267,2.2826587005597063,-0.29026594312826065
2025-09-05/IMG_1098.JPG,Small,Small,0.7800745197305152,3.2786028019658016,2.2082806959223236,-0.2760275260565238
2025-09-05/IMG_1100.JPG,Medium,Medium,0.7541344543886093,2.2599047430176453,3.2856067670521054,-0.29011547758032763
2025-09-05/IMG_1101.JPG,Small,Small,2.1220230841001575,3.275448398612747,1.2383518787456125,-0.29564924856693264
2025-09-05/IMG_1102.JPG,Small,Small,2.0802105572224283,3.258450400696515,1.232570587829945,-0.28622825298066173
2025-09-05/IMG_1103.JPG,Very Small,Very Small,3.2507694248178103,2.22877557356284,1.1203071716595294,-0.2842419666542857
2025-09-05/IMG_1104.JPG,Very Small,Small,2.218899937313789,3.2384448192957636,1.142972128081814,-0.2793684299483823
2025-09-05/IMG_1106.JPG,Very Small,Very Small,3.290648694043631,2.229003319762604,0.7598667746213562,-0.2884560720646058
2025-09-05/IMG_1108.JPG,Small,Small,2.16726038691448,3.261248630746667,0.8878153996822882,-0.2682807323720856
2025-09-05/IMG_1109.JPG,Small,Small,0.9010419174737366,3.269323744045556,2.2025526243655174,-0.280708359598822
2025-09-05/IMG_1111.JPG,Medium,Medium,0.7860164902603288,2.22087039279369,3.2629044298684295,-0.26536070211239166
2025-09-05/IMG_1113.JPG,Medium,Medium,0.7192002107850907,2.263459464392188,3.283664031086815,-0.2684370585932005
2025-09-05/IMG_1114.JPG,Medium,Medium,0.7303349155889864,2.241972257803366,3.2872987735220534,-0.2743779330510777
2025-09-05/IMG_1116.JPG,Very Small,Very Small,3.29073813981755,2.1951714162230647,0.7775408739845676,-0.2872407864876443
2025-09-05/IMG_1118.JPG,Medium,Medium,0.7096516210197477,2.2434374111974273,3.290601471293586,-0.24453728860383456
2025-09-05/IMG_1119.JPG,Small,Small,2.110957483843398,3.2670351925994807,1.1091699758904427,-0.2779049638410601
2025-09-05/IMG_1120.JPG,Very Small,Very Small,3.290494432998579,2.0274412933324655,0.8566182625609531,-0.2864903134382113
2025-09-05/IMG_1122.JPG,Very Small,Very Small,3.271373765434198,2.2120137902611376,1.1263198376439219,-0.2902537559107234
2025-09-05/IMG_1123.JPG,Very Small,Very Small,3.288736708722394,2.1673675993707398,0.7866249570384911,-0.28361259233425024
2025-09-05/IMG_1124.JPG,Medium,Small,0.7773539924435171,3.262465113094172,2.285329670258761,-0.2947351912741491
2025-09-05/IMG_1125.JPG,Medium,Small,0.8026896841150115,3.2672560920145646,2.2768991875165048,-0.2941205308027122
2025-09-05/IMG_1126.JPG,Small,Small,1.0950694196466866,3.284511873306182,2.224943566213938,-0.2974984706239403
2025-09-05/IMG_1127.JPG,Small,Small,0.7299761762691572,3.268177471966271,2.2615395271556875,-0.2591558293337776
2025-09-05/IMG_1129.JPG,Very Small,Very Small,3.254987190027593,2.197427619978424,1.1516755949753288,-0.2823825152613049
2025-09-05/IMG_1130.JPG,Small,Small,0.8077424211579738,3.2659005751091756,2.240271159449098,-0.2792403962566637
2025-09-05/IMG_1131.JPG,Small,Small,0.9085547855080425,3.2674576616499174,2.241619678939698,-0.28777414675700413
2025-09-05/IMG_1132.JPG,Very Small,Very Small,3.2764171984122354,2.2522061115172325,0.9024295905755619,-0.2943537867529853
2025-09-05/IMG_1134.JPG,Small,Small,0.7579801663104381,3.2883130611522624,2.2633795546633118,-0.29420371068438095
2025-09-05/IMG_1135.JPG,Very Small,Very Small,3.286991321900099,2.268162557876205,0.740036738332917,-0.29040282416225627
2025-09-05/IMG_1137.JPG,Small,Medium,0.7259747151669325,2.265823687684153,3.283261108391544,-0.27753826774529516
2025-09-05/IMG_1139.JPG,Small,Small,0.805707264418462,3.273677352619735,2.147249550043636,-0.2664193439652272
2025-09-05/IMG_1142.JPG,Medium,Medium,0.714857702824804,2.250041664545769,3.2880162911718247,-0.25826958095367436
2025-09-05/IMG_1143.JPG,Very Small,Very Small,3.281451513680668,2.216539987670582,0.8110548016407477,-0.2855114511202932
2025-09-05/IMG_1144.JPG,Medium,Medium,0.7552980982836978,2.2347211546108,3.2723228068408354,-0.2677538450139768
2025-09-05/IMG_1145.JPG,Small,Small,0.8180561681985488,3.269920452919681,2.145131664733145,-0.264261293642916
2025-09-05/IMG_1147.JPG,Very Small,Very Small,3.2990205912787185,2.1795696252100134,0.7342541594897201,-0.2853752465805321
2025-09-05/IMG_1148.JPG,Medium,Medium,0.7249237859688755,2.266061102575824,3.2734096489281526,-0.263828955753501
2025-09-05/IMG_1149.JPG,Small,Small,2.261130834826676,3.273709175018934,0.9013807744744805,-0.2953987343752403
2025-09-05/IMG_1150.JPG,Small,Small,2.092932604092311,3.285288166646553,1.1470293623073227,-0.2922504568080846
2025-09-05/IMG_1151.JPG,Small,Small,2.149200826942695,3.2708156929643954,1.2043364858747967,-0.2901898739161578
2025-09-05/IMG_1152.JPG,Very Small,Very Small,3.2810391986840703,2.229881124136471,0.8226195318842484,-0.288644008788723
2025-09-05/IMG_1153.JPG,Medium,Medium,0.7467038512186093,2.253550278267956,3.2752598679701164,-0.2753937756578639
2025-09-05/IMG_1154.JPG,Very Small,Small,2.2447585126561567,3.263297980280472,1.150164192931108,-0.29337780883810305
2025-09-05/IMG_1155.JPG,Small,Small,2.1946545244680045,3.265580516228568,1.1682711903644993,-0.2879381426747854
2025-09-05/IMG_1156.JPG,Small,Small,2.1402046334383233,3.2719511440854796,1.2263168660539139,-0.2930328876050733
2025-09-05/IMG_1157.JPG,Small,Very Small,3.2775679851807817,2.25539743815435,0.8403862166098807,-0.2933444286901598
2025-09-05/IMG_1158.JPG,Small,Small,0.8256852428928119,3.2694499891864055,2.247018871728388,-0.28560178256792057
2025-09-05/IMG_1159.JPG,Medium,Medium,0.736278237205711,2.241176628813109,3.287032820372035,-0.2780348768220306
2025-09-05/IMG_1160.JPG,Medium,Medium,0.7451365924163871,2.2551733321924394,3.2770617197601224,-0.27722127601127755
2025-09-05/IMG_1161.JPG,Small,Small,1.0989498115870262,3.2833777545225624,2.1774243328821123,-0.29284470638797827
2025-09-05/IMG_1162.JPG,Small,Small,0.7460423058904433,3.260300860961652,2.2642457202948467,-0.2691014420693674
2025-09-05/IMG_1163.JPG,Medium,Small,0.7838005784058605,3.256128296473685,2.2614445477857408,-0.2787650424066115
2025-09-05/IMG_1166.JPG,Small,Small,0.9512261321726152,3.275755074731182,2.2508814311115013,-0.2948447723693489
2025-09-05/IMG_1167.JPG,Very Small,Very Small,3.277933373560613,2.2837103771538136,0.8949911172038105,-0.30376746581419817
2025-09-05/IMG_1169.JPG,Very Small,Very Small,3.264149437135375,2.255022748020834,1.191254542448669,-0.29795043963003187
2025-09-05/IMG_1170.JPG,Very Small,Very Small,3.293351902656058,2.2177998999307924,0.7462638753914008,-0.28594863638669943
2025-09-05/IMG_1171.JPG,Very Small,Very Small,3.275589618870067,2.286247692281685,0.8208837225448553,-0.302152936005462
2025-09-05/IMG_1172.JPG,Very Small,Very Small,3.2909506016597807,2.1141007803050016,0.7783279324775344,-0.28125060873873864
2025-09-05/IMG_1174.JPG,Very Small,Very Small,3.2847261632509097,2.2711582084414204,0.969324415191251,-0.3033506965485262
2025-09-05/IMG_1175.JPG,Very Small,Very Small,3.2924361826968473,2.27501114382309,0.7514669626860989,-0.29978225600392444
2025-09-05/IMG_1176.JPG,Very Small,Very Small,3.2750361295291164,2.2029645015875854,0.8006211779625115,-0.27572568346101706
2025-09-05/IMG_1177.JPG,Medium,Medium,0.7681192551585196,2.2561843211159403,3.2604708011157415,-0.2739141538327156
2025-09-05/IMG_1178.JPG,Medium,Small,0.7532040235793351,3.280162042449853,2.2707354665906077,-0.29027892233648567
2025-09-05/IMG_1179.JPG,Small,Small,0.782272542190007,3.2816638437371015,2.274106322034674,-0.29708554490378947
2025-09-05/IMG_1180.JPG,Small,Small,0.7596372318100322,3.2667931026483434,2.2720501728519107,-0.28476631750581155
2025-09-05/IMG_1182.JPG,Very Small,Very Small,3.2749053758653623,2.2736806234393137,1.1201976855047695,-0.302630835384516
2025-09-05/IMG_1184.JPG,Very Small,Very Small,3.26139076759353,2.2740185108044066,0.9937026627022978,-0.2972340771686489
2025-09-05/IMG_1185.JPG,Very Small,Very Small,3.290330629137949,2.2578150093928344,0.8191168811912767,-0.2999294647822788
2025-09-05/IMG_1186.JPG,Very Small,Very Small,3.298788271495876,2.2399885349378366,0.7402961768745828,-0.2949885345297291
2025-09-05/IMG_1187.JPG,Small,Small,0.89302807902833,3.2755560298168818,2.2594800479329837,-0.29549822683344085
2025-09-05/IMG_1188.JPG,Very Small,Very Small,3.2669079195025335,2.2692799444371943,1.137983928496142,-0.29975993706348936
2025-09-05/IMG_1189.JPG,Small,Small,0.9489576832339311,3.282416901026609,2.2474747656447605,-0.2972903389068325
2025-09-05/IMG_1190.JPG,Very Small,Very Small,3.262423695965665,2.266742948253165,1.1950976473612518,-0.3003883776365287
2025-09-05/IMG_1191.JPG,Small,Small,2.2370908454264886,3.292324809720708,1.1167802197722279,-0.30338729654118735
2025-09-05/IMG_1192.JPG,Small,Small,0.7371515284845029,3.2687111306955505,2.2762007560035813,-0.28011427998484034
2025-09-05/IMG_1193.JPG,Very Small,Very Small,3.2402520206940673,2.2188295027469045,1.2298890280497408,-0.29012496505154856
2025-09-05/IMG_1194.JPG,Small,Small,2.01523146578232,3.2757602620904374,1.1554240852708835,-0.2836654174515471
2025-09-05/IMG_1195.JPG,Small,Small,0.7908906830448252,3.275317665951316,2.2479754638025047,-0.28549132248142794
2025-09-05/IMG_1198.JPG,Very Small,Very Small,3.2594692504165454,2.2660193675235396,0.8815336098332112,-0.2912105024954818
2025-09-05/IMG_1200.JPG,Very Small,Very Small,3.271787339864481,2.276704328521269,0.8363949579522791,-0.29763821703698595
2025-09-05/IMG_1202.JPG,Very Small,Very Small,3.2789344014024895,2.268396125900333,0.7731428409114864,-0.2923336517267425
2025-09-05/IMG_1203.JPG,Large,Large,-0.29877073927949543,0.9307374048321361,2.2890875854011914,3.2345077348659586
2025-09-05/IMG_1204.JPG,Medium,Medium,-0.2979735936977497,1.2186662548936738,3.2890877297969467,1.9954773965269577
2025-09-05/IMG_1205.JPG,Medium,Medium,-0.2936945189202224,2.254218690634565,3.2877029096616495,0.7738789402250945
2025-09-05/IMG_1206.JPG,Medium,Medium,0.7048034052541303,2.270561759898657,3.295513202268456,-0.27141493346117035
2025-09-05/IMG_1209.JPG,Very Small,Very Small,3.2664281270395144,2.272400051063972,0.9702421554796605,-0.2977002892549163
2025-09-05/IMG_1211.JPG,Small,Small,2.145749823449034,3.2662477971400015,0.7958832490887875,-0.253322816728336
2025-09-05/IMG_1212.JPG,Small,Small,0.878123582466033,3.289420728775016,2.1998425712137752,-0.2941707303182601
2025-09-05/IMG_1214.JPG,Small,Small,2.054257885029361,3.2658100867420132,1.2084264237693467,-0.2843111711902323
2025-09-05/IMG_1215.JPG,Very Small,Very Small,3.2499969693955375,2.2070167636862816,0.8284395703319549,-0.2605249200460336
2025-09-05/IMG_1216.JPG,Medium,Medium,-0.2954991256898061,0.8555705019003563,3.295792016887463,2.1367726577738204
2025-09-05/IMG_1217.JPG,Medium,Medium,-0.28963167046837646,1.0628287101338383,3.2864466333601468,2.074106149112129
2025-09-05/IMG_1218.JPG,Medium,Medium,0.7911081814750237,2.196350235984204,3.2669549060668865,-0.26354675420345997
2025-09-05/IMG_1219.JPG,Medium,Medium,-0.2691114802092837,2.2182348946143016,3.2745532614533213,0.765385689372031
2025-09-05/IMG_1220.JPG,Medium,Medium,-0.26386208060204736,2.1587063559736084,3.285155819962245,0.7493890923712627
2025-09-05/IMG_1221.JPG,Small,Small,0.7606567263925269,3.285902677404226,2.2439950216382853,-0.287117046472907
2025-09-05/IMG_1223.JPG,Small,Small,0.7080088230017347,3.2820552105625582,2.2815856669731915,-0.26501636423960256
2025-09-05/IMG_1224.JPG,Small,Small,0.7337486713271686,3.270764743341305,2.2773295569578202,-0.2805106792625332
2025-09-05/IMG_1225.JPG,Small,Small,0.7266518925291053,3.2866772836703504,2.262987222778482,-0.2806410281619435
2025-09-05/IMG_1226.JPG,Small,Small,0.7433529609360932,3.281070984584104,2.2681262629412586,-0.2866694602092827
2025-09-05/IMG_1227.JPG,Small,Small,0.7367283357168422,3.2771278252063594,2.251986299013726,-0.2700891142815959
2025-09-05/IMG_1228.JPG,Small,Small,0.7531602365171879,3.283927890565054,2.266091146171916,-0.2908718370304212
2025-09-05/IMG_1229.JPG,Small,Small,0.7337135518075468,3.282202450953009,2.2703937945317594,-0.2846264518395663
2025-09-05/IMG_1230.JPG,Small,Small,2.1098858587146205,3.2671059747590703,1.1603844671371155,-0.28167211655682883
2025-09-05/IMG_1232.JPG,Small,Small,0.990358144813919,3.26648760628137,2.2370096284891754,-0.2883937915281242
2025-09-05/IMG_1233.JPG,Small,Small,0.7225627734330997,3.285710393805746,2.2779791003396666,-0.2861042983622113
2025-09-05/IMG_1235.JPG,Medium,Medium,-0.2884735340785525,2.2552590045760277,3.290859737244179,0.7377870189476889
2025-09-05/IMG_1237.JPG,Medium,Medium,0.737338240713413,2.246307925530355,3.2688998541849204,-0.25557778377796253
2025-09-05/IMG_1239.JPG,Small,Small,0.7198170996505078,3.2822603101731267,2.2691406275998967,-0.27214647972421874
2025-09-05/IMG_1240.JPG,Medium,Medium,-0.2897591217047787,1.0869065117725332,3.2921579223737822,1.852023984317576
2025-09-05/IMG_1241.JPG,Medium,Medium,0.7293011046265095,2.2575446721704187,3.267052363910561,-0.25213955763281326
2025-09-05/IMG_1246.JPG,Small,Small,2.215920694091469,3.2597821180816795,0.8683534791559411,-0.2750404633668905
2025-09-05/IMG_1247.JPG,Small,Small,2.19966642362766,3.2602928259251907,1.0716479856350147,-0.28068429548206686
2025-09-05/IMG_1248.JPG,Small,Small,2.2456504767951193,3.2683863126291035,0.912145530454925,-0.2893351914676358
2025-09-05/IMG_1251.JPG,Very Small,Small,2.230875177199798,3.2421010365460985,0.8741377538392396,-0.2704448549583755
2025-09-05/IMG_1252.JPG,Small,Small,2.1821586487593496,3.2594419866630346,1.0499598403848733,-0.2767631607477678
2025-09-05/IMG_1257.JPG,Small,Small,2.2087449152119927,3.2625992068721086,0.870286480103475,-0.27537160058415056
2025-09-05/IMG_1258.JPG,Medium,Small,2.201224577877682,3.2260429320848245,0.9021318471846607,-0.2542388504150824
2025-09-05/IMG_1259.JPG,Very Small,Small,2.218127073829087,3.254179258221385,0.8784541169605804,-0.27306316807221875
2025-09-05/IMG_1260.JPG,Small,Small,2.222056876532067,3.240842968843552,0.9135427292573295,-0.2698329986225958
2025-09-05/IMG_1261.JPG,Medium,Small,2.1655759100677963,3.257434885332955,0.9429373723116095,-0.2688872628133129
2025-09-05/IMG_1262.JPG,Very Small,Very Small,3.2668774541111207,2.2396254918267426,0.8456556369696197,-0.2836614328607252
2025-09-05/IMG_1263.JPG,Small,Small,2.231011582554652,3.276414465852717,0.8769598228237658,-0.2890594778575417
2025-09-05/IMG_1264.JPG,Small,Small,2.159703940635088,3.2781897382423293,1.1773134022234388,-0.2921866635087844
2025-09-05/IMG_1265.JPG,Small,Small,2.1983481731720675,3.270600089422964,1.1323627692724747,-0.288539670319738
2025-09-05/IMG_1266.JPG,Very Small,Very Small,3.279209365877488,2.2438481794521894,0.8470468424959516,-0.29185211302059105
2025-09-05/IMG_1267.JPG,Small,Small,2.1155139826401124,3.2800489459275814,1.1360025249465149,-0.28874186806787744
2025-09-05/IMG_1268.JPG,Small,Small,2.1861924106216795,3.2767874909038563,0.9230591225179744,-0.284744124024935
2025-09-05/IMG_1269.JPG,Small,Small,0.8980614397381983,3.281271709522536,2.212303035235401,-0.2901345152302968
2025-09-05/IMG_1270.JPG,Small,Small,2.239824196618623,3.2540835352587076,0.9114515061196948,-0.28132381696517955
2025-09-05/IMG_1272.JPG,Small,Small,2.2576238080874593,3.2552331645790926,0.8769648333239013,-0.28629065724179237
2025-09-05/IMG_1273.JPG,Very Small,Very Small,3.2908711656277814,2.2124459495906916,0.8060391475336091,-0.29276129992721744
2025-09-05/IMG_1274.JPG,Very Small,Very Small,3.2919724093716995,2.199589535903242,0.8046170083104447,-0.2923588058975306
2025-09-05/IMG_1276.JPG,Medium,Small,2.222312258212794,3.2623374544675396,0.9371973684156082,-0.2817768038589079
2025-09-05/IMG_1277.JPG,Small,Small,2.169135697392278,3.276372849240631,1.1014981495666794,-0.2877952905106802
2025-09-05/IMG_1278.JPG,Very Small,Very Small,3.2458850990086887,2.243789455556697,1.134888138493024,-0.2871273540546646
2025-09-05/IMG_1279.JPG,Very Small,Small,2.2302789067136706,3.2580811803779803,1.1319693637560577,-0.2877926713702055
2025-09-05/IMG_1281.JPG,Small,Small,2.201531913770899,3.2723006910333265,0.8921556435286806,-0.28214850689314036
2025-09-05/IMG_1282.JPG,Small,Small,2.094901031303392,3.2766987490632475,1.1538834494094785,-0.28665606546489003
2025-09-05/IMG_1283.JPG,Very Small,Very Small,3.249593228279432,2.2542067014624285,0.8505166206975056,-0.2810879885293186
2025-09-05/IMG_1284.JPG,Small,Small,2.243748368091905,3.266327027037709,0.8520263075663449,-0.28500463195826614
2025-09-05/IMG_1285.JPG,Small,Small,2.2281775805820208,3.2621960309697533,0.9030009467281058,-0.2816156091389013
2025-09-05/IMG_1286.JPG,Medium,Small,0.8490129111339635,3.272117817018603,2.2290337226752017,-0.28440826298189836
2025-09-05/IMG_1287.JPG,Very Small,Small,2.2487938503416705,3.2667117919598305,1.007171670272113,-0.29150093506109787
2025-09-05/IMG_1288.JPG,Small,Small,2.1784108039669743,3.2722610861913894,1.1427083284021093,-0.2880327894248983
2025-09-05/IMG_1290.JPG,Small,Small,2.190520819311156,3.2722415181183657,1.030303765318118,-0.2849563808889888
2025-09-05/IMG_1292.JPG,Small,Small,2.17368164320598,3.276886106210972,1.0192885712885038,-0.2860822971368423
2025-09-05/IMG_1294.JPG,Small,Small,2.1559056557283127,3.277872639134003,1.0368545202815542,-0.28580438519959694
2025-09-05/IMG_1295.JPG,Small,Small,2.1852077670776775,3.2627872254613366,0.9706325399604822,-0.2766321380046316
2025-09-05/IMG_1296.JPG,Very Small,Very Small,3.2731142124352304,2.243716178734789,0.8213642910463904,-0.28638580470289143
2025-09-05/IMG_1298.JPG,Very Small,Very Small,3.2815376978367956,2.233999983686398,0.8409215388657587,-0.29102326808958107
2025-09-05/IMG_1299.JPG,Very Small,Small,2.206210118183607,3.252763923615292,1.0148523521224189,-0.27592128662547244
2025-09-05/IMG_1300.JPG,Small,Small,2.225700592755427,3.258398452552616,0.9576853074615216,-0.28124882651074407
2025-09-05/IMG_1301.JPG,Very Small,Very Small,3.278208801809461,2.1991860726424424,0.8314324334054564,-0.2821196095877869
2025-09-05/IMG_1302.JPG,Small,Small,2.2361588558591508,3.269369288632509,0.9588732018346866,-0.2888934594930003
2025-09-05/IMG_1303.JPG,Very Small,Very Small,3.2723814369921644,2.199366256260293,0.8467903453839583,-0.2787456777475155
2025-09-05/IMG_1304.JPG,Very Small,Very Small,3.2631917756965807,2.2442993929730415,0.8323959517941695,-0.2819316571776877
2025-09-05/IMG_1310.JPG,Very Small,Very Small,3.2661535819536995,2.2459747157804273,0.8355784325857651,-0.28434315451129094
2025-09-05/IMG_1311.JPG,Small,Small,2.2582681960179984,3.2638973990386027,0.8461254868641195,-0.288189091522931
2025-09-05/IMG_1312.JPG,Small,Small,2.2094715546466728,3.2669257532938407,0.9647073004218472,-0.2827690110008305
2025-09-05/IMG_1316.JPG,Medium,Small,0.8486091254375532,3.270172571123685,2.229876488544846,-0.28333892603479177
2025-09-05/IMG_1317.JPG,Small,Small,0.8766549217466363,3.2400018958292423,2.2210691213967637,-0.26603808615223457
2025-09-05/IMG_1318.JPG,Very Small,Small,2.235023256799596,3.2707055847982422,1.0578240374709305,-0.2912615539229984
2025-09-05/IMG_1319.JPG,Small,Small,2.1843798243203714,3.27198974943312,1.153166920363242,-0.28901799737765504
2025-09-05/IMG_1320.JPG,Small,Very Small,3.2681525210354447,2.2455956420219905,0.9495210354659718,-0.29023761297633394
2025-09-05/IMG_1323.JPG,Very Small,Very Small,3.279362346374929,2.2424803919183267,0.7983350283316488,-0.2877553810569026
2025-09-05/IMG_1324.JPG,Small,Small,2.2128534318960598,3.2720278247340064,0.8848434630153101,-0.28340435392232494
2025-09-05/IMG_1325.JPG,Very Small,Very Small,3.232622423805304,2.2467508555375764,0.9024041700978103,-0.27531888528778514
2025-09-05/IMG_1327.JPG,Very Small,Very Small,3.268267046116323,2.1858440018459815,0.8571011929680401,-0.27415453929249956
2025-09-05/IMG_1329.JPG,Small,Small,2.2020274334666765,3.2754755201322507,1.1208486363721488,-0.29097081939887876
2025-09-05/IMG_1330.JPG,Very Small,Very Small,3.2614038430785666,2.236089777478722,0.8350279977910205,-0.2785278674435271
2025-09-05/IMG_1331.JPG,Very Small,Small,2.2260554367045082,3.262647609719031,0.992476939656669,-0.28431238475897885
2025-09-05/IMG_1332.JPG,Small,Small,0.9485632410668119,3.270206003527707,2.179179973620283,-0.28008702744875635
2025-09-05/IMG_1333.JPG,Small,Small,2.2588741885003416,3.2644548152216593,0.8922973434118655,-0.2908099570774608
2025-09-05/IMG_1334.JPG,Small,Small,2.2476766578310383,3.2649781087565626,0.9037356289981443,-0.28805535369964813
2025-09-05/IMG_1335.JPG,Small,Small,2.2032540428171536,3.274333901308925,1.0039062975921245,-0.2871919270627177
2025-09-05/IMG_1336.JPG,Small,Small,0.8781464240681349,3.271288758238095,2.20003504991149,-0.2803976015165014
2025-09-05/IMG_1337.JPG,Medium,Small,1.0334482805716187,3.2634158742770514,2.213291549470525,-0.28325225949513244
2025-09-05/IMG_1339.JPG,Small,Small,2.147752581676389,3.2728320886871667,1.1601336844458694,-0.2872307515709069
2025-09-05/IMG_1340.JPG,Small,Medium,0.7857699700221065,2.2487313789882366,3.253313901133346,-0.27052300957765607
2025-09-05/IMG_1341.JPG,Medium,Medium,0.7587722638637957,2.262696523357128,3.27662420200144,-0.2855633910578986
2025-09-05/IMG_1346.JPG,Small,Small,2.132758538145863,3.2601504144914535,0.9804256288125225,-0.2686624201214352
2025-09-05/IMG_1347.JPG,Small,Small,2.1894188594045607,3.2638871486845606,1.1423559425388528,-0.28475293160891474
2025-09-05/IMG_1348.JPG,Small,Small,0.9686709531277695,3.26959099139642,2.2103127313075666,-0.284566327974753
2025-09-05/IMG_1349.JPG,Medium,Small,0.8200464307299832,3.2550360751519603,2.242549329191258,-0.2754201674734416
2025-09-05/IMG_1353.JPG,Very Small,Small,1.1137397821518902,3.272953266660409,2.2346493481112173,-0.2937277752174515
2025-09-05/IMG_1354.JPG,Medium,Small,2.168989515774843,3.255823016798587,1.220148140661759,-0.2875067401990215
2025-09-05/IMG_1355.JPG,Small,Small,2.1686226520884553,3.257443435378713,1.1973677429804397,-0.2847968021847975
2025-09-05/IMG_1356.JPG,Medium,Medium,0.7837228774633409,2.2694779187420826,3.262796272278734,-0.2863726727401452
2025-09-05/IMG_1357.JPG,Small,Small,2.2449271252809035,3.2647956499476423,0.856079344487607,-0.28484251019639667
2025-09-05/IMG_1358.JPG,Small,Small,2.240111650698091,3.2557856767955595,1.1540659554412882,-0.2902311373598491
2025-09-05/IMG_1360.JPG,Very Small,Very Small,3.2612896955248836,2.254449722112489,0.9420800373926418,-0.289715637770798
2025-09-05/IMG_1362.JPG,Medium,Medium,0.7851960514424048,2.1067716769726843,3.265506141046674,-0.24005351489505922
2025-09-05/IMG_1364.JPG,Medium,Medium,0.7153097872818006,2.263748875893571,3.2936507003774187,-0.28073794694800697
2025-09-05/IMG_1365.JPG,Small,Small,0.7434076765390294,3.281503999625308,2.267431920973931,-0.28668595631215504
2025-09-05/IMG_1366.JPG,Very Small,Very Small,3.2869491218991866,2.2171623729552694,0.7646287718440836,-0.28323070906986136
2025-09-05/IMG_1367.JPG,Small,Small,0.8434544426947534,3.237059175819776,2.2474328035951094,-0.27225297614457544
2025-09-05/IMG_1368.JPG,Small,Small,2.082190494436311,3.2655706886941913,0.8955969476211539,-0.2637489905742199
2025-09-05/IMG_1369.JPG,Small,Small,0.749586571084123,3.276176618871954,2.2186170947492063,-0.2626773763212227
2025-09-05/IMG_1371.JPG,Small,Small,2.23058032214686,3.258528149084238,0.8584085058095967,-0.27741988982883525
2025-09-05/IMG_1372.JPG,Very Small,Very Small,3.2499979373751944,2.2093969070276507,0.8595928846293975,-0.2661517293372065
2025-09-05/IMG_1374.JPG,Small,Small,0.8124565590014646,3.2500089458144714,2.216300054557512,-0.26026959777280945
2025-09-05/IMG_1375.JPG,Very Small,Very Small,3.27782692801504,2.223574892120044,0.8191847463353027,-0.2847194503116306
2025-09-05/IMG_1376.JPG,Medium,Medium,-0.2789887344658585,0.7896085193219617,3.288881511232015,2.0857321889147293
2025-09-05/IMG_1378.JPG,Small,Small,0.8457299695338891,3.28888438681163,2.2089636330732163,-0.2932590315394315
2025-09-05/IMG_1379.JPG,Medium,Medium,0.746175393058637,2.2543664763703912,3.2620332453136296,-0.262469309954691
2025-09-05/IMG_1382.JPG,Medium,Medium,0.7336058675947006,2.2326978645731983,3.2795133052080936,-0.2596867834788542
2025-09-05/IMG_1383.JPG,Medium,Small,0.8141195115583573,3.2482308138696774,2.2596928952949797,-0.2794197455480528
2025-09-05/IMG_1385.JPG,Very Small,Very Small,3.253702325355427,2.261715305161916,0.814957778035237,-0.28277055534615525
2025-09-05/IMG_1386.JPG,Small,Small,0.7809374963873583,3.273228268142888,2.247196316451494,-0.28204024429409996
2025-09-05/IMG_1387.JPG,Medium,Medium,0.8350989198600397,0.8185861701093845,3.2598267698937935,0.8078161255702234
2025-09-05/IMG_1392.JPG,Very Small,Very Small,3.238642051450394,2.2596951116450636,0.7855052861920366,-0.2697434246327004
2025-09-05/IMG_1393.JPG,Medium,Small,1.0435436557144366,3.246058880074082,2.2319097449972767,-0.28005264015852827
2025-09-05/IMG_1395.JPG,Small,Small,0.9856003863653432,3.2876607076055335,2.202160001842617,-0.29543014707302373
2025-09-05/IMG_1396.JPG,Medium,Medium,0.7296296605808856,2.082835083629207,3.2926764471534677,-0.25462898392683714
2025-09-05/IMG_1397.JPG,Very Small,Very Small,3.2844501905863503,2.251230236164122,0.7624005562004056,-0.2882702967362457
2025-09-05/IMG_1398.JPG,Very Small,Very Small,3.2532213570695916,2.2290549871171734,0.8994764206475757,-0.2770805372546541
2025-09-05/IMG_1399.JPG,Medium,Medium,0.7389328903404379,2.22923488189597,3.2851895916298472,-0.27287274217466817
2025-09-05/IMG_1400.JPG,Small,Small,0.7970588172914036,3.266793671993422,2.236123222938827,-0.27666472210171283
2025-09-05/IMG_1401.JPG,Small,Small,0.8099635167350188,3.269606453030896,2.187407560219196,-0.2690917602794374
2025-09-05/IMG_1402.JPG,Small,Small,0.9929481828048756,3.2921161707779216,2.1499243932875114,-0.2958087503932289
2025-09-05/IMG_1403.JPG,Very Small,Very Small,3.2758242102200725,2.268931347032851,0.7605558428021664,-0.28842011836100373
2025-09-05/IMG_1404.JPG,Small,Small,0.8121897379971671,3.277939455266129,2.23081070195567,-0.2855657917584516
2025-09-05/IMG_1405.JPG,Medium,Medium,0.7200388611672817,2.250319010638787,3.2885572260799303,-0.2694074081886079
2025-09-05/IMG_1406.JPG,Small,Small,2.1531576454235988,3.279593996611321,1.2110436430076925,-0.29536218552545135
2025-09-05/IMG_1407.JPG,Small,Small,0.7891805473356993,3.2736869037947107,2.1802841555451096,-0.2672699139299438
2025-09-05/IMG_1408.JPG,Medium,Medium,0.7416263846833293,2.2629541883490485,3.274973260687142,-0.2777878340922523
2025-09-05/IMG_1409.JPG,Small,Small,0.7585425057844757,3.289172023750901,2.2627765838675704,-0.2947724118032563
2025-09-05/IMG_1410.JPG,Medium,Medium,0.7269665059305124,2.238572238008712,3.2814175138506805,-0.257753332702227
2025-09-05/IMG_1413.JPG,Medium,Medium,-0.2843858138864412,0.9034141612677171,3.290868471066317,1.8709597947608052
2025-09-05/IMG_1414.JPG,Very Small,Very Small,3.2776562547690675,2.2422168727401104,0.7875638877868503,-0.2849404352111583
2025-09-05/IMG_1416.JPG,Very Small,Very Small,3.2771807286300803,2.276871109750411,0.7504960246374348,-0.29094352218544794
2025-09-05/IMG_1417.JPG,Medium,Medium,-0.27702265957542627,2.2102363818346853,3.2751345457727123,0.7991600971962622
2025-09-05/IMG_1418.JPG,Small,Small,0.7879181454229311,3.2740528016502433,2.269533485398995,-0.2921736865819557
2025-09-05/IMG_1419.JPG,Small,Small,0.7887113944474443,3.2668578687544416,2.225723692066365,-0.2713841948262628
2025-09-05/IMG_1420.JPG,Small,Small,0.7869043890518447,3.2575996209381506,2.215562140670593,-0.25858565853053633
2025-09-05/IMG_1421.JPG,Very Small,Very Small,3.265662108334769,2.2592088952718252,0.7524089167670789,-0.2731115802572119
2025-09-05/IMG_1422.JPG,Medium,Medium,0.7392594842585869,2.2373193033377747,3.269730890633376,-0.2524425223456686
2025-09-05/IMG_1423.JPG,Very Small,Very Small,3.265198545942975,2.2785379990401013,0.7422055034651585,-0.2825417362123019
2025-09-05/IMG_1424.JPG,Small,Small,2.094620685713817,3.258999864233021,1.1538583013281971,-0.27524051911116465
2025-09-05/IMG_1425.JPG,Small,Small,0.9727263382844552,3.2810080583650825,2.2089342951098248,-0.29146172902977824
2025-09-05/IMG_1426.JPG,Small,Small,2.107589830691458,3.278870870320003,1.1405563809699832,-0.28783415453793576
2025-09-05/IMG_1429.JPG,Medium,Medium,-0.2775292232986034,1.138427894052074,3.2832579033832174,1.8059280882446098
2025-09-05/IMG_1430.JPG,Small,Small,2.249931270836346,3.2676536521357957,1.2124239061664916,-0.2994191330724636
2025-09-05/IMG_1431.JPG,Medium,Medium,0.9684964150162242,2.2313640760080085,3.262106427167886,-0.2846321681065446
2025-09-05/IMG_1432.JPG,Medium,Medium,1.0819269821171664,2.189389456861603,3.255789335231721,-0.2772187546933483
2025-09-05/IMG_1433.JPG,Small,Small,0.7893613506195338,3.2621271421749434,2.2571875300227306,-0.28077398311868634
2025-09-05/IMG_1434.JPG,Medium,Medium,1.1491312104501172,2.240452573758523,3.2551543125927873,-0.2898294750335934
2025-09-05/IMG_1435.JPG,Small,Small,0.8096525207501247,3.267997496711757,2.243428555004489,-0.28187901961744966
2025-09-05/IMG_1436.JPG,Very Small,Very Small,3.266524867765744,2.207019764662128,1.218177206118351,-0.29422321605986557
2025-09-05/IMG_1437.JPG,Very Small,Very Small,3.266970929761887,2.244479782413826,0.9758867413849618,-0.29002323732691754
2025-09-05/IMG_1438.JPG,Very Small,Very Small,3.2766451345247294,2.228081013236111,0.8711429427331483,-0.2883911111768516
2025-09-05/IMG_1440.JPG,Very Small,Very Small,3.268057859673951,2.2485783190670037,1.1676330631688836,-0.29650552572309113
2025-09-05/IMG_1441.JPG,Very Small,Very Small,3.272651462689792,2.2498646474927626,1.1235534689411342,-0.2966048550774412
2025-09-05/IMG_1442.JPG,Very Small,Very Small,3.2704594166230447,2.22948269297876,1.2107059346055207,-0.29721770577240264
2025-09-05/IMG_1444.JPG,Very Small,Very Small,3.265571955070434,2.268399626519333,1.1875485543579203,-0.3010933833937167
2025-09-05/IMG_1445.JPG,Very Small,Very Small,3.2712747116896708,2.235583533733548,1.1583245488112694,-0.29495739592002157
2025-09-05/IMG_1446.JPG,Medium,Medium,0.754045818327437,2.2280377230491033,3.2799003331226655,-0.2736949355992583
2025-09-05/IMG_1447.JPG,Medium,Medium,0.8106705474006053,2.234588889467201,3.277666761879839,-0.2860452960342014
2025-09-05/IMG_1448.JPG,Medium,Medium,0.9107281185184557,2.2047340880254462,3.2768086006945976,-0.28653906233959253
2025-09-05/IMG_1450.JPG,Medium,Medium,0.8127527092327562,2.26558079779238,3.2679485153252177,-0.2902454571548134
2025-09-05/IMG_1451.JPG,Very Small,Very Small,3.2564258726645234,2.255544649308107,1.0952892181272207,-0.29176864204266734
2025-09-05/IMG_1452.JPG,Very Small,Very Small,3.2711452757209027,2.247093349047463,0.8889088780869346,-0.29018564378201356
2025-09-05/IMG_1453.JPG,Small,Small,2.231827178830238,3.266189993378641,1.110765202697744,-0.2903006211108868
2025-09-05/IMG_1456.JPG,Small,Small,2.168783197882215,3.272448005572385,1.219271038036581,-0.29375857590971116
2025-09-05/IMG_1458.JPG,Small,Small,2.2024050675226614,3.2713555671332615,1.1770957495532564,-0.29196503057881673
2025-09-05/IMG_1459.JPG,Very Small,Very Small,3.2511557511373077,2.251124109178695,1.1950956610008967,-0.29422006559170194
2025-09-05/IMG_1460.JPG,Small,Small,2.1697677218897207,3.272794403409328,1.2332250072596427,-0.2957693293206122
2025-09-05/IMG_1461.JPG,Medium,Medium,0.7726255521732142,2.2351727292318504,3.264399194118516,-0.2677869149999662
2025-09-05/IMG_1462.JPG,Small,Small,2.1935825446351274,3.2469488746125807,1.1550030072936188,-0.27880569115235637
2025-09-05/IMG_1464.JPG,Very Small,Small,0.8443487752284701,3.2717413097305355,2.2203738029567472,-0.2819473715366785
2025-09-05/IMG_1466.JPG,Very Small,Very Small,3.263416991415175,2.2715963821463223,0.8040157521133076,-0.2902667224790274
2025-09-05/IMG_1467.JPG,Small,Small,2.1464484203698997,3.2713215545806715,1.1494961872801457,-0.28552407873148294
2025-09-05/IMG_1468.JPG,Very Small,Very Small,3.2676903570259,2.2448001789666394,1.021375851546904,-0.29120091187235575
2025-09-05/IMG_1469.JPG,Very Small,Very Small,3.2688417036739907,2.271448898926661,0.7602801699446256,-0.2856752989369359
2025-09-05/IMG_1470.JPG,Small,Small,2.1112118110758757,3.2733098172910373,1.092978166044903,-0.28158069603709596
2025-09-05/IMG_1472.JPG,Large,Large,-0.28512751459590174,0.8161282332200226,2.274326673354392,3.2379847010644753
2025-09-05/IMG_1475.JPG,Medium,Medium,-0.28578211320171654,2.150016561062169,3.296848035946454,0.7511733450607929
2025-09-05/IMG_1476.JPG,Small,Small,2.097614827751819,3.280241095393146,1.1152318410684874,-0.2871706409543084
2025-09-05/IMG_1477.JPG,Small,Small,1.8776632380652947,3.2729206266879465,0.8995172233425968,-0.25936224669783897
2025-09-05/IMG_1480.JPG,Small,Small,0.7620483338677856,3.273747911862766,2.149513709990533,-0.24814393023509299
2025-09-05/IMG_1481.JPG,Small,Small,0.8153420893978741,3.266938483906984,2.0334381762889935,-0.24764240454634742
2025-09-05/IMG_1482.JPG,Small,Small,2.1985354444160876,3.2673579861406954,0.9862733497866422,-0.28191110999243796
2025-09-05/IMG_1483.JPG,Small,Small,2.0886989037991417,3.2733011448972587,1.1830187725440744,-0.2866003819289937
2025-09-05/IMG_1484.JPG,Very Small,Very Small,3.2597950671984086,2.1369709971823703,1.1824498873057523,-0.2815698045257089
2025-09-05/IMG_1485.JPG,Medium,Medium,-0.27335883007439815,0.9948469402696769,3.2786515783850034,1.8856394502620624
2025-09-05/IMG_1486.JPG,Large,Large,-0.2690583614457398,0.762832214208914,2.2647752944043233,3.2453880651508933
2025-09-05/IMG_1487.JPG,Medium,Medium,0.7471869824034261,2.1753077839085457,3.2687624345014386,-0.22690186420304037
2025-09-05/IMG_1490.JPG,Medium,Medium,0.8145993551918789,1.9937672348393831,3.2531694462577962,-0.21782588112098672
2025-09-05/IMG_1491.JPG,Small,Small,0.7676461371151196,3.2750751062783126,2.167454735752461,-0.2580913923474769
2025-09-05/IMG_1492.JPG,Small,Small,0.7896889329969995,3.266548772076707,2.218329778787953,-0.2689844870116941
2025-09-05/IMG_1493.JPG,Small,Small,2.078376690637641,3.284215818920567,0.823838637557266,-0.27752700379963086
2025-09-05/IMG_1495.JPG,Small,Small,0.8349009384500525,3.2721639829677875,2.1811987291509363,-0.2744304271059491
2025-09-05/IMG_1496.JPG,Medium,Medium,-0.25876195925234624,2.183134133065984,3.25599878022381,0.8285134261434034
2025-09-05/IMG_1498.JPG,Small,Small,0.8858091391241747,3.257388674577911,2.2226216170752684,-0.27663341357236015
2025-09-05/IMG_1500.JPG,Small,Small,0.7807292639328803,3.2772404658702667,2.2287616452563723,-0.279637100880876
2025-09-05/IMG_1501.JPG,Small,Small,2.113183059748166,3.2708711015610437,0.8725014056453155,-0.26961374005254474
2025-09-05/IMG_1502.JPG,Small,Small,2.142278274408681,3.281104410391311,0.8329510065459572,-0.27888720038318393
2025-09-05/IMG_1505.JPG,Small,Small,1.9983453420377495,3.27791386627956,0.8496421480404049,-0.26908258733676466
2025-09-05/IMG_1506.JPG,Small,Small,0.7798244677420785,3.249884782263323,2.2548679034972405,-0.27040336789229796
2025-09-05/IMG_1507.JPG,Small,Small,2.1956598139382333,3.2768817951475175,0.7813837302620361,-0.2718356348092923
2025-09-05/IMG_1508.JPG,Medium,Medium,0.7266560543850091,2.247747648781691,3.2731638864305213,-0.24738068328701582
2025-09-05/IMG_1510.JPG,Medium,Medium,0.7240692656774794,2.1749445433187535,3.2868511523929564,-0.23723848034336575
2025-09-05/IMG_1511.JPG,Small,Small,2.2237524384827125,3.220353986478675,0.8046133638363917,-0.24011650554601668
2025-09-05/IMG_1512.JPG,Small,Small,2.2372491854098038,3.2621292847686165,0.8526296728728535,-0.2809067029583264
2025-09-05/IMG_1513.JPG,Small,Small,2.187354517811994,3.267512088829317,0.9055486663159481,-0.27733227385705955
2025-09-05/IMG_1514.JPG,Small,Very Small,3.273956909501887,2.228451039983894,0.8293396481365617,-0.2838991004597727
2025-09-05/IMG_1515.JPG,Very Small,Very Small,3.2776449182336407,2.249764433500871,0.8528631255462007,-0.29260438093026525
2025-09-05/IMG_1516.JPG,Very Small,Very Small,3.280489101969929,2.1988880493908907,0.7851896903030282,-0.27754324927918256
2025-09-05/IMG_1517.JPG,Small,Small,2.249312043468107,3.2523609411958505,0.8035480337833653,-0.27432248782948976
2025-09-05/IMG_1518.JPG,Small,Small,2.217021269579861,3.237267165004476,0.812035594766771,-0.2508795292624483
2025-09-05/IMG_1519.JPG,Small,Small,2.232419679473378,3.2645394997173702,0.961187400389833,-0.285828075938727
2025-09-05/IMG_1520.JPG,Small,Small,2.237525225900801,3.2541457013636528,0.8649787603461645,-0.2778493148801719
2025-09-05/IMG_1522.JPG,Very Small,Very Small,3.264602525185528,2.248940628007172,0.879409648312836,-0.28724693048425315
2025-09-05/IMG_1523.JPG,Very Small,Small,2.2297507773725505,3.263867599063678,0.867190487215874,-0.28087509628965385
2025-09-05/IMG_1524.JPG,Small,Small,2.1822709399967257,3.253697995650858,0.8318377099933609,-0.2571294491699912
2025-09-05/IMG_1525.JPG,Very Small,Very Small,3.265049811354083,2.250796160347475,0.7741746099556316,-0.2760560754218099
2025-09-05/IMG_1527.JPG,Small,Small,2.1991406479139846,3.266948679538631,0.9257080383135532,-0.27972928162930066
2025-09-05/IMG_1528.JPG,Small,Small,2.2527547172058395,3.276636293321079,0.9067156256395414,-0.29469648558396166
2025-09-05/IMG_1529.JPG,Small,Small,2.2058834453249236,3.2840453287001052,0.9300256149957032,-0.2922453807609923
2025-09-05/IMG_1530.JPG,Small,Small,1.168472420935375,3.2771198092995424,2.2082740115328967,-0.2946504661763054
2025-09-05/IMG_1531.JPG,Small,Small,1.0133368922593116,3.279665141041418,2.153140529968633,-0.2864018468182747
2025-09-05/IMG_1532.JPG,Very Small,Very Small,3.2799804972224087,2.2611652181525512,0.8306126211462405,-0.2955976406373253
2025-09-05/IMG_1533.JPG,Small,Small,1.1551665910404478,3.27753814160219,2.199897048207,-0.2933806765344126
2025-09-05/IMG_1534.JPG,Small,Small,2.2299473527633236,3.2726938318584007,1.110767755340585,-0.2927759941173473
2025-09-05/IMG_1535.JPG,Small,Small,1.1580538572723178,3.279038810310205,2.1766262018772595,-0.2925246172681566
2025-09-05/IMG_1536.JPG,Small,Very Small,3.2716021160503947,2.249838291697391,0.8787871848191487,-0.29071070747538785
2025-09-05/IMG_1537.JPG,Very Small,Very Small,3.2900039827887007,2.196943739581171,0.8025266037624911,-0.28995025185771617
2025-09-05/IMG_1538.JPG,Very Small,Very Small,3.2804315821260706,2.263641994465251,0.8001960134357752,-0.2945179189652278
2025-09-05/IMG_1539.JPG,Very Small,Very Small,3.2932326767934645,2.248162157211292,0.769223368477568,-0.2961967224387752
2025-09-05/IMG_1540.JPG,Very Small,Very Small,3.296050923470876,2.2401865350752903,0.7562345769229237,-0.29544497244002393
2025-09-05/IMG_1541.JPG,Small,Small,2.1144690769716594,3.2786070771331097,1.1455951311570516,-0.28822402408252906
2025-09-05/IMG_1542.JPG,Small,Small,2.2514393581408703,3.267130524310254,0.9994294028558226,-0.29219946261688273
2025-09-05/IMG_1544.JPG,Very Small,Small,2.1885793515405334,3.2546008631375334,0.8141703703011255,-0.25539114459882056
2025-09-05/IMG_1545.JPG,Very Small,Small,1.9979447516074662,3.274104519264368,0.972336103883776,-0.27306896889026105
2025-09-05/IMG_1549.JPG,Very Small,Very Small,3.278365081511039,2.2655597328730663,0.7767532099169774,-0.29142844590143774
2025-09-05/IMG_1550.JPG,Very Small,Very Small,3.2551641031264413,2.2563210992560023,0.8145222494963215,-0.2807414776351645
2025-09-05/IMG_1551.JPG,Small,Small,2.2259940691723163,3.264318633212501,0.8572775561695397,-0.2794529549406047
2025-09-05/IMG_1552.JPG,Medium,Small,2.2330518487957294,3.2703600019043395,0.8872979151672654,-0.2864272997652908
2025-09-05/IMG_1553.JPG,Very Small,Very Small,3.2614166186599074,2.2741015107351723,0.9431169930455333,-0.2965287155424841
2025-09-05/IMG_1554.JPG,Small,Small,2.249602586195995,3.2661571229811415,0.8684506067744866,-0.2876158511343339
2025-09-05/IMG_1555.JPG,Very Small,Very Small,3.2669197495078213,2.2676704148517812,0.833037507447165,-0.29214002520922083
2025-09-05/IMG_1557.JPG,Very Small,Very Small,3.274932111599333,2.2569234973911456,0.8102053424413456,-0.29031052749946734
2025-09-05/IMG_1558.JPG,Small,Small,2.2541212105021886,3.263472225908258,0.8279711922524136,-0.28511498270152436
2025-09-05/IMG_1559.JPG,Small,Small,2.198432379216197,3.281013035550892,0.9350318312398347,-0.28947295519430205
2025-09-05/IMG_1560.JPG,Small,Small,2.2599429393580786,3.275287474244753,0.8413287819107208,-0.29353737386813605
2025-09-05/IMG_1562.JPG,Very Small,Very Small,3.257412459260615,2.254941444797731,0.8616653436770007,-0.2852559249360944
2025-09-05/IMG_1564.JPG,Very Small,Very Small,3.251860056122238,2.2525544493384957,1.1317083070617242,-0.2909840271344059
2025-09-05/IMG_1565.JPG,Very Small,Medium,0.8937316647586151,2.226290159792261,3.2113631176743804,-0.2572108456952279
2025-09-05/IMG_1566.JPG,Small,Very Small,3.2658337619389766,2.2557251065309813,0.8919921167281717,-0.29034498211100873
2025-09-05/IMG_1568.JPG,Small,Small,2.183989002406007,3.2568172947939815,1.1430133479571158,-0.28075543866163555
2025-09-05/IMG_1569.JPG,Very Small,Very Small,3.263856231273187,2.2097574363746815,0.8441764849302766,-0.2739929598358532
2025-09-05/IMG_1570.JPG,Very Small,Small,2.1767753352611607,3.202305306078557,1.0933558690948209,-0.2512747938255122
2025-09-05/IMG_1571.JPG,Small,Small,0.8307102997983723,3.2740918878138587,2.2392893564637766,-0.286642452267949
2025-09-05/IMG_1572.JPG,Medium,Medium,0.7503195282250767,2.2733793514233764,3.255681969000374,-0.27652602684262717
2025-09-05/IMG_1574.JPG,Small,Small,2.2179165757499697,3.2746797698285333,1.0935909411995175,-0.29146545561423337
2025-09-05/IMG_1576.JPG,Very Small,Very Small,3.275248225834818,2.2403584827253935,0.7984723504961191,-0.2842771435047876
2025-09-05/IMG_1577.JPG,Very Small,Very Small,3.257122342973129,2.2647694873866553,0.9295027318126021,-0.2914954106107133
2025-09-05/IMG_1579.JPG,Small,Small,2.073565669958906,3.2637702832602136,0.8371170917661452,-0.2524156179389122
2025-09-05/IMG_1580.JPG,Small,Small,1.1092852092139072,3.2720108304295774,2.179970895927336,-0.28636525368128574
2025-09-05/IMG_1581.JPG,Small,Small,1.0481281249958554,3.273877698581801,2.212878512121789,-0.28913908495693247
2025-09-05/IMG_1582.JPG,Medium,Small,0.7755035977468869,3.274014556444404,2.2530034441187703,-0.28362827629406134
2025-09-05/IMG_1583.JPG,Small,Medium,0.7488562376084261,2.271344574241058,3.2610069073883605,-0.27712567012455797
2025-09-05/IMG_1585.JPG,Medium,Small,2.201676343164541,3.2642911848394487,1.1554285322918054,-0.2872512013049281
2025-09-05/IMG_1586.JPG,Very Small,Small,2.223916991308627,3.263125690247945,1.182187557369085,-0.29166492247706227
2025-09-05/IMG_1588.JPG,Very Small,Very Small,3.2671435471630415,2.2176576526884966,1.0053280095159887,-0.28526025058450855
2025-09-05/IMG_1589.JPG,Very Small,Very Small,3.258007909990095,2.247026784651844,0.84012720628088,-0.2809700105528008
2025-09-05/IMG_1590.JPG,Small,Small,2.224154575602586,3.254356928650127,0.8736777341861716,-0.27447740184707975
2025-09-05/IMG_1591.JPG,Very Small,Very Small,3.2602880457285233,2.2122204126620666,0.793648448989097,-0.26226896190401505
2025-09-05/IMG_1592.JPG,Small,Very Small,3.229158335398189,2.237648325055837,0.9364161524439216,-0.2721452326712838
2025-09-05/IMG_1593.JPG,Very Small,Very Small,3.265143374774241,2.222907316417656,0.7986964372858237,-0.27140118662886853
2025-09-05/IMG_1595.JPG,Small,Very Small,3.2639859062619077,2.258467337107403,0.7925156470676258,-0.2829080279949691
2025-09-05/IMG_1596.JPG,Very Small,Very Small,3.2657003071099866,2.260354295318282,0.8088966108661841,-0.2867293045728223
2025-09-05/IMG_1597.JPG,Very Small,Small,2.252010263519326,3.2688518541206397,0.9043628318461043,-0.29095670149578345
2025-09-05/IMG_1598.JPG,Small,Very Small,3.275603915067208,2.2614570027116554,0.8034330478895071,-0.2915329723158046
2025-09-05/IMG_1599.JPG,Small,Small,1.0305740420302083,3.270627147885118,2.2037123851924334,-0.28563512128531426
2025-09-05/IMG_1600.JPG,Small,Small,1.172306969838333,3.270160921213379,2.162710762106192,-0.28767279086082287
2025-09-05/IMG_1601.JPG,Small,Small,1.0846893018879784,3.2767848229412424,2.195032810358957,-0.2897344670796308
2025-09-05/IMG_1602.JPG,Medium,Small,0.8400580922980974,3.277742764140003,2.229060114436623,-0.28748607492599637
2025-09-05/IMG_1603.JPG,Medium,Small,2.176857554877893,3.2753540042457554,1.1196313142376333,-0.2885258580711094
2025-09-05/IMG_1604.JPG,Small,Small,2.2072747164470634,3.27890567667246,1.0954546310889697,-0.29253308186173094
2025-09-05/IMG_1605.JPG,Small,Small,1.1084703622373273,3.2764144192598312,2.0911475842501077,-0.2836933900720181
2025-09-05/IMG_1606.JPG,Small,Medium,0.7863934417114472,2.274903587342791,3.2445573543670507,-0.2833995658019016
2025-09-05/IMG_1607.JPG,Medium,Medium,0.7405416552787467,2.270317524381247,3.2596919658644663,-0.27048759067682354
2025-09-05/IMG_1608.JPG,Small,Small,2.2014652104060883,3.267331744230514,0.7828682819219595,-0.2625556729350772
2025-09-29/IMG_1672.JPG,Small,Small,2.2080377844929537,3.2820645907122916,0.7485364127519063,-0.2678525976991589
2025-09-29/IMG_1673.JPG,Small,Small,2.1966064062121253,3.2802060400089026,0.7569629815843051,-0.2669407179828503
2025-09-29/IMG_1674.JPG,Small,Small,0.7949537057841669,3.276109921726003,2.1497880303365924,-0.267233326180172
2025-09-29/IMG_1675.JPG,Medium,Medium,0.7342214751505123,2.196391071692398,3.2853000531653613,-0.25824952767067993
2025-09-29/IMG_1677.JPG,Small,Medium,0.7614595764425596,2.267834285420283,3.236955219064298,-0.2670813374467977
2025-09-29/IMG_1678.JPG,Small,Small,0.782957167285355,3.2737161874394656,2.2588431439667747,-0.28703517215417124
2025-09-29/IMG_1679.JPG,Medium,Medium,0.7403259737586894,2.2520998100394074,3.2716615820972863,-0.26643945502998934
2025-09-29/IMG_1681.JPG,Medium,Medium,0.7364114252217581,2.1474013704170725,3.291123651676725,-0.2654518762149951
2025-09-29/IMG_1684.JPG,Medium,Medium,0.7486243502369607,2.248189528190739,3.2685009977273607,-0.26652333259461464
2025-09-29/IMG_1685.JPG,Very Small,Very Small,3.253347979879384,2.2374913813115755,0.7965736532601686,-0.2677092918432388
2025-09-29/IMG_1688.JPG,Very Small,Very Small,3.273110296956567,2.2358126297579695,0.8508010007356828,-0.28666619902642454
2025-09-29/IMG_1689.JPG,Very Small,Small,2.227457884921836,3.2626695777529995,0.7890330554882626,-0.2685010233345218
2025-09-29/IMG_1690.JPG,Medium,Medium,0.7768935021776411,2.22431935201778,3.2642675842496125,-0.26474571590500917
2025-09-29/IMG_1691.JPG,Medium,Medium,0.7549724580165442,1.8776773856075046,3.292415360499537,-0.2637717793282455
2025-09-29/IMG_1692.JPG,Medium,Medium,0.7479200719986672,2.228727721245802,3.2755166983125115,-0.26459819848542177
2025-09-29/IMG_1693.JPG,Medium,Small,0.7530516946732735,3.272963801257428,2.234442867008297,-0.2671115243797031
2025-09-29/IMG_1697.JPG,Medium,Small,0.8093934710906369,3.2635024811782527,2.2027565391934942,-0.26654312293170423
2025-09-29/IMG_1699.JPG,Medium,Medium,0.7685884037906657,2.2556648428046215,3.2485209449179435,-0.2660137326274395
2025-09-29/IMG_1700.JPG,Small,Small,0.8503755589900818,3.2651327918576456,2.161590971048158,-0.26685246199687956
2025-09-29/IMG_1701.JPG,Small,Small,2.2051096133583608,3.283414699101439,0.9631563683566212,-0.2924480357565863
2025-09-29/IMG_1702.JPG,Very Small,Very Small,3.2279144271922546,2.2751556974176577,0.7963451455802244,-0.28059995198835574
2025-09-29/IMG_1703.JPG,Very Small,Very Small,3.274986089155186,2.2910456237533303,0.74573659476617,-0.2977958083765159
2025-09-29/IMG_1704.JPG,Medium,Medium,0.7509485792092522,2.2532356044170703,3.263313622890486,-0.26622599250699497
2025-09-29/IMG_1705.JPG,Very Small,Very Small,3.2745125191779425,2.22198133617939,0.7617048704443059,-0.26864706187840953
2025-09-29/IMG_1706.JPG,Medium,Medium,0.7641774237544516,2.2433568777553585,3.260718773745745,-0.2649810197587867
2025-09-29/IMG_1707.JPG,Small,Small,2.1107542469716267,3.26940696256336,0.8765445562381508,-0.2682762075479255
2025-09-29/IMG_1708.JPG,Small,Small,2.141963006922218,3.274900583574537,0.8137362241198076,-0.2689818503540785
2025-09-29/IMG_1709.JPG,Small,Small,0.8841153555889454,3.2649070176609922,2.1398973964724317,-0.26747949884216166
2025-09-29/IMG_1710.JPG,Medium,Medium,0.7413373357120916,2.228489628821778,3.280244929181193,-0.2665882323728405
2025-09-29/IMG_1711.JPG,Very Small,Very Small,3.2875949464057466,2.134948709640443,0.7872471229434461,-0.2796015786095472
2025-09-29/IMG_1712.JPG,Small,Small,0.9049409943508815,3.2571646893520505,2.1740335201810095,-0.26758447708939814
2025-09-29/IMG_1713.JPG,Medium,Medium,0.839947957983172,2.1944549356107137,3.258294340930041,-0.2655642231729002
2025-09-29/IMG_1714.JPG,Medium,Medium,0.7380647144805265,2.19390517856213,3.286757544504553,-0.26501122127284993
2025-09-29/IMG_1715.JPG,Very Small,Very Small,3.271281395382847,2.229135275491881,0.7646936747229289,-0.26886449429331893
2025-09-29/IMG_1716.JPG,Very Small,Small,2.210969020202645,3.275659669552552,0.7663206903702824,-0.2687193921976779
2025-09-29/IMG_1717.JPG,Medium,Medium,0.7769149181983277,2.2112420683821754,3.2690624964115322,-0.265210248967034
2025-09-29/IMG_1718.JPG,Small,Small,2.2282163684145653,3.283495689980593,0.8180625675827272,-0.2898042908039495
2025-09-29/IMG_1719.JPG,Very Small,Very Small,3.2885436881601753,2.236990155286905,0.7743640393412657,-0.29063637763678635
2025-09-29/IMG_1720.JPG,Small,Small,2.114464412519185,3.2667710074426393,1.0462040527200491,-0.27476889962318934
2025-09-29/IMG_1721.JPG,Very Small,Very Small,3.289537510214282,2.167135816426839,0.8050985708365523,-0.2870935447108151
2025-09-29/IMG_1722.JPG,Very Small,Very Small,3.264180916624176,2.2547635746935097,0.7520661349796387,-0.26872833721149286
2025-09-29/IMG_1723.JPG,Medium,Medium,0.7810035720229112,2.225752982608679,3.2640282128863474,-0.2665698312272823
2025-09-29/IMG_1725.JPG,Small,Small,0.8393322929705948,3.272415879083821,2.1230471012335688,-0.26831187778071
2025-09-29/IMG_1726.JPG,Small,Small,0.8483656546562841,3.2764576536646035,2.0295057599792377,-0.26827127063944095
2025-09-29/IMG_1727.JPG,Very Small,Very Small,3.2952618288035476,2.2162411414473655,0.7488657000765491,-0.2891657705021447
2025-09-29/IMG_1728.JPG,Very Small,Very Small,3.2966253120814777,2.197379148573894,0.7424525955259936,-0.28660951356613545
2025-09-29/IMG_1729.JPG,Very Small,Very Small,3.297957909630462,2.165175631368261,0.7396292959147879,-0.28457511945095315
2025-09-29/IMG_1731.JPG,Small,Small,2.045885052461617,3.277574680548399,0.8278904504364221,-0.2675904163207081
2025-09-29/IMG_1732.JPG,Very Small,Very Small,3.2943910930207703,2.230700721036903,0.7493808788316171,-0.290475077968079
2025-09-29/IMG_1735.JPG,Very Small,Small,2.235826024464539,3.2727856679822827,0.7543723001043061,-0.2682705880469636
2025-09-29/IMG_1736.JPG,Very Small,Very Small,3.2773894658190237,2.220846615324458,0.7549790589655029,-0.2685730350594071
2025-09-29/IMG_1737.JPG,Small,Small,2.2014742007924997,3.2797922262646817,0.757765614042778,-0.26790549334333125
2025-09-29/IMG_1738.JPG,Medium,Medium,0.7590180931894546,2.2446867149404457,3.2654973321247307,-0.2675177848070651
2025-09-29/IMG_1739.JPG,Small,Small,0.8381277358952968,3.2705201123541467,2.138788218728066,-0.2676656190657919
2025-09-29/IMG_1740.JPG,Small,Small,2.1933872935810212,3.278531282584584,0.7641700150876605,-0.2672702435445234
2025-09-29/IMG_1742.JPG,Small,Small,0.9630783862999668,3.262373112011601,2.1302399521276736,-0.269405178776748
2025-09-29/IMG_1746.JPG,Medium,Medium,0.8103496204130137,2.178880048712724,3.2650406166360266,-0.262699551493269
2025-09-29/IMG_1748.JPG,Very Small,Very Small,3.2738277060401524,2.267374543660116,0.7367973131706578,-0.2768585361513181
2025-09-29/IMG_1750.JPG,Medium,Medium,0.8340593767593889,2.1935957953079948,3.2711434570689897,-0.27540290368143877
2025-09-29/IMG_1751.JPG,Small,Small,2.2046405151658557,3.274619347645789,1.0852204695591248,-0.2895362725536652
2025-09-29/IMG_1752.JPG,Small,Small,2.228271193742719,3.2682877141301274,1.1915547422179618,-0.2947906375923526
2025-09-29/IMG_1753.JPG,Small,Small,2.223512908554189,3.2685255228379377,1.1855747250546582,-0.2938135905410745
2025-09-29/IMG_1754.JPG,Very Small,Very Small,3.2746182195723748,2.2528698931615927,0.867606011044113,-0.29248827914063796
2025-09-29/IMG_1755.JPG,Medium,Medium,0.8074153070067047,2.2358514688301345,3.27503546080142,-0.2840885964168256
2025-09-29/IMG_1757.JPG,Very Small,Very Small,3.281917374136636,2.1928698857340483,1.030478832243595,-0.29144047945962187
2025-09-29/IMG_1759.JPG,Very Small,Very Small,3.2449059209958113,2.250658029994265,1.1863902692095094,-0.2920273673383825
2025-09-29/IMG_1760.JPG,Very Small,Very Small,3.2744943756323055,2.254672771906823,0.8193379995497347,-0.2901524112071157
2025-09-29/IMG_1761.JPG,Small,Small,1.1030670262418178,3.2700798984815416,2.2226101539871213,-0.29019967001574654
2025-09-29/IMG_1763.JPG,Medium,Medium,0.8117710105331347,2.245681760971951,3.2724210567718908,-0.28556476513321044
2025-09-29/IMG_1764.JPG,Small,Small,2.2652034923214592,3.294304457504793,0.7327193371794594,-0.2935884599324608
2025-09-29/IMG_1768.JPG,Medium,Small,0.7893803764005543,3.2444179644829267,2.232492962102132,-0.25649456696019424
2025-09-29/IMG_1769.JPG,Medium,Small,0.9061422024562579,3.2607544394007717,2.119213987407306,-0.2632690680047147
2025-09-29/IMG_1770.JPG,Very Small,Very Small,3.274797409948561,2.229258237638591,0.756952114383956,-0.2692964114490087
2025-09-29/IMG_1772.JPG,Very Small,Very Small,3.2850908098234104,2.1791001377713,0.7569925210858017,-0.2713803080309336
2025-09-29/IMG_1773.JPG,Very Small,Very Small,3.2941751682830596,1.9446103768676297,0.764112462500902,-0.27676422254952737
2025-09-29/IMG_1776.JPG,Very Small,Very Small,3.2845037180788146,2.1918005958674143,0.7523772680168395,-0.2703519585097837
2025-09-29/IMG_1777.JPG,Very Small,Very Small,3.286279699084883,2.1517583339636337,0.7587926117082706,-0.2704600396158294
2025-09-29/IMG_1779.JPG,Very Small,Very Small,3.2845852855176654,2.1842596581523654,0.7555543661272779,-0.2707221355421044
2025-09-29/IMG_1780.JPG,Small,Small,0.9020561315421975,3.2691260595003158,2.001454039846578,-0.2635955280997489
2025-09-29/IMG_1781.JPG,Small,Small,0.7727034232244204,3.2545480231445767,2.237141748586369,-0.2601158989624881
2025-09-29/IMG_1784.JPG,Small,Small,0.7934980123047048,3.266095590494242,2.1940107295797326,-0.26274027693839647
2025-09-29/IMG_1785.JPG,Very Small,Very Small,3.269909540820602,2.232297215976762,0.7685265401144099,-0.2702298903725888
2025-09-29/IMG_1786.JPG,Very Small,Very Small,3.2820503899369307,2.22201570526091,0.7454594915958104,-0.2700079382358621
2025-09-29/IMG_1787.JPG,Very Small,Very Small,3.281847984616419,2.2168349132157026,0.7482510812147971,-0.2698395190972646
2025-09-29/IMG_1788.JPG,Very Small,Very Small,3.262581220235239,2.26087779230257,0.7466535849593691,-0.26853869635898747
2025-09-29/IMG_1791.JPG,Very Small,Very Small,3.280020059703289,2.1900323120146243,0.7700629882179966,-0.2710817493367186
2025-09-29/IMG_1792.JPG,Small,Very Small,3.2558338242166607,2.25389139836233,0.7696850124929493,-0.26997847370827643
2025-09-29/IMG_1793.JPG,Very Small,Very Small,3.256666927596594,2.2437497664823702,0.7882722093899862,-0.27076675809560213
2025-09-29/IMG_1794.JPG,Very Small,Very Small,3.2762730592051312,2.267895825443558,0.7649839374044467,-0.2891557806895973
2025-09-29/IMG_1797.JPG,Small,Small,0.917323426625536,3.254358112427444,2.134075001213489,-0.2602942010639795
2025-09-29/IMG_1799.JPG,Small,Small,2.230161377198903,3.2710118531519594,0.7595676535996438,-0.26655198106541816
2025-09-29/IMG_1800.JPG,Very Small,Very Small,3.2625250611991974,2.2583006036405955,0.7491480705572598,-0.2680856559063003
2025-09-29/IMG_1801.JPG,Very Small,Very Small,3.2864200736026214,2.1873651618626275,0.7480023225998993,-0.2703293518964455
2025-09-29/IMG_1802.JPG,Very Small,Very Small,3.282329672234312,2.224623685430924,0.7449272755371587,-0.2709403018056733
2025-09-29/IMG_1803.JPG,Very Small,Very Small,3.2739787082716236,2.247718793952194,0.7422920528052085,-0.2679955194103292
2025-09-29/IMG_1804.JPG,Very Small,Very Small,3.286750992365006,2.1943739838873846,0.7420403927474617,-0.2683834611430731
2025-09-29/IMG_1806.JPG,Very Small,Very Small,3.252015460943103,2.2708610779559963,0.7418578848281021,-0.26668932545621665
2025-09-29/IMG_1809.JPG,Medium,Medium,0.736558698606791,2.1077196189261715,3.2804843898058107,-0.2227924433317036
2025-09-29/IMG_1811.JPG,Medium,Small,0.8905019106108508,3.2781879412637074,2.2601748747017583,-0.2967505583027168
2025-09-29/IMG_1815.JPG,Very Small,Very Small,3.2668037100982388,2.2572304080198604,0.7439161989521383,-0.26765592367429264
2025-09-29/IMG_1816.JPG,Very Small,Very Small,3.273668481600341,2.2388420963263136,0.7490649209431954,-0.26757457091947073
2025-09-29/IMG_1817.JPG,Very Small,Very Small,3.285822636116278,2.203843492712257,0.7418445401263575,-0.2686867385527013
2025-09-29/IMG_1818.JPG,Very Small,Very Small,3.243099388789343,2.2680885760772354,0.7556140809098442,-0.2673990131549083
2025-09-29/IMG_1819.JPG,Small,Small,2.1617104139943795,3.271605897350195,0.8080056479259963,-0.2664517106382834
2025-09-29/IMG_1820.JPG,Very Small,Very Small,3.265421480622528,2.2379726920581366,0.7624422923882316,-0.2656303913677739
2025-09-29/IMG_1821.JPG,Very Small,Very Small,3.2722871818060724,2.2452450622440487,0.7482470482572903,-0.2687148533775451
2025-09-29/IMG_1822.JPG,Very Small,Very Small,3.2531529637324326,2.243779596699573,0.7758958639889909,-0.2642882915460567
2025-09-29/IMG_1824.JPG,Medium,Medium,0.7521686857467952,2.23477806170967,3.2573434408309643,-0.24720517956920363
2025-09-29/IMG_1825.JPG,Small,Small,0.8263034686122785,3.246841530457322,2.203352889372352,-0.2563571701784379
2025-09-29/IMG_1826.JPG,Small,Small,0.9140221875953026,3.275668199151,2.165981383207594,-0.28145041966340617
2025-09-29/IMG_1827.JPG,Medium,Medium,0.7523268225925294,2.209032562392791,3.259353705381786,-0.2322026742417865
2025-09-29/IMG_1828.JPG,Small,Small,2.276369595893273,3.2969953005169574,0.715998804104694,-0.2930166743085472
2025-09-29/IMG_1830.JPG,Small,Small,0.800354317406038,3.280096873297682,2.2470392461435664,-0.2896504771700016
2025-09-29/IMG_1831.JPG,Small,Small,1.0137231717798911,3.2777033695491062,2.231744836074314,-0.2932505540266608
2025-09-29/IMG_1832.JPG,Small,Small,1.1237011203602219,3.276162963195663,2.2131037033743692,-0.292648617211188
2025-09-29/IMG_1833.JPG,Small,Small,1.1676573355357291,3.286873705457501,2.221717351168877,-0.3005671087229025
2025-09-29/IMG_1834.JPG,Small,Small,0.7841186120386674,3.2765680083184394,2.241844643309145,-0.2834146523822662
2025-09-29/IMG_1835.JPG,Small,Small,0.9651760133672282,3.2841206452105314,2.2160048289474146,-0.2941069746492162
2025-09-29/IMG_1836.JPG,Small,Small,1.1527440739836172,3.2763868731923735,2.171317533731082,-0.2903595832353135
2025-09-29/IMG_1838.JPG,Small,Small,0.8647151462325653,3.273521643609735,2.210741903523919,-0.2828971818622127
2025-09-29/IMG_1840.JPG,Small,Small,2.113921873178,3.2881876331007103,0.9756262589360377,-0.29072843865421266
2025-09-29/IMG_1841.JPG,Small,Small,0.9845634128674123,3.2778219304510157,2.232066056736459,-0.29291867831995616
2025-09-29/IMG_1843.JPG,Small,Small,2.19939293354372,3.284668907603683,1.2105182498019418,-0.30017377932703776
2025-09-29/IMG_1844.JPG,Small,Small,0.7780063095330586,3.2686806976371026,2.2532806735343613,-0.28063942002248027
2025-09-29/IMG_1845.JPG,Small,Small,1.1343637444120336,3.2817267675839323,2.2428354432087074,-0.2993812278286695
2025-09-29/IMG_1846.JPG,Small,Small,0.8925911045383762,3.2823401618978543,2.240145238246444,-0.29474593263410787
2025-09-29/IMG_1847.JPG,Medium,Small,0.9708092436880361,3.281161257592243,2.2464440085921757,-0.29682139701732335
2025-09-29/IMG_1848.JPG,Medium,Small,0.8493792565754174,3.2849864212763635,2.266574451359406,-0.3002098350316646
2025-09-29/IMG_1849.JPG,Small,Small,0.8166022769008419,3.260266102264791,2.1792381680138333,-0.2592921240830615
2025-09-29/IMG_1850.JPG,Small,Small,2.1490853673473658,3.2756545118945364,1.1308181576712575,-0.28725623609253537
2025-09-29/IMG_1854.JPG,Very Small,Very Small,3.28076178483582,2.22955166013666,0.8120988826885251,-0.28742229185081314
2025-09-29/IMG_1857.JPG,Very Small,Very Small,3.2565837015560066,2.252536653199488,0.884000853040737,-0.28526776965252665
2025-09-29/IMG_1858.JPG,Small,Small,2.2316193585985924,3.2614370761575833,1.0655901607128135,-0.28676830317358015
2025-09-29/IMG_1859.JPG,Medium,Very Small,3.250586482764252,2.250683287438128,1.1090186616644286,-0.2891681738178782
2025-09-29/IMG_1861.JPG,Very Small,Small,2.253336775410116,3.255590948356918,0.8799235059052997,-0.284964225109487
2025-09-29/IMG_1862.JPG,Small,Small,2.2347310832574743,3.265815296338686,0.9462759183532475,-0.286552320678516
2025-09-29/IMG_1865.JPG,Small,Medium,0.9242137799950433,2.2430570956120963,3.199381620244045,-0.2651191321227828
2025-09-29/IMG_1869.JPG,Small,Small,2.210464125066557,3.276375142041364,1.125308315636105,-0.2925213162133759
2025-09-29/IMG_1870.JPG,Small,Small,2.2272547326742114,3.268117030845454,0.8466244756824357,-0.2812600438949301
2025-09-29/IMG_1871.JPG,Small,Small,2.243295503072501,3.269258744096497,1.0704603091670446,-0.29254592689736225
2025-09-29/IMG_1873.JPG,Small,Small,2.215263849437413,3.27107440898985,0.9449236846373125,-0.2855726949294325
2025-09-29/IMG_1874.JPG,Small,Small,2.1532519602764797,3.2748166844567104,0.9671960147982696,-0.28155939435893856
2025-09-29/IMG_1875.JPG,Small,Very Small,3.269487975948287,2.2656688657563735,1.0513032551394317,-0.29760293386268666
2025-09-29/IMG_1877.JPG,Very Small,Small,2.2398344079758137,3.2399662500957294,0.9138249903400357,-0.27572876167326876
2025-09-29/IMG_1878.JPG,Small,Small,2.2507743519774666,3.240955269705224,0.8688448007756672,-0.2777515308919038
2025-09-29/IMG_1879.JPG,Very Small,Very Small,3.2819939005527092,2.235123898708032,0.8082595459281796,-0.28908167691193687
2025-09-29/IMG_1880.JPG,Very Small,Very Small,3.268312852335605,2.233593377492056,0.8136634953041475,-0.2795784866029217
2025-09-29/IMG_1881.JPG,Small,Small,2.237363338809425,3.269226376645122,0.8233209094820768,-0.28240482939570066
2025-09-29/IMG_1882.JPG,Small,Small,2.208659779499107,3.2644815714393722,1.0661114258794788,-0.2840409549684327
2025-09-29/IMG_1883.JPG,Small,Small,2.228565104932748,3.2716909941281,0.8544045080745514,-0.2844118509241535
2025-09-29/IMG_1885.JPG,Very Small,Very Small,2.174058374458626,2.191307341611136,2.1233629554223192,-0.2505655258351343
2025-09-29/IMG_1886.JPG,Very Small,Very Small,3.257571732981139,2.263333057389402,1.0379031886188899,-0.2931240063047422
2025-09-29/IMG_1889.JPG,Very Small,Very Small,3.256877091390231,2.2573864763781395,0.987558575365212,-0.29009974546414313
2025-09-29/IMG_1890.JPG,Small,Small,2.183580701435923,3.2669757028793063,1.1864687083793428,-0.28900026843207993
2025-09-29/IMG_1891.JPG,Medium,Medium,0.914709429696015,2.262001226397817,3.267872900285838,-0.29375096435737097
2025-09-29/IMG_1893.JPG,Very Small,Small,2.0163257484053307,3.265420477430759,1.1970722367704094,-0.28129906148155415
2025-09-29/IMG_1895.JPG,Small,Medium,0.7579544455991997,2.201605018544463,3.255917121023428,-0.22866737165111406
2025-09-29/IMG_1897.JPG,Small,Small,2.2090836177337523,3.2518874543444394,0.845966682217568,-0.2655328429603345
2025-09-29/IMG_1898.JPG,Medium,Small,1.064768816271184,3.244294435881761,2.242670071914342,-0.28329423434715567
2025-09-29/IMG_1899.JPG,Medium,Small,0.8840068752481917,3.2512190728733152,2.2535022560648894,-0.2835908037829068
2025-09-29/IMG_1900.JPG,Medium,Medium,0.750640442074658,2.2606305661369777,3.264460162800227,-0.27222954296923085
2025-09-29/IMG_1901.JPG,Small,Small,0.8764051906402932,3.2615418232594555,2.1997968631837943,-0.27327317685592883
2025-09-29/IMG_1902.JPG,Small,Small,2.1370069814414783,3.2031246301370673,1.1710197430900755,-0.25602042976679645
2025-09-29/IMG_1903.JPG,Medium,Medium,0.9931206847000593,2.105187229218786,3.266700197327052,-0.27208691660554307
2025-09-29/IMG_1904.JPG,Very Small,Medium,2.0950182162360744,0.9279912776657041,3.264050961698995,-0.26578015558383555
2025-09-29/IMG_1905.JPG,Medium,Medium,0.8231292551368381,-0.27788077419297286,3.2705953086319868,2.215484408594708
2025-09-29/IMG_1906.JPG,Large,Large,-0.2381008928121452,0.744788471751055,2.2434739201760743,3.2511819683725087
2025-09-29/IMG_1907.JPG,Very Small,Very Small,3.2575159447147035,-0.24427613562393113,2.11181323356235,0.8211041783604465
2025-09-29/IMG_1908.JPG,Large,Large,2.07806479397592,-0.22037805621055745,0.808235827373175,3.249995162807462
2025-09-29/IMG_1909.JPG,Very Small,Very Small,3.231131781026412,-0.25226912751376906,2.245482698164315,0.7798958762929092
2025-09-29/IMG_1912.JPG,Small,Small,2.2440103622583294,3.2621920528007946,1.1041641386481065,-0.2909881792508923
2025-09-29/IMG_1914.JPG,Very Small,Very Small,3.2893520827203546,2.242667411631868,0.8053739474185844,-0.29567853013526263
2025-09-29/IMG_1915.JPG,Very Small,Very Small,3.2919983743145558,2.235365420714637,0.7847856276714255,-0.29477388257067366
2025-09-29/IMG_1916.JPG,Very Small,Very Small,3.2882611726069286,2.225372623376869,0.7851760569419085,-0.28987608955425875
2025-09-29/IMG_1917.JPG,Very Small,Very Small,3.280601516299071,2.246254384824824,0.7921942889469449,-0.28885200012674994
2025-09-29/IMG_1919.JPG,Very Small,Small,2.179963886771306,3.255769103215645,1.2122478611860925,-0.2871895110412738
2025-09-29/IMG_1920.JPG,Very Small,Very Small,3.264066781593062,2.2639900314183112,0.9787915771041138,-0.2943532708975341
2025-09-29/IMG_1921.JPG,Very Small,Very Small,3.2903667226139017,2.2375018853726045,0.806666420763361,-0.2956912403881706
2025-09-29/IMG_1922.JPG,Very Small,Very Small,3.2806033842949214,2.245764020961508,0.9179541025032095,-0.29546110657793057
2025-09-29/IMG_1923.JPG,Very Small,Very Small,3.2665077044212647,2.2613386322373747,1.0026809689903964,-0.29469129801922384
2025-09-29/IMG_1924.JPG,Very Small,Very Small,3.2929499725792497,2.2163509261240635,0.7791149058013671,-0.29237991727107593
2025-09-29/IMG_1925.JPG,Small,Very Small,3.278830657644397,2.254905335123331,0.8538059929301539,-0.29450540763953503
2025-09-29/IMG_1927.JPG,Very Small,Very Small,3.289148109456781,2.2201637055709846,0.785087841309154,-0.28990012525297887
2025-09-29/IMG_1930.JPG,Very Small,Very Small,3.286566449548861,2.230043498777632,0.7896698654404338,-0.28973047623992165
2025-09-29/IMG_1931.JPG,Very Small,Very Small,3.2658247476657234,2.250657421251532,0.8364979998133576,-0.28575994974589247
2025-09-29/IMG_1933.JPG,Very Small,Small,2.2496503061374873,3.2642770727766943,0.9395698476966191,-0.28940914184435995
2025-09-29/IMG_1934.JPG,Small,Small,2.223352167111937,3.2718029714780825,0.9271479397493425,-0.2868337248102124
2025-09-29/IMG_1935.JPG,Very Small,Small,2.227201773773433,3.258525773388775,0.838242397064902,-0.27437652962391973
2025-09-29/IMG_1937.JPG,Very Small,Very Small,3.2830119624694256,2.2465445687146235,0.782246554002861,-0.28936274916766996
2025-09-29/IMG_1939.JPG,Very Small,Very Small,3.2726959348959803,2.254370263365802,0.8587718263762,-0.2915799211191128
2025-09-29/IMG_1940.JPG,Very Small,Very Small,3.2697892658431558,2.2415097722128072,0.8179117662946519,-0.2833727445625454
2025-09-29/IMG_1941.JPG,Very Small,Small,2.235517352793105,3.2691613664765695,1.0998813746446117,-0.291822235320739
2025-09-29/IMG_1942.JPG,Very Small,Very Small,3.2786938695616117,2.257564504017287,0.8556319117815673,-0.29517682853750615
2025-09-29/IMG_1944.JPG,Very Small,Very Small,3.274900918651843,2.2647588552913827,0.8799704250188858,-0.2963077106402287
2025-09-29/IMG_1946.JPG,Very Small,Very Small,3.2601224115710643,2.264038392328153,0.9218250903881046,-0.2919616096614107
2025-09-29/IMG_1947.JPG,Small,Small,2.2139735961738283,3.273272440512756,1.1954213049525406,-0.29527984944006763
2025-09-29/IMG_1948.JPG,Very Small,Small,2.2523370225727355,3.265583328388238,1.0994146084019456,-0.2939343676486612
2025-09-29/IMG_1950.JPG,Very Small,Small,2.246177140598737,3.26404324557084,1.1748910578548009,-0.29519040503751487
