image_filename,otsu_threshold_excess_green,foreground_fraction_before_cleanup,foreground_fraction_after_cleanup,component_count,fallback_used
2025-08-07/IMG_9085.JPG,0.19999999999999996,0.7232093811035156,0.7652130126953125,2,False
2025-08-07/IMG_9086.JPG,0.19999999999999996,0.7630577087402344,0.7961006164550781,2,False
2025-08-07/IMG_9087.JPG,0.18823529411764706,0.6762275695800781,0.7023391723632812,4,False
2025-08-07/IMG_9088.JPG,0.19999999999999996,0.7198257446289062,0.7578620910644531,1,False
2025-08-07/IMG_9089.JPG,0.17647058823529416,0.6881752014160156,0.7052040100097656,1,False
2025-08-07/IMG_9090.JPG,0.18823529411764706,0.6699752807617188,0.6898422241210938,3,False
2025-08-07/IMG_9091.JPG,0.18823529411764706,0.6480560302734375,0.6631050109863281,5,False
2025-08-07/IMG_9092.JPG,0.18823529411764706,0.72711181640625,0.7657661437988281,2,False
2025-08-07/IMG_9093.JPG,0.18823529411764706,0.7411880493164062,0.7673873901367188,3,False
2025-08-07/IMG_9094.JPG,0.18823529411764706,0.7084121704101562,0.7378120422363281,3,False
2025-08-07/IMG_9095.JPG,0.18823529411764706,0.7647476196289062,0.8090934753417969,2,False
2025-08-07/IMG_9096.JPG,0.18823529411764706,0.761566162109375,0.7864799499511719,1,False
2025-08-07/IMG_9097.JPG,0.19999999999999996,0.706939697265625,0.7225303649902344,5,False
2025-08-07/IMG_9098.JPG,0.18823529411764706,0.6675338745117188,0.6912612915039062,5,False
2025-08-07/IMG_9099.JPG,0.19999999999999996,0.6709518432617188,0.6917037963867188,4,False
2025-08-07/IMG_9100.JPG,0.19999999999999996,0.6796455383300781,0.7077064514160156,4,False
2025-08-07/IMG_9101.JPG,0.18823529411764706,0.7304573059082031,0.7583732604980469,3,False
2025-08-07/IMG_9102.JPG,0.18823529411764706,0.6377601623535156,0.6573524475097656,5,False
2025-08-07/IMG_9103.JPG,0.18823529411764706,0.6722068786621094,0.6965560913085938,2,False
2025-08-07/IMG_9104.JPG,0.18823529411764706,0.7179069519042969,0.7477607727050781,2,False
2025-08-07/IMG_9105.JPG,0.18823529411764706,0.7277679443359375,0.7630653381347656,2,False
2025-08-07/IMG_9106.JPG,0.18823529411764706,0.6077842712402344,0.6238555908203125,2,False
2025-08-07/IMG_9107.JPG,0.19999999999999996,0.747802734375,0.7766571044921875,2,False
2025-08-07/IMG_9108.JPG,0.21176470588235285,0.7388992309570312,0.79107666015625,5,False
2025-08-07/IMG_9109.JPG,0.19999999999999996,0.7402191162109375,0.7764816284179688,4,False
2025-08-07/IMG_9110.JPG,0.21176470588235285,0.691680908203125,0.73382568359375,6,False
2025-08-07/IMG_9111.JPG,0.21176470588235285,0.5766143798828125,0.6024055480957031,5,False
2025-08-07/IMG_9112.JPG,0.19999999999999996,0.6078300476074219,0.6341934204101562,2,False
2025-08-07/IMG_9113.JPG,0.17647058823529416,0.6301498413085938,0.6464500427246094,6,False
2025-08-07/IMG_9114.JPG,0.19999999999999996,0.6185646057128906,0.6380271911621094,4,False
2025-08-07/IMG_9115.JPG,0.21176470588235285,0.7316665649414062,0.7606658935546875,2,False
2025-08-07/IMG_9116.JPG,0.18823529411764706,0.6264610290527344,0.6511344909667969,6,False
2025-08-07/IMG_9117.JPG,0.22352941176470598,0.7492828369140625,0.7833366394042969,1,False
2025-08-07/IMG_9118.JPG,0.19999999999999996,0.7144851684570312,0.7415275573730469,2,False
2025-08-07/IMG_9119.JPG,0.17647058823529416,0.6894645690917969,0.7206077575683594,3,False
2025-08-07/IMG_9120.JPG,0.18823529411764706,0.5649604797363281,0.5855674743652344,3,False
2025-08-07/IMG_9121.JPG,0.17647058823529416,0.6375885009765625,0.6688652038574219,1,False
2025-08-07/IMG_9122.JPG,0.18823529411764706,0.7010879516601562,0.7436332702636719,3,False
2025-08-07/IMG_9123.JPG,0.18823529411764706,0.6343917846679688,0.6538925170898438,2,False
2025-08-07/IMG_9124.JPG,0.19999999999999996,0.6241912841796875,0.6538772583007812,4,False
2025-08-07/IMG_9125.JPG,0.18823529411764706,0.6204032897949219,0.6520881652832031,1,False
2025-08-07/IMG_9126.JPG,0.17647058823529416,0.6788177490234375,0.702606201171875,2,False
2025-08-07/IMG_9127.JPG,0.18823529411764706,0.5485115051269531,0.5674362182617188,3,False
2025-08-07/IMG_9128.JPG,0.18823529411764706,0.7026901245117188,0.7451553344726562,4,False
2025-08-07/IMG_9129.JPG,0.19999999999999996,0.576904296875,0.6023483276367188,3,False
2025-08-07/IMG_9130.JPG,0.18823529411764706,0.6840591430664062,0.7115898132324219,1,False
2025-08-07/IMG_9131.JPG,0.18823529411764706,0.6689643859863281,0.6998252868652344,2,False
2025-08-07/IMG_9132.JPG,0.19999999999999996,0.7106437683105469,0.7483978271484375,2,False
2025-08-07/IMG_9133.JPG,0.18823529411764706,0.6336860656738281,0.6583328247070312,1,False
2025-08-07/IMG_9134.JPG,0.19999999999999996,0.7028694152832031,0.7289657592773438,1,False
2025-08-07/IMG_9135.JPG,0.21176470588235285,0.7165908813476562,0.7605056762695312,6,False
2025-08-07/IMG_9136.JPG,0.19999999999999996,0.6803703308105469,0.7133674621582031,2,False
2025-08-07/IMG_9137.JPG,0.18823529411764706,0.6405906677246094,0.65496826171875,8,False
2025-08-07/IMG_9138.JPG,0.17647058823529416,0.5974464416503906,0.6046676635742188,10,False
2025-08-07/IMG_9139.JPG,0.17647058823529416,0.5881195068359375,0.6060752868652344,5,False
2025-08-07/IMG_9140.JPG,0.17647058823529416,0.6260871887207031,0.640899658203125,1,False
2025-08-07/IMG_9141.JPG,0.17647058823529416,0.4761161804199219,0.4852485656738281,9,False
2025-08-07/IMG_9142.JPG,0.19999999999999996,0.581207275390625,0.6116561889648438,3,False
2025-08-07/IMG_9143.JPG,0.17647058823529416,0.5338935852050781,0.5535049438476562,9,False
2025-08-07/IMG_9144.JPG,0.17647058823529416,0.6501197814941406,0.6655693054199219,8,False
2025-08-07/IMG_9145.JPG,0.17647058823529416,0.62774658203125,0.6535263061523438,5,False
2025-08-07/IMG_9146.JPG,0.18823529411764706,0.6736221313476562,0.702880859375,1,False
2025-08-07/IMG_9147.JPG,0.17647058823529416,0.6301689147949219,0.6591606140136719,1,False
2025-08-07/IMG_9148.JPG,0.17647058823529416,0.6084709167480469,0.6404380798339844,2,False
2025-08-07/IMG_9149.JPG,0.17647058823529416,0.6041755676269531,0.6379814147949219,5,False
2025-08-07/IMG_9150.JPG,0.17647058823529416,0.4493675231933594,0.48040771484375,12,False
2025-08-07/IMG_9151.JPG,0.18823529411764706,0.5993995666503906,0.6338539123535156,6,False
2025-08-07/IMG_9152.JPG,0.17647058823529416,0.6026954650878906,0.6491622924804688,5,False
2025-08-07/IMG_9153.JPG,0.21176470588235285,0.7160530090332031,0.7773017883300781,4,False
2025-08-07/IMG_9154.JPG,0.19999999999999996,0.732757568359375,0.7780113220214844,3,False
2025-08-07/IMG_9155.JPG,0.18823529411764706,0.6589508056640625,0.6965751647949219,5,False
2025-08-07/IMG_9156.JPG,0.19999999999999996,0.6124038696289062,0.6462135314941406,1,False
2025-08-07/IMG_9157.JPG,0.17647058823529416,0.6025657653808594,0.620025634765625,7,False
2025-08-07/IMG_9158.JPG,0.18823529411764706,0.5542564392089844,0.5895004272460938,5,False
2025-08-07/IMG_9159.JPG,0.16470588235294126,0.6406021118164062,0.6700057983398438,4,False
2025-08-07/IMG_9160.JPG,0.17647058823529416,0.6230239868164062,0.6413803100585938,4,False
2025-08-07/IMG_9161.JPG,0.16470588235294126,0.5220260620117188,0.5405120849609375,6,False
2025-08-07/IMG_9162.JPG,0.17647058823529416,0.4603080749511719,0.48709869384765625,5,False
2025-08-07/IMG_9163.JPG,0.16470588235294126,0.5438652038574219,0.5740470886230469,6,False
2025-08-07/IMG_9164.JPG,0.18823529411764706,0.6962699890136719,0.7269439697265625,4,False
2025-08-07/IMG_9165.JPG,0.19999999999999996,0.7242813110351562,0.7637672424316406,1,False
2025-08-07/IMG_9166.JPG,0.2941176470588236,0.58538818359375,0.6552886962890625,3,False
2025-08-07/IMG_9167.JPG,0.3529411764705883,0.4933662414550781,0.5158805847167969,23,False
2025-08-07/IMG_9168.JPG,0.22352941176470598,0.720001220703125,0.755767822265625,3,False
2025-08-07/IMG_9169.JPG,0.18823529411764706,0.58026123046875,0.6074562072753906,3,False
2025-08-07/IMG_9170.JPG,0.17647058823529416,0.46399688720703125,0.4914207458496094,3,False
2025-08-07/IMG_9171.JPG,0.17647058823529416,0.5921249389648438,0.6151504516601562,2,False
2025-08-07/IMG_9172.JPG,0.17647058823529416,0.6492919921875,0.6837997436523438,3,False
2025-08-07/IMG_9173.JPG,0.17647058823529416,0.5433273315429688,0.5651168823242188,7,False
2025-08-07/IMG_9174.JPG,0.17647058823529416,0.5557708740234375,0.57415771484375,9,False
2025-08-07/IMG_9175.JPG,0.18823529411764706,0.6364479064941406,0.6727523803710938,2,False
2025-08-07/IMG_9176.JPG,0.19999999999999996,0.6228179931640625,0.6666526794433594,3,False
2025-08-07/IMG_9177.JPG,0.18823529411764706,0.6550636291503906,0.6986427307128906,3,False
2025-08-07/IMG_9178.JPG,0.17647058823529416,0.580291748046875,0.6094169616699219,5,False
2025-08-07/IMG_9179.JPG,0.17647058823529416,0.5557937622070312,0.5755577087402344,7,False
2025-08-07/IMG_9180.JPG,0.16470588235294126,0.5731239318847656,0.5959548950195312,5,False
2025-08-07/IMG_9181.JPG,0.16470588235294126,0.5952987670898438,0.6119613647460938,5,False
2025-08-07/IMG_9182.JPG,0.17647058823529416,0.6616935729980469,0.6913871765136719,7,False
2025-08-07/IMG_9183.JPG,0.18823529411764706,0.127655029296875,0.14015579223632812,1,False
2025-08-07/IMG_9184.JPG,0.16470588235294126,0.222381591796875,0.23834609985351562,2,False
2025-08-07/IMG_9185.JPG,0.16470588235294126,0.07808303833007812,0.083587646484375,7,False
2025-08-07/IMG_9186.JPG,0.17647058823529416,0.11936187744140625,0.1298980712890625,4,False
2025-08-07/IMG_9187.JPG,0.16470588235294126,0.10666275024414062,0.11620712280273438,1,False
2025-08-07/IMG_9188.JPG,0.16470588235294126,0.13581085205078125,0.14606857299804688,8,False
2025-08-07/IMG_9189.JPG,0.18823529411764706,0.10340118408203125,0.11061859130859375,2,False
2025-08-07/IMG_9190.JPG,0.18823529411764706,0.0358734130859375,0.039337158203125,1,False
2025-08-07/IMG_9191.JPG,0.14117647058823524,0.0933685302734375,0.1021728515625,2,False
2025-08-07/IMG_9192.JPG,0.17647058823529416,0.2133331298828125,0.2257843017578125,2,False
2025-08-07/IMG_9193.JPG,0.05882352941176472,0.06426239013671875,0.015941619873046875,1,False
2025-08-07/IMG_9194.JPG,0.17647058823529416,0.1191864013671875,0.12795639038085938,3,False
2025-08-07/IMG_9195.JPG,0.16470588235294126,0.07389450073242188,0.08166885375976562,2,False
2025-08-07/IMG_9196.JPG,0.16470588235294126,0.08034133911132812,0.08711624145507812,3,False
2025-08-07/IMG_9197.JPG,0.18823529411764706,0.06338119506835938,0.0688323974609375,2,False
2025-08-07/IMG_9198.JPG,0.16470588235294126,0.2966957092285156,0.313079833984375,6,False
2025-08-07/IMG_9199.JPG,0.18823529411764706,0.1576690673828125,0.17099380493164062,9,False
2025-08-07/IMG_9200.JPG,0.17647058823529416,0.20131683349609375,0.21717071533203125,4,False
2025-08-07/IMG_9201.JPG,0.17647058823529416,0.18564987182617188,0.20069122314453125,11,False
2025-08-07/IMG_9202.JPG,0.16470588235294126,0.2578544616699219,0.2716178894042969,7,False
2025-08-07/IMG_9203.JPG,0.16470588235294126,0.06665420532226562,0.07402801513671875,1,False
2025-08-07/IMG_9204.JPG,0.16470588235294126,0.028553009033203125,0.030406951904296875,1,False
2025-08-07/IMG_9205.JPG,0.14117647058823524,0.049167633056640625,0.052154541015625,6,False
2025-08-07/IMG_9206.JPG,0.15294117647058814,0.06333541870117188,0.06810379028320312,2,False
2025-08-07/IMG_9207.JPG,0.15294117647058814,0.047077178955078125,0.049285888671875,1,False
2025-08-07/IMG_9208.JPG,0.14117647058823524,0.060993194580078125,0.0638427734375,3,False
2025-08-07/IMG_9209.JPG,0.12941176470588234,0.05896759033203125,0.061279296875,3,False
2025-08-07/IMG_9210.JPG,0.15294117647058814,0.06894302368164062,0.07484054565429688,5,False
2025-08-07/IMG_9211.JPG,0.14117647058823524,0.06271743774414062,0.06528854370117188,4,False
2025-08-07/IMG_9212.JPG,0.19999999999999996,0.032749176025390625,0.03531646728515625,2,False
2025-08-07/IMG_9213.JPG,0.15294117647058814,0.2913703918457031,0.29897308349609375,5,False
2025-08-07/IMG_9214.JPG,0.15294117647058814,0.29669189453125,0.3019294738769531,7,False
2025-08-07/IMG_9215.JPG,0.14117647058823524,0.16730880737304688,0.1717987060546875,7,False
2025-08-07/IMG_9216.JPG,0.15294117647058814,0.22808456420898438,0.23757171630859375,5,False
2025-08-07/IMG_9217.JPG,0.15294117647058814,0.29067230224609375,0.30834197998046875,3,False
2025-08-07/IMG_9218.JPG,0.18823529411764706,0.25958251953125,0.27808380126953125,6,False
2025-08-07/IMG_9219.JPG,0.16470588235294126,0.2924003601074219,0.3161125183105469,3,False
2025-08-07/IMG_9220.JPG,0.14117647058823524,0.16537857055664062,0.1677093505859375,13,False
2025-08-07/IMG_9221.JPG,0.15294117647058814,0.20750808715820312,0.21802139282226562,5,False
2025-08-07/IMG_9222.JPG,0.15294117647058814,0.20290374755859375,0.21624374389648438,2,False
2025-08-07/IMG_9223.JPG,0.14117647058823524,0.24201202392578125,0.2609367370605469,11,False
2025-08-07/IMG_9224.JPG,0.14117647058823524,0.23048019409179688,0.24760055541992188,13,False
2025-08-07/IMG_9225.JPG,0.15294117647058814,0.10665512084960938,0.11124801635742188,5,False
2025-08-07/IMG_9226.JPG,0.18823529411764706,0.1199188232421875,0.1286773681640625,1,False
2025-08-07/IMG_9227.JPG,0.16470588235294126,0.105926513671875,0.10897064208984375,2,False
2025-08-07/IMG_9228.JPG,0.17647058823529416,0.21347808837890625,0.227752685546875,4,False
2025-08-07/IMG_9229.JPG,0.16470588235294126,0.1652679443359375,0.16994094848632812,3,False
2025-08-07/IMG_9230.JPG,0.16470588235294126,0.073516845703125,0.07576751708984375,3,False
2025-08-07/IMG_9231.JPG,0.17647058823529416,0.14295578002929688,0.15566253662109375,1,False
2025-08-07/IMG_9232.JPG,0.17647058823529416,0.11402511596679688,0.12120819091796875,3,False
2025-08-07/IMG_9233.JPG,0.18823529411764706,0.07976150512695312,0.08577346801757812,1,False
2025-08-07/IMG_9234.JPG,0.17647058823529416,0.22014236450195312,0.23945236206054688,6,False
2025-08-07/IMG_9235.JPG,0.16470588235294126,0.23527145385742188,0.25494384765625,5,False
2025-08-07/IMG_9236.JPG,0.16470588235294126,0.24618911743164062,0.2689018249511719,5,False
2025-08-07/IMG_9237.JPG,0.16470588235294126,0.2824211120605469,0.3112831115722656,10,False
2025-08-07/IMG_9238.JPG,0.17647058823529416,0.0718536376953125,0.07666015625,2,False
2025-08-07/IMG_9239.JPG,0.18823529411764706,0.14519119262695312,0.15516281127929688,2,False
2025-08-07/IMG_9240.JPG,0.18823529411764706,0.08125686645507812,0.08989715576171875,3,False
2025-08-07/IMG_9241.JPG,0.15294117647058814,0.045764923095703125,0.04674530029296875,6,False
2025-08-07/IMG_9242.JPG,0.18823529411764706,0.11460113525390625,0.12269973754882812,2,False
2025-08-07/IMG_9243.JPG,0.17647058823529416,0.051876068115234375,0.0550994873046875,3,False
2025-08-07/IMG_9244.JPG,0.18823529411764706,0.037761688232421875,0.040668487548828125,1,False
2025-08-07/IMG_9245.JPG,0.16470588235294126,0.2592735290527344,0.2780342102050781,7,False
2025-08-07/IMG_9246.JPG,0.17647058823529416,0.22666549682617188,0.24283218383789062,9,False
2025-08-07/IMG_9247.JPG,0.16470588235294126,0.2023773193359375,0.21624374389648438,2,False
2025-08-07/IMG_9248.JPG,-0.12941176470588234,0.9244766235351562,0.9501571655273438,1,False
2025-08-07/IMG_9249.JPG,0.16470588235294126,0.24385833740234375,0.25962066650390625,1,False
2025-08-07/IMG_9250.JPG,-0.14117647058823535,0.9290580749511719,0.9532928466796875,1,False
2025-08-07/IMG_9251.JPG,0.16470588235294126,0.2782783508300781,0.2948036193847656,5,False
2025-08-07/IMG_9252.JPG,0.15294117647058814,0.24770355224609375,0.2527198791503906,12,False
2025-08-07/IMG_9253.JPG,0.16470588235294126,0.3297538757324219,0.333160400390625,1,False
2025-08-07/IMG_9254.JPG,0.09411764705882364,0.1305694580078125,0.08925247192382812,2,False
2025-08-07/IMG_9255.JPG,0.15294117647058814,0.27220916748046875,0.285888671875,3,False
2025-08-07/IMG_9256.JPG,-0.11764705882352944,0.9252510070800781,0.9389762878417969,1,False
2025-08-07/IMG_9257.JPG,0.15294117647058814,0.2642478942871094,0.2765655517578125,1,False
2025-08-07/IMG_9258.JPG,0.12941176470588234,0.11281204223632812,0.108642578125,8,False
2025-08-07/IMG_9259.JPG,0.14117647058823524,0.2899627685546875,0.29701995849609375,4,False
2025-08-07/IMG_9260.JPG,0.14117647058823524,0.162628173828125,0.15844345092773438,9,False
2025-08-07/IMG_9261.JPG,0.14117647058823524,0.42160797119140625,0.4300346374511719,2,False
2025-08-07/IMG_9262.JPG,0.16470588235294126,0.23234939575195312,0.24288177490234375,3,False
2025-08-07/IMG_9263.JPG,0.14117647058823524,0.4042854309082031,0.4149589538574219,2,False
2025-08-07/IMG_9264.JPG,0.17647058823529416,0.3366661071777344,0.35642242431640625,3,False
2025-08-07/IMG_9396.JPG,0.17647058823529416,0.24652862548828125,0.269378662109375,6,False
2025-08-07/IMG_9397.JPG,0.16470588235294126,0.09027862548828125,0.10283660888671875,5,False
2025-08-07/IMG_9398.JPG,0.17647058823529416,0.09845352172851562,0.1078033447265625,4,False
2025-08-07/IMG_9399.JPG,0.17647058823529416,0.17490005493164062,0.19251251220703125,2,False
2025-08-07/IMG_9400.JPG,0.15294117647058814,0.20270156860351562,0.21858596801757812,10,False
2025-08-07/IMG_9401.JPG,0.15294117647058814,0.1348724365234375,0.14099502563476562,15,False
2025-08-07/IMG_9402.JPG,0.17647058823529416,0.13697052001953125,0.14586639404296875,12,False
2025-08-07/IMG_9403.JPG,0.18823529411764706,0.14678573608398438,0.15509033203125,3,False
2025-08-07/IMG_9404.JPG,0.17647058823529416,0.2472991943359375,0.269012451171875,7,False
2025-08-07/IMG_9405.JPG,0.17647058823529416,0.155059814453125,0.17003631591796875,4,False
2025-08-07/IMG_9406.JPG,0.18823529411764706,0.22237777709960938,0.24281692504882812,8,False
2025-08-07/IMG_9407.JPG,0.17647058823529416,0.3428192138671875,0.363494873046875,5,False
2025-08-07/IMG_9408.JPG,0.17647058823529416,0.380645751953125,0.3993072509765625,5,False
2025-08-07/IMG_9409.JPG,0.17647058823529416,0.13059616088867188,0.13625717163085938,3,False
2025-08-07/IMG_9410.JPG,0.16470588235294126,0.07271575927734375,0.07804107666015625,6,False
2025-08-07/IMG_9411.JPG,0.15294117647058814,0.10079574584960938,0.10737228393554688,3,False
2025-08-07/IMG_9412.JPG,0.16470588235294126,0.16238784790039062,0.1683197021484375,16,False
2025-08-07/IMG_9413.JPG,0.18823529411764706,0.3352622985839844,0.3650169372558594,8,False
2025-08-07/IMG_9414.JPG,0.19999999999999996,0.3697547912597656,0.4030494689941406,6,False
2025-08-07/IMG_9415.JPG,0.19999999999999996,0.17686843872070312,0.19261550903320312,2,False
2025-08-07/IMG_9416.JPG,0.16470588235294126,0.048633575439453125,0.048274993896484375,14,False
2025-08-07/IMG_9417.JPG,0.15294117647058814,0.113006591796875,0.11757659912109375,12,False
2025-08-07/IMG_9418.JPG,0.15294117647058814,0.13093948364257812,0.13933181762695312,12,False
2025-08-07/IMG_9419.JPG,0.19999999999999996,0.18385696411132812,0.2027130126953125,4,False
2025-08-07/IMG_9420.JPG,0.18823529411764706,0.1883087158203125,0.21197128295898438,3,False
2025-08-07/IMG_9421.JPG,0.17647058823529416,0.12251663208007812,0.13408279418945312,6,False
2025-08-07/IMG_9422.JPG,0.17647058823529416,0.1243133544921875,0.13284683227539062,10,False
2025-08-07/IMG_9423.JPG,0.16470588235294126,0.24310302734375,0.2582969665527344,3,False
2025-08-07/IMG_9424.JPG,0.14117647058823524,0.14661026000976562,0.1579132080078125,9,False
2025-08-07/IMG_9425.JPG,0.17647058823529416,0.0405120849609375,0.042400360107421875,1,False
2025-08-07/IMG_9426.JPG,0.14117647058823524,0.13385009765625,0.13785552978515625,14,False
2025-08-07/IMG_9427.JPG,0.17647058823529416,0.11548614501953125,0.12742233276367188,7,False
2025-08-07/IMG_9428.JPG,0.18823529411764706,0.13248825073242188,0.1447906494140625,7,False
2025-08-07/IMG_9429.JPG,0.18823529411764706,0.16276168823242188,0.17847824096679688,6,False
2025-08-07/IMG_9430.JPG,0.18823529411764706,0.20671844482421875,0.22284317016601562,7,False
2025-08-07/IMG_9431.JPG,-0.05882352941176472,0.9755935668945312,0.976898193359375,1,False
2025-08-07/IMG_9432.JPG,0.15294117647058814,0.113739013671875,0.12015914916992188,7,False
2025-08-07/IMG_9433.JPG,0.15294117647058814,0.12204360961914062,0.12063980102539062,19,False
2025-08-07/IMG_9434.JPG,0.17647058823529416,0.16339492797851562,0.17885971069335938,8,False
2025-08-07/IMG_9435.JPG,0.16470588235294126,0.07404327392578125,0.07927703857421875,6,False
2025-08-07/IMG_9436.JPG,0.16470588235294126,0.09845733642578125,0.10753631591796875,4,False
2025-08-07/IMG_9437.JPG,0.16470588235294126,0.2589073181152344,0.2822723388671875,7,False
2025-08-07/IMG_9438.JPG,0.14117647058823524,0.10582351684570312,0.10882949829101562,5,False
2025-08-07/IMG_9439.JPG,0.12941176470588234,0.0460968017578125,0.048389434814453125,2,False
2025-08-07/IMG_9440.JPG,0.15294117647058814,0.07646942138671875,0.08107757568359375,4,False
2025-08-07/IMG_9441.JPG,0.16470588235294126,0.053630828857421875,0.05600738525390625,5,False
2025-08-07/IMG_9442.JPG,0.15294117647058814,0.088836669921875,0.09566497802734375,7,False
2025-08-07/IMG_9443.JPG,0.17647058823529416,0.2352294921875,0.2559814453125,7,False
2025-08-07/IMG_9444.JPG,0.16470588235294126,0.209930419921875,0.23054885864257812,3,False
2025-08-07/IMG_9445.JPG,0.17647058823529416,0.16766738891601562,0.18043899536132812,6,False
2025-08-07/IMG_9446.JPG,0.16470588235294126,0.12267684936523438,0.12894439697265625,11,False
2025-08-07/IMG_9447.JPG,0.14117647058823524,0.0348663330078125,0.034481048583984375,7,False
2025-08-07/IMG_9448.JPG,0.14117647058823524,0.07847213745117188,0.08087158203125,9,False
2025-08-07/IMG_9449.JPG,0.18823529411764706,0.21821212768554688,0.2334442138671875,2,False
2025-08-07/IMG_9450.JPG,0.17647058823529416,0.17133331298828125,0.18585968017578125,9,False
2025-08-07/IMG_9451.JPG,0.15294117647058814,0.039417266845703125,0.042514801025390625,6,False
2025-08-07/IMG_9452.JPG,0.19999999999999996,0.21274566650390625,0.2317352294921875,4,False
2025-08-07/IMG_9453.JPG,0.18823529411764706,0.1319427490234375,0.14316940307617188,6,False
2025-08-07/IMG_9454.JPG,0.17647058823529416,0.06280517578125,0.07062149047851562,2,False
2025-08-07/IMG_9455.JPG,0.18823529411764706,0.16595458984375,0.18392562866210938,4,False
2025-08-07/IMG_9456.JPG,0.17647058823529416,0.196929931640625,0.212310791015625,7,False
2025-08-07/IMG_9457.JPG,0.17647058823529416,0.09273147583007812,0.10206985473632812,6,False
2025-08-07/IMG_9458.JPG,0.16470588235294126,0.12722396850585938,0.1384735107421875,4,False
2025-08-07/IMG_9459.JPG,0.17647058823529416,0.14970779418945312,0.16248321533203125,3,False
2025-08-07/IMG_9460.JPG,0.17647058823529416,0.12277984619140625,0.13623809814453125,3,False
2025-08-07/IMG_9461.JPG,0.17647058823529416,0.15730667114257812,0.17362213134765625,6,False
2025-08-07/IMG_9462.JPG,0.14117647058823524,0.030742645263671875,0.02809906005859375,9,False
2025-08-07/IMG_9463.JPG,0.16470588235294126,0.19559860229492188,0.21141433715820312,5,False
2025-08-07/IMG_9464.JPG,0.16470588235294126,0.17768096923828125,0.19095611572265625,10,False
2025-08-07/IMG_9465.JPG,0.15294117647058814,0.0469207763671875,0.048473358154296875,4,False
2025-08-07/IMG_9466.JPG,0.12941176470588234,0.01805877685546875,0.01966094970703125,2,False
2025-08-07/IMG_9467.JPG,0.17647058823529416,0.31002044677734375,0.33992767333984375,5,False
2025-08-07/IMG_9468.JPG,0.16470588235294126,0.12191009521484375,0.13235855102539062,4,False
2025-08-07/IMG_9469.JPG,0.17647058823529416,0.19409942626953125,0.214447021484375,9,False
2025-08-07/IMG_9470.JPG,0.14117647058823524,0.19013595581054688,0.20713424682617188,4,False
2025-08-07/IMG_9471.JPG,0.11764705882352944,0.07857894897460938,0.0826568603515625,4,False
2025-08-07/IMG_9472.JPG,0.15294117647058814,0.24613189697265625,0.2675323486328125,8,False
2025-08-07/IMG_9473.JPG,0.14117647058823524,0.07384872436523438,0.07787704467773438,9,False
2025-08-07/IMG_9474.JPG,0.17647058823529416,0.15411758422851562,0.16968917846679688,4,False
2025-08-07/IMG_9475.JPG,0.17647058823529416,0.13613510131835938,0.14719772338867188,4,False
2025-08-07/IMG_9476.JPG,0.17647058823529416,0.13890457153320312,0.15169525146484375,3,False
2025-08-07/IMG_9477.JPG,0.15294117647058814,0.20268630981445312,0.2194061279296875,5,False
2025-08-07/IMG_9478.JPG,0.17647058823529416,0.3007774353027344,0.3207244873046875,5,False
2025-08-07/IMG_9479.JPG,0.17647058823529416,0.20875167846679688,0.22434616088867188,7,False
2025-08-07/IMG_9483.JPG,0.16470588235294126,0.3570976257324219,0.3800773620605469,6,False
2025-08-07/IMG_9484.JPG,0.16470588235294126,0.4203681945800781,0.4475975036621094,3,False
2025-08-07/IMG_9485.JPG,0.15294117647058814,0.37798309326171875,0.4032745361328125,11,False
2025-08-07/IMG_9486.JPG,0.16470588235294126,0.32115936279296875,0.3423728942871094,3,False
2025-08-07/IMG_9487.JPG,0.15294117647058814,0.24420928955078125,0.2584228515625,2,False
2025-08-07/IMG_9488.JPG,0.15294117647058814,0.24174118041992188,0.2627983093261719,3,False
2025-08-07/IMG_9489.JPG,0.12941176470588234,0.11237335205078125,0.1183929443359375,6,False
2025-08-07/IMG_9490.JPG,0.18823529411764706,0.22987747192382812,0.24995040893554688,5,False
2025-08-07/IMG_9491.JPG,0.16470588235294126,0.1264801025390625,0.137664794921875,7,False
2025-08-07/IMG_9492.JPG,0.15294117647058814,0.34204864501953125,0.35993194580078125,5,False
2025-08-07/IMG_9493.JPG,0.15294117647058814,0.4438514709472656,0.4730491638183594,7,False
2025-08-07/IMG_9494.JPG,0.14117647058823524,0.3360023498535156,0.353057861328125,3,False
2025-08-07/IMG_9495.JPG,0.15294117647058814,0.27883148193359375,0.3031463623046875,6,False
2025-08-07/IMG_9496.JPG,0.15294117647058814,0.22682952880859375,0.24182891845703125,13,False
2025-08-07/IMG_9497.JPG,0.17647058823529416,0.5288238525390625,0.575408935546875,4,False
2025-08-07/IMG_9502.JPG,0.17647058823529416,0.5340118408203125,0.56427001953125,3,False
2025-08-07/IMG_9503.JPG,0.17647058823529416,0.4629058837890625,0.5029792785644531,4,False
2025-08-07/IMG_9504.JPG,0.16470588235294126,0.2972602844238281,0.3151702880859375,4,False
2025-08-07/IMG_9505.JPG,0.17647058823529416,0.34972381591796875,0.3679962158203125,10,False
2025-08-07/IMG_9506.JPG,0.16470588235294126,0.128753662109375,0.13600921630859375,5,False
2025-08-07/IMG_9507.JPG,0.21176470588235285,0.6255111694335938,0.6897850036621094,1,False
2025-08-07/IMG_9508.JPG,0.19999999999999996,0.7467117309570312,0.7905082702636719,4,False
2025-08-07/IMG_9509.JPG,0.22352941176470598,0.7205162048339844,0.7795257568359375,6,False
2025-08-07/IMG_9510.JPG,0.18823529411764706,0.6190757751464844,0.6491470336914062,4,False
2025-08-07/IMG_9511.JPG,0.17647058823529416,0.639801025390625,0.6599311828613281,2,False
2025-08-07/IMG_9512.JPG,0.19999999999999996,0.588470458984375,0.6148872375488281,4,False
2025-08-07/IMG_9513.JPG,0.18823529411764706,0.6764907836914062,0.7090682983398438,4,False
2025-08-07/IMG_9514.JPG,0.17647058823529416,0.7458267211914062,0.7875251770019531,2,False
2025-08-07/IMG_9515.JPG,0.18823529411764706,0.6665153503417969,0.703948974609375,5,False
2025-08-07/IMG_9516.JPG,0.17647058823529416,0.6829071044921875,0.7143058776855469,4,False
2025-08-07/IMG_9517.JPG,0.17647058823529416,0.6590766906738281,0.6864662170410156,7,False
2025-08-07/IMG_9518.JPG,0.16470588235294126,0.6525535583496094,0.6758041381835938,2,False
2025-08-07/IMG_9519.JPG,0.18823529411764706,0.6984062194824219,0.7292251586914062,2,False
2025-08-07/IMG_9520.JPG,0.18823529411764706,0.7041244506835938,0.7340011596679688,3,False
2025-08-07/IMG_9522.JPG,0.21176470588235285,0.6564521789550781,0.6814765930175781,5,False
2025-08-07/IMG_9523.JPG,0.19999999999999996,0.6506271362304688,0.6816940307617188,2,False
2025-08-07/IMG_9524.JPG,0.18823529411764706,0.6932373046875,0.7284774780273438,4,False
2025-08-07/IMG_9525.JPG,0.18823529411764706,0.5391960144042969,0.559326171875,14,False
2025-08-07/IMG_9526.JPG,0.24705882352941178,0.6956405639648438,0.7578620910644531,5,False
2025-08-07/IMG_9527.JPG,0.21176470588235285,0.6842231750488281,0.7435150146484375,5,False
2025-08-07/IMG_9528.JPG,0.21176470588235285,0.7019424438476562,0.7549896240234375,4,False
2025-08-07/IMG_9529.JPG,0.21176470588235285,0.6799468994140625,0.7335777282714844,2,False
2025-08-07/IMG_9530.JPG,0.18823529411764706,0.6564750671386719,0.6873092651367188,5,False
2025-08-07/IMG_9531.JPG,0.18823529411764706,0.58538818359375,0.6114082336425781,1,False
2025-08-07/IMG_9532.JPG,0.21176470588235285,0.49977874755859375,0.5269203186035156,6,False
2025-08-07/IMG_9533.JPG,0.19999999999999996,0.6471595764160156,0.69842529296875,4,False
2025-08-07/IMG_9534.JPG,0.21176470588235285,0.6646575927734375,0.7109794616699219,3,False
2025-08-07/IMG_9535.JPG,0.18823529411764706,0.530731201171875,0.558074951171875,4,False
2025-08-07/IMG_9536.JPG,0.17647058823529416,0.3180809020996094,0.3288917541503906,6,False
2025-08-07/IMG_9537.JPG,0.19999999999999996,0.56109619140625,0.6063613891601562,8,False
2025-08-07/IMG_9538.JPG,0.18823529411764706,0.6027984619140625,0.6405029296875,6,False
2025-08-07/IMG_9539.JPG,0.19999999999999996,0.5631523132324219,0.5931930541992188,8,False
2025-08-07/IMG_9540.JPG,0.21176470588235285,0.5722160339355469,0.6200981140136719,7,False
2025-08-07/IMG_9541.JPG,0.18823529411764706,0.4662742614746094,0.49163818359375,2,False
2025-08-07/IMG_9542.JPG,0.19999999999999996,0.6425209045410156,0.6951065063476562,9,False
2025-08-07/IMG_9543.JPG,0.21176470588235285,0.5544548034667969,0.5817489624023438,4,False
2025-08-07/IMG_9544.JPG,0.22352941176470598,0.6689224243164062,0.7095756530761719,6,False
2025-08-07/IMG_9545.JPG,0.21176470588235285,0.603485107421875,0.6539077758789062,2,False
2025-08-07/IMG_9546.JPG,0.24705882352941178,0.5991554260253906,0.6377639770507812,10,False
2025-08-07/IMG_9547.JPG,0.21176470588235285,0.5746231079101562,0.6148681640625,4,False
2025-08-07/IMG_9548.JPG,0.21176470588235285,0.6439132690429688,0.6965370178222656,8,False
2025-08-07/IMG_9549.JPG,0.23529411764705888,0.6379814147949219,0.6947174072265625,7,False
2025-08-07/IMG_9550.JPG,0.21176470588235285,0.57232666015625,0.5995864868164062,4,False
2025-08-07/IMG_9551.JPG,0.2588235294117647,0.63653564453125,0.6878318786621094,4,False
2025-08-07/IMG_9552.JPG,0.22352941176470598,0.6574745178222656,0.7000732421875,9,False
2025-08-07/IMG_9553.JPG,0.18823529411764706,0.5613937377929688,0.5798721313476562,10,False
2025-08-07/IMG_9555.JPG,0.21176470588235285,0.5887222290039062,0.6225318908691406,4,False
2025-08-07/IMG_9556.JPG,0.19999999999999996,0.4279136657714844,0.442474365234375,2,False
2025-08-07/IMG_9557.JPG,0.19999999999999996,0.46392059326171875,0.4742698669433594,7,False
2025-08-07/IMG_9558.JPG,0.18823529411764706,0.5798988342285156,0.6080589294433594,3,False
2025-08-07/IMG_9559.JPG,0.17647058823529416,0.434906005859375,0.45778656005859375,5,False
2025-08-07/IMG_9560.JPG,0.21176470588235285,0.5355911254882812,0.5812721252441406,5,False
2025-08-07/IMG_9561.JPG,0.19999999999999996,0.5909957885742188,0.623077392578125,3,False
2025-08-07/IMG_9562.JPG,0.19999999999999996,0.5435905456542969,0.5852508544921875,4,False
2025-08-07/IMG_9563.JPG,0.18823529411764706,0.5676040649414062,0.5982513427734375,5,False
2025-08-07/IMG_9564.JPG,0.18823529411764706,0.4367713928222656,0.4532470703125,7,False
2025-08-07/IMG_9571.JPG,0.18823529411764706,0.6689529418945312,0.7159652709960938,1,False
2025-08-07/IMG_9574.JPG,0.19999999999999996,0.6365966796875,0.671234130859375,4,False
2025-08-07/IMG_9575.JPG,0.18823529411764706,0.65618896484375,0.7033119201660156,3,False
2025-08-07/IMG_9576.JPG,0.19999999999999996,0.5563774108886719,0.5882682800292969,6,False
2025-08-07/IMG_9577.JPG,0.18823529411764706,0.6221733093261719,0.658599853515625,4,False
2025-08-07/IMG_9578.JPG,0.19999999999999996,0.5551567077636719,0.6032485961914062,10,False
2025-08-07/IMG_9579.JPG,0.19999999999999996,0.4792327880859375,0.50848388671875,3,False
2025-08-07/IMG_9580.JPG,0.19999999999999996,0.482025146484375,0.5122299194335938,7,False
2025-08-07/IMG_9581.JPG,0.19999999999999996,0.482147216796875,0.5207481384277344,5,False
2025-08-07/IMG_9583.JPG,0.17647058823529416,0.5814743041992188,0.6057662963867188,3,False
2025-08-07/IMG_9584.JPG,0.18823529411764706,0.5390281677246094,0.574615478515625,4,False
2025-08-07/IMG_9585.JPG,0.18823529411764706,0.5453720092773438,0.5881462097167969,13,False
2025-08-07/IMG_9586.JPG,0.18823529411764706,0.43555450439453125,0.4579277038574219,4,False
2025-08-07/IMG_9589.JPG,0.17647058823529416,0.5299949645996094,0.5549201965332031,4,False
2025-08-07/IMG_9590.JPG,0.18823529411764706,0.6584968566894531,0.6960601806640625,4,False
2025-08-07/IMG_9592.JPG,0.18823529411764706,0.577392578125,0.6144866943359375,2,False
2025-08-07/IMG_9593.JPG,0.16470588235294126,0.5743789672851562,0.5971832275390625,5,False
2025-08-07/IMG_9594.JPG,0.18823529411764706,0.3130683898925781,0.3317375183105469,19,False
2025-08-07/IMG_9595.JPG,0.17647058823529416,0.28110504150390625,0.29581451416015625,4,False
2025-08-07/IMG_9596.JPG,0.19999999999999996,0.3483009338378906,0.37412261962890625,7,False
2025-08-07/IMG_9597.JPG,0.19999999999999996,0.3182182312011719,0.33594512939453125,12,False
2025-08-07/IMG_9598.JPG,0.18823529411764706,0.13483428955078125,0.14261245727539062,7,False
2025-08-07/IMG_9599.JPG,0.18823529411764706,0.23849105834960938,0.24992752075195312,17,False
2025-08-07/IMG_9600.JPG,0.19999999999999996,0.24863052368164062,0.2633056640625,3,False
2025-08-07/IMG_9601.JPG,0.21176470588235285,0.10167312622070312,0.1076507568359375,2,False
2025-08-07/IMG_9602.JPG,0.17647058823529416,0.1254730224609375,0.13186264038085938,1,False
2025-08-07/IMG_9603.JPG,0.19999999999999996,0.25567626953125,0.26918792724609375,3,False
2025-08-07/IMG_9604.JPG,0.17647058823529416,0.09107208251953125,0.0962982177734375,10,False
2025-08-07/IMG_9605.JPG,0.21176470588235285,0.18923187255859375,0.20453262329101562,2,False
2025-08-07/IMG_9606.JPG,0.19999999999999996,0.31418609619140625,0.3311004638671875,2,False
2025-08-07/IMG_9607.JPG,0.21176470588235285,0.18262863159179688,0.19463729858398438,6,False
2025-08-07/IMG_9608.JPG,0.19999999999999996,0.448577880859375,0.4871406555175781,17,False
2025-08-07/IMG_9609.JPG,0.19999999999999996,0.5374755859375,0.5727386474609375,5,False
2025-08-07/IMG_9610.JPG,0.16470588235294126,0.5816612243652344,0.6240386962890625,1,False
2025-08-07/IMG_9611.JPG,0.17647058823529416,0.4919853210449219,0.5209884643554688,6,False
2025-08-07/IMG_9612.JPG,0.15294117647058814,0.396942138671875,0.41109466552734375,3,False
2025-08-07/IMG_9613.JPG,-0.11764705882352944,0.7213478088378906,0.7737503051757812,2,False
2025-08-07/IMG_9614.JPG,0.16470588235294126,0.3594856262207031,0.3734397888183594,3,False
2025-08-07/IMG_9615.JPG,-0.12941176470588234,0.8205108642578125,0.8754768371582031,1,False
2025-08-07/IMG_9616.JPG,0.17647058823529416,0.46059417724609375,0.49485015869140625,8,False
2025-08-07/IMG_9618.JPG,0.11764705882352944,0.42562103271484375,0.446319580078125,12,False
2025-08-07/IMG_9622.JPG,0.18823529411764706,0.5019760131835938,0.5308876037597656,4,False
2025-08-07/IMG_9623.JPG,0.16470588235294126,0.4452857971191406,0.4778633117675781,3,False
2025-08-07/IMG_9624.JPG,-0.12941176470588234,0.7755966186523438,0.8154029846191406,1,False
2025-08-07/IMG_9625.JPG,0.18823529411764706,0.3765411376953125,0.4058380126953125,6,False
2025-08-07/IMG_9627.JPG,0.15294117647058814,0.4742469787597656,0.5093231201171875,8,False
2025-08-07/IMG_9628.JPG,0.10588235294117654,0.4001731872558594,0.41646575927734375,28,False
2025-08-07/IMG_9629.JPG,0.14117647058823524,0.3130989074707031,0.3143959045410156,9,False
2025-08-07/IMG_9630.JPG,0.17647058823529416,0.4458580017089844,0.4689292907714844,2,False
2025-08-07/IMG_9632.JPG,0.16470588235294126,0.49393463134765625,0.5309906005859375,4,False
2025-08-07/IMG_9633.JPG,0.17647058823529416,0.47182464599609375,0.4975624084472656,3,False
2025-08-07/IMG_9634.JPG,0.17647058823529416,0.4669075012207031,0.4964942932128906,2,False
2025-08-07/IMG_9635.JPG,0.17647058823529416,0.4449653625488281,0.4809684753417969,4,False
2025-08-07/IMG_9636.JPG,0.15294117647058814,0.3682098388671875,0.3866157531738281,16,False
2025-08-07/IMG_9637.JPG,0.17647058823529416,0.5274620056152344,0.5652923583984375,7,False
2025-08-07/IMG_9638.JPG,0.16470588235294126,0.5029106140136719,0.5307579040527344,9,False
2025-08-07/IMG_9639.JPG,0.15294117647058814,0.4581336975097656,0.4955558776855469,8,False
2025-08-07/IMG_9640.JPG,0.15294117647058814,0.4501762390136719,0.4722442626953125,10,False
2025-08-07/IMG_9641.JPG,0.16470588235294126,0.3987884521484375,0.4134979248046875,8,False
2025-08-07/IMG_9642.JPG,0.16470588235294126,0.5025749206542969,0.5363998413085938,14,False
2025-08-07/IMG_9643.JPG,0.16470588235294126,0.4969825744628906,0.5341415405273438,14,False
2025-08-07/IMG_9644.JPG,0.16470588235294126,0.4006156921386719,0.4249000549316406,9,False
2025-08-07/IMG_9645.JPG,0.15294117647058814,0.5440444946289062,0.5891456604003906,2,False
2025-08-07/IMG_9646.JPG,0.18823529411764706,0.4421501159667969,0.4766387939453125,9,False
2025-08-07/IMG_9652.JPG,0.18823529411764706,0.4564971923828125,0.49451446533203125,4,False
2025-08-07/IMG_9653.JPG,0.19999999999999996,0.5553398132324219,0.6044578552246094,4,False
2025-08-07/IMG_9654.JPG,0.12941176470588234,0.329681396484375,0.3440132141113281,23,False
2025-08-07/IMG_9655.JPG,0.14117647058823524,0.23994064331054688,0.24001312255859375,31,False
2025-08-07/IMG_9656.JPG,0.21176470588235285,0.5935173034667969,0.6566352844238281,5,False
2025-08-07/IMG_9657.JPG,0.16470588235294126,0.2611503601074219,0.28171539306640625,7,False
2025-08-07/IMG_9658.JPG,0.17647058823529416,0.3764762878417969,0.4084281921386719,6,False
2025-08-07/IMG_9659.JPG,0.21176470588235285,0.5605735778808594,0.6217918395996094,8,False
2025-08-07/IMG_9660.JPG,0.12941176470588234,0.2584686279296875,0.2717704772949219,10,False
2025-08-07/IMG_9669.JPG,0.19999999999999996,0.17364501953125,0.1806793212890625,7,False
2025-08-07/IMG_9670.JPG,0.17647058823529416,0.4198875427246094,0.4441184997558594,17,False
2025-08-07/IMG_9671.JPG,0.15294117647058814,0.28839111328125,0.3023719787597656,13,False
2025-08-07/IMG_9672.JPG,0.16470588235294126,0.2573432922363281,0.26967620849609375,8,False
2025-08-07/IMG_9673.JPG,0.18823529411764706,0.429290771484375,0.4614601135253906,13,False
2025-08-07/IMG_9674.JPG,0.24705882352941178,0.6434440612792969,0.6899147033691406,4,False
2025-08-07/IMG_9675.JPG,0.21176470588235285,0.5974197387695312,0.6476058959960938,12,False
2025-08-07/IMG_9678.JPG,0.19999999999999996,0.4274749755859375,0.4435272216796875,3,False
2025-08-07/IMG_9679.JPG,0.18823529411764706,0.45897674560546875,0.48580169677734375,8,False
2025-08-07/IMG_9680.JPG,0.21176470588235285,0.5099067687988281,0.5359039306640625,12,False
2025-08-07/IMG_9681.JPG,0.17647058823529416,0.4500846862792969,0.4775428771972656,13,False
2025-08-07/IMG_9682.JPG,0.22352941176470598,0.6104354858398438,0.6639480590820312,7,False
2025-08-07/IMG_9683.JPG,0.19999999999999996,0.5135955810546875,0.54400634765625,15,False
2025-08-07/IMG_9684.JPG,0.18823529411764706,0.379150390625,0.4041328430175781,16,False
2025-08-07/IMG_9685.JPG,0.17647058823529416,0.27741241455078125,0.3029975891113281,7,False
2025-08-07/IMG_9686.JPG,0.18823529411764706,0.37801361083984375,0.40457916259765625,5,False
2025-08-07/IMG_9687.JPG,0.17647058823529416,0.4843482971191406,0.5170326232910156,11,False
2025-08-07/IMG_9688.JPG,0.14117647058823524,0.3315010070800781,0.3509101867675781,22,False
2025-08-07/IMG_9689.JPG,0.16470588235294126,0.40892791748046875,0.4334678649902344,13,False
2025-08-07/IMG_9690.JPG,0.16470588235294126,0.3262214660644531,0.3466224670410156,14,False
2025-08-07/IMG_9691.JPG,0.16470588235294126,0.22925186157226562,0.24803924560546875,7,False
2025-08-07/IMG_9692.JPG,0.18823529411764706,0.2720680236816406,0.2927284240722656,4,False
2025-08-07/IMG_9693.JPG,0.16470588235294126,0.21891021728515625,0.23993301391601562,11,False
2025-08-07/IMG_9694.JPG,0.18823529411764706,0.3174018859863281,0.3434295654296875,8,False
2025-08-07/IMG_9695.JPG,0.16470588235294126,0.13423919677734375,0.14384078979492188,5,False
2025-08-07/IMG_9696.JPG,0.19999999999999996,0.4125785827636719,0.43453216552734375,6,False
2025-08-07/IMG_9697.JPG,0.2705882352941176,0.5341148376464844,0.5672378540039062,7,False
2025-08-07/IMG_9698.JPG,0.15294117647058814,0.6087455749511719,0.64849853515625,1,False
2025-08-07/IMG_9699.JPG,0.17647058823529416,0.3228302001953125,0.3506736755371094,3,False
2025-08-07/IMG_9700.JPG,0.16470588235294126,0.31401824951171875,0.33367919921875,8,False
2025-08-07/IMG_9701.JPG,0.16470588235294126,0.24946975708007812,0.26529693603515625,6,False
2025-08-07/IMG_9702.JPG,0.18823529411764706,0.4176025390625,0.45070648193359375,5,False
2025-08-07/IMG_9703.JPG,0.16470588235294126,0.44045257568359375,0.4786033630371094,8,False
2025-08-07/IMG_9704.JPG,0.15294117647058814,0.432891845703125,0.4562797546386719,7,False
2025-08-07/IMG_9705.JPG,0.16470588235294126,0.3644218444824219,0.3851737976074219,11,False
2025-08-07/IMG_9706.JPG,0.14117647058823524,0.3926048278808594,0.4163856506347656,7,False
2025-08-07/IMG_9707.JPG,0.16470588235294126,0.3098411560058594,0.3228721618652344,9,False
2025-08-07/IMG_9708.JPG,0.16470588235294126,0.5682220458984375,0.5997695922851562,8,False
2025-08-07/IMG_9709.JPG,0.14117647058823524,0.4742584228515625,0.5102195739746094,5,False
2025-08-07/IMG_9710.JPG,0.12941176470588234,0.4534912109375,0.4786224365234375,6,False
2025-08-07/IMG_9711.JPG,0.14117647058823524,0.35404205322265625,0.3601112365722656,18,False
2025-08-07/IMG_9712.JPG,0.18823529411764706,0.4433250427246094,0.4716987609863281,14,False
2025-08-07/IMG_9713.JPG,0.17647058823529416,0.4861030578613281,0.5158729553222656,3,False
2025-08-07/IMG_9714.JPG,0.15294117647058814,0.4674530029296875,0.5010757446289062,4,False
2025-08-07/IMG_9715.JPG,0.17647058823529416,0.3599510192871094,0.37868499755859375,2,False
2025-08-07/IMG_9716.JPG,0.15294117647058814,0.3119010925292969,0.3189048767089844,5,False
2025-08-07/IMG_9717.JPG,0.16470588235294126,0.5180473327636719,0.5493316650390625,6,False
2025-08-07/IMG_9718.JPG,0.15294117647058814,0.434814453125,0.4723396301269531,12,False
2025-08-22/IMG_0001.JPG,0.18823529411764706,0.7747344970703125,0.8057060241699219,5,False
2025-08-22/IMG_0002.JPG,0.17647058823529416,0.6883544921875,0.7094955444335938,2,False
2025-08-22/IMG_0003.JPG,0.17647058823529416,0.6983871459960938,0.7268714904785156,2,False
2025-08-22/IMG_0004.JPG,0.17647058823529416,0.7505645751953125,0.7781524658203125,2,False
2025-08-22/IMG_0005.JPG,0.17647058823529416,0.7226104736328125,0.7502861022949219,4,False
2025-08-22/IMG_0006.JPG,0.17647058823529416,0.7649765014648438,0.8080978393554688,2,False
2025-08-22/IMG_0007.JPG,0.18823529411764706,0.7449569702148438,0.7780799865722656,6,False
2025-08-22/IMG_0008.JPG,0.18823529411764706,0.6932334899902344,0.7137947082519531,2,False
2025-08-22/IMG_0009.JPG,0.18823529411764706,0.7219963073730469,0.7383766174316406,2,False
2025-08-22/IMG_0010.JPG,0.17647058823529416,0.6917953491210938,0.7201881408691406,3,False
2025-08-22/IMG_0011.JPG,0.19999999999999996,0.8099021911621094,0.8463897705078125,4,False
2025-08-22/IMG_0012.JPG,0.21176470588235285,0.7491493225097656,0.8054618835449219,7,False
2025-08-22/IMG_0013.JPG,0.21176470588235285,0.7353172302246094,0.8025169372558594,4,False
2025-08-22/IMG_0017.JPG,0.19999999999999996,0.7392311096191406,0.8067779541015625,3,False
2025-08-22/IMG_0018.JPG,0.19999999999999996,0.7806129455566406,0.8426246643066406,2,False
2025-08-22/IMG_0019.JPG,0.19999999999999996,0.8041763305664062,0.8510780334472656,1,False
2025-08-22/IMG_0020.JPG,0.19999999999999996,0.7800788879394531,0.8133049011230469,1,False
2025-08-22/IMG_0021.JPG,0.19999999999999996,0.7896270751953125,0.8098907470703125,1,False
2025-08-22/IMG_0022.JPG,0.21176470588235285,0.77850341796875,0.8024635314941406,2,False
2025-08-22/IMG_0023.JPG,0.22352941176470598,0.7961959838867188,0.833770751953125,4,False
2025-08-22/IMG_0024.JPG,0.22352941176470598,0.7340774536132812,0.78057861328125,3,False
2025-08-22/IMG_0025.JPG,0.19999999999999996,0.8231201171875,0.8543167114257812,2,False
2025-08-22/IMG_0026.JPG,0.19999999999999996,0.7903900146484375,0.8240394592285156,1,False
2025-08-22/IMG_0027.JPG,0.21176470588235285,0.8139610290527344,0.8539772033691406,1,False
2025-08-22/IMG_0028.JPG,0.18823529411764706,0.8165092468261719,0.8390007019042969,1,False
2025-08-22/IMG_0029.JPG,0.22352941176470598,0.7843818664550781,0.8241500854492188,3,False
2025-08-22/IMG_0030.JPG,0.22352941176470598,0.7063331604003906,0.7416954040527344,5,False
2025-08-22/IMG_0031.JPG,0.23529411764705888,0.7404975891113281,0.7820053100585938,4,False
2025-08-22/IMG_0032.JPG,0.21176470588235285,0.7756690979003906,0.8242683410644531,1,False
2025-08-22/IMG_0033.JPG,0.19999999999999996,0.799102783203125,0.8431816101074219,1,False
2025-08-22/IMG_0035.JPG,0.22352941176470598,0.7452545166015625,0.7653846740722656,9,False
2025-08-22/IMG_0036.JPG,0.22352941176470598,0.7535514831542969,0.7902679443359375,1,False
2025-08-22/IMG_0037.JPG,0.21176470588235285,0.7414665222167969,0.7762031555175781,3,False
2025-08-22/IMG_0038.JPG,0.23529411764705888,0.7722930908203125,0.8240509033203125,3,False
2025-08-22/IMG_0039.JPG,0.19999999999999996,0.7281112670898438,0.7485771179199219,1,False
2025-08-22/IMG_0040.JPG,0.24705882352941178,0.7800559997558594,0.8241195678710938,2,False
2025-08-22/IMG_0041.JPG,0.24705882352941178,0.7485084533691406,0.7929496765136719,2,False
2025-08-22/IMG_0042.JPG,0.22352941176470598,0.7417373657226562,0.7830619812011719,1,False
2025-08-22/IMG_0043.JPG,0.24705882352941178,0.6947441101074219,0.7319564819335938,6,False
2025-08-22/IMG_0044.JPG,0.21176470588235285,0.6865425109863281,0.7140655517578125,5,False
2025-08-22/IMG_0045.JPG,0.22352941176470598,0.7343826293945312,0.7630271911621094,4,False
2025-08-22/IMG_0046.JPG,0.22352941176470598,0.7316970825195312,0.7493476867675781,7,False
2025-08-22/IMG_0047.JPG,0.21176470588235285,0.7074928283691406,0.7265777587890625,3,False
2025-08-22/IMG_0048.JPG,0.22352941176470598,0.7872962951660156,0.8236007690429688,3,False
2025-08-22/IMG_0049.JPG,0.21176470588235285,0.7064704895019531,0.7381172180175781,7,False
2025-08-22/IMG_0050.JPG,0.2588235294117647,0.7351646423339844,0.7833747863769531,2,False
2025-08-22/IMG_0051.JPG,0.18823529411764706,0.6808090209960938,0.6979637145996094,3,False
2025-08-22/IMG_0052.JPG,0.18823529411764706,0.6648101806640625,0.6986427307128906,7,False
2025-08-22/IMG_0053.JPG,0.17647058823529416,0.6927719116210938,0.7123985290527344,6,False
2025-08-22/IMG_0054.JPG,0.21176470588235285,0.7418785095214844,0.7882728576660156,5,False
2025-08-22/IMG_0055.JPG,0.22352941176470598,0.7237510681152344,0.7790870666503906,6,False
2025-08-22/IMG_0056.JPG,0.18823529411764706,0.7136344909667969,0.7411003112792969,5,False
2025-08-22/IMG_0057.JPG,0.21176470588235285,0.7214241027832031,0.7550277709960938,5,False
2025-08-22/IMG_0058.JPG,0.19999999999999996,0.7690353393554688,0.8012809753417969,2,False
2025-08-22/IMG_0059.JPG,0.21176470588235285,0.7861976623535156,0.8180503845214844,3,False
2025-08-22/IMG_0060.JPG,0.19999999999999996,0.7409629821777344,0.7659873962402344,1,False
2025-08-22/IMG_0061.JPG,0.21176470588235285,0.7631683349609375,0.8054924011230469,4,False
2025-08-22/IMG_0062.JPG,0.21176470588235285,0.7278823852539062,0.7530899047851562,4,False
2025-08-22/IMG_0063.JPG,0.18823529411764706,0.7924003601074219,0.8242340087890625,7,False
2025-08-22/IMG_0064.JPG,0.21176470588235285,0.7589836120605469,0.7990303039550781,6,False
2025-08-22/IMG_0065.JPG,0.19999999999999996,0.7576179504394531,0.7908782958984375,3,False
2025-08-22/IMG_0066.JPG,0.19999999999999996,0.7938804626464844,0.825042724609375,1,False
2025-08-22/IMG_0067.JPG,0.19999999999999996,0.7757110595703125,0.8074531555175781,4,False
2025-08-22/IMG_0068.JPG,0.22352941176470598,0.7532463073730469,0.7960090637207031,3,False
2025-08-22/IMG_0069.JPG,0.22352941176470598,0.7099113464355469,0.7383232116699219,4,False
2025-08-22/IMG_0070.JPG,0.22352941176470598,0.6889305114746094,0.7109107971191406,12,False
2025-08-22/IMG_0071.JPG,0.19999999999999996,0.6827011108398438,0.6997566223144531,8,False
2025-08-22/IMG_0072.JPG,0.22352941176470598,0.677459716796875,0.7110977172851562,3,False
2025-08-22/IMG_0073.JPG,0.19999999999999996,0.7558631896972656,0.784027099609375,4,False
2025-08-22/IMG_0074.JPG,0.19999999999999996,0.6325569152832031,0.6470756530761719,6,False
2025-08-22/IMG_0075.JPG,0.21176470588235285,0.687713623046875,0.7297401428222656,3,False
2025-08-22/IMG_0076.JPG,0.21176470588235285,0.6368064880371094,0.6499214172363281,12,False
2025-08-22/IMG_0077.JPG,0.21176470588235285,0.683319091796875,0.7129898071289062,4,False
2025-08-22/IMG_0078.JPG,0.22352941176470598,0.7293663024902344,0.7738037109375,4,False
2025-08-22/IMG_0079.JPG,0.2705882352941176,0.767730712890625,0.7974891662597656,3,False
2025-08-22/IMG_0080.JPG,0.23529411764705888,0.7486953735351562,0.7897300720214844,2,False
2025-08-22/IMG_0081.JPG,0.21176470588235285,0.7506904602050781,0.7777748107910156,4,False
2025-08-22/IMG_0082.JPG,0.19999999999999996,0.7444305419921875,0.7770767211914062,5,False
2025-08-22/IMG_0083.JPG,0.19999999999999996,0.6647911071777344,0.6896896362304688,10,False
2025-08-22/IMG_0084.JPG,0.21176470588235285,0.7441520690917969,0.7746505737304688,4,False
2025-08-22/IMG_0085.JPG,0.21176470588235285,0.7449951171875,0.7842292785644531,3,False
2025-08-22/IMG_0086.JPG,0.19999999999999996,0.7355079650878906,0.7678985595703125,4,False
2025-08-22/IMG_0087.JPG,0.23529411764705888,0.7734756469726562,0.8262901306152344,2,False
2025-08-22/IMG_0088.JPG,0.21176470588235285,0.7781219482421875,0.8120613098144531,3,False
2025-08-22/IMG_0089.JPG,0.21176470588235285,0.8064804077148438,0.837860107421875,3,False
2025-08-22/IMG_0090.JPG,0.22352941176470598,0.7897567749023438,0.8264808654785156,2,False
2025-08-22/IMG_0091.JPG,0.21176470588235285,0.7268486022949219,0.7566413879394531,5,False
2025-08-22/IMG_0092.JPG,0.21176470588235285,0.7632713317871094,0.7912788391113281,5,False
2025-08-22/IMG_0093.JPG,0.18823529411764706,0.7579574584960938,0.7763023376464844,2,False
2025-08-22/IMG_0094.JPG,0.19999999999999996,0.6806907653808594,0.7086105346679688,2,False
2025-08-22/IMG_0097.JPG,0.18823529411764706,0.6677665710449219,0.6902084350585938,7,False
2025-08-22/IMG_0098.JPG,0.18823529411764706,0.7236213684082031,0.74114990234375,5,False
2025-08-22/IMG_0099.JPG,0.22352941176470598,0.7857513427734375,0.8301239013671875,3,False
2025-08-22/IMG_0100.JPG,0.23529411764705888,0.6561355590820312,0.7106170654296875,6,False
2025-08-22/IMG_0101.JPG,0.2705882352941176,0.6112213134765625,0.65802001953125,10,False
2025-08-22/IMG_0102.JPG,0.2823529411764707,0.6034164428710938,0.6597442626953125,11,False
2025-08-22/IMG_0104.JPG,0.23529411764705888,0.7435188293457031,0.7854270935058594,2,False
2025-08-22/IMG_0106.JPG,0.21176470588235285,0.7591514587402344,0.7823753356933594,4,False
2025-08-22/IMG_0107.JPG,0.18823529411764706,0.7010002136230469,0.7268829345703125,4,False
2025-08-22/IMG_0108.JPG,0.19999999999999996,0.7663917541503906,0.7987747192382812,1,False
2025-08-22/IMG_0109.JPG,0.18823529411764706,0.745208740234375,0.7720985412597656,3,False
2025-08-22/IMG_0110.JPG,0.19999999999999996,0.7366523742675781,0.7595100402832031,5,False
2025-08-22/IMG_0111.JPG,0.19999999999999996,0.7865943908691406,0.8042144775390625,2,False
2025-08-22/IMG_0112.JPG,0.21176470588235285,0.7747688293457031,0.8107719421386719,3,False
2025-08-22/IMG_0113.JPG,0.23529411764705888,0.7451057434082031,0.7836685180664062,4,False
2025-08-22/IMG_0114.JPG,0.22352941176470598,0.7765769958496094,0.8162460327148438,1,False
2025-08-22/IMG_0115.JPG,0.19999999999999996,0.7772254943847656,0.8009757995605469,1,False
2025-08-22/IMG_0116.JPG,0.19999999999999996,0.7714500427246094,0.8006744384765625,2,False
2025-08-22/IMG_0117.JPG,0.17647058823529416,0.7740974426269531,0.7916679382324219,3,False
2025-08-22/IMG_0118.JPG,0.17647058823529416,0.815277099609375,0.834320068359375,1,False
2025-08-22/IMG_0119.JPG,0.18823529411764706,0.7288780212402344,0.7532463073730469,3,False
2025-08-22/IMG_0121.JPG,0.16470588235294126,0.15644454956054688,0.15980148315429688,3,False
2025-08-22/IMG_0122.JPG,0.16470588235294126,0.1460723876953125,0.14797592163085938,7,False
2025-08-22/IMG_0123.JPG,0.16470588235294126,0.2020111083984375,0.20726776123046875,5,False
2025-08-22/IMG_0124.JPG,0.17647058823529416,0.16175079345703125,0.15601730346679688,7,False
2025-08-22/IMG_0125.JPG,0.16470588235294126,0.21966171264648438,0.22658157348632812,5,False
2025-08-22/IMG_0126.JPG,0.18823529411764706,0.13399887084960938,0.1350555419921875,2,False
2025-08-22/IMG_0127.JPG,0.18823529411764706,0.19130325317382812,0.18982696533203125,10,False
2025-08-22/IMG_0128.JPG,0.18823529411764706,0.17383575439453125,0.17019271850585938,6,False
2025-08-22/IMG_0129.JPG,0.18823529411764706,0.20291519165039062,0.19509124755859375,5,False
2025-08-22/IMG_0130.JPG,0.18823529411764706,0.21749496459960938,0.22208023071289062,2,False
2025-08-22/IMG_0131.JPG,0.17647058823529416,0.30934906005859375,0.3214225769042969,8,False
2025-08-22/IMG_0132.JPG,0.16470588235294126,0.26543426513671875,0.2754554748535156,4,False
2025-08-22/IMG_0133.JPG,0.17647058823529416,0.2550048828125,0.26813507080078125,5,False
2025-08-22/IMG_0134.JPG,0.15294117647058814,0.27655029296875,0.2928009033203125,6,False
2025-08-22/IMG_0135.JPG,0.16470588235294126,0.258544921875,0.2666587829589844,8,False
2025-08-22/IMG_0136.JPG,0.15294117647058814,0.11480712890625,0.11557769775390625,3,False
2025-08-22/IMG_0137.JPG,0.16470588235294126,0.106201171875,0.1083984375,4,False
2025-08-22/IMG_0138.JPG,0.15294117647058814,0.10723495483398438,0.10931777954101562,3,False
2025-08-22/IMG_0139.JPG,0.16470588235294126,0.17247772216796875,0.1790008544921875,2,False
2025-08-22/IMG_0140.JPG,0.15294117647058814,0.13575363159179688,0.141326904296875,4,False
2025-08-22/IMG_0141.JPG,0.15294117647058814,0.10508346557617188,0.10919189453125,2,False
2025-08-22/IMG_0142.JPG,0.16470588235294126,0.13882827758789062,0.14106369018554688,3,False
2025-08-22/IMG_0143.JPG,0.17647058823529416,0.12892532348632812,0.12799072265625,4,False
2025-08-22/IMG_0144.JPG,0.15294117647058814,0.1053466796875,0.1064605712890625,5,False
2025-08-22/IMG_0145.JPG,0.16470588235294126,0.08138275146484375,0.08193206787109375,4,False
2025-08-22/IMG_0146.JPG,0.15294117647058814,0.2768058776855469,0.28447723388671875,6,False
2025-08-22/IMG_0147.JPG,0.16470588235294126,0.3158454895019531,0.3228645324707031,9,False
2025-08-22/IMG_0148.JPG,0.12941176470588234,0.18042373657226562,0.18778610229492188,5,False
2025-08-22/IMG_0149.JPG,0.12941176470588234,0.23282241821289062,0.23477935791015625,8,False
2025-08-22/IMG_0150.JPG,0.12941176470588234,0.23363876342773438,0.24934005737304688,4,False
2025-08-22/IMG_0151.JPG,0.14117647058823524,0.21331787109375,0.2205810546875,8,False
2025-08-22/IMG_0152.JPG,0.16470588235294126,0.3748626708984375,0.3967781066894531,5,False
2025-08-22/IMG_0153.JPG,0.11764705882352944,0.18918609619140625,0.19425201416015625,4,False
2025-08-22/IMG_0154.JPG,0.12941176470588234,0.20535659790039062,0.21299362182617188,5,False
2025-08-22/IMG_0155.JPG,0.11764705882352944,0.15733718872070312,0.156158447265625,10,False
2025-08-22/IMG_0156.JPG,0.12941176470588234,0.22863388061523438,0.24654006958007812,9,False
2025-08-22/IMG_0157.JPG,0.12941176470588234,0.31015777587890625,0.33206939697265625,7,False
2025-08-22/IMG_0158.JPG,0.08235294117647052,0.09386062622070312,0.05462646484375,8,False
2025-08-22/IMG_0159.JPG,0.16470588235294126,0.09875106811523438,0.1062164306640625,2,False
2025-08-22/IMG_0160.JPG,0.12941176470588234,0.0734100341796875,0.07110214233398438,14,False
2025-08-22/IMG_0161.JPG,0.12941176470588234,0.1080169677734375,0.11289215087890625,13,False
2025-08-22/IMG_0162.JPG,0.08235294117647052,0.08110809326171875,0.0509796142578125,21,False
2025-08-22/IMG_0163.JPG,0.08235294117647052,0.09146881103515625,0.045932769775390625,9,False
2025-08-22/IMG_0164.JPG,0.14117647058823524,0.08060836791992188,0.07879638671875,5,False
2025-08-22/IMG_0165.JPG,0.11764705882352944,0.07110214233398438,0.0683441162109375,10,False
2025-08-22/IMG_0166.JPG,0.17647058823529416,0.07839202880859375,0.08483505249023438,2,False
2025-08-22/IMG_0168.JPG,0.14117647058823524,0.21582412719726562,0.2355804443359375,5,False
2025-08-22/IMG_0169.JPG,0.15294117647058814,0.2791099548339844,0.2981300354003906,8,False
2025-08-22/IMG_0170.JPG,0.15294117647058814,0.3816413879394531,0.406829833984375,3,False
2025-08-22/IMG_0171.JPG,0.12941176470588234,0.32389068603515625,0.3553009033203125,8,False
2025-08-22/IMG_0173.JPG,0.16470588235294126,0.0870513916015625,0.09271240234375,1,False
2025-08-22/IMG_0174.JPG,0.15294117647058814,0.11565017700195312,0.12359619140625,2,False
2025-08-22/IMG_0175.JPG,0.16470588235294126,0.0677337646484375,0.07363510131835938,3,False
2025-08-22/IMG_0176.JPG,0.07058823529411762,0.08592987060546875,0.037509918212890625,14,False
2025-08-22/IMG_0177.JPG,0.15294117647058814,0.08692169189453125,0.09350204467773438,4,False
2025-08-22/IMG_0178.JPG,0.15294117647058814,0.05242156982421875,0.054988861083984375,3,False
2025-08-22/IMG_0179.JPG,0.16470588235294126,0.03830718994140625,0.0408782958984375,2,False
2025-08-22/IMG_0180.JPG,0.16470588235294126,0.12836837768554688,0.13823699951171875,4,False
2025-08-22/IMG_0181.JPG,0.10588235294117654,0.12421417236328125,0.10675811767578125,14,False
2025-08-22/IMG_0182.JPG,0.14117647058823524,0.07295989990234375,0.07712173461914062,6,False
2025-08-22/IMG_0183.JPG,0.12941176470588234,0.17975234985351562,0.1863555908203125,4,False
2025-08-22/IMG_0185.JPG,0.12941176470588234,0.2702674865722656,0.28728485107421875,5,False
2025-08-22/IMG_0186.JPG,0.14117647058823524,0.247772216796875,0.2663307189941406,11,False
2025-08-22/IMG_0187.JPG,0.11764705882352944,0.18783950805664062,0.19686126708984375,4,False
2025-08-22/IMG_0188.JPG,0.08235294117647052,0.08252716064453125,0.049346923828125,12,False
2025-08-22/IMG_0189.JPG,0.14117647058823524,0.2133026123046875,0.224761962890625,3,False
2025-08-22/IMG_0190.JPG,0.07058823529411762,0.09615707397460938,0.05274200439453125,19,False
2025-08-22/IMG_0191.JPG,0.14117647058823524,0.17136001586914062,0.18470382690429688,4,False
2025-08-22/IMG_0192.JPG,0.12941176470588234,0.14792633056640625,0.15314865112304688,11,False
2025-08-22/IMG_0193.JPG,0.15294117647058814,0.18985748291015625,0.20203018188476562,2,False
2025-08-22/IMG_0194.JPG,0.12941176470588234,0.1031951904296875,0.08015060424804688,12,False
2025-08-22/IMG_0195.JPG,0.14117647058823524,0.24988555908203125,0.2680397033691406,4,False
2025-08-22/IMG_0196.JPG,0.09411764705882364,0.0863189697265625,0.056697845458984375,18,False
2025-08-22/IMG_0197.JPG,0.14117647058823524,0.2704658508300781,0.2908935546875,4,False
2025-08-22/IMG_0198.JPG,0.11764705882352944,0.09166336059570312,0.09009933471679688,11,False
2025-08-22/IMG_0199.JPG,0.11764705882352944,0.13962173461914062,0.14780044555664062,3,False
2025-08-22/IMG_0200.JPG,0.11764705882352944,0.09668350219726562,0.09804916381835938,9,False
2025-08-22/IMG_0201.JPG,0.12941176470588234,0.16926193237304688,0.17645263671875,10,False
2025-08-22/IMG_0202.JPG,0.15294117647058814,0.19359588623046875,0.21082305908203125,3,False
2025-08-22/IMG_0203.JPG,0.14117647058823524,0.2993965148925781,0.320465087890625,5,False
2025-08-22/IMG_0204.JPG,0.16470588235294126,0.4955940246582031,0.5123672485351562,3,False
2025-08-22/IMG_0206.JPG,0.15294117647058814,0.4409027099609375,0.4579887390136719,8,False
2025-08-22/IMG_0207.JPG,0.14117647058823524,0.4815330505371094,0.501861572265625,4,False
2025-08-22/IMG_0208.JPG,0.14117647058823524,0.4176139831542969,0.4342689514160156,6,False
2025-08-22/IMG_0209.JPG,0.15294117647058814,0.31652069091796875,0.3291778564453125,4,False
2025-08-22/IMG_0210.JPG,0.14117647058823524,0.3599891662597656,0.37213134765625,4,False
2025-08-22/IMG_0211.JPG,0.14117647058823524,0.34047698974609375,0.35541534423828125,4,False
2025-08-22/IMG_0212.JPG,0.14117647058823524,0.3104362487792969,0.31597900390625,3,False
2025-08-22/IMG_0213.JPG,0.12941176470588234,0.10303878784179688,0.10253524780273438,2,False
2025-08-22/IMG_0214.JPG,0.14117647058823524,0.37158203125,0.3904151916503906,4,False
2025-08-22/IMG_0215.JPG,0.15294117647058814,0.2766380310058594,0.28131866455078125,4,False
2025-08-22/IMG_0216.JPG,0.14117647058823524,0.3337669372558594,0.3461570739746094,4,False
2025-08-22/IMG_0217.JPG,0.12941176470588234,0.2872657775878906,0.3061408996582031,5,False
2025-08-22/IMG_0218.JPG,0.14117647058823524,0.2255706787109375,0.22861862182617188,7,False
2025-08-22/IMG_0219.JPG,0.14117647058823524,0.37761688232421875,0.3976554870605469,4,False
2025-08-22/IMG_0221.JPG,0.11764705882352944,0.01617431640625,0.017383575439453125,3,False
2025-08-22/IMG_0222.JPG,0.11764705882352944,0.051387786865234375,0.0541839599609375,1,False
2025-08-22/IMG_0223.JPG,0.14117647058823524,0.16905593872070312,0.17690658569335938,7,False
2025-08-22/IMG_0224.JPG,0.14117647058823524,0.18658065795898438,0.19610595703125,6,False
2025-08-22/IMG_0225.JPG,0.12941176470588234,0.031955718994140625,0.032230377197265625,6,False
2025-08-22/IMG_0226.JPG,0.14117647058823524,0.15089797973632812,0.1605987548828125,6,False
2025-08-22/IMG_0227.JPG,0.12941176470588234,0.09801483154296875,0.10445022583007812,9,False
2025-08-22/IMG_0228.JPG,0.12941176470588234,0.15029144287109375,0.16166305541992188,11,False
2025-08-22/IMG_0229.JPG,0.12941176470588234,0.087371826171875,0.09634780883789062,3,False
2025-08-22/IMG_0231.JPG,0.14117647058823524,0.08649444580078125,0.09056854248046875,12,False
2025-08-22/IMG_0232.JPG,0.14117647058823524,0.19664382934570312,0.2155609130859375,10,False
2025-08-22/IMG_0233.JPG,0.14117647058823524,0.11641693115234375,0.12871551513671875,3,False
2025-08-22/IMG_0234.JPG,0.14117647058823524,0.0483551025390625,0.052257537841796875,4,False
2025-08-22/IMG_0235.JPG,0.14117647058823524,0.09777069091796875,0.10563278198242188,2,False
2025-08-22/IMG_0236.JPG,0.14117647058823524,0.16313934326171875,0.1687774658203125,8,False
2025-08-22/IMG_0237.JPG,0.15294117647058814,0.20524978637695312,0.22384262084960938,5,False
2025-08-22/IMG_0238.JPG,0.12941176470588234,0.0306243896484375,0.031177520751953125,3,False
2025-08-22/IMG_0239.JPG,0.14117647058823524,0.11483001708984375,0.12411117553710938,8,False
2025-08-22/IMG_0240.JPG,0.14117647058823524,0.12677764892578125,0.13669204711914062,5,False
2025-08-22/IMG_0241.JPG,0.10588235294117654,0.016510009765625,0.015827178955078125,3,False
2025-08-22/IMG_0242.JPG,0.10588235294117654,0.04882049560546875,0.04857635498046875,11,False
2025-08-22/IMG_0243.JPG,0.11764705882352944,0.036563873291015625,0.032451629638671875,9,False
2025-08-22/IMG_0244.JPG,0.12941176470588234,0.14041900634765625,0.15385818481445312,5,False
2025-08-22/IMG_0245.JPG,0.14117647058823524,0.09832000732421875,0.1064300537109375,2,False
2025-08-22/IMG_0246.JPG,0.12941176470588234,0.12961578369140625,0.1304473876953125,8,False
2025-08-22/IMG_0247.JPG,0.12941176470588234,0.12410736083984375,0.13166427612304688,11,False
2025-08-22/IMG_0248.JPG,0.10588235294117654,0.04769134521484375,0.044712066650390625,7,False
2025-08-22/IMG_0249.JPG,0.11764705882352944,0.059566497802734375,0.0632781982421875,1,False
2025-08-22/IMG_0250.JPG,0.12941176470588234,0.07416152954101562,0.078582763671875,5,False
2025-08-22/IMG_0251.JPG,0.11764705882352944,0.040409088134765625,0.04132080078125,4,False
2025-08-22/IMG_0252.JPG,0.11764705882352944,0.0763092041015625,0.08274078369140625,6,False
2025-08-22/IMG_0253.JPG,0.12941176470588234,0.21796417236328125,0.2431182861328125,7,False
2025-08-22/IMG_0254.JPG,0.12941176470588234,0.11720657348632812,0.13143539428710938,6,False
2025-08-22/IMG_0255.JPG,0.12941176470588234,0.07755279541015625,0.08405685424804688,2,False
2025-08-22/IMG_0256.JPG,0.14117647058823524,0.1618499755859375,0.16934967041015625,6,False
2025-08-22/IMG_0257.JPG,0.12941176470588234,0.13619232177734375,0.13436508178710938,21,False
2025-08-22/IMG_0258.JPG,0.12941176470588234,0.18299102783203125,0.19133377075195312,11,False
2025-08-22/IMG_0259.JPG,0.10588235294117654,0.014522552490234375,0.011646270751953125,5,False
2025-08-22/IMG_0261.JPG,0.14117647058823524,0.18066024780273438,0.19278717041015625,6,False
2025-08-22/IMG_0262.JPG,0.14117647058823524,0.12677383422851562,0.13482284545898438,5,False
2025-08-22/IMG_0263.JPG,0.12941176470588234,0.10283279418945312,0.1126556396484375,6,False
2025-08-22/IMG_0264.JPG,0.12941176470588234,0.060546875,0.055419921875,9,False
2025-08-22/IMG_0265.JPG,0.12941176470588234,0.14776611328125,0.15674972534179688,5,False
2025-08-22/IMG_0266.JPG,0.12941176470588234,0.0289154052734375,0.031383514404296875,1,False
2025-08-22/IMG_0267.JPG,0.11764705882352944,0.15343856811523438,0.1629486083984375,15,False
2025-08-22/IMG_0268.JPG,0.14117647058823524,0.2750358581542969,0.2952156066894531,2,False
2025-08-22/IMG_0269.JPG,0.14117647058823524,0.17008209228515625,0.18318939208984375,3,False
2025-08-22/IMG_0270.JPG,0.12941176470588234,0.11476898193359375,0.12347030639648438,5,False
2025-08-22/IMG_0271.JPG,0.14117647058823524,0.13292694091796875,0.14303970336914062,11,False
2025-08-22/IMG_0272.JPG,0.14117647058823524,0.15087127685546875,0.15892791748046875,5,False
2025-08-22/IMG_0274.JPG,0.10588235294117654,0.08171463012695312,0.079833984375,13,False
2025-08-22/IMG_0276.JPG,0.12941176470588234,0.08459854125976562,0.08784103393554688,9,False
2025-08-22/IMG_0277.JPG,0.11764705882352944,0.029537200927734375,0.028011322021484375,10,False
2025-08-22/IMG_0278.JPG,0.15294117647058814,0.14565658569335938,0.15874862670898438,5,False
2025-08-22/IMG_0279.JPG,0.15294117647058814,0.22577285766601562,0.24663543701171875,4,False
2025-08-22/IMG_0280.JPG,0.14117647058823524,0.23998641967773438,0.2632942199707031,8,False
2025-08-22/IMG_0281.JPG,0.14117647058823524,0.19709014892578125,0.21453475952148438,5,False
2025-08-22/IMG_0282.JPG,0.10588235294117654,0.05236053466796875,0.0504913330078125,11,False
2025-08-22/IMG_0283.JPG,0.12941176470588234,0.06047821044921875,0.06332015991210938,5,False
2025-08-22/IMG_0286.JPG,0.16470588235294126,0.23944091796875,0.24481582641601562,6,False
2025-08-22/IMG_0287.JPG,0.16470588235294126,0.300018310546875,0.30619049072265625,13,False
2025-08-22/IMG_0289.JPG,0.14117647058823524,0.2501373291015625,0.2519493103027344,16,False
2025-08-22/IMG_0290.JPG,0.16470588235294126,0.45230865478515625,0.48816680908203125,5,False
2025-08-22/IMG_0291.JPG,0.14117647058823524,0.2688865661621094,0.2887382507324219,8,False
2025-08-22/IMG_0292.JPG,0.15294117647058814,0.33924102783203125,0.364227294921875,4,False
2025-08-22/IMG_0293.JPG,0.14117647058823524,0.24615097045898438,0.26148223876953125,4,False
2025-08-22/IMG_0294.JPG,0.15294117647058814,0.3182220458984375,0.3398857116699219,6,False
2025-08-22/IMG_0295.JPG,0.14117647058823524,0.33624267578125,0.3518028259277344,6,False
2025-08-22/IMG_0296.JPG,0.15294117647058814,0.3830528259277344,0.4005889892578125,12,False
2025-08-22/IMG_0297.JPG,0.15294117647058814,0.2764930725097656,0.30054473876953125,7,False
2025-08-22/IMG_0298.JPG,0.15294117647058814,0.19818115234375,0.2104949951171875,4,False
2025-08-22/IMG_0299.JPG,0.15294117647058814,0.1880950927734375,0.19726181030273438,8,False
2025-08-22/IMG_0300.JPG,0.12941176470588234,0.21643829345703125,0.2270965576171875,5,False
2025-08-22/IMG_9733.JPG,0.14117647058823524,0.30950164794921875,0.3331108093261719,5,False
2025-08-22/IMG_9734.JPG,0.16470588235294126,0.2225189208984375,0.23501205444335938,5,False
2025-08-22/IMG_9735.JPG,0.16470588235294126,0.2714271545410156,0.2944450378417969,4,False
2025-08-22/IMG_9736.JPG,0.16470588235294126,0.3158416748046875,0.3434600830078125,8,False
2025-08-22/IMG_9737.JPG,0.17647058823529416,0.3954200744628906,0.42336273193359375,8,False
2025-08-22/IMG_9738.JPG,0.16470588235294126,0.3469657897949219,0.3747100830078125,8,False
2025-08-22/IMG_9739.JPG,0.16470588235294126,0.24266815185546875,0.2644920349121094,2,False
2025-08-22/IMG_9740.JPG,0.16470588235294126,0.199493408203125,0.213653564453125,5,False
2025-08-22/IMG_9741.JPG,0.16470588235294126,0.2674560546875,0.2929115295410156,7,False
2025-08-22/IMG_9742.JPG,0.16470588235294126,0.2865180969238281,0.305694580078125,10,False
2025-08-22/IMG_9743.JPG,0.16470588235294126,0.34014892578125,0.37757110595703125,4,False
2025-08-22/IMG_9744.JPG,0.14117647058823524,0.17394256591796875,0.17508697509765625,13,False
2025-08-22/IMG_9746.JPG,0.17647058823529416,0.2996025085449219,0.31595611572265625,11,False
2025-08-22/IMG_9747.JPG,0.18823529411764706,0.18248367309570312,0.18822479248046875,5,False
2025-08-22/IMG_9748.JPG,0.14117647058823524,0.060947418212890625,0.0635986328125,8,False
2025-08-22/IMG_9749.JPG,0.11764705882352944,0.053264617919921875,0.051746368408203125,9,False
2025-08-22/IMG_9750.JPG,0.15294117647058814,0.1608734130859375,0.16958999633789062,12,False
2025-08-22/IMG_9751.JPG,0.15294117647058814,0.25146484375,0.268890380859375,12,False
2025-08-22/IMG_9752.JPG,0.16470588235294126,0.23803329467773438,0.2571983337402344,11,False
2025-08-22/IMG_9753.JPG,0.16470588235294126,0.17183685302734375,0.18838882446289062,6,False
2025-08-22/IMG_9754.JPG,0.12941176470588234,0.04582977294921875,0.04355621337890625,10,False
2025-08-22/IMG_9755.JPG,0.12941176470588234,0.12562942504882812,0.127532958984375,16,False
2025-08-22/IMG_9757.JPG,0.11764705882352944,0.09562301635742188,0.08289337158203125,22,False
2025-08-22/IMG_9759.JPG,0.15294117647058814,0.18651199340820312,0.19591903686523438,7,False
2025-08-22/IMG_9760.JPG,0.15294117647058814,0.129974365234375,0.13769912719726562,12,False
2025-08-22/IMG_9761.JPG,0.16470588235294126,0.12975311279296875,0.13734054565429688,6,False
2025-08-22/IMG_9762.JPG,0.16470588235294126,0.14848709106445312,0.15641021728515625,5,False
2025-08-22/IMG_9763.JPG,0.16470588235294126,0.17488479614257812,0.19228744506835938,4,False
2025-08-22/IMG_9764.JPG,0.12941176470588234,0.12269210815429688,0.12335205078125,19,False
2025-08-22/IMG_9765.JPG,0.16470588235294126,0.030178070068359375,0.03284454345703125,3,False
2025-08-22/IMG_9766.JPG,0.15294117647058814,0.25160980224609375,0.26860809326171875,9,False
2025-08-22/IMG_9767.JPG,0.12941176470588234,0.070587158203125,0.06432342529296875,11,False
2025-08-22/IMG_9768.JPG,0.15294117647058814,0.11971664428710938,0.1319427490234375,4,False
2025-08-22/IMG_9769.JPG,0.16470588235294126,0.14641189575195312,0.15393829345703125,10,False
2025-08-22/IMG_9770.JPG,0.14117647058823524,0.18199539184570312,0.18856430053710938,15,False
2025-08-22/IMG_9771.JPG,0.11764705882352944,0.01453399658203125,0.012058258056640625,7,False
2025-08-22/IMG_9772.JPG,0.15294117647058814,0.14070892333984375,0.15014266967773438,12,False
2025-08-22/IMG_9773.JPG,0.14117647058823524,0.11696624755859375,0.11948776245117188,12,False
2025-08-22/IMG_9774.JPG,0.14117647058823524,0.14352798461914062,0.14735794067382812,8,False
2025-08-22/IMG_9775.JPG,0.15294117647058814,0.07181930541992188,0.07677078247070312,3,False
2025-08-22/IMG_9776.JPG,0.15294117647058814,0.10643386840820312,0.11404800415039062,4,False
2025-08-22/IMG_9777.JPG,0.15294117647058814,0.2511711120605469,0.2705268859863281,10,False
2025-08-22/IMG_9778.JPG,0.12941176470588234,0.07136154174804688,0.07542037963867188,6,False
2025-08-22/IMG_9779.JPG,0.12941176470588234,0.04227447509765625,0.0425567626953125,6,False
2025-08-22/IMG_9780.JPG,0.14117647058823524,0.07300949096679688,0.07756805419921875,5,False
2025-08-22/IMG_9781.JPG,0.14117647058823524,0.07682037353515625,0.07865524291992188,4,False
2025-08-22/IMG_9782.JPG,0.10588235294117654,0.06969070434570312,0.06825637817382812,8,False
2025-08-22/IMG_9783.JPG,0.14117647058823524,0.13119125366210938,0.12851715087890625,16,False
2025-08-22/IMG_9784.JPG,0.12941176470588234,0.11884307861328125,0.11845779418945312,12,False
2025-08-22/IMG_9785.JPG,0.15294117647058814,0.10738372802734375,0.11493301391601562,5,False
2025-08-22/IMG_9786.JPG,0.15294117647058814,0.11515045166015625,0.12037277221679688,9,False
2025-08-22/IMG_9787.JPG,0.12941176470588234,0.048679351806640625,0.046085357666015625,5,False
2025-08-22/IMG_9788.JPG,0.11764705882352944,0.061004638671875,0.058856964111328125,13,False
2025-08-22/IMG_9790.JPG,0.15294117647058814,0.16796112060546875,0.18357467651367188,10,False
2025-08-22/IMG_9791.JPG,0.15294117647058814,0.13332366943359375,0.142425537109375,11,False
2025-08-22/IMG_9792.JPG,0.14117647058823524,0.03630828857421875,0.03624725341796875,1,False
2025-08-22/IMG_9793.JPG,0.16470588235294126,0.25975799560546875,0.2789192199707031,10,False
2025-08-22/IMG_9795.JPG,0.16470588235294126,0.09903335571289062,0.10360336303710938,10,False
2025-08-22/IMG_9796.JPG,0.15294117647058814,0.05487060546875,0.05796051025390625,6,False
2025-08-22/IMG_9797.JPG,0.15294117647058814,0.15557861328125,0.17482757568359375,4,False
2025-08-22/IMG_9798.JPG,0.15294117647058814,0.18401718139648438,0.19847488403320312,14,False
2025-08-22/IMG_9799.JPG,0.15294117647058814,0.06977081298828125,0.06932449340820312,11,False
2025-08-22/IMG_9800.JPG,0.14117647058823524,0.12711715698242188,0.13476181030273438,10,False
2025-08-22/IMG_9801.JPG,0.15294117647058814,0.16841888427734375,0.17894363403320312,14,False
2025-08-22/IMG_9802.JPG,0.14117647058823524,0.10469436645507812,0.10813522338867188,13,False
2025-08-22/IMG_9803.JPG,0.15294117647058814,0.16149520874023438,0.170440673828125,13,False
2025-08-22/IMG_9804.JPG,0.12941176470588234,0.04579925537109375,0.038372039794921875,13,False
2025-08-22/IMG_9805.JPG,0.14117647058823524,0.20518875122070312,0.22055435180664062,8,False
2025-08-22/IMG_9806.JPG,0.15294117647058814,0.2990531921386719,0.3202362060546875,10,False
2025-08-22/IMG_9807.JPG,0.12941176470588234,0.11757659912109375,0.12151336669921875,4,False
2025-08-22/IMG_9808.JPG,0.12941176470588234,0.0299072265625,0.03093719482421875,3,False
2025-08-22/IMG_9810.JPG,0.15294117647058814,0.4746551513671875,0.5193367004394531,11,False
2025-08-22/IMG_9811.JPG,0.14117647058823524,0.16657257080078125,0.17966842651367188,11,False
2025-08-22/IMG_9812.JPG,0.15294117647058814,0.3140106201171875,0.34490203857421875,13,False
2025-08-22/IMG_9813.JPG,0.14117647058823524,0.2809181213378906,0.3053092956542969,10,False
2025-08-22/IMG_9814.JPG,0.12941176470588234,0.08670425415039062,0.09529876708984375,3,False
2025-08-22/IMG_9815.JPG,0.16470588235294126,0.4488716125488281,0.4830360412597656,7,False
2025-08-22/IMG_9816.JPG,0.5058823529411764,0.00074005126953125,0.00074005126953125,33,True
2025-08-22/IMG_9817.JPG,0.15294117647058814,0.16189193725585938,0.16953659057617188,6,False
2025-08-22/IMG_9818.JPG,0.15294117647058814,0.294189453125,0.3207550048828125,10,False
2025-08-22/IMG_9819.JPG,0.17647058823529416,0.2921867370605469,0.3183326721191406,7,False
2025-08-22/IMG_9820.JPG,0.16470588235294126,0.22945022583007812,0.24412918090820312,7,False
2025-08-22/IMG_9821.JPG,0.16470588235294126,0.4245338439941406,0.4574546813964844,9,False
2025-08-22/IMG_9822.JPG,0.21176470588235285,0.5613021850585938,0.5997962951660156,10,False
2025-08-22/IMG_9823.JPG,0.16470588235294126,0.4107475280761719,0.4348602294921875,17,False
2025-08-22/IMG_9827.JPG,0.14117647058823524,0.4055976867675781,0.4332389831542969,21,False
2025-08-22/IMG_9828.JPG,0.16470588235294126,0.5793838500976562,0.629974365234375,11,False
2025-08-22/IMG_9829.JPG,0.15294117647058814,0.4268226623535156,0.454315185546875,14,False
2025-08-22/IMG_9830.JPG,0.15294117647058814,0.5087547302246094,0.5442695617675781,13,False
2025-08-22/IMG_9831.JPG,0.14117647058823524,0.3995399475097656,0.42948150634765625,11,False
2025-08-22/IMG_9832.JPG,0.15294117647058814,0.459381103515625,0.4864501953125,16,False
2025-08-22/IMG_9833.JPG,0.18823529411764706,0.15156173706054688,0.1578521728515625,6,False
2025-08-22/IMG_9834.JPG,0.11764705882352944,0.20092391967773438,0.1996612548828125,13,False
2025-08-22/IMG_9835.JPG,0.12941176470588234,0.21395111083984375,0.20325851440429688,21,False
2025-08-22/IMG_9836.JPG,0.14117647058823524,0.183074951171875,0.18752288818359375,9,False
2025-08-22/IMG_9837.JPG,0.15294117647058814,0.19013595581054688,0.19839859008789062,17,False
2025-08-22/IMG_9838.JPG,0.14117647058823524,0.22784423828125,0.23479080200195312,6,False
2025-08-22/IMG_9839.JPG,0.17647058823529416,0.3032112121582031,0.3202476501464844,11,False
2025-08-22/IMG_9840.JPG,0.15294117647058814,0.24037551879882812,0.24420547485351562,19,False
2025-08-22/IMG_9841.JPG,0.16470588235294126,0.16215896606445312,0.16008758544921875,9,False
2025-08-22/IMG_9842.JPG,0.14117647058823524,0.24223709106445312,0.24141693115234375,20,False
2025-08-22/IMG_9843.JPG,0.16470588235294126,0.48479461669921875,0.5265007019042969,13,False
2025-08-22/IMG_9844.JPG,0.18823529411764706,0.5327377319335938,0.5788040161132812,10,False
2025-08-22/IMG_9845.JPG,0.18823529411764706,0.548553466796875,0.5995826721191406,10,False
2025-08-22/IMG_9846.JPG,0.17647058823529416,0.5158195495605469,0.5613937377929688,19,False
2025-08-22/IMG_9847.JPG,0.16470588235294126,0.5244865417480469,0.5655708312988281,9,False
2025-08-22/IMG_9848.JPG,0.16470588235294126,0.2591285705566406,0.26753997802734375,5,False
2025-08-22/IMG_9849.JPG,0.14117647058823524,0.23034286499023438,0.23497390747070312,18,False
2025-08-22/IMG_9850.JPG,0.12941176470588234,0.23031234741210938,0.22967910766601562,22,False
2025-08-22/IMG_9851.JPG,0.16470588235294126,0.07437515258789062,0.07321548461914062,2,False
2025-08-22/IMG_9852.JPG,0.15294117647058814,0.4041557312011719,0.4358634948730469,12,False
2025-08-22/IMG_9853.JPG,0.12941176470588234,0.2486114501953125,0.249481201171875,16,False
2025-08-22/IMG_9854.JPG,0.12941176470588234,0.34796142578125,0.3632392883300781,17,False
2025-08-22/IMG_9855.JPG,0.15294117647058814,0.3581733703613281,0.3778114318847656,6,False
2025-08-22/IMG_9856.JPG,0.15294117647058814,0.4047393798828125,0.42810821533203125,12,False
2025-08-22/IMG_9858.JPG,0.14117647058823524,0.5370674133300781,0.5797386169433594,10,False
2025-08-22/IMG_9859.JPG,0.15294117647058814,0.32202911376953125,0.3243598937988281,18,False
2025-08-22/IMG_9860.JPG,0.12941176470588234,0.33538055419921875,0.346405029296875,16,False
2025-08-22/IMG_9861.JPG,0.16470588235294126,0.1771087646484375,0.18330001831054688,5,False
2025-08-22/IMG_9862.JPG,0.17647058823529416,0.061786651611328125,0.06481170654296875,1,False
2025-08-22/IMG_9863.JPG,0.16470588235294126,0.10586166381835938,0.10733413696289062,4,False
2025-08-22/IMG_9864.JPG,0.16470588235294126,0.18879318237304688,0.19740676879882812,7,False
2025-08-22/IMG_9865.JPG,0.08235294117647052,0.10088729858398438,0.043453216552734375,11,False
2025-08-22/IMG_9866.JPG,0.17647058823529416,0.11814498901367188,0.12525177001953125,8,False
2025-08-22/IMG_9867.JPG,0.15294117647058814,0.17587661743164062,0.18924713134765625,3,False
2025-08-22/IMG_9868.JPG,0.18823529411764706,0.11880111694335938,0.12850189208984375,7,False
2025-08-22/IMG_9870.JPG,0.14117647058823524,0.5067634582519531,0.5636100769042969,8,False
2025-08-22/IMG_9871.JPG,0.16470588235294126,0.3928413391113281,0.4187507629394531,8,False
2025-08-22/IMG_9872.JPG,0.16470588235294126,0.3701629638671875,0.3944091796875,13,False
2025-08-22/IMG_9873.JPG,0.15294117647058814,0.2848472595214844,0.3057899475097656,11,False
2025-08-22/IMG_9875.JPG,0.19999999999999996,0.16621780395507812,0.17782974243164062,1,False
2025-08-22/IMG_9876.JPG,0.11764705882352944,0.15109634399414062,0.13864898681640625,19,False
2025-08-22/IMG_9877.JPG,0.16470588235294126,0.14001083374023438,0.14335250854492188,13,False
2025-08-22/IMG_9878.JPG,0.11764705882352944,0.11076736450195312,0.06589126586914062,9,False
2025-08-22/IMG_9879.JPG,0.09411764705882364,0.08235931396484375,0.05767059326171875,16,False
2025-08-22/IMG_9880.JPG,0.11764705882352944,0.12505722045898438,0.11946868896484375,9,False
2025-08-22/IMG_9881.JPG,0.10588235294117654,0.06976699829101562,0.05744171142578125,13,False
2025-08-22/IMG_9882.JPG,0.17647058823529416,0.11375045776367188,0.1241302490234375,2,False
2025-08-22/IMG_9883.JPG,0.09411764705882364,0.1032562255859375,0.06134796142578125,13,False
2025-08-22/IMG_9884.JPG,0.12941176470588234,0.2465057373046875,0.2595672607421875,8,False
2025-08-22/IMG_9885.JPG,0.14117647058823524,0.24206161499023438,0.26239776611328125,12,False
2025-08-22/IMG_9886.JPG,0.11764705882352944,0.13821029663085938,0.13833999633789062,10,False
2025-08-22/IMG_9887.JPG,0.14117647058823524,0.1952362060546875,0.20706558227539062,7,False
2025-08-22/IMG_9888.JPG,0.12941176470588234,0.19319534301757812,0.19997787475585938,13,False
2025-08-22/IMG_9889.JPG,0.15294117647058814,0.24151611328125,0.25682830810546875,7,False
2025-08-22/IMG_9890.JPG,0.16470588235294126,0.3572273254394531,0.37166595458984375,3,False
2025-08-22/IMG_9891.JPG,0.16470588235294126,0.16031265258789062,0.1680145263671875,3,False
2025-08-22/IMG_9892.JPG,0.15294117647058814,0.16125106811523438,0.17742538452148438,1,False
2025-08-22/IMG_9893.JPG,0.11764705882352944,0.13143539428710938,0.12928390502929688,8,False
2025-08-22/IMG_9894.JPG,0.10588235294117654,0.09537506103515625,0.07777786254882812,12,False
2025-08-22/IMG_9895.JPG,0.12941176470588234,0.13144302368164062,0.14133453369140625,7,False
2025-08-22/IMG_9896.JPG,0.11764705882352944,0.06691360473632812,0.061458587646484375,6,False
2025-08-22/IMG_9897.JPG,0.15294117647058814,0.127044677734375,0.14153289794921875,3,False
2025-08-22/IMG_9898.JPG,0.08235294117647052,0.08963394165039062,0.04570770263671875,11,False
2025-08-22/IMG_9899.JPG,0.11764705882352944,0.14508819580078125,0.14498519897460938,3,False
2025-08-22/IMG_9900.JPG,-0.12941176470588234,0.9403800964355469,0.9641990661621094,1,False
2025-08-22/IMG_9901.JPG,0.16470588235294126,0.177093505859375,0.19022750854492188,2,False
2025-08-22/IMG_9902.JPG,0.12941176470588234,0.13064193725585938,0.13911056518554688,6,False
2025-08-22/IMG_9903.JPG,0.14117647058823524,0.144073486328125,0.15705108642578125,2,False
2025-08-22/IMG_9904.JPG,-0.11764705882352944,0.9415855407714844,0.96917724609375,1,False
2025-08-22/IMG_9905.JPG,0.12941176470588234,0.16175079345703125,0.16812896728515625,4,False
2025-08-22/IMG_9906.JPG,-0.12941176470588234,0.9509201049804688,0.9719734191894531,1,False
2025-08-22/IMG_9907.JPG,0.11764705882352944,0.16361618041992188,0.1717681884765625,4,False
2025-08-22/IMG_9908.JPG,0.14117647058823524,0.2010498046875,0.2169036865234375,11,False
2025-08-22/IMG_9909.JPG,0.14117647058823524,0.17681884765625,0.19110107421875,8,False
2025-08-22/IMG_9910.JPG,0.17647058823529416,0.6701850891113281,0.7099647521972656,5,False
2025-08-22/IMG_9911.JPG,0.16470588235294126,0.7056808471679688,0.7369155883789062,2,False
2025-08-22/IMG_9912.JPG,0.16470588235294126,0.6536598205566406,0.6863212585449219,3,False
2025-08-22/IMG_9913.JPG,0.18823529411764706,0.6525726318359375,0.6876602172851562,3,False
2025-08-22/IMG_9914.JPG,0.17647058823529416,0.6373100280761719,0.6704177856445312,2,False
2025-08-22/IMG_9915.JPG,0.18823529411764706,0.6545448303222656,0.7004508972167969,3,False
2025-08-22/IMG_9916.JPG,0.18823529411764706,0.6466751098632812,0.67901611328125,6,False
2025-08-22/IMG_9917.JPG,0.18823529411764706,0.6982231140136719,0.738189697265625,2,False
2025-08-22/IMG_9918.JPG,0.18823529411764706,0.6652412414550781,0.6880416870117188,3,False
2025-08-22/IMG_9919.JPG,0.17647058823529416,0.6358375549316406,0.658447265625,5,False
2025-08-22/IMG_9920.JPG,0.16470588235294126,0.5934181213378906,0.6191749572753906,8,False
2025-08-22/IMG_9921.JPG,0.18823529411764706,0.7231826782226562,0.7610816955566406,4,False
2025-08-22/IMG_9922.JPG,0.17647058823529416,0.6687431335449219,0.6989479064941406,3,False
2025-08-22/IMG_9923.JPG,0.18823529411764706,0.6826820373535156,0.7109756469726562,3,False
2025-08-22/IMG_9925.JPG,0.19999999999999996,0.6554718017578125,0.6845932006835938,7,False
2025-08-22/IMG_9927.JPG,0.2705882352941176,0.6058273315429688,0.672149658203125,9,False
2025-08-22/IMG_9928.JPG,0.2588235294117647,0.6071548461914062,0.6631813049316406,6,False
2025-08-22/IMG_9929.JPG,0.22352941176470598,0.6884994506835938,0.7461013793945312,5,False
2025-08-22/IMG_9930.JPG,0.19999999999999996,0.7299842834472656,0.7643585205078125,3,False
2025-08-22/IMG_9931.JPG,0.18823529411764706,0.655548095703125,0.6801490783691406,4,False
2025-08-22/IMG_9932.JPG,0.17647058823529416,0.5554466247558594,0.5741539001464844,7,False
2025-08-22/IMG_9935.JPG,0.17647058823529416,0.5955123901367188,0.6255226135253906,1,False
2025-08-22/IMG_9936.JPG,0.17647058823529416,0.6425552368164062,0.6612777709960938,3,False
2025-08-22/IMG_9937.JPG,0.17647058823529416,0.6920852661132812,0.7271041870117188,5,False
2025-08-22/IMG_9938.JPG,0.17647058823529416,0.6472930908203125,0.6740989685058594,3,False
2025-08-22/IMG_9939.JPG,0.16470588235294126,0.6333694458007812,0.6580543518066406,2,False
2025-08-22/IMG_9940.JPG,0.17647058823529416,0.6471290588378906,0.6825027465820312,4,False
2025-08-22/IMG_9941.JPG,0.17647058823529416,0.6495361328125,0.673187255859375,3,False
2025-08-22/IMG_9942.JPG,0.18823529411764706,0.7083358764648438,0.7453498840332031,3,False
2025-08-22/IMG_9943.JPG,0.19999999999999996,0.6594009399414062,0.6981773376464844,8,False
2025-08-22/IMG_9944.JPG,0.18823529411764706,0.664794921875,0.6944427490234375,3,False
2025-08-22/IMG_9945.JPG,0.18823529411764706,0.6770477294921875,0.7108116149902344,7,False
2025-08-22/IMG_9946.JPG,0.18823529411764706,0.6254844665527344,0.6572837829589844,5,False
2025-08-22/IMG_9947.JPG,0.18823529411764706,0.6514854431152344,0.68475341796875,9,False
2025-08-22/IMG_9948.JPG,0.18823529411764706,0.6855926513671875,0.721771240234375,4,False
2025-08-22/IMG_9949.JPG,0.19999999999999996,0.6469154357910156,0.6916427612304688,4,False
2025-08-22/IMG_9950.JPG,0.18823529411764706,0.6812934875488281,0.7188606262207031,1,False
2025-08-22/IMG_9951.JPG,0.18823529411764706,0.6964111328125,0.7258186340332031,6,False
2025-08-22/IMG_9952.JPG,0.18823529411764706,0.6584625244140625,0.6891098022460938,8,False
2025-08-22/IMG_9953.JPG,0.19999999999999996,0.6219062805175781,0.6382789611816406,7,False
2025-08-22/IMG_9954.JPG,0.18823529411764706,0.6502037048339844,0.6773185729980469,7,False
2025-08-22/IMG_9955.JPG,0.18823529411764706,0.6345939636230469,0.6489601135253906,7,False
2025-08-22/IMG_9956.JPG,0.18823529411764706,0.6383438110351562,0.6636085510253906,8,False
2025-08-22/IMG_9958.JPG,0.19999999999999996,0.6543846130371094,0.6759071350097656,5,False
2025-08-22/IMG_9959.JPG,0.17647058823529416,0.6571769714355469,0.6657791137695312,9,False
2025-08-22/IMG_9960.JPG,0.19999999999999996,0.6796188354492188,0.69976806640625,8,False
2025-08-22/IMG_9961.JPG,0.19999999999999996,0.6766624450683594,0.7018013000488281,6,False
2025-08-22/IMG_9962.JPG,0.19999999999999996,0.7592048645019531,0.7959518432617188,1,False
2025-08-22/IMG_9963.JPG,0.18823529411764706,0.7095680236816406,0.7458915710449219,3,False
2025-08-22/IMG_9964.JPG,0.19999999999999996,0.6993255615234375,0.7384033203125,1,False
2025-08-22/IMG_9965.JPG,0.18823529411764706,0.6564979553222656,0.6900711059570312,3,False
2025-08-22/IMG_9966.JPG,0.18823529411764706,0.6881179809570312,0.7249641418457031,3,False
2025-08-22/IMG_9967.JPG,0.18823529411764706,0.6973114013671875,0.7382240295410156,1,False
2025-08-22/IMG_9968.JPG,0.19999999999999996,0.6602630615234375,0.6935043334960938,3,False
2025-08-22/IMG_9969.JPG,0.18823529411764706,0.667510986328125,0.7075080871582031,3,False
2025-08-22/IMG_9970.JPG,0.18823529411764706,0.6403045654296875,0.6684913635253906,2,False
2025-08-22/IMG_9971.JPG,0.18823529411764706,0.6600837707519531,0.6927566528320312,2,False
2025-08-22/IMG_9972.JPG,0.18823529411764706,0.6579551696777344,0.697845458984375,5,False
2025-08-22/IMG_9973.JPG,0.18823529411764706,0.6479415893554688,0.6830177307128906,4,False
2025-08-22/IMG_9974.JPG,0.18823529411764706,0.6474571228027344,0.6801338195800781,3,False
2025-08-22/IMG_9975.JPG,0.18823529411764706,0.6907958984375,0.7366371154785156,5,False
2025-08-22/IMG_9976.JPG,0.18823529411764706,0.6824607849121094,0.7234001159667969,5,False
2025-08-22/IMG_9977.JPG,0.17647058823529416,0.5680580139160156,0.5881271362304688,8,False
2025-08-22/IMG_9978.JPG,0.18823529411764706,0.6703872680664062,0.7115821838378906,4,False
2025-08-22/IMG_9979.JPG,0.17647058823529416,0.6094627380371094,0.6393547058105469,3,False
2025-08-22/IMG_9980.JPG,0.19999999999999996,0.7080650329589844,0.7521629333496094,3,False
2025-08-22/IMG_9981.JPG,0.18823529411764706,0.6661224365234375,0.7085113525390625,5,False
2025-08-22/IMG_9982.JPG,0.19999999999999996,0.6970863342285156,0.7412872314453125,2,False
2025-08-22/IMG_9983.JPG,0.19999999999999996,0.6481246948242188,0.6718254089355469,4,False
2025-08-22/IMG_9984.JPG,0.21176470588235285,0.66290283203125,0.6810493469238281,4,False
2025-08-22/IMG_9985.JPG,0.19999999999999996,0.6798095703125,0.7062606811523438,1,False
2025-08-22/IMG_9986.JPG,0.18823529411764706,0.6759757995605469,0.7031974792480469,4,False
2025-08-22/IMG_9987.JPG,0.19999999999999996,0.6959571838378906,0.7321968078613281,3,False
2025-08-22/IMG_9988.JPG,0.19999999999999996,0.691864013671875,0.727081298828125,3,False
2025-08-22/IMG_9989.JPG,0.18823529411764706,0.6739044189453125,0.7077102661132812,4,False
2025-08-22/IMG_9990.JPG,0.19999999999999996,0.6805191040039062,0.7183341979980469,1,False
2025-08-22/IMG_9991.JPG,0.18823529411764706,0.6616744995117188,0.6837272644042969,2,False
2025-08-22/IMG_9992.JPG,0.19999999999999996,0.73504638671875,0.7766761779785156,2,False
2025-08-22/IMG_9993.JPG,0.17647058823529416,0.7062721252441406,0.7355117797851562,1,False
2025-08-22/IMG_9994.JPG,0.17647058823529416,0.670623779296875,0.6962013244628906,5,False
2025-08-22/IMG_9995.JPG,0.19999999999999996,0.6765937805175781,0.7000350952148438,5,False
2025-08-22/IMG_9996.JPG,0.17647058823529416,0.7239952087402344,0.7606544494628906,2,False
2025-08-22/IMG_9997.JPG,0.17647058823529416,0.7067413330078125,0.7414932250976562,2,False
2025-08-22/IMG_9998.JPG,0.19999999999999996,0.7657623291015625,0.7994613647460938,4,False
2025-08-22/IMG_9999.JPG,0.19999999999999996,0.771209716796875,0.8036613464355469,5,False
2025-09-05/IMG_0795.JPG,0.12941176470588234,0.16238784790039062,0.173797607421875,9,False
2025-09-05/IMG_0796.JPG,0.11764705882352944,0.05438995361328125,0.048480987548828125,14,False
2025-09-05/IMG_0797.JPG,0.14117647058823524,0.06724166870117188,0.06633758544921875,11,False
2025-09-05/IMG_0798.JPG,0.14117647058823524,0.1044769287109375,0.10134124755859375,13,False
2025-09-05/IMG_0799.JPG,0.14117647058823524,0.15205001831054688,0.1591949462890625,15,False
2025-09-05/IMG_0800.JPG,0.14117647058823524,0.134674072265625,0.13745498657226562,12,False
2025-09-05/IMG_0801.JPG,0.16470588235294126,0.12569046020507812,0.14265823364257812,4,False
2025-09-05/IMG_0802.JPG,0.17647058823529416,0.132843017578125,0.14325714111328125,1,False
2025-09-05/IMG_0803.JPG,0.15294117647058814,0.14934158325195312,0.15070724487304688,7,False
2025-09-05/IMG_0804.JPG,0.16470588235294126,0.15712356567382812,0.16680145263671875,18,False
2025-09-05/IMG_0805.JPG,0.16470588235294126,0.20603561401367188,0.21930694580078125,11,False
2025-09-05/IMG_0806.JPG,-0.18823529411764706,0.9281425476074219,0.937164306640625,2,False
2025-09-05/IMG_0807.JPG,0.15294117647058814,0.12265396118164062,0.12400054931640625,15,False
2025-09-05/IMG_0808.JPG,0.14117647058823524,0.0782470703125,0.08547210693359375,6,False
2025-09-05/IMG_0809.JPG,0.15294117647058814,0.0688629150390625,0.07056427001953125,12,False
2025-09-05/IMG_0810.JPG,0.11764705882352944,0.08237838745117188,0.08378219604492188,12,False
2025-09-05/IMG_0811.JPG,0.14117647058823524,0.19128036499023438,0.19704818725585938,26,False
2025-09-05/IMG_0812.JPG,0.12941176470588234,0.19322967529296875,0.196990966796875,12,False
2025-09-05/IMG_0813.JPG,0.12941176470588234,0.16293716430664062,0.16490554809570312,15,False
2025-09-05/IMG_0814.JPG,0.16470588235294126,0.1280670166015625,0.13485336303710938,17,False
2025-09-05/IMG_0815.JPG,0.11764705882352944,0.040019989013671875,0.035015106201171875,14,False
2025-09-05/IMG_0816.JPG,0.11764705882352944,0.08910751342773438,0.08666229248046875,17,False
2025-09-05/IMG_0818.JPG,-0.10588235294117643,0.8537979125976562,0.88250732421875,1,False
2025-09-05/IMG_0820.JPG,0.12941176470588234,0.11004257202148438,0.11032867431640625,9,False
2025-09-05/IMG_0821.JPG,0.12941176470588234,0.10029220581054688,0.09943008422851562,11,False
2025-09-05/IMG_0822.JPG,0.16470588235294126,0.12259292602539062,0.12757492065429688,7,False
2025-09-05/IMG_0823.JPG,0.16470588235294126,0.12891769409179688,0.1334075927734375,9,False
2025-09-05/IMG_0824.JPG,0.14117647058823524,0.14357757568359375,0.15599441528320312,8,False
2025-09-05/IMG_0825.JPG,0.10588235294117654,0.12897109985351562,0.123687744140625,27,False
2025-09-05/IMG_0826.JPG,0.15294117647058814,0.03456878662109375,0.037322998046875,3,False
2025-09-05/IMG_0827.JPG,0.16470588235294126,0.19122695922851562,0.20444869995117188,18,False
2025-09-05/IMG_0828.JPG,-0.15294117647058825,0.9151153564453125,0.9307403564453125,1,False
2025-09-05/IMG_0829.JPG,0.12941176470588234,0.07575607299804688,0.07045364379882812,15,False
2025-09-05/IMG_0830.JPG,0.12941176470588234,0.06854248046875,0.05975341796875,15,False
2025-09-05/IMG_0831.JPG,-0.08235294117647063,0.7936782836914062,0.8107414245605469,3,False
2025-09-05/IMG_0832.JPG,0.14117647058823524,0.031463623046875,0.02819061279296875,6,False
2025-09-05/IMG_0833.JPG,0.15294117647058814,0.13576889038085938,0.13904571533203125,19,False
2025-09-05/IMG_0834.JPG,0.14117647058823524,0.133575439453125,0.12646102905273438,32,False
2025-09-05/IMG_0835.JPG,0.10588235294117654,0.09763717651367188,0.0849151611328125,23,False
2025-09-05/IMG_0836.JPG,0.15294117647058814,0.07583236694335938,0.07795333862304688,10,False
2025-09-05/IMG_0837.JPG,0.15294117647058814,0.1017913818359375,0.10702896118164062,9,False
2025-09-05/IMG_0838.JPG,0.14117647058823524,0.24068450927734375,0.249908447265625,18,False
2025-09-05/IMG_0839.JPG,0.11764705882352944,0.1573944091796875,0.16607666015625,12,False
2025-09-05/IMG_0840.JPG,0.14117647058823524,0.05629730224609375,0.05661773681640625,6,False
2025-09-05/IMG_0841.JPG,0.15294117647058814,0.08491897583007812,0.08597564697265625,9,False
2025-09-05/IMG_0842.JPG,0.15294117647058814,0.0712127685546875,0.0695037841796875,3,False
2025-09-05/IMG_0843.JPG,0.10588235294117654,0.04754638671875,0.037395477294921875,13,False
2025-09-05/IMG_0844.JPG,0.11764705882352944,0.11250686645507812,0.109161376953125,22,False
2025-09-05/IMG_0845.JPG,-0.11764705882352944,0.8798027038574219,0.9049186706542969,1,False
2025-09-05/IMG_0846.JPG,0.11764705882352944,0.0866546630859375,0.082122802734375,13,False
2025-09-05/IMG_0847.JPG,0.14117647058823524,0.1364288330078125,0.14079666137695312,18,False
2025-09-05/IMG_0848.JPG,0.14117647058823524,0.048397064208984375,0.045131683349609375,4,False
2025-09-05/IMG_0849.JPG,0.12941176470588234,0.0761566162109375,0.07345962524414062,11,False
2025-09-05/IMG_0851.JPG,0.15294117647058814,0.15183639526367188,0.1553802490234375,20,False
2025-09-05/IMG_0852.JPG,0.14117647058823524,0.12558746337890625,0.12804794311523438,12,False
2025-09-05/IMG_0853.JPG,0.14117647058823524,0.038990020751953125,0.037326812744140625,2,False
2025-09-05/IMG_0854.JPG,0.16470588235294126,0.12426376342773438,0.12647628784179688,12,False
2025-09-05/IMG_0856.JPG,0.15294117647058814,0.09015274047851562,0.09077072143554688,9,False
2025-09-05/IMG_0857.JPG,0.16470588235294126,0.050373077392578125,0.052181243896484375,5,False
2025-09-05/IMG_0858.JPG,0.14117647058823524,0.10745620727539062,0.11413955688476562,10,False
2025-09-05/IMG_0859.JPG,0.11764705882352944,0.13407135009765625,0.13405609130859375,20,False
2025-09-05/IMG_0860.JPG,0.12941176470588234,0.06170654296875,0.06140899658203125,15,False
2025-09-05/IMG_0861.JPG,-0.08235294117647063,0.85406494140625,0.8749504089355469,1,False
2025-09-05/IMG_0862.JPG,0.12941176470588234,0.10859298706054688,0.10393142700195312,19,False
2025-09-05/IMG_0863.JPG,0.14117647058823524,0.1140289306640625,0.11272811889648438,14,False
2025-09-05/IMG_0864.JPG,0.14117647058823524,0.11721420288085938,0.1138458251953125,12,False
2025-09-05/IMG_0865.JPG,0.15294117647058814,0.043292999267578125,0.042606353759765625,7,False
2025-09-05/IMG_0866.JPG,0.15294117647058814,0.16489028930664062,0.16475296020507812,21,False
2025-09-05/IMG_0867.JPG,0.14117647058823524,0.19897842407226562,0.21332931518554688,12,False
2025-09-05/IMG_0868.JPG,0.12941176470588234,0.04998779296875,0.05066680908203125,1,False
2025-09-05/IMG_0869.JPG,0.12941176470588234,0.056682586669921875,0.05782318115234375,4,False
2025-09-05/IMG_0871.JPG,0.15294117647058814,0.397430419921875,0.43862152099609375,8,False
2025-09-05/IMG_0872.JPG,0.11764705882352944,0.19359207153320312,0.20296478271484375,16,False
2025-09-05/IMG_0873.JPG,0.14117647058823524,0.23573684692382812,0.2604522705078125,8,False
2025-09-05/IMG_0874.JPG,0.11764705882352944,0.28116607666015625,0.3036079406738281,4,False
2025-09-05/IMG_0875.JPG,0.10588235294117654,0.157440185546875,0.16249847412109375,4,False
2025-09-05/IMG_0876.JPG,0.11764705882352944,0.32523345947265625,0.35418701171875,8,False
2025-09-05/IMG_0878.JPG,0.11764705882352944,0.2710151672363281,0.292388916015625,5,False
2025-09-05/IMG_0879.JPG,0.12941176470588234,0.3296089172363281,0.3621559143066406,3,False
2025-09-05/IMG_0880.JPG,0.12941176470588234,0.2766456604003906,0.2930145263671875,4,False
2025-09-05/IMG_0881.JPG,0.12941176470588234,0.17636489868164062,0.1857452392578125,7,False
2025-09-05/IMG_0882.JPG,0.11764705882352944,0.3260993957519531,0.3498191833496094,5,False
2025-09-05/IMG_0883.JPG,0.11764705882352944,0.4519386291503906,0.48632049560546875,1,False
2025-09-05/IMG_0884.JPG,0.12941176470588234,0.369415283203125,0.3969764709472656,5,False
2025-09-05/IMG_0885.JPG,0.09411764705882364,0.12446975708007812,0.09515762329101562,26,False
2025-09-05/IMG_0886.JPG,0.12941176470588234,0.16856002807617188,0.18079376220703125,7,False
2025-09-05/IMG_0887.JPG,0.12941176470588234,0.18647384643554688,0.19853973388671875,6,False
2025-09-05/IMG_0888.JPG,0.09411764705882364,0.1365966796875,0.12495803833007812,5,False
2025-09-05/IMG_0889.JPG,0.10588235294117654,0.14726638793945312,0.15375518798828125,16,False
2025-09-05/IMG_0890.JPG,0.14117647058823524,0.12207794189453125,0.12592315673828125,10,False
2025-09-05/IMG_0891.JPG,0.16470588235294126,0.040496826171875,0.040782928466796875,6,False
2025-09-05/IMG_0892.JPG,0.08235294117647052,0.07991790771484375,0.054752349853515625,2,False
2025-09-05/IMG_0893.JPG,0.05882352941176472,0.094482421875,0.036548614501953125,8,False
2025-09-05/IMG_0894.JPG,0.09411764705882364,0.06459426879882812,0.0477752685546875,2,False
2025-09-05/IMG_0895.JPG,0.08235294117647052,0.06591033935546875,0.041595458984375,3,False
2025-09-05/IMG_0896.JPG,0.11764705882352944,0.057773590087890625,0.05877685546875,1,False
2025-09-05/IMG_0897.JPG,0.11764705882352944,0.057743072509765625,0.052738189697265625,5,False
2025-09-05/IMG_0898.JPG,0.09411764705882364,0.0739288330078125,0.045131683349609375,5,False
2025-09-05/IMG_0899.JPG,0.14117647058823524,0.032955169677734375,0.03459930419921875,4,False
2025-09-05/IMG_0900.JPG,0.05882352941176472,0.09124755859375,0.035068511962890625,2,False
2025-09-05/IMG_0901.JPG,0.12941176470588234,0.12507247924804688,0.12132644653320312,11,False
2025-09-05/IMG_0902.JPG,0.12941176470588234,0.169952392578125,0.17092514038085938,18,False
2025-09-05/IMG_0903.JPG,0.10588235294117654,0.11494827270507812,0.10976791381835938,5,False
2025-09-05/IMG_0904.JPG,0.12941176470588234,0.10612869262695312,0.10057830810546875,15,False
2025-09-05/IMG_0905.JPG,0.12941176470588234,0.131439208984375,0.1333770751953125,9,False
2025-09-05/IMG_0906.JPG,0.11764705882352944,0.044719696044921875,0.03862762451171875,7,False
2025-09-05/IMG_0907.JPG,0.05882352941176472,0.10180282592773438,0.041400909423828125,3,False
2025-09-05/IMG_0908.JPG,0.05882352941176472,0.0959014892578125,0.03772735595703125,9,False
2025-09-05/IMG_0909.JPG,0.07058823529411762,0.09987640380859375,0.049152374267578125,2,False
2025-09-05/IMG_0910.JPG,0.16470588235294126,0.017009735107421875,0.018520355224609375,1,False
2025-09-05/IMG_0911.JPG,0.11764705882352944,0.08510589599609375,0.07565689086914062,11,False
2025-09-05/IMG_0912.JPG,0.08235294117647052,0.08868408203125,0.0587921142578125,6,False
2025-09-05/IMG_0913.JPG,0.09411764705882364,0.102203369140625,0.08380126953125,17,False
2025-09-05/IMG_0914.JPG,0.10588235294117654,0.08654403686523438,0.07684707641601562,8,False
2025-09-05/IMG_0915.JPG,0.16470588235294126,0.08362197875976562,0.08579635620117188,6,False
2025-09-05/IMG_0917.JPG,0.11764705882352944,0.14499282836914062,0.14770126342773438,16,False
2025-09-05/IMG_0918.JPG,0.17647058823529416,0.07520675659179688,0.08011245727539062,8,False
2025-09-05/IMG_0919.JPG,0.05882352941176472,0.120880126953125,0.063629150390625,21,False
2025-09-05/IMG_0920.JPG,0.16470588235294126,0.08899307250976562,0.09603118896484375,6,False
2025-09-05/IMG_0921.JPG,0.15294117647058814,0.035869598388671875,0.035945892333984375,2,False
2025-09-05/IMG_0922.JPG,0.16470588235294126,0.047718048095703125,0.046680450439453125,6,False
2025-09-05/IMG_0923.JPG,0.15294117647058814,0.07218170166015625,0.07277297973632812,11,False
2025-09-05/IMG_0924.JPG,0.03529411764705892,0.10544204711914062,0.01671600341796875,13,False
2025-09-05/IMG_0925.JPG,0.15294117647058814,0.056491851806640625,0.0583648681640625,6,False
2025-09-05/IMG_0926.JPG,0.09411764705882364,0.11036300659179688,0.08687210083007812,15,False
2025-09-05/IMG_0927.JPG,0.17647058823529416,0.07873916625976562,0.08768844604492188,2,False
2025-09-05/IMG_0929.JPG,0.10588235294117654,0.3333244323730469,0.35430145263671875,26,False
2025-09-05/IMG_0930.JPG,0.15294117647058814,0.2770576477050781,0.30159759521484375,7,False
2025-09-05/IMG_0931.JPG,0.14117647058823524,0.17425155639648438,0.17966461181640625,12,False
2025-09-05/IMG_0932.JPG,0.14117647058823524,0.15658187866210938,0.15710067749023438,27,False
2025-09-05/IMG_0934.JPG,0.19999999999999996,0.09477615356445312,0.10239410400390625,4,False
2025-09-05/IMG_0935.JPG,0.05882352941176472,0.1215667724609375,0.0647125244140625,18,False
2025-09-05/IMG_0936.JPG,0.08235294117647052,0.093841552734375,0.0535736083984375,15,False
2025-09-05/IMG_0937.JPG,0.07058823529411762,0.08953094482421875,0.027008056640625,9,False
2025-09-05/IMG_0938.JPG,-0.08235294117647063,0.8316688537597656,0.8375244140625,3,False
2025-09-05/IMG_0939.JPG,0.07058823529411762,0.119384765625,0.07154083251953125,16,False
2025-09-05/IMG_0940.JPG,0.08235294117647052,0.12856292724609375,0.07928848266601562,9,False
2025-09-05/IMG_0941.JPG,0.17647058823529416,0.08824539184570312,0.09375381469726562,5,False
2025-09-05/IMG_0942.JPG,-0.05882352941176472,0.8038673400878906,0.8055152893066406,10,False
2025-09-05/IMG_0943.JPG,0.12941176470588234,0.21540451049804688,0.22702407836914062,20,False
2025-09-05/IMG_0944.JPG,0.10588235294117654,0.17212295532226562,0.16973495483398438,20,False
2025-09-05/IMG_0945.JPG,0.07058823529411762,0.16281509399414062,0.12494659423828125,30,False
2025-09-05/IMG_0946.JPG,0.14117647058823524,0.20038604736328125,0.21554946899414062,4,False
2025-09-05/IMG_0947.JPG,0.12941176470588234,0.17020034790039062,0.17605209350585938,13,False
2025-09-05/IMG_0948.JPG,0.12941176470588234,0.21126174926757812,0.22528839111328125,15,False
2025-09-05/IMG_0949.JPG,0.12941176470588234,0.2514801025390625,0.2635383605957031,9,False
2025-09-05/IMG_0950.JPG,0.10588235294117654,0.2872657775878906,0.3005561828613281,3,False
2025-09-05/IMG_0951.JPG,0.11764705882352944,0.19251632690429688,0.2024688720703125,6,False
2025-09-05/IMG_0952.JPG,0.10588235294117654,0.27405548095703125,0.282623291015625,4,False
2025-09-05/IMG_0953.JPG,0.11764705882352944,0.11589813232421875,0.10844039916992188,7,False
2025-09-05/IMG_0954.JPG,0.10588235294117654,0.18852615356445312,0.18756484985351562,5,False
2025-09-05/IMG_0955.JPG,0.10588235294117654,0.12805557250976562,0.11942672729492188,6,False
2025-09-05/IMG_0956.JPG,0.12941176470588234,0.23466110229492188,0.24856185913085938,7,False
2025-09-05/IMG_0957.JPG,0.11764705882352944,0.13336944580078125,0.12286376953125,5,False
2025-09-05/IMG_0958.JPG,0.09411764705882364,0.2913246154785156,0.2942161560058594,3,False
2025-09-05/IMG_0959.JPG,0.14117647058823524,0.15646743774414062,0.15650177001953125,9,False
2025-09-05/IMG_0960.JPG,0.15294117647058814,0.22021484375,0.23311233520507812,3,False
2025-09-05/IMG_0961.JPG,0.11764705882352944,0.16595077514648438,0.16760635375976562,14,False
2025-09-05/IMG_0962.JPG,0.12941176470588234,0.1597137451171875,0.16600799560546875,10,False
2025-09-05/IMG_0963.JPG,0.07058823529411762,0.13138198852539062,0.0851898193359375,14,False
2025-09-05/IMG_0964.JPG,0.12941176470588234,0.20116043090820312,0.21114349365234375,10,False
2025-09-05/IMG_0965.JPG,0.11764705882352944,0.12387466430664062,0.1215362548828125,7,False
2025-09-05/IMG_0966.JPG,0.14117647058823524,0.19651031494140625,0.21314620971679688,10,False
2025-09-05/IMG_0967.JPG,0.14117647058823524,0.19875335693359375,0.2060546875,15,False
2025-09-05/IMG_0968.JPG,0.11764705882352944,0.21717071533203125,0.230621337890625,12,False
2025-09-05/IMG_0969.JPG,0.22352941176470598,0.4589958190917969,0.4851417541503906,14,False
2025-09-05/IMG_0970.JPG,0.17647058823529416,0.5430374145507812,0.5903739929199219,11,False
2025-09-05/IMG_0971.JPG,0.14117647058823524,0.6426467895507812,0.6900062561035156,8,False
2025-09-05/IMG_0972.JPG,0.16470588235294126,0.6130447387695312,0.6720314025878906,1,False
2025-09-05/IMG_0973.JPG,0.16470588235294126,0.6312103271484375,0.6748542785644531,2,False
2025-09-05/IMG_0974.JPG,0.15294117647058814,0.554840087890625,0.5915412902832031,2,False
2025-09-05/IMG_0975.JPG,0.14117647058823524,0.554962158203125,0.5991134643554688,4,False
2025-09-05/IMG_0976.JPG,0.12941176470588234,0.588623046875,0.6571464538574219,2,False
2025-09-05/IMG_0977.JPG,0.16470588235294126,0.5803451538085938,0.6455345153808594,4,False
2025-09-05/IMG_0978.JPG,0.16470588235294126,0.594635009765625,0.6546630859375,4,False
2025-09-05/IMG_0979.JPG,0.16470588235294126,0.5968971252441406,0.651519775390625,8,False
2025-09-05/IMG_0980.JPG,0.17647058823529416,0.6613311767578125,0.7198143005371094,2,False
2025-09-05/IMG_0981.JPG,0.16470588235294126,0.6281814575195312,0.6756134033203125,6,False
2025-09-05/IMG_0982.JPG,0.16470588235294126,0.6210212707519531,0.6882743835449219,7,False
2025-09-05/IMG_0983.JPG,0.17647058823529416,0.5903739929199219,0.6578826904296875,5,False
2025-09-05/IMG_0984.JPG,0.15294117647058814,0.5364341735839844,0.5778770446777344,7,False
2025-09-05/IMG_0985.JPG,0.14117647058823524,0.5621376037597656,0.6116523742675781,7,False
2025-09-05/IMG_0988.JPG,0.15294117647058814,0.5316619873046875,0.5649833679199219,7,False
2025-09-05/IMG_0989.JPG,0.16470588235294126,0.5834007263183594,0.6137733459472656,5,False
2025-09-05/IMG_0990.JPG,0.16470588235294126,0.5781211853027344,0.6239356994628906,3,False
2025-09-05/IMG_0991.JPG,0.17647058823529416,0.6357955932617188,0.6969642639160156,5,False
2025-09-05/IMG_0992.JPG,0.16470588235294126,0.5266761779785156,0.55584716796875,7,False
2025-09-05/IMG_0993.JPG,0.17647058823529416,0.602630615234375,0.6615180969238281,8,False
2025-09-05/IMG_0994.JPG,0.18823529411764706,0.6205596923828125,0.6790924072265625,8,False
2025-09-05/IMG_0995.JPG,0.17647058823529416,0.66375732421875,0.7062034606933594,1,False
2025-09-05/IMG_0996.JPG,0.19999999999999996,0.5667991638183594,0.61798095703125,9,False
2025-09-05/IMG_0997.JPG,0.15294117647058814,0.5683708190917969,0.6130905151367188,3,False
2025-09-05/IMG_0998.JPG,0.15294117647058814,0.5389671325683594,0.5752983093261719,2,False
2025-09-05/IMG_0999.JPG,0.16470588235294126,0.5673942565917969,0.5923538208007812,10,False
2025-09-05/IMG_1000.JPG,0.16470588235294126,0.5899734497070312,0.6190910339355469,5,False
2025-09-05/IMG_1001.JPG,0.16470588235294126,0.5745811462402344,0.6221160888671875,6,False
2025-09-05/IMG_1002.JPG,0.15294117647058814,0.5600776672363281,0.6060256958007812,7,False
2025-09-05/IMG_1003.JPG,0.17647058823529416,0.61968994140625,0.6683845520019531,7,False
2025-09-05/IMG_1004.JPG,0.23529411764705888,0.4900245666503906,0.5135993957519531,21,False
2025-09-05/IMG_1005.JPG,0.16470588235294126,0.5878257751464844,0.6252098083496094,6,False
2025-09-05/IMG_1006.JPG,0.15294117647058814,0.5209236145019531,0.5469741821289062,9,False
2025-09-05/IMG_1007.JPG,0.14117647058823524,0.6116943359375,0.6520500183105469,5,False
2025-09-05/IMG_1008.JPG,0.12941176470588234,0.6458511352539062,0.6924209594726562,5,False
2025-09-05/IMG_1009.JPG,0.14117647058823524,0.5849761962890625,0.6165885925292969,11,False
2025-09-05/IMG_1010.JPG,0.16470588235294126,0.5901298522949219,0.6272010803222656,7,False
2025-09-05/IMG_1011.JPG,0.14117647058823524,0.6018600463867188,0.6373138427734375,4,False
2025-09-05/IMG_1012.JPG,0.11764705882352944,0.6791839599609375,0.7065658569335938,4,False
2025-09-05/IMG_1013.JPG,0.14117647058823524,0.54827880859375,0.5830574035644531,2,False
2025-09-05/IMG_1014.JPG,0.16470588235294126,0.583709716796875,0.6385231018066406,3,False
2025-09-05/IMG_1015.JPG,0.12941176470588234,0.5469436645507812,0.5735855102539062,7,False
2025-09-05/IMG_1016.JPG,0.16470588235294126,0.6559295654296875,0.6973457336425781,4,False
2025-09-05/IMG_1017.JPG,0.16470588235294126,0.6486396789550781,0.7098159790039062,1,False
2025-09-05/IMG_1018.JPG,0.18823529411764706,0.6054115295410156,0.6669540405273438,6,False
2025-09-05/IMG_1019.JPG,0.14117647058823524,0.5962448120117188,0.635589599609375,3,False
2025-09-05/IMG_1020.JPG,0.14117647058823524,0.653900146484375,0.7026176452636719,2,False
2025-09-05/IMG_1021.JPG,0.16470588235294126,0.6340141296386719,0.6873893737792969,4,False
2025-09-05/IMG_1022.JPG,0.17647058823529416,0.548431396484375,0.5905952453613281,5,False
2025-09-05/IMG_1023.JPG,0.16470588235294126,0.5410995483398438,0.5771980285644531,12,False
2025-09-05/IMG_1024.JPG,0.14117647058823524,0.5435333251953125,0.57196044921875,12,False
2025-09-05/IMG_1025.JPG,0.15294117647058814,0.4931068420410156,0.5235137939453125,10,False
2025-09-05/IMG_1026.JPG,0.17647058823529416,0.5503730773925781,0.5916290283203125,6,False
2025-09-05/IMG_1027.JPG,0.16470588235294126,0.4523735046386719,0.4797821044921875,18,False
2025-09-05/IMG_1028.JPG,0.15294117647058814,0.5306892395019531,0.5759391784667969,8,False
2025-09-05/IMG_1029.JPG,0.16470588235294126,0.4694252014160156,0.5062217712402344,4,False
2025-09-05/IMG_1030.JPG,0.16470588235294126,0.5351829528808594,0.5762901306152344,8,False
2025-09-05/IMG_1031.JPG,0.14117647058823524,0.6194725036621094,0.6662864685058594,5,False
2025-09-05/IMG_1032.JPG,0.14117647058823524,0.6039886474609375,0.6473388671875,5,False
2025-09-05/IMG_1033.JPG,0.14117647058823524,0.5842361450195312,0.6255760192871094,2,False
2025-09-05/IMG_1034.JPG,0.16470588235294126,0.5585784912109375,0.5980911254882812,3,False
2025-09-05/IMG_1035.JPG,0.16470588235294126,0.5709953308105469,0.6166229248046875,5,False
2025-09-05/IMG_1036.JPG,0.16470588235294126,0.4246406555175781,0.46209716796875,6,False
2025-09-05/IMG_1037.JPG,0.17647058823529416,0.49874114990234375,0.5295791625976562,14,False
2025-09-05/IMG_1038.JPG,0.18823529411764706,0.5649909973144531,0.6171531677246094,6,False
2025-09-05/IMG_1039.JPG,0.22352941176470598,0.5501289367675781,0.5927505493164062,10,False
2025-09-05/IMG_1040.JPG,0.21176470588235285,0.619232177734375,0.6804656982421875,3,False
2025-09-05/IMG_1041.JPG,0.17647058823529416,0.6307106018066406,0.6741447448730469,7,False
2025-09-05/IMG_1042.JPG,0.17647058823529416,0.6370697021484375,0.6813163757324219,1,False
2025-09-05/IMG_1043.JPG,0.11764705882352944,0.628143310546875,0.6462211608886719,7,False
2025-09-05/IMG_1044.JPG,0.15294117647058814,0.5795097351074219,0.6141319274902344,2,False
2025-09-05/IMG_1045.JPG,0.16470588235294126,0.6308746337890625,0.6810684204101562,2,False
2025-09-05/IMG_1046.JPG,0.15294117647058814,0.5964126586914062,0.6283340454101562,3,False
2025-09-05/IMG_1047.JPG,0.16470588235294126,0.4670982360839844,0.4869537353515625,10,False
2025-09-05/IMG_1050.JPG,0.17647058823529416,0.4631462097167969,0.4933815002441406,6,False
2025-09-05/IMG_1051.JPG,0.17647058823529416,0.5514297485351562,0.5868072509765625,6,False
2025-09-05/IMG_1052.JPG,0.22352941176470598,0.5627632141113281,0.6152420043945312,8,False
2025-09-05/IMG_1053.JPG,0.23529411764705888,0.5491981506347656,0.6053581237792969,7,False
2025-09-05/IMG_1054.JPG,0.24705882352941178,0.5104637145996094,0.5346565246582031,19,False
2025-09-05/IMG_1055.JPG,0.21176470588235285,0.48487091064453125,0.5084724426269531,19,False
2025-09-05/IMG_1057.JPG,0.21176470588235285,0.5648307800292969,0.6184349060058594,9,False
2025-09-05/IMG_1059.JPG,0.16470588235294126,0.566802978515625,0.6136627197265625,6,False
2025-09-05/IMG_1060.JPG,0.15294117647058814,0.4746589660644531,0.5040054321289062,11,False
2025-09-05/IMG_1061.JPG,0.16470588235294126,0.5728950500488281,0.6161956787109375,4,False
2025-09-05/IMG_1062.JPG,0.16470588235294126,0.5728759765625,0.6172752380371094,9,False
2025-09-05/IMG_1063.JPG,0.12941176470588234,0.54608154296875,0.565765380859375,7,False
2025-09-05/IMG_1064.JPG,0.14117647058823524,0.5377998352050781,0.5681991577148438,5,False
2025-09-05/IMG_1065.JPG,0.18823529411764706,0.5675010681152344,0.6110382080078125,7,False
2025-09-05/IMG_1066.JPG,0.18823529411764706,0.5573272705078125,0.6066474914550781,7,False
2025-09-05/IMG_1067.JPG,0.17647058823529416,0.58062744140625,0.6351356506347656,6,False
2025-09-05/IMG_1068.JPG,0.15294117647058814,0.5669403076171875,0.6060371398925781,3,False
2025-09-05/IMG_1069.JPG,0.14117647058823524,0.5348930358886719,0.5659980773925781,5,False
2025-09-05/IMG_1070.JPG,0.10588235294117654,0.6295356750488281,0.6704826354980469,5,False
2025-09-05/IMG_1071.JPG,0.11764705882352944,0.6524925231933594,0.6829643249511719,4,False
2025-09-05/IMG_1072.JPG,0.14117647058823524,0.65869140625,0.7056388854980469,4,False
2025-09-05/IMG_1076.JPG,0.12941176470588234,0.16743850708007812,0.17946624755859375,10,False
2025-09-05/IMG_1077.JPG,0.12941176470588234,0.07673263549804688,0.06750106811523438,21,False
2025-09-05/IMG_1078.JPG,0.16470588235294126,0.10501861572265625,0.10662460327148438,8,False
2025-09-05/IMG_1079.JPG,0.15294117647058814,0.1632232666015625,0.1658782958984375,21,False
2025-09-05/IMG_1080.JPG,0.16470588235294126,0.26587677001953125,0.2860832214355469,19,False
2025-09-05/IMG_1081.JPG,0.15294117647058814,0.21203994750976562,0.22737884521484375,16,False
2025-09-05/IMG_1082.JPG,0.15294117647058814,0.2318572998046875,0.2574577331542969,8,False
2025-09-05/IMG_1083.JPG,0.16470588235294126,0.11345672607421875,0.118438720703125,8,False
2025-09-05/IMG_1084.JPG,0.15294117647058814,0.2067413330078125,0.22167587280273438,9,False
2025-09-05/IMG_1085.JPG,0.16470588235294126,0.1742706298828125,0.18486404418945312,17,False
2025-09-05/IMG_1086.JPG,0.16470588235294126,0.2720680236816406,0.291412353515625,15,False
2025-09-05/IMG_1087.JPG,0.10588235294117654,0.13553619384765625,0.13171005249023438,8,False
2025-09-05/IMG_1089.JPG,0.14117647058823524,0.19533538818359375,0.1973876953125,24,False
2025-09-05/IMG_1090.JPG,0.15294117647058814,0.14979171752929688,0.15447235107421875,6,False
2025-09-05/IMG_1091.JPG,0.16470588235294126,0.062488555908203125,0.06466293334960938,7,False
2025-09-05/IMG_1092.JPG,0.12941176470588234,0.04994964599609375,0.049396514892578125,7,False
2025-09-05/IMG_1093.JPG,0.15294117647058814,0.13385009765625,0.13775253295898438,17,False
2025-09-05/IMG_1094.JPG,0.12941176470588234,0.12788772583007812,0.12235641479492188,7,False
2025-09-05/IMG_1095.JPG,0.15294117647058814,0.14486312866210938,0.14995193481445312,5,False
2025-09-05/IMG_1096.JPG,0.17647058823529416,0.13242721557617188,0.13895416259765625,9,False
2025-09-05/IMG_1097.JPG,0.11764705882352944,0.028079986572265625,0.021114349365234375,12,False
2025-09-05/IMG_1098.JPG,0.14117647058823524,0.089691162109375,0.0865936279296875,13,False
2025-09-05/IMG_1099.JPG,-0.14117647058823535,0.9108085632324219,0.9337081909179688,1,False
2025-09-05/IMG_1100.JPG,0.12941176470588234,0.0942840576171875,0.09267044067382812,9,False
2025-09-05/IMG_1101.JPG,0.14117647058823524,0.089324951171875,0.08543777465820312,10,False
2025-09-05/IMG_1102.JPG,0.16470588235294126,0.11572265625,0.1227569580078125,8,False
2025-09-05/IMG_1103.JPG,0.17647058823529416,0.12088394165039062,0.1273193359375,4,False
2025-09-05/IMG_1104.JPG,0.15294117647058814,0.15460205078125,0.16643142700195312,8,False
2025-09-05/IMG_1105.JPG,0.14117647058823524,0.138671875,0.13394546508789062,22,False
2025-09-05/IMG_1106.JPG,0.16470588235294126,0.03995513916015625,0.042575836181640625,4,False
2025-09-05/IMG_1107.JPG,0.16470588235294126,0.15879058837890625,0.1692657470703125,15,False
2025-09-05/IMG_1108.JPG,-0.15294117647058825,0.9419059753417969,0.9559249877929688,1,False
2025-09-05/IMG_1109.JPG,0.14117647058823524,0.0810089111328125,0.07696151733398438,11,False
2025-09-05/IMG_1110.JPG,0.12941176470588234,0.069488525390625,0.06111907958984375,18,False
2025-09-05/IMG_1111.JPG,-0.15294117647058825,0.9087600708007812,0.9282913208007812,1,False
2025-09-05/IMG_1112.JPG,0.14117647058823524,0.035747528076171875,0.031490325927734375,4,False
2025-09-05/IMG_1113.JPG,0.17647058823529416,0.14601898193359375,0.14800643920898438,7,False
2025-09-05/IMG_1114.JPG,0.15294117647058814,0.1223602294921875,0.12163925170898438,23,False
2025-09-05/IMG_1115.JPG,0.12941176470588234,0.08979034423828125,0.07440567016601562,21,False
2025-09-05/IMG_1116.JPG,0.16470588235294126,0.060455322265625,0.06189727783203125,5,False
2025-09-05/IMG_1117.JPG,0.15294117647058814,0.08459091186523438,0.08780288696289062,10,False
2025-09-05/IMG_1118.JPG,0.16470588235294126,0.17050933837890625,0.1757354736328125,10,False
2025-09-05/IMG_1119.JPG,0.15294117647058814,0.07217788696289062,0.07549285888671875,4,False
2025-09-05/IMG_1120.JPG,0.14117647058823524,0.04819488525390625,0.046924591064453125,5,False
2025-09-05/IMG_1121.JPG,0.15294117647058814,0.080718994140625,0.0834503173828125,7,False
2025-09-05/IMG_1122.JPG,0.16470588235294126,0.06544876098632812,0.06447219848632812,5,False
2025-09-05/IMG_1123.JPG,0.11764705882352944,0.036449432373046875,0.026824951171875,10,False
2025-09-05/IMG_1124.JPG,0.12941176470588234,0.08723068237304688,0.07944488525390625,19,False
2025-09-05/IMG_1125.JPG,0.10588235294117654,0.08241653442382812,0.0680084228515625,13,False
2025-09-05/IMG_1126.JPG,0.14117647058823524,0.07056045532226562,0.06917953491210938,13,False
2025-09-05/IMG_1127.JPG,0.15294117647058814,0.11051559448242188,0.10993576049804688,27,False
2025-09-05/IMG_1128.JPG,0.14117647058823524,0.042388916015625,0.03781890869140625,4,False
2025-09-05/IMG_1129.JPG,0.12941176470588234,0.051227569580078125,0.047733306884765625,15,False
2025-09-05/IMG_1130.JPG,0.16470588235294126,0.10734939575195312,0.10873031616210938,15,False
2025-09-05/IMG_1131.JPG,0.16470588235294126,0.08159255981445312,0.07912445068359375,14,False
2025-09-05/IMG_1132.JPG,0.15294117647058814,0.0529022216796875,0.0514984130859375,3,False
2025-09-05/IMG_1133.JPG,0.16470588235294126,0.144287109375,0.1548614501953125,10,False
2025-09-05/IMG_1134.JPG,0.16470588235294126,0.08642196655273438,0.08988571166992188,5,False
2025-09-05/IMG_1135.JPG,0.16470588235294126,0.052402496337890625,0.05153656005859375,4,False
2025-09-05/IMG_1136.JPG,0.15294117647058814,0.09336090087890625,0.09566497802734375,10,False
2025-09-05/IMG_1137.JPG,0.12941176470588234,0.1019439697265625,0.10162353515625,18,False
2025-09-05/IMG_1138.JPG,0.12941176470588234,0.0616607666015625,0.06037139892578125,11,False
2025-09-05/IMG_1139.JPG,-0.08235294117647063,0.8493270874023438,0.8690338134765625,6,False
2025-09-05/IMG_1140.JPG,0.11764705882352944,0.1170654296875,0.11260223388671875,22,False
2025-09-05/IMG_1141.JPG,0.15294117647058814,0.09362411499023438,0.0945281982421875,12,False
2025-09-05/IMG_1142.JPG,0.14117647058823524,0.131805419921875,0.13226699829101562,18,False
2025-09-05/IMG_1143.JPG,0.14117647058823524,0.04656982421875,0.045505523681640625,9,False
2025-09-05/IMG_1144.JPG,0.17647058823529416,0.1702423095703125,0.17003631591796875,16,False
2025-09-05/IMG_1145.JPG,0.16470588235294126,0.14258956909179688,0.1481170654296875,10,False
2025-09-05/IMG_1146.JPG,0.14117647058823524,0.08213043212890625,0.08203506469726562,3,False
2025-09-05/IMG_1147.JPG,0.14117647058823524,0.028072357177734375,0.031158447265625,1,False
2025-09-05/IMG_1148.JPG,0.15294117647058814,0.41522979736328125,0.4487876892089844,3,False
2025-09-05/IMG_1149.JPG,0.11764705882352944,0.23222732543945312,0.23981857299804688,11,False
2025-09-05/IMG_1150.JPG,0.14117647058823524,0.25786590576171875,0.27774810791015625,8,False
2025-09-05/IMG_1151.JPG,0.12941176470588234,0.3924751281738281,0.4126243591308594,7,False
2025-09-05/IMG_1152.JPG,0.11764705882352944,0.276123046875,0.2877388000488281,2,False
2025-09-05/IMG_1153.JPG,0.12941176470588234,0.3344383239746094,0.3538780212402344,8,False
2025-09-05/IMG_1154.JPG,0.14117647058823524,0.2848396301269531,0.30095672607421875,6,False
2025-09-05/IMG_1155.JPG,0.12941176470588234,0.2836418151855469,0.3063087463378906,4,False
2025-09-05/IMG_1156.JPG,0.15294117647058814,0.25951385498046875,0.27544403076171875,5,False
2025-09-05/IMG_1157.JPG,0.14117647058823524,0.27895355224609375,0.29036712646484375,11,False
2025-09-05/IMG_1158.JPG,0.14117647058823524,0.36516571044921875,0.38927459716796875,11,False
2025-09-05/IMG_1159.JPG,0.15294117647058814,0.47675323486328125,0.5170822143554688,4,False
2025-09-05/IMG_1160.JPG,0.14117647058823524,0.44087982177734375,0.4686012268066406,6,False
2025-09-05/IMG_1161.JPG,0.11764705882352944,0.15734481811523438,0.13800811767578125,19,False
2025-09-05/IMG_1162.JPG,0.14117647058823524,0.16382217407226562,0.17407989501953125,6,False
2025-09-05/IMG_1163.JPG,0.14117647058823524,0.16089248657226562,0.157257080078125,17,False
2025-09-05/IMG_1164.JPG,0.12941176470588234,0.12704849243164062,0.12110137939453125,12,False
2025-09-05/IMG_1165.JPG,0.15294117647058814,0.19036102294921875,0.17802047729492188,18,False
2025-09-05/IMG_1166.JPG,0.15294117647058814,0.11466217041015625,0.10760116577148438,9,False
2025-09-05/IMG_1167.JPG,0.16470588235294126,0.041778564453125,0.040088653564453125,4,False
2025-09-05/IMG_1168.JPG,0.10588235294117654,0.0570526123046875,0.044231414794921875,5,False
2025-09-05/IMG_1169.JPG,0.09411764705882364,0.058795928955078125,0.036296844482421875,6,False
2025-09-05/IMG_1170.JPG,0.09411764705882364,0.048786163330078125,0.032596588134765625,5,False
2025-09-05/IMG_1171.JPG,0.10588235294117654,0.049045562744140625,0.036548614501953125,3,False
2025-09-05/IMG_1172.JPG,0.12941176470588234,0.043487548828125,0.039928436279296875,3,False
2025-09-05/IMG_1173.JPG,0.12941176470588234,0.06182861328125,0.056789398193359375,5,False
2025-09-05/IMG_1174.JPG,0.14117647058823524,0.05025482177734375,0.04785919189453125,4,False
2025-09-05/IMG_1175.JPG,0.15294117647058814,0.031890869140625,0.033123016357421875,3,False
2025-09-05/IMG_1176.JPG,0.07058823529411762,0.06426239013671875,0.030483245849609375,2,False
2025-09-05/IMG_1177.JPG,0.15294117647058814,0.12548446655273438,0.11678314208984375,11,False
2025-09-05/IMG_1178.JPG,0.15294117647058814,0.1635589599609375,0.16788482666015625,15,False
2025-09-05/IMG_1179.JPG,0.16470588235294126,0.13399505615234375,0.13066864013671875,11,False
2025-09-05/IMG_1180.JPG,0.14117647058823524,0.10844802856445312,0.10482406616210938,13,False
2025-09-05/IMG_1181.JPG,0.14117647058823524,0.14104843139648438,0.13444137573242188,17,False
2025-09-05/IMG_1182.JPG,0.14117647058823524,0.055248260498046875,0.051372528076171875,7,False
2025-09-05/IMG_1183.JPG,0.11764705882352944,0.0576171875,0.038631439208984375,11,False
2025-09-05/IMG_1184.JPG,0.07058823529411762,0.070159912109375,0.03331756591796875,11,False
2025-09-05/IMG_1185.JPG,0.14117647058823524,0.07323455810546875,0.06561660766601562,5,False
2025-09-05/IMG_1186.JPG,0.15294117647058814,0.04671478271484375,0.046604156494140625,3,False
2025-09-05/IMG_1187.JPG,0.14117647058823524,0.10929107666015625,0.10482025146484375,12,False
2025-09-05/IMG_1188.JPG,0.11764705882352944,0.08652877807617188,0.07015228271484375,20,False
2025-09-05/IMG_1189.JPG,0.12941176470588234,0.09781265258789062,0.07918167114257812,20,False
2025-09-05/IMG_1190.JPG,0.12941176470588234,0.09691238403320312,0.0854949951171875,10,False
2025-09-05/IMG_1191.JPG,0.16470588235294126,0.10642242431640625,0.11022186279296875,4,False
2025-09-05/IMG_1192.JPG,0.14117647058823524,0.117523193359375,0.11574935913085938,15,False
2025-09-05/IMG_1193.JPG,0.17647058823529416,0.08008193969726562,0.08550262451171875,6,False
2025-09-05/IMG_1194.JPG,0.07058823529411762,0.12393951416015625,0.08641433715820312,24,False
2025-09-05/IMG_1195.JPG,0.17647058823529416,0.09498977661132812,0.101959228515625,11,False
2025-09-05/IMG_1196.JPG,0.16470588235294126,0.038860321044921875,0.039947509765625,1,False
2025-09-05/IMG_1197.JPG,0.15294117647058814,0.04845428466796875,0.04521942138671875,6,False
2025-09-05/IMG_1198.JPG,0.16470588235294126,0.05208587646484375,0.051151275634765625,7,False
2025-09-05/IMG_1199.JPG,-0.07058823529411762,0.9214134216308594,0.9350509643554688,1,False
2025-09-05/IMG_1200.JPG,0.16470588235294126,0.04561614990234375,0.049091339111328125,4,False
2025-09-05/IMG_1201.JPG,0.11764705882352944,0.07472610473632812,0.06784820556640625,8,False
2025-09-05/IMG_1202.JPG,0.19999999999999996,0.07721710205078125,0.0848236083984375,3,False
2025-09-05/IMG_1203.JPG,0.12941176470588234,0.2374420166015625,0.24031448364257812,31,False
2025-09-05/IMG_1204.JPG,0.16470588235294126,0.28426361083984375,0.3065605163574219,11,False
2025-09-05/IMG_1205.JPG,0.16470588235294126,0.22634124755859375,0.23509979248046875,10,False
2025-09-05/IMG_1206.JPG,0.14117647058823524,0.14151763916015625,0.1416473388671875,25,False
2025-09-05/IMG_1207.JPG,0.21176470588235285,0.09139633178710938,0.09813690185546875,2,False
2025-09-05/IMG_1208.JPG,0.10588235294117654,0.05458831787109375,0.04131317138671875,15,False
2025-09-05/IMG_1209.JPG,0.12941176470588234,0.04724884033203125,0.03900146484375,14,False
2025-09-05/IMG_1210.JPG,0.11764705882352944,0.051128387451171875,0.026447296142578125,6,False
2025-09-05/IMG_1211.JPG,-0.09411764705882353,0.8752822875976562,0.8885231018066406,1,False
2025-09-05/IMG_1212.JPG,0.09411764705882364,0.07424545288085938,0.055644989013671875,16,False
2025-09-05/IMG_1213.JPG,0.10588235294117654,0.058681488037109375,0.03926849365234375,21,False
2025-09-05/IMG_1214.JPG,0.17647058823529416,0.07471847534179688,0.08012008666992188,4,False
2025-09-05/IMG_1215.JPG,-0.05882352941176472,0.8211708068847656,0.8264236450195312,7,False
2025-09-05/IMG_1216.JPG,0.14117647058823524,0.2209014892578125,0.22986984252929688,27,False
2025-09-05/IMG_1217.JPG,0.12941176470588234,0.19070053100585938,0.18447494506835938,32,False
2025-09-05/IMG_1218.JPG,0.09411764705882364,0.10668182373046875,0.081268310546875,22,False
2025-09-05/IMG_1219.JPG,0.16470588235294126,0.20777511596679688,0.22293472290039062,6,False
2025-09-05/IMG_1220.JPG,0.14117647058823524,0.15110397338867188,0.15899276733398438,10,False
2025-09-05/IMG_1221.JPG,0.14117647058823524,0.28006744384765625,0.2968940734863281,11,False
2025-09-05/IMG_1222.JPG,0.12941176470588234,0.3356475830078125,0.3504981994628906,10,False
2025-09-05/IMG_1223.JPG,0.15294117647058814,0.2806816101074219,0.2939109802246094,10,False
2025-09-05/IMG_1224.JPG,0.15294117647058814,0.19769668579101562,0.21053314208984375,8,False
2025-09-05/IMG_1225.JPG,0.15294117647058814,0.1808929443359375,0.18528366088867188,8,False
2025-09-05/IMG_1226.JPG,0.11764705882352944,0.12034988403320312,0.11365127563476562,15,False
2025-09-05/IMG_1227.JPG,0.12941176470588234,0.13819503784179688,0.14388656616210938,9,False
2025-09-05/IMG_1228.JPG,0.12941176470588234,0.12473678588867188,0.1241302490234375,10,False
2025-09-05/IMG_1229.JPG,0.16470588235294126,0.19070816040039062,0.19979095458984375,9,False
2025-09-05/IMG_1230.JPG,0.14117647058823524,0.14349365234375,0.14936065673828125,7,False
2025-09-05/IMG_1231.JPG,0.15294117647058814,0.21743011474609375,0.23198699951171875,12,False
2025-09-05/IMG_1232.JPG,0.15294117647058814,0.13848876953125,0.138031005859375,10,False
2025-09-05/IMG_1233.JPG,0.18823529411764706,0.223876953125,0.240264892578125,5,False
2025-09-05/IMG_1234.JPG,0.14117647058823524,0.1720123291015625,0.17685699462890625,11,False
2025-09-05/IMG_1235.JPG,0.15294117647058814,0.178955078125,0.18317031860351562,14,False
2025-09-05/IMG_1236.JPG,0.12941176470588234,0.08652877807617188,0.07420730590820312,15,False
2025-09-05/IMG_1237.JPG,0.17647058823529416,0.2123870849609375,0.22090530395507812,14,False
2025-09-05/IMG_1238.JPG,0.14117647058823524,0.1150054931640625,0.11328887939453125,8,False
2025-09-05/IMG_1239.JPG,0.16470588235294126,0.16852951049804688,0.1778564453125,9,False
2025-09-05/IMG_1240.JPG,0.15294117647058814,0.2180938720703125,0.23020553588867188,19,False
2025-09-05/IMG_1241.JPG,0.15294117647058814,0.17221832275390625,0.1761474609375,14,False
2025-09-05/IMG_1245.JPG,0.23529411764705888,0.4775581359863281,0.5003738403320312,15,False
2025-09-05/IMG_1246.JPG,0.21176470588235285,0.5227127075195312,0.5677299499511719,8,False
2025-09-05/IMG_1247.JPG,0.16470588235294126,0.6211471557617188,0.6908531188964844,7,False
2025-09-05/IMG_1248.JPG,0.18823529411764706,0.6180534362792969,0.686004638671875,5,False
2025-09-05/IMG_1249.JPG,0.18823529411764706,0.6047554016113281,0.6563453674316406,2,False
2025-09-05/IMG_1250.JPG,0.18823529411764706,0.5663375854492188,0.6185874938964844,11,False
2025-09-05/IMG_1251.JPG,0.21176470588235285,0.5512580871582031,0.6017990112304688,7,False
2025-09-05/IMG_1252.JPG,0.17647058823529416,0.5725288391113281,0.6379356384277344,3,False
2025-09-05/IMG_1253.JPG,0.18823529411764706,0.546051025390625,0.6104393005371094,5,False
2025-09-05/IMG_1254.JPG,0.18823529411764706,0.5815773010253906,0.6567115783691406,7,False
2025-09-05/IMG_1255.JPG,0.19999999999999996,0.5870399475097656,0.649688720703125,10,False
2025-09-05/IMG_1256.JPG,0.21176470588235285,0.5855941772460938,0.6559829711914062,9,False
2025-09-05/IMG_1257.JPG,0.21176470588235285,0.5429496765136719,0.599639892578125,11,False
2025-09-05/IMG_1258.JPG,0.19999999999999996,0.533233642578125,0.5822372436523438,14,False
2025-09-05/IMG_1259.JPG,0.19999999999999996,0.5482635498046875,0.5971336364746094,12,False
2025-09-05/IMG_1260.JPG,0.17647058823529416,0.5162277221679688,0.5510635375976562,12,False
2025-09-05/IMG_1261.JPG,0.19999999999999996,0.5490989685058594,0.6062088012695312,8,False
2025-09-05/IMG_1262.JPG,0.19999999999999996,0.6381950378417969,0.693939208984375,12,False
2025-09-05/IMG_1263.JPG,0.21176470588235285,0.6295204162597656,0.6937828063964844,9,False
2025-09-05/IMG_1264.JPG,0.18823529411764706,0.6013679504394531,0.6613540649414062,3,False
2025-09-05/IMG_1265.JPG,0.22352941176470598,0.6058502197265625,0.6696891784667969,8,False
2025-09-05/IMG_1266.JPG,0.19999999999999996,0.6387214660644531,0.70147705078125,5,False
2025-09-05/IMG_1267.JPG,0.22352941176470598,0.6179275512695312,0.6894989013671875,5,False
2025-09-05/IMG_1268.JPG,0.21176470588235285,0.64642333984375,0.7214469909667969,6,False
2025-09-05/IMG_1269.JPG,0.18823529411764706,0.6764068603515625,0.7361831665039062,6,False
2025-09-05/IMG_1270.JPG,0.19999999999999996,0.592529296875,0.6601791381835938,8,False
2025-09-05/IMG_1271.JPG,0.17647058823529416,0.5744209289550781,0.6388778686523438,3,False
2025-09-05/IMG_1272.JPG,0.18823529411764706,0.6214065551757812,0.681793212890625,5,False
2025-09-05/IMG_1273.JPG,0.18823529411764706,0.6827659606933594,0.7405052185058594,6,False
2025-09-05/IMG_1274.JPG,0.18823529411764706,0.654541015625,0.7141494750976562,3,False
2025-09-05/IMG_1275.JPG,0.17647058823529416,0.6465415954589844,0.7039642333984375,2,False
2025-09-05/IMG_1276.JPG,0.18823529411764706,0.5908241271972656,0.64532470703125,12,False
2025-09-05/IMG_1277.JPG,0.18823529411764706,0.5868377685546875,0.6467323303222656,9,False
2025-09-05/IMG_1278.JPG,0.19999999999999996,0.4953422546386719,0.5268974304199219,11,False
2025-09-05/IMG_1279.JPG,0.17647058823529416,0.5590553283691406,0.59564208984375,8,False
2025-09-05/IMG_1280.JPG,0.18823529411764706,0.5971221923828125,0.6462631225585938,6,False
2025-09-05/IMG_1281.JPG,0.21176470588235285,0.6039276123046875,0.6664924621582031,5,False
2025-09-05/IMG_1282.JPG,0.17647058823529416,0.6466178894042969,0.7145271301269531,8,False
2025-09-05/IMG_1283.JPG,0.17647058823529416,0.6101341247558594,0.6704750061035156,9,False
2025-09-05/IMG_1284.JPG,0.19999999999999996,0.6163520812988281,0.6730003356933594,6,False
2025-09-05/IMG_1285.JPG,0.16470588235294126,0.6736183166503906,0.7256050109863281,10,False
2025-09-05/IMG_1286.JPG,0.19999999999999996,0.6670265197753906,0.7312812805175781,4,False
2025-09-05/IMG_1287.JPG,0.16470588235294126,0.6277313232421875,0.6764450073242188,3,False
2025-09-05/IMG_1288.JPG,0.19999999999999996,0.582794189453125,0.6394882202148438,10,False
2025-09-05/IMG_1289.JPG,0.15294117647058814,0.633544921875,0.6854476928710938,6,False
2025-09-05/IMG_1290.JPG,0.24705882352941178,0.5853843688964844,0.6405525207519531,5,False
2025-09-05/IMG_1291.JPG,0.21176470588235285,0.5990524291992188,0.6651649475097656,1,False
2025-09-05/IMG_1292.JPG,0.21176470588235285,0.5956611633300781,0.6584129333496094,9,False
2025-09-05/IMG_1293.JPG,0.18823529411764706,0.6731796264648438,0.7477073669433594,5,False
2025-09-05/IMG_1294.JPG,0.19999999999999996,0.6583290100097656,0.7289237976074219,3,False
2025-09-05/IMG_1295.JPG,0.18823529411764706,0.588104248046875,0.6442337036132812,7,False
2025-09-05/IMG_1296.JPG,0.16470588235294126,0.6427268981933594,0.6888008117675781,5,False
2025-09-05/IMG_1297.JPG,0.17647058823529416,0.6267433166503906,0.6691093444824219,10,False
2025-09-05/IMG_1298.JPG,0.17647058823529416,0.6170158386230469,0.6574745178222656,6,False
2025-09-05/IMG_1299.JPG,0.21176470588235285,0.5506210327148438,0.5846900939941406,10,False
2025-09-05/IMG_1300.JPG,0.22352941176470598,0.5650901794433594,0.6146125793457031,12,False
2025-09-05/IMG_1301.JPG,0.17647058823529416,0.5396881103515625,0.5745849609375,16,False
2025-09-05/IMG_1302.JPG,0.17647058823529416,0.6000480651855469,0.6485977172851562,6,False
2025-09-05/IMG_1303.JPG,0.16470588235294126,0.5747642517089844,0.6142692565917969,10,False
2025-09-05/IMG_1304.JPG,0.18823529411764706,0.5683135986328125,0.6048927307128906,11,False
2025-09-05/IMG_1305.JPG,0.18823529411764706,0.6563987731933594,0.7164764404296875,6,False
2025-09-05/IMG_1306.JPG,0.21176470588235285,0.6041450500488281,0.6560096740722656,9,False
2025-09-05/IMG_1307.JPG,0.17647058823529416,0.6430854797363281,0.6914939880371094,2,False
2025-09-05/IMG_1308.JPG,0.18823529411764706,0.6978187561035156,0.7530136108398438,9,False
2025-09-05/IMG_1309.JPG,0.19999999999999996,0.628875732421875,0.674041748046875,11,False
2025-09-05/IMG_1310.JPG,0.17647058823529416,0.5370674133300781,0.5792388916015625,9,False
2025-09-05/IMG_1311.JPG,0.18823529411764706,0.575439453125,0.6188850402832031,9,False
2025-09-05/IMG_1312.JPG,0.17647058823529416,0.6429519653320312,0.7045745849609375,5,False
2025-09-05/IMG_1313.JPG,0.18823529411764706,0.6217041015625,0.67608642578125,5,False
2025-09-05/IMG_1314.JPG,0.23529411764705888,0.6116561889648438,0.6689796447753906,5,False
2025-09-05/IMG_1315.JPG,0.17647058823529416,0.6843948364257812,0.7399024963378906,5,False
2025-09-05/IMG_1316.JPG,0.23529411764705888,0.6224288940429688,0.6787109375,7,False
2025-09-05/IMG_1317.JPG,0.21176470588235285,0.6058425903320312,0.6589813232421875,4,False
2025-09-05/IMG_1318.JPG,0.21176470588235285,0.6295967102050781,0.6787872314453125,8,False
2025-09-05/IMG_1319.JPG,0.22352941176470598,0.593536376953125,0.6324005126953125,11,False
2025-09-05/IMG_1320.JPG,0.15294117647058814,0.670135498046875,0.7154769897460938,3,False
2025-09-05/IMG_1321.JPG,0.19999999999999996,0.54058837890625,0.5697555541992188,5,False
2025-09-05/IMG_1322.JPG,0.17647058823529416,0.5572700500488281,0.5975608825683594,5,False
2025-09-05/IMG_1323.JPG,0.19999999999999996,0.6226730346679688,0.6766090393066406,4,False
2025-09-05/IMG_1324.JPG,0.22352941176470598,0.57110595703125,0.6223335266113281,6,False
2025-09-05/IMG_1325.JPG,0.24705882352941178,0.5133590698242188,0.5440902709960938,16,False
2025-09-05/IMG_1326.JPG,0.23529411764705888,0.5385971069335938,0.5766525268554688,15,False
2025-09-05/IMG_1327.JPG,0.23529411764705888,0.4765167236328125,0.4942131042480469,25,False
2025-09-05/IMG_1328.JPG,0.22352941176470598,0.5874404907226562,0.64813232421875,5,False
2025-09-05/IMG_1329.JPG,0.19999999999999996,0.5942497253417969,0.640838623046875,7,False
2025-09-05/IMG_1330.JPG,0.17647058823529416,0.5720329284667969,0.6165809631347656,4,False
2025-09-05/IMG_1331.JPG,0.18823529411764706,0.5885200500488281,0.6258964538574219,7,False
2025-09-05/IMG_1332.JPG,0.19999999999999996,0.5910911560058594,0.6343727111816406,8,False
2025-09-05/IMG_1333.JPG,0.18823529411764706,0.5662803649902344,0.5915336608886719,12,False
2025-09-05/IMG_1334.JPG,0.18823529411764706,0.5589714050292969,0.596710205078125,8,False
2025-09-05/IMG_1335.JPG,0.19999999999999996,0.5886993408203125,0.6316375732421875,7,False
2025-09-05/IMG_1336.JPG,0.21176470588235285,0.5600166320800781,0.5978622436523438,12,False
2025-09-05/IMG_1337.JPG,0.19999999999999996,0.5946884155273438,0.6517524719238281,6,False
2025-09-05/IMG_1338.JPG,0.19999999999999996,0.5933494567871094,0.6402702331542969,6,False
2025-09-05/IMG_1339.JPG,0.22352941176470598,0.5658836364746094,0.6077384948730469,18,False
2025-09-05/IMG_1340.JPG,0.19999999999999996,0.575469970703125,0.6142959594726562,5,False
2025-09-05/IMG_1341.JPG,0.17647058823529416,0.6888656616210938,0.7425270080566406,3,False
2025-09-05/IMG_1342.JPG,0.17647058823529416,0.6362571716308594,0.6955451965332031,1,False
2025-09-05/IMG_1346.JPG,0.09411764705882364,0.33065032958984375,0.3568840026855469,9,False
2025-09-05/IMG_1347.JPG,0.09411764705882364,0.20294189453125,0.208251953125,7,False
2025-09-05/IMG_1348.JPG,0.11764705882352944,0.24764251708984375,0.2676849365234375,11,False
2025-09-05/IMG_1349.JPG,0.10588235294117654,0.3168067932128906,0.3312110900878906,13,False
2025-09-05/IMG_1350.JPG,0.10588235294117654,0.4164237976074219,0.4523735046386719,7,False
2025-09-05/IMG_1351.JPG,0.10588235294117654,0.3945159912109375,0.42719268798828125,6,False
2025-09-05/IMG_1352.JPG,0.11764705882352944,0.3938560485839844,0.4387474060058594,1,False
2025-09-05/IMG_1353.JPG,0.12941176470588234,0.2526664733886719,0.2803535461425781,5,False
2025-09-05/IMG_1354.JPG,0.11764705882352944,0.38753509521484375,0.415374755859375,4,False
2025-09-05/IMG_1355.JPG,0.11764705882352944,0.2736015319824219,0.29496002197265625,8,False
2025-09-05/IMG_1356.JPG,0.11764705882352944,0.37258148193359375,0.4135284423828125,4,False
2025-09-05/IMG_1357.JPG,0.08235294117647052,0.305511474609375,0.31145477294921875,11,False
2025-09-05/IMG_1358.JPG,0.11764705882352944,0.3842124938964844,0.40756988525390625,9,False
2025-09-05/IMG_1359.JPG,0.12941176470588234,0.3107185363769531,0.320587158203125,4,False
2025-09-05/IMG_1360.JPG,0.14117647058823524,0.0825347900390625,0.0839385986328125,10,False
2025-09-05/IMG_1361.JPG,0.11764705882352944,0.06893157958984375,0.06778717041015625,6,False
2025-09-05/IMG_1362.JPG,0.12941176470588234,0.19367599487304688,0.20468521118164062,16,False
2025-09-05/IMG_1363.JPG,0.11764705882352944,0.14934158325195312,0.1399688720703125,23,False
2025-09-05/IMG_1364.JPG,0.15294117647058814,0.17013931274414062,0.17247390747070312,14,False
2025-09-05/IMG_1365.JPG,0.15294117647058814,0.135040283203125,0.14103317260742188,9,False
2025-09-05/IMG_1366.JPG,0.10588235294117654,0.044628143310546875,0.03745269775390625,13,False
2025-09-05/IMG_1367.JPG,0.11764705882352944,0.10964202880859375,0.11019515991210938,10,False
2025-09-05/IMG_1368.JPG,-0.10588235294117643,0.8519935607910156,0.8764152526855469,1,False
2025-09-05/IMG_1369.JPG,-0.09411764705882353,0.8433189392089844,0.8620223999023438,3,False
2025-09-05/IMG_1370.JPG,0.12941176470588234,0.09458541870117188,0.09023284912109375,16,False
2025-09-05/IMG_1371.JPG,0.16470588235294126,0.1568450927734375,0.16878509521484375,5,False
2025-09-05/IMG_1372.JPG,0.16470588235294126,0.20677947998046875,0.22121810913085938,9,False
2025-09-05/IMG_1373.JPG,0.14117647058823524,0.19886398315429688,0.21697998046875,6,False
2025-09-05/IMG_1374.JPG,0.10588235294117654,0.1017608642578125,0.100982666015625,16,False
2025-09-05/IMG_1375.JPG,0.14117647058823524,0.037311553955078125,0.04067230224609375,3,False
2025-09-05/IMG_1376.JPG,0.15294117647058814,0.2071990966796875,0.22257614135742188,12,False
2025-09-05/IMG_1377.JPG,-0.17647058823529416,0.9211502075195312,0.9350204467773438,2,False
2025-09-05/IMG_1378.JPG,0.14117647058823524,0.09713363647460938,0.09497833251953125,11,False
2025-09-05/IMG_1379.JPG,-0.07058823529411762,0.8056755065917969,0.8356361389160156,3,False
2025-09-05/IMG_1380.JPG,-0.09411764705882353,0.7185478210449219,0.7404251098632812,5,False
2025-09-05/IMG_1381.JPG,0.12941176470588234,0.0426788330078125,0.041015625,6,False
2025-09-05/IMG_1382.JPG,0.16470588235294126,0.17654037475585938,0.19212722778320312,8,False
2025-09-05/IMG_1383.JPG,0.14117647058823524,0.10730743408203125,0.10822296142578125,13,False
2025-09-05/IMG_1384.JPG,-0.07058823529411762,0.7461662292480469,0.7666664123535156,2,False
2025-09-05/IMG_1385.JPG,0.14117647058823524,0.08236312866210938,0.08686065673828125,5,False
2025-09-05/IMG_1386.JPG,0.14117647058823524,0.1064910888671875,0.113128662109375,10,False
2025-09-05/IMG_1387.JPG,0.12941176470588234,0.22265243530273438,0.22943878173828125,21,False
2025-09-05/IMG_1388.JPG,0.14117647058823524,0.08761978149414062,0.0931243896484375,6,False
2025-09-05/IMG_1389.JPG,0.12941176470588234,0.060138702392578125,0.060192108154296875,3,False
2025-09-05/IMG_1390.JPG,0.14117647058823524,0.09636688232421875,0.0967864990234375,5,False
2025-09-05/IMG_1391.JPG,0.14117647058823524,0.08825302124023438,0.08706283569335938,4,False
2025-09-05/IMG_1392.JPG,-0.07058823529411762,0.8777885437011719,0.8978919982910156,1,False
2025-09-05/IMG_1393.JPG,0.09411764705882364,0.1169586181640625,0.1074676513671875,21,False
2025-09-05/IMG_1394.JPG,-0.09411764705882353,0.8119926452636719,0.8395271301269531,1,False
2025-09-05/IMG_1395.JPG,0.12941176470588234,0.08472824096679688,0.08836746215820312,8,False
2025-09-05/IMG_1396.JPG,0.12941176470588234,0.116729736328125,0.11816787719726562,16,False
2025-09-05/IMG_1397.JPG,0.12941176470588234,0.050792694091796875,0.048732757568359375,9,False
2025-09-05/IMG_1398.JPG,0.11764705882352944,0.061191558837890625,0.056842803955078125,12,False
2025-09-05/IMG_1399.JPG,0.14117647058823524,0.14931488037109375,0.158660888671875,13,False
2025-09-05/IMG_1400.JPG,0.14117647058823524,0.12057876586914062,0.12898635864257812,12,False
2025-09-05/IMG_1401.JPG,0.14117647058823524,0.24571609497070312,0.2638587951660156,12,False
2025-09-05/IMG_1402.JPG,0.15294117647058814,0.09320831298828125,0.09366226196289062,7,False
2025-09-05/IMG_1403.JPG,0.15294117647058814,0.0660247802734375,0.0662689208984375,6,False
2025-09-05/IMG_1404.JPG,0.14117647058823524,0.11147689819335938,0.11437606811523438,12,False
2025-09-05/IMG_1405.JPG,0.11764705882352944,0.1315765380859375,0.12613677978515625,17,False
2025-09-05/IMG_1406.JPG,0.11764705882352944,0.06878280639648438,0.06727218627929688,10,False
2025-09-05/IMG_1407.JPG,-0.08235294117647063,0.8237571716308594,0.8489303588867188,2,False
2025-09-05/IMG_1408.JPG,0.10588235294117654,0.11819839477539062,0.11426925659179688,14,False
2025-09-05/IMG_1409.JPG,0.14117647058823524,0.093719482421875,0.0916900634765625,9,False
2025-09-05/IMG_1410.JPG,0.12941176470588234,0.13124847412109375,0.12697982788085938,14,False
2025-09-05/IMG_1411.JPG,0.12941176470588234,0.04986572265625,0.04840850830078125,7,False
2025-09-05/IMG_1412.JPG,0.14117647058823524,0.21416854858398438,0.22304916381835938,15,False
2025-09-05/IMG_1413.JPG,0.15294117647058814,0.24511337280273438,0.2625236511230469,20,False
2025-09-05/IMG_1414.JPG,0.12941176470588234,0.06755828857421875,0.06832122802734375,3,False
2025-09-05/IMG_1415.JPG,0.12941176470588234,0.038360595703125,0.039501190185546875,7,False
2025-09-05/IMG_1416.JPG,0.12941176470588234,0.031497955322265625,0.03363800048828125,4,False
2025-09-05/IMG_1417.JPG,0.15294117647058814,0.28082275390625,0.31061553955078125,8,False
2025-09-05/IMG_1418.JPG,0.12941176470588234,0.0901947021484375,0.0903472900390625,11,False
2025-09-05/IMG_1419.JPG,0.15294117647058814,0.14838027954101562,0.16168975830078125,12,False
2025-09-05/IMG_1420.JPG,0.11764705882352944,0.16302490234375,0.17267608642578125,7,False
2025-09-05/IMG_1421.JPG,0.10588235294117654,0.0618743896484375,0.062435150146484375,6,False
2025-09-05/IMG_1422.JPG,0.14117647058823524,0.17804336547851562,0.19155120849609375,5,False
2025-09-05/IMG_1423.JPG,0.14117647058823524,0.11765289306640625,0.11962890625,2,False
2025-09-05/IMG_1424.JPG,0.15294117647058814,0.129791259765625,0.14460372924804688,5,False
2025-09-05/IMG_1425.JPG,0.15294117647058814,0.14468765258789062,0.1575775146484375,7,False
2025-09-05/IMG_1426.JPG,0.14117647058823524,0.08504486083984375,0.08858108520507812,7,False
2025-09-05/IMG_1427.JPG,0.12941176470588234,0.16716384887695312,0.18158340454101562,7,False
2025-09-05/IMG_1428.JPG,0.14117647058823524,0.2647590637207031,0.2858848571777344,9,False
2025-09-05/IMG_1429.JPG,0.15294117647058814,0.17226791381835938,0.18360519409179688,7,False
2025-09-05/IMG_1430.JPG,0.12941176470588234,0.2510948181152344,0.23261260986328125,22,False
2025-09-05/IMG_1431.JPG,0.12941176470588234,0.3378868103027344,0.3582344055175781,6,False
2025-09-05/IMG_1432.JPG,0.10588235294117654,0.3268394470214844,0.3394622802734375,7,False
2025-09-05/IMG_1433.JPG,0.10588235294117654,0.18437957763671875,0.16598129272460938,15,False
2025-09-05/IMG_1434.JPG,0.10588235294117654,0.36568450927734375,0.3731956481933594,4,False
2025-09-05/IMG_1435.JPG,0.10588235294117654,0.36737823486328125,0.3619537353515625,7,False
2025-09-05/IMG_1436.JPG,0.10588235294117654,0.129150390625,0.12762451171875,5,False
2025-09-05/IMG_1437.JPG,0.08235294117647052,0.17931365966796875,0.14810562133789062,9,False
2025-09-05/IMG_1438.JPG,0.08235294117647052,0.14040374755859375,0.10661697387695312,8,False
2025-09-05/IMG_1439.JPG,0.09411764705882364,0.15153884887695312,0.13462448120117188,4,False
2025-09-05/IMG_1440.JPG,0.08235294117647052,0.17242813110351562,0.13459014892578125,3,False
2025-09-05/IMG_1441.JPG,0.10588235294117654,0.14969253540039062,0.14383316040039062,2,False
2025-09-05/IMG_1442.JPG,0.10588235294117654,0.1677093505859375,0.15191650390625,3,False
2025-09-05/IMG_1443.JPG,0.10588235294117654,0.2643089294433594,0.25098419189453125,5,False
2025-09-05/IMG_1444.JPG,0.11764705882352944,0.1192626953125,0.10474777221679688,9,False
2025-09-05/IMG_1445.JPG,0.08235294117647052,0.12794876098632812,0.09619522094726562,4,False
2025-09-05/IMG_1446.JPG,0.10588235294117654,0.30731964111328125,0.2928810119628906,15,False
2025-09-05/IMG_1447.JPG,0.11764705882352944,0.31595611572265625,0.3230705261230469,6,False
2025-09-05/IMG_1448.JPG,0.11764705882352944,0.25795745849609375,0.25795745849609375,12,False
2025-09-05/IMG_1449.JPG,0.10588235294117654,0.2817039489746094,0.2737388610839844,5,False
2025-09-05/IMG_1450.JPG,0.09411764705882364,0.29280853271484375,0.2826194763183594,4,False
2025-09-05/IMG_1451.JPG,0.10588235294117654,0.18807220458984375,0.1748046875,7,False
2025-09-05/IMG_1452.JPG,0.11764705882352944,0.1832122802734375,0.1630859375,11,False
2025-09-05/IMG_1453.JPG,0.10588235294117654,0.20208358764648438,0.16802597045898438,6,False
2025-09-05/IMG_1454.JPG,0.10588235294117654,0.2551383972167969,0.24277496337890625,4,False
2025-09-05/IMG_1455.JPG,0.08235294117647052,0.071197509765625,0.023258209228515625,1,False
2025-09-05/IMG_1456.JPG,0.11764705882352944,0.19547653198242188,0.18193817138671875,4,False
2025-09-05/IMG_1457.JPG,0.09411764705882364,0.19779586791992188,0.16986465454101562,6,False
2025-09-05/IMG_1458.JPG,0.10588235294117654,0.2586784362792969,0.241455078125,15,False
2025-09-05/IMG_1459.JPG,0.10588235294117654,0.216156005859375,0.20801544189453125,6,False
2025-09-05/IMG_1460.JPG,0.11764705882352944,0.26990509033203125,0.2641029357910156,9,False
2025-09-05/IMG_1461.JPG,0.10588235294117654,0.15796279907226562,0.15261077880859375,13,False
2025-09-05/IMG_1462.JPG,0.15294117647058814,0.07314300537109375,0.07700729370117188,10,False
2025-09-05/IMG_1463.JPG,0.05882352941176472,0.16564178466796875,0.10915756225585938,16,False
2025-09-05/IMG_1464.JPG,0.11764705882352944,0.12564849853515625,0.12191009521484375,10,False
2025-09-05/IMG_1465.JPG,0.16470588235294126,0.029483795166015625,0.029804229736328125,2,False
2025-09-05/IMG_1466.JPG,0.11764705882352944,0.07012557983398438,0.053699493408203125,7,False
2025-09-05/IMG_1467.JPG,0.14117647058823524,0.055828094482421875,0.05495452880859375,8,False
2025-09-05/IMG_1468.JPG,0.03529411764705892,0.11576080322265625,0.021282196044921875,15,False
2025-09-05/IMG_1469.JPG,0.15294117647058814,0.049045562744140625,0.052738189697265625,3,False
2025-09-05/IMG_1470.JPG,0.09411764705882364,0.089141845703125,0.07625579833984375,9,False
2025-09-05/IMG_1471.JPG,0.16470588235294126,0.07879257202148438,0.08719253540039062,2,False
2025-09-05/IMG_1472.JPG,0.09411764705882364,0.26033782958984375,0.26267242431640625,25,False
2025-09-05/IMG_1473.JPG,0.14117647058823524,0.31536865234375,0.33779144287109375,11,False
2025-09-05/IMG_1474.JPG,0.14117647058823524,0.23276138305664062,0.25009918212890625,15,False
2025-09-05/IMG_1475.JPG,0.14117647058823524,0.16679000854492188,0.1698760986328125,21,False
2025-09-05/IMG_1476.JPG,0.17647058823529416,0.104827880859375,0.11541748046875,2,False
2025-09-05/IMG_1477.JPG,-0.07058823529411762,0.8270492553710938,0.8333511352539062,1,False
2025-09-05/IMG_1478.JPG,0.15294117647058814,0.064544677734375,0.05826568603515625,11,False
2025-09-05/IMG_1479.JPG,0.05882352941176472,0.10882949829101562,0.03218841552734375,9,False
2025-09-05/IMG_1480.JPG,-0.08235294117647063,0.806427001953125,0.8160972595214844,5,False
2025-09-05/IMG_1481.JPG,-0.07058823529411762,0.8104286193847656,0.8249931335449219,9,False
2025-09-05/IMG_1482.JPG,0.05882352941176472,0.1121673583984375,0.04972076416015625,24,False
2025-09-05/IMG_1483.JPG,0.14117647058823524,0.08184432983398438,0.08396148681640625,6,False
2025-09-05/IMG_1484.JPG,0.05882352941176472,0.12679290771484375,0.06249237060546875,17,False
2025-09-05/IMG_1485.JPG,0.10588235294117654,0.24567413330078125,0.24453353881835938,18,False
2025-09-05/IMG_1486.JPG,0.10588235294117654,0.254486083984375,0.26031494140625,19,False
2025-09-05/IMG_1487.JPG,0.05882352941176472,0.15390396118164062,0.1132354736328125,25,False
2025-09-05/IMG_1488.JPG,0.14117647058823524,0.2546653747558594,0.2760887145996094,3,False
2025-09-05/IMG_1489.JPG,0.12941176470588234,0.24502944946289062,0.2569465637207031,10,False
2025-09-05/IMG_1490.JPG,0.12941176470588234,0.22835922241210938,0.23933792114257812,18,False
2025-09-05/IMG_1491.JPG,0.12941176470588234,0.3866844177246094,0.4053192138671875,7,False
2025-09-05/IMG_1492.JPG,0.15294117647058814,0.20929718017578125,0.21892547607421875,6,False
2025-09-05/IMG_1493.JPG,0.14117647058823524,0.14326858520507812,0.15852737426757812,4,False
2025-09-05/IMG_1494.JPG,0.09411764705882364,0.1512908935546875,0.12990188598632812,1,False
2025-09-05/IMG_1495.JPG,0.11764705882352944,0.12169647216796875,0.105316162109375,15,False
2025-09-05/IMG_1496.JPG,0.10588235294117654,0.19203567504882812,0.17911148071289062,5,False
2025-09-05/IMG_1497.JPG,0.09411764705882364,0.13185882568359375,0.1059722900390625,5,False
2025-09-05/IMG_1498.JPG,0.15294117647058814,0.13806915283203125,0.15093612670898438,4,False
2025-09-05/IMG_1499.JPG,0.12941176470588234,0.13917160034179688,0.12958145141601562,5,False
2025-09-05/IMG_1500.JPG,0.12941176470588234,0.1654052734375,0.16750335693359375,4,False
2025-09-05/IMG_1501.JPG,0.12941176470588234,0.148193359375,0.14594268798828125,11,False
2025-09-05/IMG_1502.JPG,0.16470588235294126,0.17341232299804688,0.1869354248046875,3,False
2025-09-05/IMG_1503.JPG,0.14117647058823524,0.16743087768554688,0.17910003662109375,5,False
2025-09-05/IMG_1504.JPG,0.11764705882352944,0.17919158935546875,0.17258834838867188,9,False
2025-09-05/IMG_1505.JPG,0.08235294117647052,0.13233184814453125,0.07911300659179688,17,False
2025-09-05/IMG_1506.JPG,0.11764705882352944,0.18582916259765625,0.18355560302734375,5,False
2025-09-05/IMG_1507.JPG,0.11764705882352944,0.13157272338867188,0.12263870239257812,8,False
2025-09-05/IMG_1508.JPG,0.12941176470588234,0.20302200317382812,0.207305908203125,7,False
2025-09-05/IMG_1509.JPG,0.12941176470588234,0.2159881591796875,0.21637344360351562,11,False
2025-09-05/IMG_1510.JPG,0.11764705882352944,0.20485305786132812,0.20865631103515625,8,False
2025-09-05/IMG_1511.JPG,0.22352941176470598,0.49029541015625,0.5295448303222656,8,False
2025-09-05/IMG_1512.JPG,0.18823529411764706,0.5237350463867188,0.5530738830566406,13,False
2025-09-05/IMG_1513.JPG,0.16470588235294126,0.6354255676269531,0.7076301574707031,3,False
2025-09-05/IMG_1514.JPG,0.14117647058823524,0.5685386657714844,0.6196975708007812,7,False
2025-09-05/IMG_1515.JPG,0.16470588235294126,0.5688400268554688,0.6195144653320312,2,False
2025-09-05/IMG_1516.JPG,0.15294117647058814,0.5403251647949219,0.5801773071289062,3,False
2025-09-05/IMG_1517.JPG,0.15294117647058814,0.5490837097167969,0.5944938659667969,1,False
2025-09-05/IMG_1518.JPG,0.14117647058823524,0.6155967712402344,0.6890487670898438,3,False
2025-09-05/IMG_1519.JPG,0.15294117647058814,0.561614990234375,0.6178245544433594,7,False
2025-09-05/IMG_1520.JPG,0.16470588235294126,0.5649223327636719,0.6237907409667969,7,False
2025-09-05/IMG_1521.JPG,0.16470588235294126,0.5087776184082031,0.5559005737304688,4,False
2025-09-05/IMG_1522.JPG,0.15294117647058814,0.5043258666992188,0.543853759765625,7,False
2025-09-05/IMG_1523.JPG,0.17647058823529416,0.5138168334960938,0.5509452819824219,8,False
2025-09-05/IMG_1524.JPG,0.16470588235294126,0.585723876953125,0.6422920227050781,6,False
2025-09-05/IMG_1525.JPG,0.19999999999999996,0.5239219665527344,0.5738143920898438,9,False
2025-09-05/IMG_1526.JPG,0.15294117647058814,0.5412368774414062,0.5812187194824219,6,False
2025-09-05/IMG_1527.JPG,0.14117647058823524,0.5759963989257812,0.6209220886230469,5,False
2025-09-05/IMG_1528.JPG,0.15294117647058814,0.5856361389160156,0.6150283813476562,13,False
2025-09-05/IMG_1529.JPG,0.15294117647058814,0.6052284240722656,0.6419029235839844,6,False
2025-09-05/IMG_1530.JPG,0.15294117647058814,0.5728645324707031,0.6164207458496094,5,False
2025-09-05/IMG_1531.JPG,0.16470588235294126,0.7107582092285156,0.7675743103027344,2,False
2025-09-05/IMG_1532.JPG,0.15294117647058814,0.617431640625,0.6397285461425781,6,False
2025-09-05/IMG_1533.JPG,0.15294117647058814,0.6430130004882812,0.6826629638671875,4,False
2025-09-05/IMG_1534.JPG,0.15294117647058814,0.6416358947753906,0.6771812438964844,7,False
2025-09-05/IMG_1535.JPG,0.16470588235294126,0.6234016418457031,0.6687431335449219,3,False
2025-09-05/IMG_1536.JPG,0.14117647058823524,0.6490364074707031,0.7078285217285156,8,False
2025-09-05/IMG_1537.JPG,0.14117647058823524,0.6354293823242188,0.6790237426757812,3,False
2025-09-05/IMG_1538.JPG,0.14117647058823524,0.6205368041992188,0.6562118530273438,6,False
2025-09-05/IMG_1539.JPG,0.14117647058823524,0.6439285278320312,0.6662940979003906,2,False
2025-09-05/IMG_1540.JPG,0.14117647058823524,0.6153984069824219,0.6410713195800781,7,False
2025-09-05/IMG_1541.JPG,0.15294117647058814,0.5870208740234375,0.6334571838378906,6,False
2025-09-05/IMG_1542.JPG,0.14117647058823524,0.6066818237304688,0.6504631042480469,6,False
2025-09-05/IMG_1543.JPG,0.16470588235294126,0.5580101013183594,0.597412109375,8,False
2025-09-05/IMG_1544.JPG,0.17647058823529416,0.4951667785644531,0.5300788879394531,8,False
2025-09-05/IMG_1545.JPG,0.17647058823529416,0.585296630859375,0.6295852661132812,5,False
2025-09-05/IMG_1546.JPG,0.15294117647058814,0.5385169982910156,0.5653038024902344,10,False
2025-09-05/IMG_1547.JPG,0.16470588235294126,0.621551513671875,0.669708251953125,3,False
2025-09-05/IMG_1548.JPG,0.15294117647058814,0.6191787719726562,0.6700172424316406,2,False
2025-09-05/IMG_1549.JPG,0.15294117647058814,0.5832099914550781,0.6151847839355469,10,False
2025-09-05/IMG_1550.JPG,0.15294117647058814,0.5911903381347656,0.6378631591796875,2,False
2025-09-05/IMG_1551.JPG,0.14117647058823524,0.595367431640625,0.6311683654785156,11,False
2025-09-05/IMG_1552.JPG,0.15294117647058814,0.6320381164550781,0.676239013671875,2,False
2025-09-05/IMG_1553.JPG,0.15294117647058814,0.5771408081054688,0.6059761047363281,4,False
2025-09-05/IMG_1554.JPG,0.15294117647058814,0.6222305297851562,0.6689872741699219,3,False
2025-09-05/IMG_1555.JPG,0.15294117647058814,0.60418701171875,0.640777587890625,4,False
2025-09-05/IMG_1556.JPG,0.16470588235294126,0.6655197143554688,0.7030792236328125,1,False
2025-09-05/IMG_1557.JPG,0.16470588235294126,0.6409645080566406,0.6841506958007812,1,False
2025-09-05/IMG_1558.JPG,0.15294117647058814,0.6022491455078125,0.6558418273925781,2,False
2025-09-05/IMG_1559.JPG,0.17647058823529416,0.60894775390625,0.6522903442382812,4,False
2025-09-05/IMG_1560.JPG,0.15294117647058814,0.6310195922851562,0.6628875732421875,10,False
2025-09-05/IMG_1561.JPG,0.17647058823529416,0.6558265686035156,0.714874267578125,4,False
2025-09-05/IMG_1562.JPG,0.14117647058823524,0.5662345886230469,0.5921516418457031,15,False
2025-09-05/IMG_1563.JPG,0.15294117647058814,0.5621490478515625,0.5927276611328125,13,False
2025-09-05/IMG_1564.JPG,0.14117647058823524,0.5732574462890625,0.5860481262207031,13,False
2025-09-05/IMG_1565.JPG,0.15294117647058814,0.58270263671875,0.6158676147460938,11,False
2025-09-05/IMG_1566.JPG,0.15294117647058814,0.6461639404296875,0.6765480041503906,10,False
2025-09-05/IMG_1567.JPG,0.14117647058823524,0.5194244384765625,0.5336265563964844,21,False
2025-09-05/IMG_1568.JPG,0.14117647058823524,0.57550048828125,0.6004981994628906,12,False
2025-09-05/IMG_1569.JPG,0.12941176470588234,0.5637550354003906,0.5955352783203125,18,False
2025-09-05/IMG_1570.JPG,0.15294117647058814,0.5424575805664062,0.5717086791992188,17,False
2025-09-05/IMG_1571.JPG,0.16470588235294126,0.5931015014648438,0.6294021606445312,15,False
2025-09-05/IMG_1572.JPG,0.15294117647058814,0.6456413269042969,0.68310546875,5,False
2025-09-05/IMG_1573.JPG,0.14117647058823524,0.6401748657226562,0.6736717224121094,7,False
2025-09-05/IMG_1574.JPG,0.15294117647058814,0.6100807189941406,0.6426658630371094,6,False
2025-09-05/IMG_1575.JPG,0.14117647058823524,0.6062240600585938,0.6357650756835938,8,False
2025-09-05/IMG_1576.JPG,0.14117647058823524,0.5144386291503906,0.5418052673339844,8,False
2025-09-05/IMG_1577.JPG,0.14117647058823524,0.6202621459960938,0.6462936401367188,10,False
2025-09-05/IMG_1578.JPG,0.15294117647058814,0.5823593139648438,0.6322975158691406,7,False
2025-09-05/IMG_1579.JPG,0.18823529411764706,0.5608291625976562,0.6067390441894531,6,False
2025-09-05/IMG_1580.JPG,0.16470588235294126,0.6499595642089844,0.6988754272460938,8,False
2025-09-05/IMG_1581.JPG,0.15294117647058814,0.6059226989746094,0.6347732543945312,8,False
2025-09-05/IMG_1582.JPG,0.16470588235294126,0.6102981567382812,0.6518135070800781,5,False
2025-09-05/IMG_1583.JPG,0.15294117647058814,0.5422325134277344,0.5742111206054688,8,False
2025-09-05/IMG_1584.JPG,0.15294117647058814,0.5567703247070312,0.5815315246582031,13,False
2025-09-05/IMG_1585.JPG,0.15294117647058814,0.6227035522460938,0.6701202392578125,10,False
2025-09-05/IMG_1586.JPG,0.14117647058823524,0.6044120788574219,0.6299057006835938,6,False
2025-09-05/IMG_1587.JPG,0.15294117647058814,0.5473098754882812,0.5725631713867188,10,False
2025-09-05/IMG_1588.JPG,0.11764705882352944,0.48038482666015625,0.5016059875488281,8,False
2025-09-05/IMG_1589.JPG,0.16470588235294126,0.5163764953613281,0.54571533203125,9,False
2025-09-05/IMG_1590.JPG,0.16470588235294126,0.5540199279785156,0.5977134704589844,14,False
2025-09-05/IMG_1591.JPG,0.22352941176470598,0.43309783935546875,0.4418601989746094,34,False
2025-09-05/IMG_1592.JPG,0.21176470588235285,0.514373779296875,0.5453948974609375,19,False
2025-09-05/IMG_1593.JPG,0.21176470588235285,0.45542144775390625,0.4591064453125,35,False
2025-09-05/IMG_1594.JPG,0.16470588235294126,0.6549186706542969,0.7082443237304688,2,False
2025-09-05/IMG_1595.JPG,0.16470588235294126,0.6554603576660156,0.7010345458984375,7,False
2025-09-05/IMG_1596.JPG,0.15294117647058814,0.5892066955566406,0.6187477111816406,2,False
2025-09-05/IMG_1597.JPG,0.16470588235294126,0.6328582763671875,0.66986083984375,7,False
2025-09-05/IMG_1598.JPG,0.15294117647058814,0.6100730895996094,0.6369743347167969,10,False
2025-09-05/IMG_1599.JPG,0.15294117647058814,0.5823593139648438,0.5954551696777344,14,False
2025-09-05/IMG_1600.JPG,0.16470588235294126,0.6200447082519531,0.6446304321289062,6,False
2025-09-05/IMG_1601.JPG,0.17647058823529416,0.5913276672363281,0.6293411254882812,12,False
2025-09-05/IMG_1602.JPG,0.17647058823529416,0.6141586303710938,0.6512680053710938,9,False
2025-09-05/IMG_1603.JPG,0.16470588235294126,0.6428794860839844,0.6834068298339844,3,False
2025-09-05/IMG_1604.JPG,0.16470588235294126,0.6138763427734375,0.6489830017089844,3,False
2025-09-05/IMG_1605.JPG,0.16470588235294126,0.6497306823730469,0.6898536682128906,2,False
2025-09-05/IMG_1606.JPG,0.14117647058823524,0.6989707946777344,0.7365989685058594,4,False
2025-09-05/IMG_1607.JPG,0.14117647058823524,0.6921463012695312,0.7203407287597656,2,False
2025-09-05/IMG_1608.JPG,0.14117647058823524,0.6374664306640625,0.6733589172363281,2,False
2025-09-29/IMG_1671.JPG,-0.21176470588235297,0.8607254028320312,0.859100341796875,2,False
2025-09-29/IMG_1672.JPG,-0.19999999999999996,0.9126167297363281,0.9135551452636719,3,False
2025-09-29/IMG_1673.JPG,-0.21176470588235297,0.8964462280273438,0.892425537109375,7,False
2025-09-29/IMG_1674.JPG,-0.18823529411764706,0.8550605773925781,0.8568382263183594,4,False
2025-09-29/IMG_1675.JPG,-0.08235294117647063,0.6913108825683594,0.7073554992675781,4,False
2025-09-29/IMG_1676.JPG,-0.18823529411764706,0.8773345947265625,0.8910179138183594,2,False
2025-09-29/IMG_1677.JPG,-0.12941176470588234,0.8636932373046875,0.8724746704101562,4,False
2025-09-29/IMG_1678.JPG,0.10588235294117654,0.07877349853515625,0.07128524780273438,21,False
2025-09-29/IMG_1679.JPG,-0.18823529411764706,0.8290939331054688,0.8334884643554688,8,False
2025-09-29/IMG_1680.JPG,-0.19999999999999996,0.8025245666503906,0.8046913146972656,2,False
2025-09-29/IMG_1681.JPG,-0.19999999999999996,0.7552986145019531,0.7590904235839844,10,False
2025-09-29/IMG_1682.JPG,-0.24705882352941178,0.8672637939453125,0.8661308288574219,3,False
2025-09-29/IMG_1684.JPG,-0.19999999999999996,0.8326148986816406,0.8399467468261719,3,False
2025-09-29/IMG_1685.JPG,-0.04705882352941182,0.8112525939941406,0.8259544372558594,8,False
2025-09-29/IMG_1688.JPG,0.12941176470588234,0.053775787353515625,0.047283172607421875,8,False
2025-09-29/IMG_1689.JPG,-0.17647058823529416,0.9315376281738281,0.9367446899414062,1,False
2025-09-29/IMG_1690.JPG,-0.18823529411764706,0.8432769775390625,0.8593978881835938,4,False
2025-09-29/IMG_1691.JPG,-0.24705882352941178,0.6819648742675781,0.6726417541503906,20,False
2025-09-29/IMG_1692.JPG,-0.24705882352941178,0.7533607482910156,0.7495803833007812,8,False
2025-09-29/IMG_1693.JPG,-0.17647058823529416,0.8485221862792969,0.8531951904296875,3,False
2025-09-29/IMG_1694.JPG,-0.18823529411764706,0.9696083068847656,0.9725685119628906,1,False
2025-09-29/IMG_1695.JPG,-0.09411764705882353,0.8220100402832031,0.8367233276367188,5,False
2025-09-29/IMG_1697.JPG,-0.19999999999999996,0.856536865234375,0.8623809814453125,3,False
2025-09-29/IMG_1699.JPG,-0.2705882352941177,0.7770500183105469,0.7642707824707031,6,False
2025-09-29/IMG_1700.JPG,-0.22352941176470587,0.8477210998535156,0.8509407043457031,5,False
2025-09-29/IMG_1701.JPG,0.12941176470588234,0.057338714599609375,0.050647735595703125,6,False
2025-09-29/IMG_1702.JPG,0.16470588235294126,0.17115402221679688,0.18317794799804688,4,False
2025-09-29/IMG_1703.JPG,0.15294117647058814,0.14281463623046875,0.14203643798828125,10,False
2025-09-29/IMG_1704.JPG,-0.15294117647058825,0.8539848327636719,0.8718223571777344,2,False
2025-09-29/IMG_1705.JPG,-0.04705882352941182,0.8234748840332031,0.8324203491210938,6,False
2025-09-29/IMG_1706.JPG,-0.16470588235294115,0.8492469787597656,0.8695869445800781,3,False
2025-09-29/IMG_1707.JPG,-0.24705882352941178,0.8970680236816406,0.8990554809570312,3,False
2025-09-29/IMG_1708.JPG,-0.21176470588235297,0.8851318359375,0.8837661743164062,1,False
2025-09-29/IMG_1709.JPG,-0.2705882352941177,0.8332176208496094,0.8239974975585938,10,False
2025-09-29/IMG_1710.JPG,-0.2823529411764706,0.7949142456054688,0.7863349914550781,13,False
2025-09-29/IMG_1711.JPG,0.11764705882352944,0.03194427490234375,0.03264617919921875,1,False
2025-09-29/IMG_1712.JPG,-0.09411764705882353,0.7935104370117188,0.8163223266601562,5,False
2025-09-29/IMG_1713.JPG,-0.09411764705882353,0.7690544128417969,0.8008155822753906,2,False
2025-09-29/IMG_1714.JPG,-0.2705882352941177,0.7938461303710938,0.7896003723144531,13,False
2025-09-29/IMG_1715.JPG,-0.05882352941176472,0.8421134948730469,0.8541259765625,3,False
2025-09-29/IMG_1716.JPG,-0.15294117647058825,0.912689208984375,0.9222412109375,2,False
2025-09-29/IMG_1717.JPG,-0.19999999999999996,0.8214683532714844,0.8239021301269531,5,False
2025-09-29/IMG_1718.JPG,0.10588235294117654,0.10471725463867188,0.10012435913085938,12,False
2025-09-29/IMG_1719.JPG,0.11764705882352944,0.028167724609375,0.02142333984375,6,False
2025-09-29/IMG_1720.JPG,0.10588235294117654,0.057804107666015625,0.052417755126953125,13,False
2025-09-29/IMG_1721.JPG,0.10588235294117654,0.029964447021484375,0.022609710693359375,10,False
2025-09-29/IMG_1722.JPG,-0.16470588235294115,0.925445556640625,0.9306449890136719,2,False
2025-09-29/IMG_1723.JPG,-0.23529411764705888,0.8232269287109375,0.822418212890625,6,False
2025-09-29/IMG_1724.JPG,-0.24705882352941178,0.8031234741210938,0.8035011291503906,9,False
2025-09-29/IMG_1725.JPG,-0.23529411764705888,0.8887214660644531,0.89093017578125,1,False
2025-09-29/IMG_1726.JPG,-0.18823529411764706,0.8841896057128906,0.8976516723632812,1,False
2025-09-29/IMG_1727.JPG,0.10588235294117654,0.028781890869140625,0.02136993408203125,6,False
2025-09-29/IMG_1728.JPG,0.10588235294117654,0.033843994140625,0.02429962158203125,9,False
2025-09-29/IMG_1729.JPG,0.11764705882352944,0.02954864501953125,0.025150299072265625,9,False
2025-09-29/IMG_1730.JPG,-0.21176470588235297,0.8565254211425781,0.8538742065429688,4,False
2025-09-29/IMG_1731.JPG,-0.14117647058823535,0.8703079223632812,0.8742485046386719,4,False
2025-09-29/IMG_1732.JPG,0.14117647058823524,0.026836395263671875,0.022785186767578125,3,False
2025-09-29/IMG_1733.JPG,0.15294117647058814,0.17386245727539062,0.18616867065429688,6,False
2025-09-29/IMG_1735.JPG,-0.17647058823529416,0.9192237854003906,0.9233665466308594,2,False
2025-09-29/IMG_1736.JPG,-0.08235294117647063,0.9255027770996094,0.9299468994140625,2,False
2025-09-29/IMG_1737.JPG,-0.16470588235294115,0.9042778015136719,0.9085807800292969,2,False
2025-09-29/IMG_1738.JPG,-0.17647058823529416,0.8453407287597656,0.8571662902832031,8,False
2025-09-29/IMG_1739.JPG,-0.17647058823529416,0.9059867858886719,0.9088973999023438,1,False
2025-09-29/IMG_1740.JPG,-0.21176470588235297,0.885955810546875,0.884979248046875,5,False
2025-09-29/IMG_1741.JPG,-0.22352941176470587,0.8502540588378906,0.8526458740234375,3,False
2025-09-29/IMG_1742.JPG,-0.17647058823529416,0.8773574829101562,0.8907814025878906,2,False
2025-09-29/IMG_1743.JPG,-0.21176470588235297,0.8600234985351562,0.8595619201660156,10,False
2025-09-29/IMG_1744.JPG,-0.05882352941176472,0.8636817932128906,0.8693008422851562,2,False
2025-09-29/IMG_1745.JPG,-0.09411764705882353,0.7913017272949219,0.8053665161132812,5,False
2025-09-29/IMG_1746.JPG,-0.05882352941176472,0.7157783508300781,0.7326850891113281,11,False
2025-09-29/IMG_1747.JPG,-0.04705882352941182,0.8677024841308594,0.8754005432128906,6,False
2025-09-29/IMG_1748.JPG,0.12941176470588234,0.1088409423828125,0.11188888549804688,4,False
2025-09-29/IMG_1750.JPG,0.08235294117647052,0.22918701171875,0.21671676635742188,21,False
2025-09-29/IMG_1751.JPG,0.10588235294117654,0.2104034423828125,0.20793533325195312,5,False
2025-09-29/IMG_1752.JPG,0.10588235294117654,0.21366119384765625,0.21028518676757812,13,False
2025-09-29/IMG_1753.JPG,0.12941176470588234,0.2532691955566406,0.25562286376953125,12,False
2025-09-29/IMG_1754.JPG,0.11764705882352944,0.23436737060546875,0.23779296875,6,False
2025-09-29/IMG_1755.JPG,0.08235294117647052,0.26922607421875,0.2622528076171875,19,False
2025-09-29/IMG_1757.JPG,0.12941176470588234,0.222564697265625,0.22880172729492188,6,False
2025-09-29/IMG_1758.JPG,0.12941176470588234,0.21194839477539062,0.21077346801757812,7,False
2025-09-29/IMG_1759.JPG,0.14117647058823524,0.2698783874511719,0.2736473083496094,5,False
2025-09-29/IMG_1760.JPG,0.11764705882352944,0.23775482177734375,0.23836135864257812,2,False
2025-09-29/IMG_1761.JPG,0.09411764705882364,0.3112602233886719,0.3105888366699219,14,False
2025-09-29/IMG_1762.JPG,0.08235294117647052,0.30519866943359375,0.3015708923339844,15,False
2025-09-29/IMG_1763.JPG,0.09411764705882364,0.3070259094238281,0.3090629577636719,10,False
2025-09-29/IMG_1764.JPG,0.11764705882352944,0.17132949829101562,0.174346923828125,3,False
2025-09-29/IMG_1765.JPG,-0.05882352941176472,0.7576484680175781,0.7745513916015625,5,False
2025-09-29/IMG_1766.JPG,0.04705882352941182,0.13213729858398438,0.06640625,16,False
2025-09-29/IMG_1767.JPG,-0.05882352941176472,0.7373161315917969,0.7490730285644531,4,False
2025-09-29/IMG_1768.JPG,-0.05882352941176472,0.7774391174316406,0.8183021545410156,3,False
2025-09-29/IMG_1769.JPG,-0.04705882352941182,0.7760543823242188,0.7949256896972656,4,False
2025-09-29/IMG_1770.JPG,-0.04705882352941182,0.8565673828125,0.8633155822753906,4,False
2025-09-29/IMG_1771.JPG,-0.05882352941176472,0.9134140014648438,0.9273452758789062,1,False
2025-09-29/IMG_1772.JPG,-0.08235294117647063,0.9039497375488281,0.9063758850097656,2,False
2025-09-29/IMG_1773.JPG,0.03529411764705892,0.08690643310546875,0.00432586669921875,2,False
2025-09-29/IMG_1774.JPG,-0.05882352941176472,0.9230537414550781,0.9273452758789062,4,False
2025-09-29/IMG_1775.JPG,-0.05882352941176472,0.9247550964355469,0.9302635192871094,1,False
2025-09-29/IMG_1776.JPG,-0.07058823529411762,0.9127349853515625,0.9226264953613281,3,False
2025-09-29/IMG_1777.JPG,-0.05882352941176472,0.9323196411132812,0.9415016174316406,1,False
2025-09-29/IMG_1778.JPG,0.03529411764705892,0.0872955322265625,0.014190673828125,4,False
2025-09-29/IMG_1779.JPG,-0.08235294117647063,0.9042129516601562,0.9074668884277344,3,False
2025-09-29/IMG_1780.JPG,-0.08235294117647063,0.7944793701171875,0.813079833984375,2,False
2025-09-29/IMG_1781.JPG,-0.08235294117647063,0.740264892578125,0.7591781616210938,5,False
2025-09-29/IMG_1782.JPG,-0.08235294117647063,0.7212448120117188,0.730712890625,9,False
2025-09-29/IMG_1783.JPG,-0.08235294117647063,0.7977294921875,0.8143157958984375,5,False
2025-09-29/IMG_1784.JPG,-0.07058823529411762,0.7527656555175781,0.7722434997558594,6,False
2025-09-29/IMG_1785.JPG,-0.07058823529411762,0.8218994140625,0.8246231079101562,6,False
2025-09-29/IMG_1786.JPG,-0.09411764705882353,0.8996696472167969,0.9136734008789062,2,False
2025-09-29/IMG_1787.JPG,-0.07058823529411762,0.89385986328125,0.905853271484375,1,False
2025-09-29/IMG_1788.JPG,-0.11764705882352944,0.8994140625,0.913970947265625,1,False
2025-09-29/IMG_1789.JPG,0.03529411764705892,0.08320999145507812,0.010608673095703125,1,False
2025-09-29/IMG_1790.JPG,-0.07058823529411762,0.84246826171875,0.8477134704589844,2,False
2025-09-29/IMG_1791.JPG,-0.04705882352941182,0.9048118591308594,0.9229240417480469,1,False
2025-09-29/IMG_1792.JPG,-0.07058823529411762,0.86956787109375,0.8881034851074219,2,False
2025-09-29/IMG_1793.JPG,-0.05882352941176472,0.8513908386230469,0.8692779541015625,2,False
2025-09-29/IMG_1794.JPG,0.04705882352941182,0.1107635498046875,0.038787841796875,4,False
2025-09-29/IMG_1797.JPG,-0.08235294117647063,0.7826690673828125,0.8002243041992188,3,False
2025-09-29/IMG_1798.JPG,-0.08235294117647063,0.858673095703125,0.8652267456054688,4,False
2025-09-29/IMG_1799.JPG,-0.16470588235294115,0.9225196838378906,0.9275054931640625,3,False
2025-09-29/IMG_1800.JPG,-0.09411764705882353,0.8302192687988281,0.8284912109375,5,False
2025-09-29/IMG_1801.JPG,-0.07058823529411762,0.9268684387207031,0.9286422729492188,3,False
2025-09-29/IMG_1802.JPG,-0.07058823529411762,0.8781509399414062,0.878265380859375,5,False
2025-09-29/IMG_1803.JPG,-0.08235294117647063,0.8543739318847656,0.8560905456542969,8,False
2025-09-29/IMG_1804.JPG,-0.09411764705882353,0.9230804443359375,0.9311981201171875,1,False
2025-09-29/IMG_1805.JPG,-0.08235294117647063,0.862213134765625,0.8701438903808594,2,False
2025-09-29/IMG_1806.JPG,-0.18823529411764706,0.9326896667480469,0.9359817504882812,2,False
2025-09-29/IMG_1807.JPG,-0.07058823529411762,0.9154777526855469,0.9275360107421875,2,False
2025-09-29/IMG_1809.JPG,-0.09411764705882353,0.6152267456054688,0.6185455322265625,21,False
2025-09-29/IMG_1810.JPG,-0.05882352941176472,0.653411865234375,0.6572303771972656,16,False
2025-09-29/IMG_1811.JPG,0.10588235294117654,0.0777130126953125,0.07062911987304688,10,False
2025-09-29/IMG_1812.JPG,-0.08235294117647063,0.734771728515625,0.7394332885742188,7,False
2025-09-29/IMG_1814.JPG,-0.08235294117647063,0.8810272216796875,0.8876304626464844,4,False
2025-09-29/IMG_1815.JPG,-0.17647058823529416,0.9430656433105469,0.9449310302734375,1,False
2025-09-29/IMG_1816.JPG,-0.11764705882352944,0.8701553344726562,0.8719673156738281,8,False
2025-09-29/IMG_1817.JPG,-0.09411764705882353,0.9085731506347656,0.9158859252929688,2,False
2025-09-29/IMG_1818.JPG,-0.19999999999999996,0.9437065124511719,0.9491348266601562,1,False
2025-09-29/IMG_1819.JPG,-0.19999999999999996,0.919189453125,0.9240760803222656,1,False
2025-09-29/IMG_1820.JPG,-0.09411764705882353,0.83416748046875,0.8393287658691406,2,False
2025-09-29/IMG_1821.JPG,-0.09411764705882353,0.8172340393066406,0.8112220764160156,8,False
2025-09-29/IMG_1822.JPG,-0.08235294117647063,0.7678031921386719,0.7639579772949219,8,False
2025-09-29/IMG_1823.JPG,-0.08235294117647063,0.7023353576660156,0.714324951171875,7,False
2025-09-29/IMG_1824.JPG,-0.09411764705882353,0.706817626953125,0.7244987487792969,4,False
2025-09-29/IMG_1825.JPG,-0.08235294117647063,0.73388671875,0.7383460998535156,5,False
2025-09-29/IMG_1826.JPG,0.04705882352941182,0.12881088256835938,0.071258544921875,15,False
2025-09-29/IMG_1827.JPG,0.08235294117647052,0.13716506958007812,0.11542892456054688,11,False
2025-09-29/IMG_1828.JPG,0.12941176470588234,0.12293243408203125,0.10627365112304688,2,False
2025-09-29/IMG_1829.JPG,0.15294117647058814,0.2878608703613281,0.29764556884765625,3,False
2025-09-29/IMG_1830.JPG,0.09411764705882364,0.30609893798828125,0.2946586608886719,9,False
2025-09-29/IMG_1831.JPG,0.10588235294117654,0.20104217529296875,0.19478225708007812,11,False
2025-09-29/IMG_1832.JPG,0.10588235294117654,0.2925567626953125,0.2928924560546875,11,False
2025-09-29/IMG_1833.JPG,0.12941176470588234,0.15660858154296875,0.14836502075195312,10,False
2025-09-29/IMG_1834.JPG,0.11764705882352944,0.27713775634765625,0.2660408020019531,8,False
2025-09-29/IMG_1835.JPG,0.12941176470588234,0.1784820556640625,0.1740264892578125,6,False
2025-09-29/IMG_1836.JPG,0.12941176470588234,0.2680625915527344,0.263519287109375,9,False
2025-09-29/IMG_1837.JPG,0.12941176470588234,0.2509307861328125,0.2552032470703125,12,False
2025-09-29/IMG_1838.JPG,0.10588235294117654,0.3604545593261719,0.3609352111816406,10,False
2025-09-29/IMG_1839.JPG,0.11764705882352944,0.23277664184570312,0.23358154296875,8,False
2025-09-29/IMG_1840.JPG,0.12941176470588234,0.25659942626953125,0.26221466064453125,3,False
2025-09-29/IMG_1841.JPG,0.11764705882352944,0.28113555908203125,0.27689361572265625,10,False
2025-09-29/IMG_1842.JPG,0.15294117647058814,0.11327743530273438,0.09524917602539062,14,False
2025-09-29/IMG_1843.JPG,0.14117647058823524,0.14990997314453125,0.13672256469726562,15,False
2025-09-29/IMG_1844.JPG,0.12941176470588234,0.24959564208984375,0.2412261962890625,17,False
2025-09-29/IMG_1845.JPG,0.14117647058823524,0.21729660034179688,0.21972274780273438,13,False
2025-09-29/IMG_1846.JPG,0.12941176470588234,0.23300552368164062,0.22333145141601562,14,False
2025-09-29/IMG_1847.JPG,0.08235294117647052,0.1419677734375,0.09972381591796875,17,False
2025-09-29/IMG_1848.JPG,0.11764705882352944,0.21415328979492188,0.19601058959960938,14,False
2025-09-29/IMG_1849.JPG,0.15294117647058814,0.5627365112304688,0.5899467468261719,12,False
2025-09-29/IMG_1850.JPG,0.09411764705882364,0.69097900390625,0.7076797485351562,8,False
2025-09-29/IMG_1851.JPG,0.11764705882352944,0.6136360168457031,0.6458206176757812,9,False
2025-09-29/IMG_1852.JPG,0.14117647058823524,0.6214141845703125,0.6347122192382812,3,False
2025-09-29/IMG_1853.JPG,0.14117647058823524,0.7168617248535156,0.755096435546875,3,False
2025-09-29/IMG_1854.JPG,0.14117647058823524,0.6456871032714844,0.6791610717773438,5,False
2025-09-29/IMG_1855.JPG,0.10588235294117654,0.6118278503417969,0.626251220703125,6,False
2025-09-29/IMG_1856.JPG,0.11764705882352944,0.5866737365722656,0.6067619323730469,7,False
2025-09-29/IMG_1857.JPG,0.10588235294117654,0.6658210754394531,0.6862106323242188,8,False
2025-09-29/IMG_1858.JPG,0.11764705882352944,0.6121139526367188,0.6333847045898438,10,False
2025-09-29/IMG_1859.JPG,0.04705882352941182,0.6121025085449219,0.6088142395019531,10,False
2025-09-29/IMG_1860.JPG,0.10588235294117654,0.7114982604980469,0.7355499267578125,2,False
2025-09-29/IMG_1861.JPG,0.14117647058823524,0.6445693969726562,0.6800956726074219,8,False
2025-09-29/IMG_1862.JPG,0.15294117647058814,0.6191902160644531,0.6586456298828125,8,False
2025-09-29/IMG_1863.JPG,0.15294117647058814,0.6225967407226562,0.6741447448730469,4,False
2025-09-29/IMG_1864.JPG,0.12941176470588234,0.5277366638183594,0.5421333312988281,12,False
2025-09-29/IMG_1865.JPG,0.12941176470588234,0.5420799255371094,0.5612983703613281,11,False
2025-09-29/IMG_1868.JPG,0.14117647058823524,0.5355567932128906,0.5617904663085938,10,False
2025-09-29/IMG_1869.JPG,0.14117647058823524,0.5144538879394531,0.5386848449707031,5,False
2025-09-29/IMG_1870.JPG,0.12941176470588234,0.5849990844726562,0.6068572998046875,5,False
2025-09-29/IMG_1871.JPG,0.15294117647058814,0.6018867492675781,0.6314125061035156,9,False
2025-09-29/IMG_1872.JPG,0.14117647058823524,0.5853042602539062,0.6133079528808594,6,False
2025-09-29/IMG_1873.JPG,0.09411764705882364,0.5629997253417969,0.5802459716796875,7,False
2025-09-29/IMG_1874.JPG,0.07058823529411762,0.6151351928710938,0.6297683715820312,6,False
2025-09-29/IMG_1875.JPG,0.11764705882352944,0.6502647399902344,0.6551856994628906,5,False
2025-09-29/IMG_1876.JPG,0.12941176470588234,0.6490898132324219,0.6994781494140625,6,False
2025-09-29/IMG_1877.JPG,0.15294117647058814,0.5875053405761719,0.6411018371582031,5,False
2025-09-29/IMG_1878.JPG,0.12941176470588234,0.5240592956542969,0.5516090393066406,5,False
2025-09-29/IMG_1879.JPG,0.15294117647058814,0.6152458190917969,0.6669235229492188,3,False
2025-09-29/IMG_1880.JPG,0.14117647058823524,0.6163597106933594,0.6618194580078125,7,False
2025-09-29/IMG_1881.JPG,0.09411764705882364,0.5967063903808594,0.6080055236816406,4,False
2025-09-29/IMG_1882.JPG,0.12941176470588234,0.5160064697265625,0.5346565246582031,7,False
2025-09-29/IMG_1883.JPG,0.04705882352941182,0.6827201843261719,0.6909751892089844,4,False
2025-09-29/IMG_1884.JPG,0.19999999999999996,0.5535125732421875,0.606689453125,7,False
2025-09-29/IMG_1885.JPG,0.12941176470588234,0.6253318786621094,0.6804008483886719,7,False
2025-09-29/IMG_1886.JPG,0.15294117647058814,0.4565277099609375,0.4695892333984375,11,False
2025-09-29/IMG_1887.JPG,0.12941176470588234,0.5882339477539062,0.6207962036132812,7,False
2025-09-29/IMG_1888.JPG,0.12941176470588234,0.50439453125,0.5028953552246094,13,False
2025-09-29/IMG_1889.JPG,0.14117647058823524,0.5922889709472656,0.5996665954589844,10,False
2025-09-29/IMG_1890.JPG,0.09411764705882364,0.5599594116210938,0.5616073608398438,16,False
2025-09-29/IMG_1891.JPG,0.10588235294117654,0.3394584655761719,0.3374748229980469,8,False
2025-09-29/IMG_1892.JPG,0.12941176470588234,0.5459632873535156,0.5737686157226562,5,False
2025-09-29/IMG_1893.JPG,0.11764705882352944,0.5701217651367188,0.5995407104492188,2,False
2025-09-29/IMG_1894.JPG,0.14117647058823524,0.4410362243652344,0.4401130676269531,13,False
2025-09-29/IMG_1895.JPG,0.12941176470588234,0.494354248046875,0.5096626281738281,18,False
2025-09-29/IMG_1896.JPG,0.14117647058823524,0.5651931762695312,0.5838279724121094,8,False
2025-09-29/IMG_1897.JPG,0.14117647058823524,0.4903068542480469,0.5185699462890625,11,False
2025-09-29/IMG_1898.JPG,0.11764705882352944,0.4293022155761719,0.4467811584472656,11,False
2025-09-29/IMG_1899.JPG,0.12941176470588234,0.4276924133300781,0.4312400817871094,23,False
2025-09-29/IMG_1900.JPG,0.07058823529411762,0.4942359924316406,0.5008659362792969,10,False
2025-09-29/IMG_1901.JPG,0.12941176470588234,0.5275993347167969,0.5334396362304688,12,False
2025-09-29/IMG_1902.JPG,0.17647058823529416,0.49131011962890625,0.5102005004882812,14,False
2025-09-29/IMG_1903.JPG,0.16470588235294126,0.36469268798828125,0.354339599609375,27,False
2025-09-29/IMG_1904.JPG,0.16470588235294126,0.32595062255859375,0.3334388732910156,20,False
2025-09-29/IMG_1905.JPG,0.15294117647058814,0.45336151123046875,0.4790840148925781,16,False
2025-09-29/IMG_1906.JPG,0.17647058823529416,0.4535942077636719,0.47071075439453125,23,False
2025-09-29/IMG_1907.JPG,0.11764705882352944,0.23751449584960938,0.23691177368164062,33,False
2025-09-29/IMG_1908.JPG,-0.07058823529411762,0.5206184387207031,0.5092353820800781,24,False
2025-09-29/IMG_1909.JPG,0.09411764705882364,0.2245941162109375,0.22092056274414062,29,False
2025-09-29/IMG_1910.JPG,0.05882352941176472,0.324920654296875,0.3277244567871094,14,False
2025-09-29/IMG_1911.JPG,0.10588235294117654,0.38542938232421875,0.3980216979980469,25,False
2025-09-29/IMG_1912.JPG,0.14117647058823524,0.5574989318847656,0.5740509033203125,16,False
2025-09-29/IMG_1913.JPG,0.15294117647058814,0.6124191284179688,0.634613037109375,3,False
2025-09-29/IMG_1914.JPG,0.14117647058823524,0.6776695251464844,0.6965255737304688,7,False
2025-09-29/IMG_1915.JPG,0.12941176470588234,0.6288490295410156,0.6505355834960938,5,False
2025-09-29/IMG_1916.JPG,0.15294117647058814,0.6226654052734375,0.6566925048828125,8,False
2025-09-29/IMG_1917.JPG,0.15294117647058814,0.6561698913574219,0.68951416015625,7,False
2025-09-29/IMG_1918.JPG,0.15294117647058814,0.5191612243652344,0.5487022399902344,5,False
2025-09-29/IMG_1919.JPG,0.11764705882352944,0.5970687866210938,0.630767822265625,4,False
2025-09-29/IMG_1920.JPG,0.14117647058823524,0.6926116943359375,0.7185516357421875,4,False
2025-09-29/IMG_1921.JPG,0.12941176470588234,0.6949462890625,0.7113265991210938,3,False
2025-09-29/IMG_1922.JPG,0.12941176470588234,0.67242431640625,0.6838645935058594,11,False
2025-09-29/IMG_1923.JPG,0.12941176470588234,0.5955009460449219,0.6025543212890625,9,False
2025-09-29/IMG_1924.JPG,0.15294117647058814,0.6410903930664062,0.6635093688964844,9,False
2025-09-29/IMG_1925.JPG,0.16470588235294126,0.6595306396484375,0.6901664733886719,4,False
2025-09-29/IMG_1926.JPG,0.16470588235294126,0.6590309143066406,0.6819877624511719,13,False
2025-09-29/IMG_1927.JPG,0.16470588235294126,0.6189460754394531,0.6490402221679688,6,False
2025-09-29/IMG_1930.JPG,0.16470588235294126,0.5699958801269531,0.6088981628417969,8,False
2025-09-29/IMG_1931.JPG,0.16470588235294126,0.5661811828613281,0.5975151062011719,11,False
2025-09-29/IMG_1932.JPG,0.16470588235294126,0.5068778991699219,0.5347557067871094,15,False
2025-09-29/IMG_1933.JPG,0.17647058823529416,0.5373497009277344,0.5695991516113281,8,False
2025-09-29/IMG_1934.JPG,0.17647058823529416,0.5876235961914062,0.6246528625488281,19,False
2025-09-29/IMG_1935.JPG,0.18823529411764706,0.6097412109375,0.6786117553710938,11,False
2025-09-29/IMG_1937.JPG,0.17647058823529416,0.6237602233886719,0.649322509765625,8,False
2025-09-29/IMG_1939.JPG,0.15294117647058814,0.5607109069824219,0.5780029296875,8,False
2025-09-29/IMG_1940.JPG,0.14117647058823524,0.6087722778320312,0.6338691711425781,8,False
2025-09-29/IMG_1941.JPG,0.15294117647058814,0.6500129699707031,0.6843338012695312,2,False
2025-09-29/IMG_1942.JPG,0.15294117647058814,0.6962738037109375,0.7084846496582031,7,False
2025-09-29/IMG_1943.JPG,0.15294117647058814,0.5859146118164062,0.5936622619628906,7,False
2025-09-29/IMG_1944.JPG,0.15294117647058814,0.4808769226074219,0.4862785339355469,8,False
2025-09-29/IMG_1945.JPG,0.16470588235294126,0.65313720703125,0.6711502075195312,11,False
2025-09-29/IMG_1946.JPG,0.14117647058823524,0.6431694030761719,0.6650276184082031,7,False
2025-09-29/IMG_1947.JPG,0.16470588235294126,0.5921745300292969,0.6101188659667969,7,False
2025-09-29/IMG_1948.JPG,0.15294117647058814,0.6319351196289062,0.6538505554199219,3,False
2025-09-29/IMG_1949.JPG,0.14117647058823524,0.6023712158203125,0.623138427734375,8,False
2025-09-29/IMG_1950.JPG,0.14117647058823524,0.5629005432128906,0.5829048156738281,8,False
2025-09-29/IMG_1951.JPG,0.14117647058823524,0.5752906799316406,0.5879058837890625,10,False
2025-09-29/IMG_1952.JPG,0.14117647058823524,0.5563812255859375,0.5901222229003906,8,False
