image_filename,true_class,predicted_class,probability_very_small,probability_small,probability_medium,probability_large
2025-08-22/IMG_0119.JPG,Very Small,Very Small,0.9970666766166687,0.0029322998598217964,6.103262535361864e-07,4.272063165444706e-07
2025-08-22/IMG_9896.JPG,Small,Small,0.0001884014782262966,0.999811589717865,1.2978857988343862e-08,3.470982453280397e-13
2025-08-07/IMG_9607.JPG,Medium,Medium,4.830557642776512e-08,0.00448785163462162,0.995512068271637,1.3804663190342126e-08
2025-09-05/IMG_1018.JPG,Small,Small,6.101262162161447e-09,0.9999885559082031,1.1400361472624354e-05,7.311636575697996e-16
2025-08-22/IMG_0157.JPG,Medium,Medium,8.692207984495326e-07,0.000304372952086851,0.9995126724243164,0.00018217123579233885
2025-09-05/IMG_1066.JPG,Medium,Medium,8.732361607144412e-07,0.009120768867433071,0.9908738136291504,4.581049779517343e-06
2025-09-29/IMG_1848.JPG,Medium,Medium,5.446325346269987e-08,0.005359292030334473,0.9946404099464417,2.9585319794023235e-07
2025-08-22/IMG_0237.JPG,Very Small,Very Small,0.998461127281189,0.0015389398904517293,2.009483551779212e-10,2.2610505481801546e-11
2025-09-05/IMG_1052.JPG,Very Small,Very Small,0.9995291233062744,0.00047012849245220423,5.433172987068247e-07,2.2747306616111018e-07
2025-09-05/IMG_1449.JPG,Medium,Medium,2.857389915789099e-07,0.005329642444849014,0.9946685433387756,1.5651927469662041e-06
2025-08-22/IMG_9840.JPG,Medium,Medium,8.26619452709565e-06,0.009392431937158108,0.9905750751495361,2.419908378215041e-05
2025-08-07/IMG_9408.JPG,Small,Small,0.0008606220944784582,0.9955477714538574,0.003591560758650303,2.382825314839465e-08
2025-08-22/IMG_0130.JPG,Very Small,Very Small,0.9999911785125732,8.869129487720784e-06,2.123837911094384e-10,2.900707896102972e-09
2025-09-05/IMG_1605.JPG,Small,Small,0.00021308221039362252,0.9997808337211609,6.040643256710609e-06,2.721775305136731e-10
2025-08-22/IMG_9860.JPG,Large,Large,0.0009428891353309155,9.736866195453331e-05,0.00506649911403656,0.9938932657241821
2025-09-05/IMG_0844.JPG,Medium,Medium,9.81086056839331e-09,0.0012641854118555784,0.9987358450889587,1.4554401239763592e-08
2025-09-05/IMG_0801.JPG,Small,Small,4.2795178160304204e-05,0.9999501705169678,6.992693215579493e-06,1.8383755889112008e-12
2025-08-07/IMG_9132.JPG,Small,Small,1.6883388980204472e-06,0.9974491000175476,0.0025492319837212563,1.8846962879237594e-10
2025-09-05/IMG_0832.JPG,Very Small,Very Small,0.9999958276748657,4.206422545394162e-06,6.781466447419726e-12,7.842164417848352e-11
2025-09-29/IMG_1926.JPG,Very Small,Very Small,0.9985491633415222,0.0014504091814160347,1.809150234066692e-07,1.5866002911479882e-07
2025-09-05/IMG_0879.JPG,Small,Small,6.134932277745975e-07,0.9999967813491821,2.65065341409354e-06,1.3937986778189e-13
2025-08-07/IMG_9112.JPG,Small,Small,0.0004402436316013336,0.9995537400245667,5.99382792643155e-06,9.818491852886524e-11
2025-09-05/IMG_0909.JPG,Small,Small,0.00036423554411157966,0.9996315240859985,4.201639058010187e-06,7.765493109657129e-11
2025-08-07/IMG_9423.JPG,Very Small,Very Small,0.999521017074585,0.00047898871707729995,3.9067318824415054e-11,3.28091069937142e-12
2025-09-29/IMG_1939.JPG,Very Small,Very Small,0.9999221563339233,7.788091170368716e-05,2.633223673831342e-11,1.700123895831407e-11
2025-09-05/IMG_1353.JPG,Very Small,Very Small,0.9999048709869385,9.510651580058038e-05,8.165498499579371e-09,2.546875599307441e-09
2025-09-29/IMG_1845.JPG,Small,Small,5.583294750977075e-06,0.9999878406524658,6.518077498185448e-06,1.6065009836741667e-13
2025-08-22/IMG_0128.JPG,Very Small,Very Small,0.9995208978652954,0.0004791522223968059,1.2699070683908076e-09,1.4139329707063553e-09
2025-08-07/IMG_9542.JPG,Large,Large,0.0007481181528419256,0.00017838332860264927,0.0158346276730299,0.983238935470581
2025-08-22/IMG_0010.JPG,Small,Small,0.01265767589211464,0.9870913028717041,0.00025093191652558744,9.207832363244961e-08
2025-09-05/IMG_0946.JPG,Medium,Medium,5.207363784620611e-08,0.00038677960401400924,0.9996128678321838,3.518262587931531e-07
2025-08-22/IMG_0129.JPG,Very Small,Very Small,0.9996559619903564,0.0003440918226260692,1.313896658139413e-09,5.013761072980571e-10
2025-09-29/IMG_1826.JPG,Small,Small,9.498262807028368e-05,0.999816358089447,8.867228461895138e-05,5.718550633027064e-10
2025-09-05/IMG_1327.JPG,Very Small,Very Small,0.9981396198272705,0.001860197400674224,8.102183812752628e-08,6.396434315547594e-08
2025-09-05/IMG_1455.JPG,Very Small,Very Small,0.9999352693557739,5.071742270956747e-05,5.128869702275551e-07,1.3538859093387146e-05
2025-09-29/IMG_1912.JPG,Small,Small,0.0015103536425158381,0.9984890222549438,6.049168064237165e-07,1.81963832890375e-10
2025-08-22/IMG_9807.JPG,Very Small,Very Small,0.9906612038612366,0.009335040114820004,2.548316388129024e-06,1.1264405657129828e-06
2025-08-07/IMG_9151.JPG,Very Small,Very Small,0.9995530247688293,0.0004469940613489598,3.3954238726208175e-11,8.058561413656906e-13
2025-08-07/IMG_9133.JPG,Small,Small,1.9384476956929575e-07,0.9959656000137329,0.004034146666526794,5.579045905812485e-12
2025-09-29/IMG_1784.JPG,Small,Small,1.847658677434083e-05,0.9990503191947937,0.0009312305483035743,4.45908449053789e-11
2025-09-29/IMG_1778.JPG,Very Small,Very Small,0.9999719858169556,2.7412506824475713e-05,1.570789542881812e-08,5.422884896688629e-07
2025-09-05/IMG_0887.JPG,Medium,Medium,1.242444511717622e-07,0.0007685537566430867,0.999230146408081,1.188813371300057e-06
2025-08-07/IMG_9232.JPG,Small,Small,0.001462273532524705,0.9968193769454956,0.001718228915706277,1.438478989257419e-07
2025-08-07/IMG_9534.JPG,Large,Large,0.0009442116133868694,8.650021482026204e-05,0.0029959760140627623,0.9959732890129089
2025-08-22/IMG_0012.JPG,Very Small,Very Small,0.9998729228973389,0.00012701068772003055,2.4176252111374197e-09,1.106360891789393e-09
2025-08-22/IMG_0210.JPG,Small,Small,0.00012297779903747141,0.999876856803894,1.1894042728499699e-07,2.4901964171264446e-12
2025-09-29/IMG_1875.JPG,Small,Small,6.533617852255702e-05,0.9999330043792725,1.6041391290855245e-06,1.447639057239325e-11
2025-08-22/IMG_9752.JPG,Medium,Medium,8.29878388231009e-08,0.0002599905419629067,0.9997362494468689,3.658131618067273e-06
2025-08-22/IMG_0295.JPG,Medium,Medium,1.344244196843647e-06,0.002672550966963172,0.9973136782646179,1.2466020962165203e-05
2025-09-29/IMG_1950.JPG,Very Small,Very Small,0.9992781281471252,0.0007195951184257865,8.436611551587703e-07,1.4886783219481003e-06
2025-09-29/IMG_1705.JPG,Very Small,Very Small,0.9998262524604797,0.00017209637735504657,2.6568173439045495e-07,1.4245795227907365e-06
2025-09-05/IMG_1255.JPG,Small,Small,0.0002863436529878527,0.9997135996818542,5.728909360791512e-11,1.17994283590925e-15
2025-08-22/IMG_0246.JPG,Small,Small,3.884787815877644e-07,0.9980669617652893,0.001932661049067974,2.8126294696062537e-11
2025-08-07/IMG_9193.JPG,Very Small,Very Small,0.9991457462310791,0.0002528999757487327,1.8997801817022264e-05,0.0005822898237966001
2025-08-22/IMG_9735.JPG,Very Small,Very Small,0.9999861717224121,1.3857959856977686e-05,6.039054239320718e-12,1.9236114437437557e-12
2025-08-22/IMG_9778.JPG,Small,Small,0.0033458746038377285,0.9966509938240051,3.150512611682643e-06,6.3300000796573386e-09
2025-09-05/IMG_1183.JPG,Very Small,Very Small,0.9981070756912231,0.0018929250072687864,1.4592728803108912e-08,2.0240866760445897e-09
2025-09-05/IMG_1130.JPG,Small,Small,1.8984135749633424e-05,0.9999784231185913,2.6351722226536367e-06,9.034484098335849e-12
2025-08-22/IMG_0269.JPG,Very Small,Very Small,0.999922513961792,7.747144263703376e-05,1.2756833089877517e-10,3.909197965334954e-10
2025-09-05/IMG_1388.JPG,Small,Small,0.001420597080141306,0.9985407590866089,3.860688229906373e-05,9.881069296113765e-09
2025-09-05/IMG_1462.JPG,Small,Small,0.0011917039519175887,0.9983299374580383,0.0004781638563144952,2.607148985589447e-07
2025-08-07/IMG_9674.JPG,Large,Large,0.0004506286350078881,2.1808813471579924e-05,0.0007525529945269227,0.998775064945221
2025-09-05/IMG_0970.JPG,Small,Small,3.5619657978713803e-07,0.9999610185623169,3.858389027300291e-05,1.0243087844932774e-12
2025-08-22/IMG_9772.JPG,Medium,Medium,2.5797394300752785e-06,0.002406350802630186,0.9975354671478271,5.550754940486513e-05
2025-09-05/IMG_1452.JPG,Very Small,Very Small,0.9851592183113098,0.014705745503306389,6.049619696568698e-05,7.45225916034542e-05
2025-08-07/IMG_9700.JPG,Large,Large,0.0003793149662669748,5.821723607368767e-05,0.00870693102478981,0.9908555746078491
2025-09-05/IMG_1469.JPG,Very Small,Very Small,0.9921368360519409,0.007861909456551075,3.7317522583180107e-07,9.854499012362794e-07
2025-09-05/IMG_1165.JPG,Medium,Medium,0.0013649377506226301,0.01516750082373619,0.9800835847854614,0.0033839268144220114
2025-08-22/IMG_0083.JPG,Very Small,Very Small,0.9999566078186035,4.3368891056161374e-05,6.291090044741043e-12,4.332458437145137e-12
2025-08-22/IMG_0293.JPG,Small,Small,0.0024938927963376045,0.9974990487098694,7.076804649841506e-06,1.8938797197165513e-09
2025-09-05/IMG_1361.JPG,Very Small,Very Small,0.9986609220504761,0.0013391160173341632,4.120064733825757e-09,2.3411121929939327e-09
2025-09-05/IMG_1246.JPG,Small,Small,3.602077924824698e-08,0.999994158744812,5.793504897155799e-06,4.5384567414971655e-14
2025-09-05/IMG_1398.JPG,Very Small,Very Small,0.9998549222946167,0.00014484564599115402,2.1066632882593694e-08,2.135580956519334e-07
2025-09-29/IMG_1722.JPG,Very Small,Very Small,0.9979177117347717,0.0020820903591811657,1.1787527398610109e-07,1.245176122210978e-07
2025-09-29/IMG_1807.JPG,Very Small,Very Small,0.999927282333374,7.244101288961247e-05,2.3501705470607703e-08,3.300193895938719e-07
2025-08-07/IMG_9547.JPG,Small,Small,0.0015856004320085049,0.9984109401702881,3.4225765830342425e-06,2.3993871334226924e-09
2025-09-05/IMG_0922.JPG,Very Small,Very Small,0.9993677735328674,0.0006322158151306212,3.53583340384489e-09,2.0997655170162943e-08
2025-08-07/IMG_9575.JPG,Large,Large,0.0007306025945581496,0.00010475613817106932,0.008514259941875935,0.9906504154205322
2025-09-29/IMG_1783.JPG,Small,Small,1.6117684253913467e-06,0.9959190487861633,0.004079336300492287,1.350675266076351e-10
2025-08-07/IMG_9466.JPG,Very Small,Very Small,0.9995201826095581,0.00031795655377209187,8.219220944738481e-06,0.0001536351628601551
2025-08-07/IMG_9187.JPG,Small,Small,0.0016996730118989944,0.9982262253761292,7.405025098705664e-05,2.1209572764746554e-08
2025-08-07/IMG_9509.JPG,Small,Small,0.0014458574587479234,0.9985455274581909,8.65656511450652e-06,2.245203883921576e-10
2025-09-05/IMG_1499.JPG,Small,Small,0.0002997258270625025,0.9996891021728516,1.1196961168025155e-05,8.861576056284903e-11
2025-09-05/IMG_1348.JPG,Small,Small,0.003854824462905526,0.9961431622505188,2.0464765384531347e-06,2.0056548435953836e-11
2025-08-07/IMG_9445.JPG,Small,Small,4.048404491641122e-07,0.9998602867126465,0.00013925705570727587,2.0291507731896863e-13
2025-08-22/IMG_9796.JPG,Very Small,Very Small,0.9957404136657715,0.004258890636265278,7.713487093496951e-08,6.496674131994951e-07
2025-09-05/IMG_0998.JPG,Small,Small,0.0001829333050409332,0.9996768236160278,0.0001402003108523786,1.1986026615673495e-09
2025-09-05/IMG_1602.JPG,Medium,Medium,2.330612431933332e-07,0.0018211064161732793,0.9981749057769775,3.700504066728172e-06
2025-08-07/IMG_9215.JPG,Small,Small,0.001378071727231145,0.9860979318618774,0.012523128651082516,7.842618856557237e-07
2025-08-22/IMG_0163.JPG,Very Small,Very Small,0.9999920129776001,7.971668310347013e-06,2.4609073112635826e-10,9.68524815903038e-09
2025-08-22/IMG_9894.JPG,Small,Small,6.354365922334182e-09,0.9999912977218628,8.727606655156706e-06,6.062830765858271e-14
2025-09-05/IMG_1249.JPG,Very Small,Very Small,0.9996793270111084,0.0003091610560659319,1.1806641850853339e-06,1.0393705451861024e-05
2025-09-05/IMG_0994.JPG,Medium,Medium,7.332509994739667e-07,0.007909123785793781,0.9920897483825684,4.557064414711931e-07
2025-09-29/IMG_1836.JPG,Small,Small,0.00014311006816569716,0.9990541338920593,0.0008027123403735459,8.86988615889095e-09
2025-08-07/IMG_9425.JPG,Very Small,Very Small,0.9995260238647461,0.00047366361832246184,3.9245996674708294e-08,3.36769886644106e-07
2025-08-07/IMG_9140.JPG,Very Small,Very Small,0.998519241809845,0.0014807280385866761,2.488734773820056e-10,1.7056810824866986e-11
2025-09-05/IMG_1057.JPG,Small,Small,0.005776881240308285,0.9940779209136963,0.00014523928984999657,3.830873840371396e-09
2025-09-05/IMG_0825.JPG,Medium,Medium,9.011621841636952e-06,0.003098612418398261,0.9967677593231201,0.00012466513726394624
2025-09-05/IMG_1541.JPG,Small,Small,3.3606647775741294e-07,0.9999984502792358,1.2262111113159335e-06,1.6811030716904103e-14
2025-08-07/IMG_9414.JPG,Large,Large,0.0005841208039782941,0.00010521762305870652,0.017444808036088943,0.9818658232688904
2025-09-05/IMG_0917.JPG,Medium,Medium,9.30247097130632e-08,0.0028829851653426886,0.9971168041229248,1.22878702768503e-07
2025-08-07/IMG_9606.JPG,Medium,Medium,5.323041136762185e-07,0.0012558238813653588,0.9987378716468811,5.841610345669324e-06
2025-09-05/IMG_0829.JPG,Small,Small,3.780233100769692e-06,0.9999833106994629,1.296371192438528e-05,2.6373692726261444e-12
2025-09-29/IMG_1945.JPG,Very Small,Very Small,0.9996578693389893,0.0003420939319767058,1.6510379730050317e-09,1.97133553925255e-09
2025-09-29/IMG_1809.JPG,Medium,Medium,3.653665044112131e-05,0.000677805335726589,0.9890539646148682,0.01023165788501501
2025-09-05/IMG_1069.JPG,Small,Small,1.912567313411273e-05,0.997340977191925,0.0026399220805615187,5.4477835575994504e-09
2025-09-05/IMG_0888.JPG,Small,Small,0.0004180775140412152,0.9991569519042969,0.0004249290795996785,2.370151630515238e-09
2025-08-22/IMG_9877.JPG,Small,Small,6.138408004119356e-09,0.9975106716156006,0.0024893535301089287,1.5220895290685155e-12
2025-09-05/IMG_1460.JPG,Small,Small,0.0019353774841874838,0.9941732287406921,0.003889261744916439,2.104533905367134e-06
2025-08-22/IMG_9961.JPG,Very Small,Very Small,0.9999345541000366,6.548243982251734e-05,4.893861357824214e-11,4.8215653691841e-11
2025-08-22/IMG_9776.JPG,Small,Small,0.0009368539904244244,0.9990460276603699,1.7119309632107615e-05,3.46653789007334e-10
2025-08-22/IMG_0023.JPG,Very Small,Very Small,0.9988805651664734,0.0011193894315510988,2.2879680372511757e-09,6.323089829507467e-10
2025-08-07/IMG_9260.JPG,Small,Small,3.593477515551058e-08,0.9930123686790466,0.006987650413066149,1.2829480533493864e-10
2025-08-22/IMG_0092.JPG,Small,Small,0.00022351229563355446,0.9989303946495056,0.0008460963144898415,9.58531298778098e-09
2025-08-07/IMG_9513.JPG,Small,Small,0.00011354163143550977,0.9998251795768738,6.13441807217896e-05,2.500869789034965e-10
2025-09-29/IMG_1930.JPG,Very Small,Very Small,0.9999960660934448,3.952093265979784e-06,1.2290706646878036e-12,9.522262535768822e-13
2025-08-07/IMG_9410.JPG,Very Small,Very Small,0.9980064034461975,0.0019936251919716597,1.0543739215052028e-08,2.5843537088121593e-08
2025-09-05/IMG_1072.JPG,Small,Small,0.0060400147922337055,0.9869213104248047,0.007038331590592861,3.318716323974513e-07
2025-09-05/IMG_1250.JPG,Very Small,Very Small,0.9984075427055359,0.0015924671897664666,1.3476100235720878e-08,8.207757140610283e-09
2025-09-05/IMG_1294.JPG,Small,Small,1.3289838989294367e-06,0.9988883137702942,0.0011103505967184901,4.801044978242075e-12
2025-08-22/IMG_0174.JPG,Small,Small,0.0070317150093615055,0.992661714553833,0.0003064759657718241,1.2657653769565513e-07
2025-09-05/IMG_1323.JPG,Very Small,Very Small,0.9999338388442993,6.612449942622334e-05,2.3408500832156065e-11,3.422488421139791e-12
2025-08-07/IMG_9493.JPG,Medium,Medium,6.495833417829999e-07,0.00295266299508512,0.997038722038269,8.00892030383693e-06
2025-08-07/IMG_9660.JPG,Large,Large,0.0008233363623730838,0.00010320822184439749,0.007208906579762697,0.9918645620346069
2025-09-05/IMG_1476.JPG,Small,Small,0.00016407696239184588,0.9979922771453857,0.0018436965765431523,3.972269624341607e-08
2025-08-22/IMG_0134.JPG,Medium,Medium,1.87753107638855e-06,0.0031536503229290247,0.9968233108520508,2.1107403881615028e-05
2025-08-22/IMG_0046.JPG,Very Small,Very Small,0.9932517409324646,0.006748267915099859,5.3279862299859815e-08,1.8096882214990728e-08
2025-09-29/IMG_1871.JPG,Small,Small,0.0001275676186196506,0.9863314628601074,0.013540959917008877,1.32862396640121e-08
2025-08-22/IMG_0199.JPG,Small,Small,0.0011206240160390735,0.9988793730735779,1.153040951606954e-08,6.442374845400112e-13
2025-09-05/IMG_1513.JPG,Small,Small,0.0008895647479221225,0.999086856842041,2.352995943510905e-05,1.5715814760675073e-10
2025-09-05/IMG_1491.JPG,Small,Small,1.5014808923297096e-05,0.9999154806137085,6.954831769689918e-05,5.907003944143063e-13
2025-09-29/IMG_1725.JPG,Small,Small,0.00037074575084261596,0.9995818734169006,4.734540925710462e-05,1.6591000795429522e-10
2025-09-05/IMG_1262.JPG,Very Small,Very Small,0.9975383281707764,0.0024616518057882786,2.019160483257565e-08,4.76265382687302e-09
2025-09-05/IMG_1377.JPG,Small,Small,0.00022510779672302306,0.9996781349182129,9.671597217675298e-05,1.7551368691748337e-10
2025-09-29/IMG_1716.JPG,Very Small,Very Small,0.9994814991950989,0.0005183698958717287,1.0652911441866308e-07,6.983604805554933e-08
2025-09-05/IMG_1095.JPG,Medium,Medium,6.672776464711205e-08,0.0011326364474371076,0.9988670349121094,2.0446579185318114e-07
2025-09-05/IMG_1577.JPG,Very Small,Very Small,0.9996591806411743,0.0003408013144508004,4.1584128501748197e-11,4.2148342108139225e-12
2025-08-22/IMG_9751.JPG,Medium,Medium,1.331179646513192e-06,0.00012810429325327277,0.9996535778045654,0.00021702323283534497
2025-09-05/IMG_1023.JPG,Small,Small,0.0028636185452342033,0.993121325969696,0.004014967009425163,8.991482047804311e-08
2025-08-07/IMG_9128.JPG,Medium,Medium,3.0982570024207234e-05,0.009234447963535786,0.990224301815033,0.0005103524890728295
2025-09-05/IMG_1532.JPG,Very Small,Very Small,0.9999332427978516,6.680546357529238e-05,6.356666928941657e-12,2.646162108876915e-11
2025-08-07/IMG_9429.JPG,Small,Small,4.6638032813461905e-07,0.9999836683273315,1.5822746718185954e-05,1.8540323356436295e-13
2025-08-07/IMG_9402.JPG,Small,Small,7.6104711297375616e-06,0.9984719157218933,0.0015204556984826922,2.10005612899522e-09
2025-09-29/IMG_1895.JPG,Small,Small,8.443040314887185e-06,0.999308705329895,0.0006828533369116485,7.311497518536214e-10
2025-09-05/IMG_0979.JPG,Medium,Medium,1.635968146729283e-05,0.01107808481901884,0.988672137260437,0.0002334401069674641
2025-08-07/IMG_9451.JPG,Very Small,Very Small,0.9999910593032837,8.830659680825192e-06,6.523891205034715e-09,1.294573763743756e-07
2025-09-05/IMG_0806.JPG,Small,Small,1.2863946722063702e-05,0.9999854564666748,1.6444447510366444e-06,9.862987163100634e-14
2025-08-07/IMG_9204.JPG,Very Small,Very Small,0.9993589520454407,0.0005517420941032469,2.1749269762949552e-06,8.711402188055217e-05
2025-09-05/IMG_0860.JPG,Small,Small,1.925436117744539e-05,0.9999806880950928,1.6487603504700132e-09,1.453358104436947e-14
2025-08-22/IMG_0179.JPG,Very Small,Very Small,0.9999885559082031,1.1405787518015131e-05,2.0639863151927784e-09,4.688114074724581e-08
2025-08-07/IMG_9086.JPG,Small,Small,8.497470116708428e-05,0.9985862970352173,0.0013288039481267333,3.1983149462178062e-09
2025-09-05/IMG_1534.JPG,Small,Small,3.865769571120836e-08,0.9999653100967407,3.467149508651346e-05,1.431031129098953e-13
2025-09-05/IMG_1065.JPG,Small,Small,8.1833213698701e-06,0.9998672008514404,0.00012463096936699003,3.3368618198442723e-12
2025-09-29/IMG_1681.JPG,Medium,Medium,5.509376705958857e-07,0.0001092873644665815,0.9998366832733154,5.335808964446187e-05
2025-09-29/IMG_1786.JPG,Very Small,Very Small,0.9972803592681885,0.0027195957954972982,2.6497264382641106e-09,8.282926344804764e-09
2025-08-07/IMG_9182.JPG,Very Small,Very Small,0.9997175335884094,0.00028245197609066963,1.6451762174796158e-09,9.098787695505095e-11
2025-08-22/IMG_0213.JPG,Very Small,Very Small,0.9999722242355347,2.780155773507431e-05,6.356690174236235e-10,4.60221194487076e-09
2025-09-05/IMG_0840.JPG,Very Small,Very Small,0.9887616038322449,0.011230537667870522,3.922336873074528e-06,3.943765477743e-06
2025-08-22/IMG_0200.JPG,Small,Small,2.6426053523209703e-07,0.9999872446060181,1.2516748029156588e-05,9.809616226957862e-13
2025-08-22/IMG_0110.JPG,Very Small,Very Small,0.9994592070579529,0.000540737237315625,2.606266313875949e-08,4.773985295969396e-08
2025-09-05/IMG_1222.JPG,Small,Small,9.402410938719186e-08,0.9999996423721313,2.94274741463596e-07,5.100334247113293e-16
2025-08-07/IMG_9604.JPG,Small,Small,0.0008664776687510312,0.9991280436515808,5.5271852943405975e-06,1.296541901618653e-10
2025-08-07/IMG_9211.JPG,Very Small,Very Small,0.9998733997344971,0.00012651365250349045,4.0786027888373155e-09,2.755971806323032e-08
2025-09-05/IMG_1261.JPG,Medium,Medium,0.00010136431956198066,0.002866816008463502,0.9957152009010315,0.0013165902346372604
2025-09-05/IMG_1270.JPG,Small,Small,9.085011697607115e-05,0.9999091625213623,2.183876723904632e-08,1.510684108460992e-14
2025-08-07/IMG_9243.JPG,Very Small,Very Small,0.998542070388794,0.0012616856256499887,5.445735041575972e-06,0.00019073023577220738
2025-09-05/IMG_1508.JPG,Medium,Medium,2.4346206828340655e-07,0.0052651092410087585,0.994734525680542,2.061647421669477e-07
2025-09-05/IMG_1475.JPG,Medium,Medium,2.7052383302361704e-06,0.0014742995845153928,0.9982234835624695,0.0002995045797433704
2025-08-07/IMG_9506.JPG,Very Small,Very Small,0.9993640780448914,0.0006359481485560536,1.089414780608422e-08,1.2946746785758023e-08
2025-08-22/IMG_0070.JPG,Small,Small,0.00011539307161001489,0.9943616390228271,0.005522956606000662,6.512530070779121e-09
2025-09-05/IMG_1015.JPG,Small,Small,0.0005389645230025053,0.9994588494300842,2.2247861579671735e-06,1.030127545764703e-11
2025-08-22/IMG_9806.JPG,Medium,Medium,9.136514563579112e-05,0.0005549707566387951,0.9671015739440918,0.03225218504667282
2025-09-05/IMG_0873.JPG,Small,Small,1.3686678812518949e-06,0.9998922348022461,0.00010643938730936497,6.77207812396774e-12
2025-08-07/IMG_9512.JPG,Small,Small,0.000546808063518256,0.9994392991065979,1.3933249647379853e-05,7.540719715315447e-10
2025-08-22/IMG_9841.JPG,Small,Small,0.0009496267302893102,0.9989515542984009,9.875299292616546e-05,3.7686978537898597e-10
2025-09-05/IMG_1536.JPG,Small,Small,5.6099952416843735e-06,0.9999854564666748,8.933100616559386e-06,3.1589759020428376e-12
2025-08-22/IMG_0047.JPG,Very Small,Very Small,0.9995394945144653,0.00046049593947827816,2.850228664197374e-10,1.2797461701463675e-10
2025-08-07/IMG_9202.JPG,Small,Small,2.9332171834539622e-05,0.9871562719345093,0.012814388610422611,4.037766743181237e-08
2025-08-22/IMG_0197.JPG,Small,Small,2.2959306988923345e-06,0.9999607801437378,3.6966554034734145e-05,3.2595096760568154e-11
2025-09-05/IMG_1162.JPG,Small,Small,2.7598563974606805e-05,0.9982006549835205,0.0017717487644404173,1.6482248899052365e-10
2025-09-29/IMG_1684.JPG,Medium,Medium,1.022739411382645e-06,0.0012403340078890324,0.9987457990646362,1.2771234651154373e-05
2025-09-05/IMG_1439.JPG,Very Small,Very Small,0.99784255027771,0.0021553097758442163,5.758915335718484e-07,1.5329949292208767e-06
2025-08-22/IMG_0177.JPG,Very Small,Very Small,0.9945386052131653,0.005460502114146948,1.8224669418032136e-07,6.215968824108131e-07
2025-09-05/IMG_1111.JPG,Medium,Medium,1.733269527903758e-07,0.0006471322267316282,0.9993502497673035,2.4342373308172682e-06
2025-09-29/IMG_1745.JPG,Small,Small,7.224531941574242e-07,0.9981728792190552,0.0018264380050823092,3.113189706027697e-10
2025-08-07/IMG_9226.JPG,Small,Small,0.00017383534577675164,0.9997997879981995,2.6435898689669557e-05,6.758607562495911e-10
2025-09-05/IMG_1207.JPG,Very Small,Very Small,0.9952540397644043,0.00474468944594264,4.1504534920022707e-07,8.985136901173973e-07
2025-09-05/IMG_1387.JPG,Medium,Medium,3.590928372432245e-06,0.00020799969206564128,0.9986810088157654,0.0011074417270720005
2025-08-07/IMG_9562.JPG,Medium,Medium,8.475708455080166e-06,0.0006113245617598295,0.9980509281158447,0.0013293563388288021
2025-09-05/IMG_1492.JPG,Small,Small,1.3820101685269037e-06,0.9917993545532227,0.008199295029044151,6.978147504277388e-10
2025-09-29/IMG_1777.JPG,Very Small,Very Small,0.9998531341552734,0.00014103927242103964,3.1756798080095905e-07,5.50385584574542e-06
2025-09-29/IMG_1790.JPG,Small,Small,0.0013822533655911684,0.9986170530319214,6.594910928470199e-07,9.212428042637555e-11
2025-09-05/IMG_1528.JPG,Small,Small,0.004512547515332699,0.9952228665351868,0.0002641388273332268,4.1731371425157704e-07
2025-08-22/IMG_9969.JPG,Small,Small,0.00048214878188446164,0.9994925260543823,2.5339420972159132e-05,1.4966528016913117e-10
2025-09-05/IMG_1341.JPG,Medium,Medium,4.641347914002836e-06,0.002650231122970581,0.9972423315048218,0.0001028326150844805
2025-08-07/IMG_9688.JPG,Large,Large,0.0005227439687587321,3.329600440338254e-05,0.0013868699315935373,0.9980570673942566
2025-09-05/IMG_1575.JPG,Small,Small,2.389452129136771e-05,0.9999710321426392,5.055149813415483e-06,2.6241853742087207e-12
2025-09-05/IMG_0830.JPG,Small,Small,3.757550359750894e-07,0.9999182224273682,8.137451368384063e-05,5.38730410108712e-13
2025-09-05/IMG_1020.JPG,Small,Small,0.000127745108329691,0.999721109867096,0.00015111916582100093,2.3518300154568017e-11
2025-08-22/IMG_0153.JPG,Medium,Medium,2.0256009520380758e-05,0.004851730540394783,0.9949632883071899,0.00016474798030685633
2025-09-05/IMG_0826.JPG,Very Small,Very Small,0.9999589920043945,4.1029390558833256e-05,1.6088978760375738e-10,4.876271053610992e-10
2025-09-05/IMG_1046.JPG,Small,Small,0.005784385837614536,0.9940985441207886,0.0001165578723885119,4.442538852345024e-07
2025-08-07/IMG_9595.JPG,Medium,Medium,1.3728865724260686e-06,0.0017318383324891329,0.9982012510299683,6.549772660946473e-05
2025-09-05/IMG_1025.JPG,Very Small,Very Small,0.9985020160675049,0.0014926245203241706,4.953907591698226e-06,3.9855657973930647e-07
2025-08-07/IMG_9184.JPG,Medium,Medium,4.136614961680607e-07,0.001182297244668007,0.9988062381744385,1.1164222996740136e-05
2025-08-22/IMG_9921.JPG,Very Small,Very Small,0.9999889135360718,1.1124748198199086e-05,5.206299800997183e-13,4.1660685318190005e-13
2025-09-29/IMG_1822.JPG,Very Small,Very Small,0.9987329840660095,0.0012669909046962857,4.2457921622940376e-09,3.8071686248031256e-08
2025-09-05/IMG_1134.JPG,Small,Small,0.0002626463829074055,0.9997372031211853,1.2464462884054228e-07,1.3987953590560709e-12
2025-08-22/IMG_9999.JPG,Very Small,Very Small,0.9999886751174927,1.1273263226030394e-05,2.1089371915472555e-10,1.4142533498462395e-11
2025-08-07/IMG_9239.JPG,Small,Small,2.6982494091498666e-05,0.9892866015434265,0.010686449706554413,1.2643177171867137e-08
2025-09-05/IMG_1608.JPG,Small,Small,0.011700395494699478,0.9877488017082214,0.0005484992288984358,2.2854785584058845e-06
2025-08-22/IMG_0223.JPG,Small,Small,1.4769995686947368e-05,0.9990569949150085,0.0009282974060624838,7.953117608927585e-10
2025-08-07/IMG_9616.JPG,Large,Large,0.0005360293434932828,3.527010267134756e-05,0.0015903773019090295,0.9978383183479309
2025-09-05/IMG_1489.JPG,Medium,Medium,2.642823164933361e-05,0.00130844721570611,0.9906435608863831,0.008021541871130466
2025-08-22/IMG_9936.JPG,Very Small,Very Small,0.9995896220207214,0.00041037448681890965,3.0390494808185675e-12,9.10249198064761e-13
2025-09-05/IMG_1414.JPG,Very Small,Very Small,0.9998899698257446,0.00010995191405527294,1.5677096953936598e-08,2.2397120602590803e-08
2025-08-07/IMG_9233.JPG,Very Small,Very Small,0.9933754801750183,0.006616543047130108,1.1913490425286e-06,6.754481546522584e-06
2025-08-07/IMG_9556.JPG,Very Small,Very Small,0.9995694756507874,0.00043054885463789105,1.1441939617995445e-09,1.0170694286770754e-09
2025-08-07/IMG_9209.JPG,Very Small,Very Small,0.9996380805969238,0.00036174390697851777,1.1058525650753381e-08,2.1768325098037167e-07
2025-09-05/IMG_1509.JPG,Medium,Medium,2.953235878067062e-07,0.0002903215354308486,0.9996874332427979,2.203023359470535e-05
2025-08-22/IMG_9771.JPG,Very Small,Very Small,0.9999555349349976,4.3690233724191785e-05,1.8730862194615838e-08,7.938910471239069e-07
2025-08-07/IMG_9590.JPG,Medium,Medium,0.00011777121835621074,0.012458971701562405,0.9837912321090698,0.003632066072896123
2025-08-22/IMG_9766.JPG,Large,Large,0.00044611204066313803,0.00010268310143146664,0.018889743834733963,0.9805615544319153
2025-09-05/IMG_1221.JPG,Small,Small,4.445528247742914e-05,0.9977193474769592,0.0022361231967806816,3.536583526031478e-10
2025-09-05/IMG_1380.JPG,Medium,Medium,7.598371354333722e-08,0.00022379284200724214,0.9997722506523132,3.854863734886749e-06
2025-08-22/IMG_0035.JPG,Very Small,Very Small,0.9974543452262878,0.0025451751425862312,3.888532660312194e-07,1.269571612283471e-07
2025-09-05/IMG_1268.JPG,Small,Small,1.1231422831770033e-06,0.9991245865821838,0.0008743192884139717,3.269410133246997e-12
2025-08-07/IMG_9434.JPG,Small,Small,0.00024323462275788188,0.9995075464248657,0.00024921298609115183,8.086501607218466e-11
2025-09-29/IMG_1902.JPG,Small,Small,0.0014196812408044934,0.9978646636009216,0.0007154130726121366,2.021907192784056e-07
2025-08-07/IMG_9518.JPG,Small,Small,5.059877730673179e-05,0.999915361404419,3.4063450584653765e-05,1.2551490229106843e-11
2025-09-05/IMG_1407.JPG,Small,Small,5.685498649654619e-07,0.9980104565620422,0.001989054260775447,1.4193933528527936e-10
2025-09-29/IMG_1910.JPG,Small,Small,0.00012497449642978609,0.9994890689849854,0.00038588049937970936,3.9000371820918645e-09
2025-09-05/IMG_1517.JPG,Small,Small,0.0002114724920829758,0.9997879862785339,6.06843343575747e-07,1.1965913286268726e-12
2025-08-07/IMG_9654.JPG,Large,Large,0.0005728981923311949,3.718682273756713e-05,0.0015455643879249692,0.9978443384170532
2025-09-05/IMG_1561.JPG,Small,Small,8.29832861199975e-05,0.9997122883796692,0.00020468812726903707,1.792206244521921e-10
2025-09-05/IMG_1565.JPG,Very Small,Very Small,0.9992252588272095,0.0007732271333225071,1.2469271268855664e-06,2.884321190776973e-07
2025-08-07/IMG_9476.JPG,Small,Small,6.856314575998113e-05,0.9998586177825928,7.277768600033596e-05,1.7390531723004976e-11
2025-09-29/IMG_1933.JPG,Very Small,Very Small,0.9999808073043823,1.914937820401974e-05,6.023957999090612e-10,8.843883958498111e-10
2025-09-05/IMG_0882.JPG,Small,Small,7.779552788633737e-07,0.999271810054779,0.0007274305680766702,9.326492356187543e-11
2025-08-22/IMG_0279.JPG,Medium,Medium,1.2308160535212664e-07,0.0005867856671102345,0.9994120597839355,1.0489700343896402e-06
2025-09-05/IMG_1298.JPG,Very Small,Very Small,0.9997814297676086,0.00021857941464986652,2.8256627940259627e-11,7.49213278222749e-12
2025-08-22/IMG_0168.JPG,Medium,Medium,1.0102493064323426e-07,0.002194332191720605,0.9978052973747253,2.1223173973794474e-07
2025-09-05/IMG_1564.JPG,Very Small,Very Small,0.9994198083877563,0.0005802537780255079,1.0613653955715563e-08,9.292295821694552e-09
2025-08-22/IMG_9947.JPG,Very Small,Very Small,0.9993458390235901,0.0006541733164340258,1.1867334101089283e-13,9.016188208698012e-16
2025-08-22/IMG_9755.JPG,Small,Small,8.21104331407696e-05,0.9989643096923828,0.0009535897406749427,3.26897939828541e-08
2025-09-05/IMG_1419.JPG,Small,Small,1.1278399369984982e-06,0.9998257756233215,0.00017307016241829842,7.961714512498552e-13
2025-09-05/IMG_0954.JPG,Small,Small,1.4734158639839734e-06,0.9993239641189575,0.0006745265563949943,3.588155814138183e-11
2025-08-07/IMG_9526.JPG,Medium,Medium,4.226489181746729e-05,0.011597740463912487,0.9882482886314392,0.00011174367682542652
2025-09-05/IMG_1198.JPG,Very Small,Very Small,0.9909642934799194,0.009035680443048477,5.645287792788167e-09,5.9675611119303085e-09
2025-08-07/IMG_9181.JPG,Small,Small,9.138976793110487e-07,0.9987332224845886,0.0012658190680667758,6.147413827983783e-11
2025-09-05/IMG_1139.JPG,Small,Small,2.66657139036397e-06,0.9998986721038818,9.864085586741567e-05,7.400902807264131e-11
2025-08-22/IMG_9913.JPG,Small,Small,0.0008740919292904437,0.9991258978843689,7.995437201202549e-09,8.547289530877814e-14
2025-08-07/IMG_9655.JPG,Large,Large,0.0005753584555350244,3.275895141996443e-05,0.0012701812665909529,0.9981216788291931
2025-09-05/IMG_0823.JPG,Very Small,Very Small,0.9996938705444336,0.0003061730240006,2.130663867561111e-09,8.665527184703592e-10
2025-09-29/IMG_1898.JPG,Medium,Medium,4.1855837480397895e-05,0.00445173354819417,0.9941164255142212,0.0013899527257308364
2025-08-22/IMG_9779.JPG,Very Small,Very Small,0.9999407529830933,5.929465623921715e-05,1.2826217865580247e-09,6.219510240157433e-09
2025-09-29/IMG_1906.JPG,Large,Large,0.0016838795272633433,0.0004205134464427829,0.026643900200724602,0.9712517261505127
2025-09-05/IMG_1218.JPG,Medium,Medium,2.2157323087412806e-07,0.009618500247597694,0.9903809428215027,2.5617245569264924e-07
2025-08-22/IMG_0054.JPG,Small,Small,0.00013516184117179364,0.9997157454490662,0.00014908039884176105,3.039188456455122e-09
2025-09-05/IMG_1044.JPG,Small,Small,0.000525916984770447,0.9993062019348145,0.00016787498316261917,5.652309176262804e-10
2025-09-05/IMG_1409.JPG,Small,Small,4.023621386295417e-06,0.9997751116752625,0.00022090415586717427,3.086434233190438e-11
2025-08-22/IMG_9977.JPG,Very Small,Very Small,0.9999814033508301,1.859890289779287e-05,5.719832385508994e-10,4.656607877073782e-10
2025-09-05/IMG_1145.JPG,Small,Small,4.978325159754604e-05,0.9990050196647644,0.0009452769882045686,1.5044437917666187e-10
2025-08-22/IMG_0227.JPG,Small,Small,0.00019941764185205102,0.9998006224632263,2.776672225479615e-10,1.3646491062006567e-14
2025-08-22/IMG_9876.JPG,Medium,Medium,1.3678301002073567e-05,0.007086440920829773,0.9927892088890076,0.00011066367733292282
2025-08-22/IMG_9950.JPG,Small,Small,0.00032573819044046104,0.9996275901794434,4.6683275286341086e-05,2.865385663117226e-12
2025-09-05/IMG_0874.JPG,Small,Small,0.003702521324157715,0.9962688684463501,2.8564520107465796e-05,9.400315192920061e-09
2025-08-07/IMG_9448.JPG,Very Small,Very Small,0.9992756247520447,0.0007240378181450069,6.996791768187904e-08,2.0670437095304806e-07
2025-08-22/IMG_9759.JPG,Medium,Medium,8.121719474729616e-08,0.00011340041237417608,0.9998823404312134,4.1408766264794394e-06
2025-09-29/IMG_1901.JPG,Small,Small,2.926895206201152e-07,0.999632716178894,0.0003670067817438394,5.290289907533552e-12
2025-08-07/IMG_9426.JPG,Medium,Medium,0.00021090227528475225,0.003069633152335882,0.9782151579856873,0.018504273146390915
2025-08-22/IMG_9790.JPG,Medium,Medium,7.338913121657242e-08,0.013156820088624954,0.9868430495262146,3.412547400216681e-08
2025-08-22/IMG_9739.JPG,Small,Small,0.014916560612618923,0.9850711822509766,1.226276799570769e-05,2.8623952166850763e-11
2025-09-05/IMG_1463.JPG,Small,Small,0.0010516075417399406,0.9983519315719604,0.0005957460962235928,7.06699552210921e-07
2025-08-22/IMG_9851.JPG,Very Small,Very Small,0.9997933506965637,0.00020659848814830184,3.0850570986729053e-09,5.5075645377655746e-08
2025-08-07/IMG_9691.JPG,Medium,Medium,8.316013008879963e-06,0.005824921187013388,0.9941312670707703,3.5469900467433035e-05
2025-09-05/IMG_0939.JPG,Small,Small,1.7892008372655255e-06,0.993176281452179,0.006821945775300264,9.714239412872416e-10
2025-09-29/IMG_1704.JPG,Medium,Medium,2.5174417714879382e-06,0.003493339056149125,0.9964907765388489,1.3345859770197421e-05
2025-08-22/IMG_0094.JPG,Very Small,Very Small,0.9999309778213501,6.900334847159684e-05,2.1471072031431504e-08,2.0669634892556132e-09
2025-08-22/IMG_0291.JPG,Small,Small,1.9678049284266308e-05,0.9955574870109558,0.004422878846526146,5.225645249851141e-09
2025-08-07/IMG_9656.JPG,Large,Large,0.0005326206446625292,2.2648069716524333e-05,0.0007432456477545202,0.9987014532089233
2025-08-22/IMG_0271.JPG,Small,Small,5.844229349349916e-07,0.9999611377716064,3.830295099760406e-05,1.5695714042709974e-12
2025-09-29/IMG_1823.JPG,Medium,Medium,1.9170540781487944e-06,0.0067856768146157265,0.9932078719139099,4.533845185505925e-06
2025-09-29/IMG_1680.JPG,Small,Small,3.92971469409531e-06,0.9970951080322266,0.002901000902056694,1.7556519571471085e-09
2025-08-22/IMG_9966.JPG,Very Small,Very Small,0.9999986886978149,1.2592349776241463e-06,1.8959183126146082e-17,2.3902922355659083e-17
2025-09-05/IMG_0796.JPG,Small,Small,1.4317125533125363e-05,0.9999852180480957,4.5478944343813055e-07,4.2919818090195183e-13
2025-08-22/IMG_9808.JPG,Very Small,Very Small,0.9999163150787354,7.535334589192644e-05,2.5825661964518076e-07,8.071257980191149e-06
2025-09-05/IMG_1448.JPG,Medium,Medium,4.20862761529861e-06,0.0050981477834284306,0.9947687387466431,0.00012895811232738197
2025-09-05/IMG_1288.JPG,Small,Small,2.7264893560641212e-06,0.9999299049377441,6.736407522112131e-05,9.812651559359953e-12
2025-08-22/IMG_9810.JPG,Large,Large,0.000544108625035733,3.4256176149938256e-05,0.002138610230758786,0.9972829818725586
2025-08-22/IMG_0222.JPG,Very Small,Very Small,0.9999703168869019,2.9476555937435478e-05,5.133109937105473e-09,2.315680802666975e-07
2025-08-07/IMG_9449.JPG,Medium,Medium,1.7293583454147665e-08,0.0009472845704294741,0.9990527033805847,2.440824253824303e-08
2025-08-07/IMG_9406.JPG,Medium,Medium,2.901709649449913e-06,0.009645270183682442,0.9903472661972046,4.434082256921101e-06
2025-09-05/IMG_1178.JPG,Medium,Medium,9.15254422579892e-05,0.005834532435983419,0.9934121966362,0.0006617630715481937
2025-08-07/IMG_9585.JPG,Large,Large,0.00039811202441342175,5.928398604737595e-05,0.007245029788464308,0.9922975897789001
2025-08-22/IMG_9818.JPG,Medium,Medium,1.4025031305209268e-06,0.00022967986296862364,0.999670147895813,9.86972518148832e-05
2025-08-07/IMG_9160.JPG,Small,Small,0.0003212035517208278,0.9996696710586548,9.140765541815199e-06,2.345784455570765e-09
2025-08-07/IMG_9485.JPG,Medium,Medium,0.00023819129273761064,0.012466050684452057,0.9860339760780334,0.001261878409422934
2025-08-22/IMG_0039.JPG,Very Small,Very Small,0.9962568283081055,0.0037431863602250814,2.0915688736522497e-08,7.882947627990688e-09
2025-09-05/IMG_0867.JPG,Medium,Medium,8.843152841109259e-07,0.00025123279192484915,0.9997316002845764,1.6368878277717158e-05
2025-09-05/IMG_1096.JPG,Small,Small,1.8865755464503309e-06,0.9986093044281006,0.001388827571645379,2.2224784512747675e-11
2025-08-07/IMG_9673.JPG,Large,Large,0.0005061005358584225,4.370028182165697e-05,0.003336949273943901,0.9961131811141968
2025-08-22/IMG_9829.JPG,Large,Large,0.00040806326433084905,3.0945353501010686e-05,0.0025418256409466267,0.9970192909240723
2025-09-05/IMG_0975.JPG,Very Small,Very Small,0.9995256662368774,0.00047396321315318346,3.647080291102611e-07,1.8658283806871623e-08
2025-09-29/IMG_1693.JPG,Medium,Medium,9.925408939182034e-09,0.001578461262397468,0.9984215497970581,2.504177842865829e-08
2025-08-07/IMG_9603.JPG,Medium,Medium,1.3080597049963671e-08,0.0008332180441357195,0.9991668462753296,1.462282916975255e-08
2025-09-29/IMG_1849.JPG,Small,Small,0.0028768249321728945,0.9970888495445251,3.4343378501944244e-05,7.764031195733878e-09
2025-08-07/IMG_9218.JPG,Small,Small,0.00013138772919774055,0.9910990595817566,0.008769507519900799,4.411635057266494e-09
2025-09-05/IMG_1504.JPG,Medium,Medium,6.145328512729975e-08,0.0016382088651880622,0.9983604550361633,1.2376152653814643e-06
2025-09-05/IMG_1320.JPG,Small,Small,0.005972305312752724,0.993545413017273,0.00048196615534834564,3.6532432545755e-07
2025-08-22/IMG_0300.JPG,Small,Small,8.882270776666701e-05,0.9999110698699951,1.0870426336850869e-07,3.981732139639836e-14
2025-08-07/IMG_9505.JPG,Medium,Medium,2.584003595984541e-06,0.0012585631338879466,0.998600423336029,0.00013835121353622526
2025-09-29/IMG_1839.JPG,Small,Small,5.926136168454832e-07,0.9999874830245972,1.191634055430768e-05,1.5303479783315005e-13
2025-08-07/IMG_9431.JPG,Very Small,Very Small,0.9999513626098633,4.841470217797905e-05,1.5134375530578836e-08,1.7182736655740882e-07
2025-09-05/IMG_1555.JPG,Very Small,Very Small,0.9999697208404541,3.026688500540331e-05,5.646766742210948e-15,7.998011195659797e-16
2025-08-07/IMG_9228.JPG,Medium,Medium,6.055155949979962e-07,0.002293041441589594,0.9977051615715027,1.195599452330498e-06
2025-09-05/IMG_1231.JPG,Small,Small,2.1657280413478475e-08,0.9997714161872864,0.00022852540132589638,8.051190465187263e-14
2025-09-05/IMG_1187.JPG,Small,Small,0.0013033165596425533,0.9986892342567444,7.508018825319596e-06,4.245344631392811e-10
2025-08-22/IMG_0226.JPG,Small,Small,9.736464789966703e-07,0.9998272061347961,0.00017187725461553782,6.67144898353067e-12
2025-09-29/IMG_1721.JPG,Very Small,Very Small,0.999406099319458,0.0005938620306551456,1.5507195527675322e-09,6.379258787880815e-10
2025-09-29/IMG_1788.JPG,Very Small,Very Small,0.9996578693389893,0.0003420787397772074,5.609169725917518e-11,9.829989600085298e-11
2025-09-29/IMG_1794.JPG,Very Small,Very Small,0.9996908903121948,0.0003091631515417248,2.076295038677678e-11,4.041006418376014e-11
2025-08-22/IMG_9938.JPG,Very Small,Very Small,0.9999768733978271,2.3128644897951744e-05,1.8011218804923033e-14,1.757888450655673e-15
2025-08-22/IMG_0041.JPG,Small,Small,4.248608820489608e-05,0.9994221925735474,0.0005353871965780854,7.111820021776794e-10
2025-08-22/IMG_0042.JPG,Medium,Medium,1.7113419744418934e-05,0.006803357973694801,0.9929301142692566,0.0002493489591870457
2025-09-29/IMG_1881.JPG,Small,Small,0.00030119658913463354,0.9996945858001709,4.240518137521576e-06,3.6417733412230646e-11
2025-09-05/IMG_1021.JPG,Small,Small,7.132317841751501e-05,0.9999285936355591,7.208868879615693e-08,3.133650565596835e-13
2025-09-05/IMG_1404.JPG,Small,Small,5.312040229910053e-08,0.9999170303344727,8.292369602713734e-05,1.849522325656633e-13
2025-08-22/IMG_9754.JPG,Very Small,Very Small,0.9996566772460938,0.0003433008387219161,3.0692886010541542e-09,2.107748642288243e-08
2025-08-22/IMG_0091.JPG,Very Small,Very Small,0.9999816417694092,1.8306840502191335e-05,1.1060567744894736e-13,3.801198417174075e-15
2025-09-05/IMG_1171.JPG,Very Small,Very Small,0.9999773502349854,2.2576576157007366e-05,3.0098381564869214e-09,1.368061131046261e-08
2025-09-29/IMG_1879.JPG,Very Small,Very Small,0.9996492862701416,0.0003506937937345356,2.1814278383658348e-08,4.10709439790935e-08
2025-08-22/IMG_9822.JPG,Large,Large,0.0005023468402214348,2.5101329811150208e-05,0.0011165854521095753,0.9983559250831604
2025-09-05/IMG_1091.JPG,Very Small,Very Small,0.9985833168029785,0.0014156083343550563,4.5231746526042116e-07,5.790151931250875e-07
2025-09-05/IMG_1037.JPG,Small,Small,0.0009514656267128885,0.9990454316139221,3.0975716072134674e-06,7.12735634400552e-11
2025-09-05/IMG_1045.JPG,Medium,Medium,3.139491309411824e-05,0.01608273573219776,0.9833978414535522,0.0004879283078480512
2025-09-05/IMG_1453.JPG,Small,Small,0.0020392220467329025,0.9974334836006165,0.000527219264768064,1.7612073577311094e-07
2025-09-05/IMG_1589.JPG,Very Small,Very Small,0.9999798536300659,2.0128387404838577e-05,1.8014235936281153e-13,4.269073972367615e-13
2025-09-05/IMG_1607.JPG,Medium,Medium,7.129288133000955e-05,0.0031424574553966522,0.9854034185409546,0.01138281263411045
2025-09-29/IMG_1679.JPG,Medium,Medium,1.3001262288980797e-07,0.0006369244074448943,0.9993616938591003,1.2353949614407611e-06
2025-09-05/IMG_1412.JPG,Medium,Medium,4.506271579884924e-06,0.0008082769345492125,0.9988534450531006,0.00033377326326444745
2025-09-05/IMG_1352.JPG,Small,Small,2.023641854975722e-06,0.9997827410697937,0.00021522129827644676,1.8297739625555698e-12
2025-09-05/IMG_1410.JPG,Medium,Medium,1.2894891376902251e-08,0.000754432228859514,0.9992455244064331,2.462259551805346e-08
2025-08-22/IMG_9996.JPG,Small,Small,3.287152139819227e-05,0.999085545539856,0.0008816389599815011,2.9033089266050638e-09
2025-09-29/IMG_1793.JPG,Very Small,Very Small,0.9992364645004272,0.0007635079673491418,4.787687468699175e-10,1.2259904202949201e-09
2025-09-29/IMG_1671.JPG,Small,Small,0.00465749204158783,0.995299220085144,4.327137867221609e-05,2.916636931971084e-09
2025-08-07/IMG_9489.JPG,Very Small,Very Small,0.9986182451248169,0.0013817113358527422,7.836983284548182e-10,1.7283020570246777e-09
2025-09-05/IMG_1144.JPG,Medium,Medium,2.392728129052557e-05,0.002749308245256543,0.9971413016319275,8.548242476535961e-05
2025-08-07/IMG_9163.JPG,Very Small,Very Small,0.9999986886978149,1.2878607549282606e-06,1.1774467780444574e-14,8.179011125059726e-14
2025-08-22/IMG_9889.JPG,Small,Small,0.00011103274300694466,0.9998700618743896,1.8940851077786647e-05,3.862756642325493e-11
2025-08-22/IMG_0048.JPG,Small,Small,1.7590897186892107e-05,0.9999549388885498,2.7447982574813068e-05,2.195572196272977e-11
2025-09-05/IMG_1120.JPG,Very Small,Very Small,0.9999610185623169,3.894284236594103e-05,5.458897778254368e-09,7.720707628777745e-08
2025-09-05/IMG_1540.JPG,Very Small,Very Small,0.9999371767044067,6.282787944655865e-05,1.9846201071427316e-10,1.2303041918571012e-09
2025-09-29/IMG_1853.JPG,Very Small,Very Small,0.9999902248382568,9.800347470445558e-06,8.743512858178093e-11,1.241408420504797e-09
2025-08-22/IMG_0085.JPG,Very Small,Very Small,0.9995251893997192,0.0004738470888696611,8.232075856540177e-07,1.3013786315241305e-07
2025-08-07/IMG_9652.JPG,Large,Large,0.0008711378322914243,8.607946074334905e-05,0.005815428216010332,0.9932274222373962
2025-09-05/IMG_0863.JPG,Small,Small,1.3290477340888174e-07,0.9988644123077393,0.0011354173766449094,5.445035481527194e-12
2025-08-22/IMG_0036.JPG,Small,Small,6.510427920147777e-05,0.9998612403869629,7.360534800682217e-05,3.1679825429620223e-09
2025-08-22/IMG_9979.JPG,Very Small,Very Small,0.9997192025184631,0.0002808057761285454,2.5006933412896615e-08,1.6278087766607996e-09
2025-08-22/IMG_0002.JPG,Very Small,Very Small,0.9991055130958557,0.0008944541332311928,7.899078058315467e-10,3.925877331556471e-11
2025-08-22/IMG_9734.JPG,Very Small,Very Small,0.9999817609786987,1.8246882973471656e-05,1.1976009073322302e-10,2.453678371594492e-10
2025-08-22/IMG_9882.JPG,Small,Small,0.00040295234066434205,0.9995834231376648,1.3612266229756642e-05,1.8130508205871365e-09
2025-09-29/IMG_1952.JPG,Very Small,Very Small,0.9991503953933716,0.0008495718357153237,4.8511785699645316e-09,1.5638565997733167e-09
2025-08-07/IMG_9538.JPG,Large,Large,0.0008603516616858542,0.00021770568855572492,0.0279522854834795,0.9709696769714355
2025-09-05/IMG_1060.JPG,Very Small,Very Small,0.9994157552719116,0.0005842981627210975,1.6329712693163856e-08,7.760167619608183e-09
2025-08-22/IMG_9940.JPG,Small,Small,1.5557811821054202e-06,0.9983577132225037,0.0016406623180955648,5.590515030073906e-12
2025-08-22/IMG_0211.JPG,Small,Small,2.3077089281287044e-05,0.9998825788497925,9.435789979761466e-05,3.34882704899897e-10
2025-09-05/IMG_0814.JPG,Small,Small,3.6189802266051174e-09,0.9986973404884338,0.001302742981351912,4.015189009320139e-15
2025-08-07/IMG_9468.JPG,Small,Small,6.228491838555783e-05,0.9999350309371948,2.738451712502865e-06,1.4949231089134152e-11
2025-08-07/IMG_9598.JPG,Small,Small,0.0028701494447886944,0.9845269918441772,0.012589200399816036,1.3589326954388525e-05
2025-09-05/IMG_1199.JPG,Very Small,Very Small,0.9996644258499146,0.0003309604653622955,2.308895830083202e-07,4.386500677355798e-06
2025-09-05/IMG_1138.JPG,Small,Small,0.0018718116916716099,0.9981263279914856,1.9039101744056097e-06,5.711650596929019e-10
2025-09-29/IMG_1799.JPG,Small,Small,0.0006011565565131605,0.9993616938591003,3.718881634995341e-05,2.4857159885982583e-08
2025-09-05/IMG_1359.JPG,Very Small,Very Small,0.9999004602432251,9.955500718206167e-05,1.8629660314406493e-10,7.547030361765295e-11
2025-08-22/IMG_9929.JPG,Very Small,Very Small,0.9986442923545837,0.0013422829797491431,1.198109475808451e-05,1.3637135225508246e-06
2025-09-29/IMG_1860.JPG,Very Small,Very Small,0.9995403289794922,0.0004596883081831038,3.4210484380244044e-13,1.4503682814210467e-13
2025-08-07/IMG_9259.JPG,Small,Small,4.352905307314359e-06,0.9994093179702759,0.0005863871774636209,2.597260739811702e-10
2025-09-05/IMG_1351.JPG,Medium,Medium,1.1451712822463378e-07,0.0012811998603865504,0.9987177848815918,9.593496770321508e-07
2025-08-07/IMG_9085.JPG,Very Small,Very Small,0.99956876039505,0.00043118876055814326,1.665141446949292e-08,1.3714483992899318e-09
2025-08-07/IMG_9148.JPG,Very Small,Very Small,0.9991357922554016,0.0008642160682938993,2.7098026600391734e-10,1.990755650604914e-11
2025-09-05/IMG_0811.JPG,Medium,Medium,3.6092153550271178e-06,0.0003249507280997932,0.9992434978485107,0.00042794697219505906
2025-08-22/IMG_9902.JPG,Small,Small,2.6780737627518647e-08,0.9999982118606567,1.741546157063567e-06,1.1981392000228169e-14
2025-08-07/IMG_9135.JPG,Small,Small,0.00028173348982818425,0.9949470162391663,0.004771335981786251,1.593891774120948e-08
2025-09-29/IMG_1746.JPG,Medium,Medium,3.6643832572735846e-06,0.002702686470001936,0.9972656965255737,2.792152554320637e-05
2025-08-07/IMG_9257.JPG,Small,Small,2.55174109042855e-06,0.9999521970748901,4.523949246504344e-05,1.456085425843856e-11
2025-08-07/IMG_9544.JPG,Large,Large,0.0011133977677673101,0.00042451280751265585,0.02887433022260666,0.9695876836776733
2025-09-05/IMG_1276.JPG,Medium,Medium,2.1944631953374483e-05,0.011385688558220863,0.9885644316673279,2.79657087958185e-05
2025-09-05/IMG_1456.JPG,Small,Small,7.263410952873528e-05,0.999919056892395,8.361055733985268e-06,6.191483437056888e-11
2025-09-29/IMG_1838.JPG,Small,Small,1.4814613678026944e-05,0.9998478889465332,0.00013724877499043941,1.7571624710832623e-11
2025-09-29/IMG_1925.JPG,Small,Small,0.00010866332013392821,0.9995843768119812,0.0003069776576012373,1.3537147403042127e-08
2025-09-05/IMG_1248.JPG,Small,Small,5.416477506514639e-05,0.9998577833175659,8.798051567282528e-05,7.436399412918959e-11
2025-08-07/IMG_9639.JPG,Large,Large,0.0004381236503832042,4.961524246027693e-05,0.0035813970025628805,0.9959308505058289
2025-08-07/IMG_9217.JPG,Medium,Medium,1.6073902315838495e-06,0.026469271630048752,0.9735259413719177,3.214276148355566e-06
2025-09-05/IMG_1257.JPG,Small,Small,0.0009268954745493829,0.9990434050559998,2.9705095585086383e-05,3.035660334216317e-10
2025-09-05/IMG_1364.JPG,Medium,Medium,2.990525871382488e-08,0.00016095796308945864,0.9998378753662109,1.1198409310964053e-06
2025-09-05/IMG_1428.JPG,Medium,Medium,1.996942273763125e-06,0.0003075943677686155,0.9993101358413696,0.00038027160917408764
2025-08-07/IMG_9558.JPG,Small,Small,0.0011645833728834987,0.989284336566925,0.009550397284328938,6.85105533193564e-07
2025-08-22/IMG_0186.JPG,Medium,Medium,9.34523356477257e-08,0.0013814273988828063,0.9986177682876587,7.008010243225726e-07
2025-09-05/IMG_1592.JPG,Small,Small,0.0004754157271236181,0.9903630614280701,0.009161548689007759,1.9518295868437008e-09
2025-08-07/IMG_9553.JPG,Large,Large,0.0009251414448954165,0.00020374066662043333,0.014898070134222507,0.9839730262756348
2025-09-29/IMG_1737.JPG,Small,Small,0.00278293713927269,0.997217059135437,5.283974299774563e-11,1.6631844285044245e-14
2025-08-22/IMG_0276.JPG,Small,Small,0.0003388497862033546,0.9996155500411987,4.558330692816526e-05,2.1385295756459755e-09
2025-09-05/IMG_1578.JPG,Small,Small,0.00036002075648866594,0.9996139407157898,2.6087527658091858e-05,4.6330338870914645e-11
2025-08-22/IMG_9798.JPG,Medium,Medium,1.1711072289699587e-07,0.0011657570721581578,0.9988333582878113,7.508754720220168e-07
2025-08-22/IMG_0078.JPG,Small,Small,1.8005079255090095e-05,0.9994018077850342,0.0005802026716992259,2.045325242505669e-09
2025-09-05/IMG_0804.JPG,Medium,Medium,5.952278456788918e-07,0.005449771415442228,0.9945488572120667,7.622975317644887e-07
2025-09-05/IMG_1493.JPG,Small,Small,5.4267870197577395e-09,0.9997166991233826,0.00028330503846518695,6.373260887137036e-14
2025-09-05/IMG_0942.JPG,Very Small,Very Small,0.9958319067955017,0.004167842213064432,7.931020462592642e-08,1.2577446284467442e-07
2025-09-29/IMG_1852.JPG,Small,Small,4.505054675973952e-06,0.9999932050704956,2.2809897473052843e-06,5.1555322511109836e-12
2025-09-29/IMG_1947.JPG,Small,Small,0.000706007587723434,0.9992935657501221,3.8483264575006615e-07,4.195604280665677e-11
2025-08-07/IMG_9401.JPG,Small,Small,0.00010718803241616115,0.9993607401847839,0.0005321314092725515,3.1148992274410148e-09
2025-08-22/IMG_0001.JPG,Very Small,Very Small,0.999998927116394,1.0597869959383388e-06,1.5915050310608136e-12,8.535301914032456e-13
2025-09-29/IMG_1885.JPG,Very Small,Very Small,0.9992632269859314,0.0007337059359997511,8.27801386549254e-07,2.2078661459090654e-06
2025-08-07/IMG_9545.JPG,Medium,Medium,8.373549462703522e-06,0.00299645378254354,0.996559202671051,0.00043602759251371026
2025-09-05/IMG_1099.JPG,Small,Small,0.00018917104171123356,0.9860222339630127,0.013788506388664246,7.9613904802045e-08
2025-09-05/IMG_1170.JPG,Very Small,Very Small,0.9999921321868896,7.82447932579089e-06,1.1353432638472327e-09,1.2579028485504296e-08
2025-09-05/IMG_0875.JPG,Very Small,Very Small,0.9999972581863403,2.7057246825279435e-06,4.536941026860031e-13,1.8600232031679154e-12
2025-09-29/IMG_1821.JPG,Very Small,Very Small,0.9968093037605286,0.003189339302480221,3.1604912464899826e-07,1.023331492433499e-06
2025-08-22/IMG_9941.JPG,Small,Small,5.481656262418255e-05,0.9999451637268066,4.015966581505381e-08,1.464623981448608e-14
2025-09-05/IMG_1357.JPG,Small,Small,0.0002659758902154863,0.999729573726654,4.440473730937811e-06,2.850290836686753e-11
2025-08-07/IMG_9454.JPG,Very Small,Very Small,0.9945347309112549,0.005465126130729914,2.224930639727063e-08,1.5690490329234308e-07
2025-09-29/IMG_1768.JPG,Medium,Medium,2.610940725844557e-07,0.005024688318371773,0.9949747323989868,3.1988028581508843e-07
2025-09-29/IMG_1819.JPG,Small,Small,0.0024630252737551928,0.997532844543457,4.097199962416198e-06,6.026221188726311e-10
2025-09-05/IMG_0962.JPG,Medium,Medium,2.2158103547553765e-06,0.004290312994271517,0.9956810474395752,2.6417286790092476e-05
2025-08-22/IMG_9833.JPG,Small,Small,0.0010346577037125826,0.9984098672866821,0.0005554330418817699,1.9304810194853417e-08
2025-09-05/IMG_1595.JPG,Small,Small,0.00014420364459510893,0.9998177886009216,3.7993879232089967e-05,1.467437699131935e-10
2025-09-05/IMG_0839.JPG,Small,Small,8.102176070678979e-05,0.9999034404754639,1.5504738257732242e-05,1.2289697037815017e-10
2025-08-07/IMG_9403.JPG,Small,Small,2.284415859321598e-05,0.9998618364334106,0.00011525724403327331,5.643243095043715e-10
2025-09-05/IMG_1544.JPG,Very Small,Very Small,0.9967575669288635,0.003233142662793398,7.730422112217639e-06,1.5199793779174797e-06
2025-09-29/IMG_1924.JPG,Very Small,Very Small,0.9994238615036011,0.0005761607317253947,3.2115302417423663e-08,3.932508363391207e-08
2025-09-05/IMG_1342.JPG,Very Small,Very Small,0.9991034865379333,0.0008962261490523815,2.3294725792766258e-07,5.241091116658936e-08
2025-08-22/IMG_0292.JPG,Medium,Medium,5.708047865482513e-07,0.0025245542638003826,0.9974742531776428,5.800779376841092e-07
2025-08-22/IMG_9786.JPG,Medium,Medium,4.1382685594726354e-05,0.02641979046165943,0.9734689593315125,6.975616997806355e-05
2025-09-05/IMG_1416.JPG,Very Small,Very Small,0.9999756813049316,2.419401062070392e-05,6.87790402409405e-09,8.094005465864029e-08
2025-08-07/IMG_9488.JPG,Small,Small,4.021409338861304e-08,0.9999929666519165,7.026906132523436e-06,5.611726767952227e-14
2025-09-05/IMG_1326.JPG,Medium,Medium,0.0002741219359450042,0.015254217199981213,0.9835122227668762,0.000959486176725477
2025-08-22/IMG_0173.JPG,Very Small,Very Small,0.9991523027420044,0.0008461223915219307,1.3734444337387686e-07,1.4307513538369676e-06
2025-09-05/IMG_0929.JPG,Large,Large,0.0003263448888901621,3.377263783477247e-05,0.0043373857624828815,0.9953024387359619
2025-08-22/IMG_0283.JPG,Very Small,Very Small,0.9998000264167786,0.00020004285033792257,4.90925688989563e-10,3.688764849130166e-09
2025-08-22/IMG_9911.JPG,Small,Small,0.00010583301627775654,0.9981204867362976,0.0017736215377226472,1.8150348779499836e-08
2025-08-22/IMG_9866.JPG,Small,Small,0.0011943362187594175,0.9971861243247986,0.0016194488853216171,1.457985518982241e-07
2025-08-07/IMG_9517.JPG,Small,Small,0.001324572367593646,0.9983181953430176,0.0003572740242816508,1.995299703239084e-09
2025-09-05/IMG_1092.JPG,Very Small,Very Small,0.9974192380905151,0.002580741886049509,1.2910754687567305e-09,8.106356697012984e-10
2025-08-22/IMG_9945.JPG,Very Small,Very Small,0.9972324967384338,0.002767519559711218,8.572642151705168e-09,4.261253572224177e-09
2025-08-07/IMG_9671.JPG,Large,Large,0.00094172841636464,0.00016626249998807907,0.012072150595486164,0.9868199229240417
2025-09-29/IMG_1900.JPG,Medium,Medium,2.4477963052049745e-06,0.0017548067262396216,0.9982057809829712,3.696078056236729e-05
2025-08-22/IMG_9801.JPG,Medium,Medium,3.778825146127929e-07,0.0023255671840161085,0.9976714253425598,2.607180476843496e-06
2025-09-05/IMG_1507.JPG,Small,Small,3.6943663872079924e-05,0.9999374151229858,2.5674931748653762e-05,5.656318816105177e-11
2025-08-07/IMG_9457.JPG,Small,Small,0.001112398924306035,0.9988874793052673,1.233367612485381e-07,1.2650680503156764e-10
2025-09-05/IMG_1417.JPG,Medium,Medium,8.683086889504921e-07,0.00012200565106468275,0.9997748732566833,0.00010231880150968209
2025-09-05/IMG_1384.JPG,Medium,Medium,1.0443405784599236e-07,0.0007818278972990811,0.99921715259552,8.762219749769429e-07
2025-08-07/IMG_9213.JPG,Small,Small,6.798708636779338e-05,0.9996839761734009,0.0002481112605892122,4.678377685252144e-09
2025-08-07/IMG_9628.JPG,Large,Large,0.0004896107711829245,2.2232810806599446e-05,0.0008497540256939828,0.9986383318901062
2025-08-22/IMG_9955.JPG,Very Small,Very Small,0.9999957084655762,4.236996574036311e-06,1.177292985321543e-10,1.8076158625479621e-10
2025-08-07/IMG_9446.JPG,Medium,Medium,1.1147171790071297e-06,0.0026883718091994524,0.9973059892654419,4.618717866833322e-06
2025-09-05/IMG_1531.JPG,Small,Small,7.744712888779759e-07,0.9999158382415771,8.334951417054981e-05,1.4983913415589356e-11
2025-09-29/IMG_1685.JPG,Very Small,Very Small,0.9960098266601562,0.003989941906183958,6.968432586518247e-08,1.4826883898422238e-07
2025-08-07/IMG_9107.JPG,Small,Small,1.231109126820229e-05,0.9998425245285034,0.00014517450472339988,4.458927671535662e-11
2025-09-05/IMG_1586.JPG,Very Small,Very Small,0.9986346364021301,0.0013653080677613616,1.1456815357524519e-10,8.352397246058629e-11
2025-09-05/IMG_0869.JPG,Very Small,Very Small,0.9999890327453613,1.0980881597788539e-05,4.934991304494929e-10,1.0186854026983383e-08
2025-09-05/IMG_1188.JPG,Very Small,Very Small,0.9983699917793274,0.001627162448130548,2.294377736689057e-06,6.580765443686687e-07
2025-08-22/IMG_0218.JPG,Small,Small,0.001983849098905921,0.9980158805847168,2.3581027619457018e-07,3.945160170770734e-11
2025-09-05/IMG_1567.JPG,Very Small,Very Small,0.9999872446060181,1.2724812222586479e-05,3.1253408749876144e-09,3.437003348594203e-09
2025-08-07/IMG_9494.JPG,Small,Small,0.0006715220515616238,0.998056173324585,0.0012721793027594686,1.463511125621153e-07
2025-08-22/IMG_9859.JPG,Large,Large,0.001328192767687142,0.00014277607260737568,0.00821157731115818,0.9903174638748169
2025-08-07/IMG_9191.JPG,Small,Small,0.001384915318340063,0.9985883831977844,2.668246816028841e-05,6.688238851637607e-09
2025-08-07/IMG_9635.JPG,Large,Large,0.00044581148540601134,3.2906391425058246e-05,0.001983014866709709,0.9975382089614868
2025-09-29/IMG_1816.JPG,Very Small,Very Small,0.997992992401123,0.0020029640290886164,2.2241094939090544e-06,1.7630636648391373e-06
2025-09-05/IMG_1112.JPG,Very Small,Very Small,0.9999542236328125,4.580997483571991e-05,5.062704075409208e-11,1.723899217820346e-10
2025-08-22/IMG_9923.JPG,Small,Small,0.0001940759684657678,0.9994693398475647,0.00033654196886345744,1.3933008524702473e-08
2025-08-07/IMG_9490.JPG,Medium,Medium,2.145709913747851e-06,0.0020686353091150522,0.997884213924408,4.504018579609692e-05
2025-09-05/IMG_1329.JPG,Small,Small,0.0002064779109787196,0.9994947910308838,0.0002986798353958875,1.1625779228197075e-09
2025-08-07/IMG_9689.JPG,Large,Large,0.0005114973755553365,2.7065201720688492e-05,0.001136881997808814,0.9983245730400085
2025-09-05/IMG_1107.JPG,Medium,Medium,3.392993312445469e-05,0.003825381165370345,0.9960416555404663,9.904480975819752e-05
2025-09-05/IMG_1324.JPG,Small,Small,0.002064914209768176,0.9978267550468445,0.00010829508391907439,6.719306222535693e-10
2025-08-22/IMG_0113.JPG,Small,Small,0.00035154062788933516,0.9996365308761597,1.188513033412164e-05,8.903974085816557e-11
2025-09-05/IMG_1296.JPG,Very Small,Very Small,0.999901533126831,9.845467866398394e-05,2.4580660423767497e-11,4.093956510603514e-12
2025-08-07/IMG_9235.JPG,Medium,Medium,1.2947037220101265e-08,0.00013691475032828748,0.9998630285263062,5.950901638129835e-08
2025-08-07/IMG_9241.JPG,Very Small,Very Small,0.9993292093276978,0.0006633932935073972,5.183566145205987e-07,6.974841198825743e-06
2025-09-29/IMG_1817.JPG,Very Small,Very Small,0.9990264177322388,0.0009708664729259908,9.157173508356209e-07,1.783121888365713e-06
2025-08-22/IMG_0055.JPG,Medium,Medium,1.637537388887722e-05,0.010584495030343533,0.9890913367271423,0.00030779451481066644
2025-08-07/IMG_9561.JPG,Medium,Medium,2.6731240723165683e-05,0.001449901843443513,0.9977658987045288,0.0007574190967716277
2025-09-05/IMG_0834.JPG,Medium,Medium,1.1864873158629052e-05,0.000970138527918607,0.9982268214225769,0.000791191472671926
2025-08-22/IMG_9872.JPG,Large,Large,0.0005321367061696947,0.00010910538549069315,0.01815389096736908,0.9812048673629761
2025-09-29/IMG_1914.JPG,Very Small,Very Small,0.9999938011169434,6.204387318575755e-06,4.3902408835075346e-13,3.08632839337436e-13
2025-08-07/IMG_9420.JPG,Small,Small,9.166919335257262e-05,0.9997721314430237,0.00013615893840324134,2.0848305026799352e-10
2025-08-07/IMG_9514.JPG,Small,Small,0.00016798581054899842,0.9892760515213013,0.01055519562214613,7.464348641406104e-07
2025-09-29/IMG_1728.JPG,Very Small,Very Small,0.9986155033111572,0.0013800699962303042,7.979084557518945e-07,3.617060656324611e-06
2025-09-05/IMG_0905.JPG,Medium,Medium,7.201918350574488e-08,0.002136062365025282,0.9978638291358948,4.90065197311651e-08
2025-08-22/IMG_9839.JPG,Medium,Medium,3.7647625958925346e-06,0.0006505608907900751,0.9984090924263,0.0009366018930450082
2025-08-22/IMG_9922.JPG,Very Small,Very Small,0.9999204874038696,7.947147241793573e-05,1.3105582591377285e-11,1.5962387661661026e-11
2025-08-07/IMG_9198.JPG,Medium,Medium,9.46906197896169e-08,0.0018185299122706056,0.9981805086135864,8.363796837329573e-07
2025-09-05/IMG_1576.JPG,Very Small,Very Small,0.9997650980949402,0.00023488754231948406,5.871062747075939e-09,1.1284954304358052e-08
2025-08-07/IMG_9658.JPG,Large,Large,0.0006869025528430939,9.527801012154669e-05,0.00986729096621275,0.9893504977226257
2025-08-22/IMG_0259.JPG,Very Small,Very Small,0.9999891519546509,1.0875693078560289e-05,7.638552568245416e-10,1.6596038321381457e-08
2025-09-29/IMG_1800.JPG,Very Small,Very Small,0.997246503829956,0.0027391801122576,2.120231783919735e-06,1.222895662067458e-05
2025-09-05/IMG_1234.JPG,Small,Small,9.935827716134327e-10,0.9999333620071411,6.663901876891032e-05,1.8296210239806794e-15
2025-09-05/IMG_1360.JPG,Very Small,Very Small,0.9898188710212708,0.010178903117775917,1.4464501418842701e-06,8.495621841575485e-07
2025-09-05/IMG_1087.JPG,Very Small,Very Small,0.9999545812606812,4.545479532680474e-05,1.1890796507152412e-12,2.7187572939485483e-13
2025-08-22/IMG_0182.JPG,Very Small,Very Small,0.9992173910140991,0.0007824833155609667,1.9488268776512996e-08,8.473200807657122e-08
2025-09-05/IMG_1553.JPG,Very Small,Very Small,0.9999521970748901,4.776524656335823e-05,7.861882260658259e-13,6.833609199341506e-13
2025-08-22/IMG_0097.JPG,Very Small,Very Small,0.999988317489624,1.1726079719664995e-05,7.916113944905767e-12,7.484554642722685e-12
2025-08-07/IMG_9695.JPG,Small,Small,0.0010171923786401749,0.9989694356918335,1.3403665434452705e-05,7.413997749061707e-10
2025-08-07/IMG_9263.JPG,Small,Small,4.986330282008566e-07,0.9761012196540833,0.023898305371403694,1.1610946232254449e-10
2025-09-05/IMG_1278.JPG,Very Small,Very Small,0.9999876022338867,1.2404159861034714e-05,7.592993941929471e-12,4.636115710082711e-12
2025-08-22/IMG_0281.JPG,Medium,Medium,5.282975507725496e-06,0.004738751333206892,0.9951841235160828,7.180746615631506e-05
2025-08-07/IMG_9109.JPG,Small,Small,0.00012983032502233982,0.9849918484687805,0.014878315851092339,3.2900597801699405e-08
2025-08-22/IMG_0025.JPG,Small,Small,0.001022910000756383,0.9988314509391785,0.00014564961020369083,8.557199393521842e-10
2025-09-29/IMG_1905.JPG,Medium,Medium,0.000325592583976686,0.0036454086657613516,0.9916746020317078,0.004354453179985285
2025-08-22/IMG_0044.JPG,Very Small,Very Small,0.999721109867096,0.00027882546419277787,8.828056063947542e-10,3.189089659016986e-09
2025-09-05/IMG_1512.JPG,Small,Small,1.3589782611234114e-05,0.9999843835830688,1.9705405520653585e-06,1.840294193075631e-12
2025-08-07/IMG_9432.JPG,Small,Small,4.6094081085357175e-07,0.9993852376937866,0.0006142649799585342,6.297937431981593e-12
2025-09-29/IMG_1825.JPG,Small,Small,3.728151511950273e-07,0.9997827410697937,0.00021688512060791254,4.676292339467203e-11
2025-08-22/IMG_0019.JPG,Very Small,Very Small,0.9930986762046814,0.006883202586323023,1.2671258446061984e-05,5.5275177146540955e-06
2025-09-05/IMG_1333.JPG,Small,Small,0.001415903796441853,0.9979029893875122,0.0006808868492953479,2.599178685613879e-07
2025-08-07/IMG_9180.JPG,Small,Small,0.00021888583432883024,0.9991627931594849,0.0006182107608765364,6.177730682566107e-08
2025-08-22/IMG_9956.JPG,Small,Small,0.0006400577258318663,0.999237060546875,0.00012292184692341834,6.511838623879385e-09
2025-08-22/IMG_9844.JPG,Large,Large,0.0004919411148875952,2.0695057173725218e-05,0.0007300366414710879,0.9987573623657227
2025-08-22/IMG_0118.JPG,Medium,Medium,3.7566590549431567e-07,0.004330928903073072,0.9956678152084351,8.658111596560047e-07
2025-09-05/IMG_0890.JPG,Small,Small,1.3823581866745371e-05,0.9999504089355469,3.5747340007219464e-05,3.3881014313563718e-12
2025-08-07/IMG_9479.JPG,Medium,Medium,3.3289478551523644e-07,0.000207597462576814,0.9997866749763489,5.334612524166005e-06
2025-08-07/IMG_9645.JPG,Large,Large,0.0005851934547536075,4.37648304796312e-05,0.0023723773192614317,0.99699866771698
2025-09-05/IMG_1012.JPG,Small,Small,6.684129766654223e-05,0.9997561573982239,0.00017702122568152845,1.1537419908336233e-09
2025-08-22/IMG_0267.JPG,Medium,Medium,3.027798129551229e-06,0.0020837397314608097,0.997884213924408,2.9061360692139715e-05
2025-09-05/IMG_1425.JPG,Small,Small,2.4002160898817237e-06,0.9999438524246216,5.377988054533489e-05,8.618658738079876e-12
2025-09-05/IMG_1295.JPG,Small,Small,0.0004933439777232707,0.9992227554321289,0.00028386368649080396,1.2316454522931508e-09
2025-08-07/IMG_9681.JPG,Large,Large,0.0005616945563815534,6.000296343700029e-05,0.004931848496198654,0.9944463968276978
2025-09-05/IMG_0807.JPG,Medium,Medium,2.3839644924805725e-08,0.00102145504206419,0.9989784955978394,1.2180962016827834e-07
2025-09-29/IMG_1701.JPG,Small,Small,0.00014552977518178523,0.9997108578681946,0.00014353117148857564,6.089475590442817e-10
2025-08-22/IMG_0193.JPG,Small,Small,4.783628901350312e-05,0.9999306201934814,2.1482197553268634e-05,4.0656303323949317e-10
2025-09-05/IMG_0845.JPG,Medium,Medium,1.2597207899034402e-07,0.001186086912639439,0.9988120794296265,1.7469681097281864e-06
2025-09-05/IMG_0800.JPG,Medium,Medium,1.5556390735582681e-06,0.002712356159463525,0.9972807168960571,5.35034359927522e-06
2025-09-05/IMG_1559.JPG,Small,Small,5.591964509221725e-07,0.9850136637687683,0.014985761605203152,2.0850158405361086e-11
2025-09-05/IMG_1363.JPG,Medium,Medium,1.1543936295765889e-07,0.0001225737651111558,0.9998676776885986,9.582369784766342e-06
2025-09-05/IMG_0857.JPG,Very Small,Very Small,0.9980722665786743,0.001923640025779605,2.6910871042673534e-07,3.8067155401222408e-06
2025-08-07/IMG_9216.JPG,Medium,Medium,2.5775883841561154e-05,0.006711830385029316,0.992551326751709,0.0007111169397830963
2025-09-05/IMG_0866.JPG,Medium,Medium,2.0240699996065814e-06,0.0009252121089957654,0.9990553259849548,1.7391466826666147e-05
2025-09-29/IMG_1846.JPG,Small,Small,2.940030526588089e-06,0.9974640607833862,0.0025329305790364742,1.7863964474340577e-10
2025-09-05/IMG_1484.JPG,Very Small,Very Small,0.9903911352157593,0.00959587749093771,4.429371983860619e-06,8.549708581995219e-06
2025-08-22/IMG_9900.JPG,Small,Small,0.00024146208306774497,0.9996435642242432,0.00011502281995490193,3.208454890657464e-10
2025-09-05/IMG_1312.JPG,Small,Small,0.0013783525209873915,0.9984400868415833,0.0001815976429497823,1.0833352881434166e-08
2025-09-05/IMG_0963.JPG,Small,Small,0.00023419654462486506,0.9997658133506775,7.192595963267934e-10,5.3401475915684695e-15
2025-08-22/IMG_0030.JPG,Medium,Medium,6.945528002688661e-05,0.017516478896141052,0.9818136692047119,0.0006004073657095432
2025-09-05/IMG_1098.JPG,Small,Small,0.0002547089534346014,0.9994581341743469,0.0002871889737434685,1.3631108464196018e-09
2025-08-22/IMG_9984.JPG,Very Small,Very Small,0.9978019595146179,0.0021980509627610445,1.0677315698259804e-09,3.2357552748329965e-10
2025-09-29/IMG_1917.JPG,Very Small,Very Small,0.9999179840087891,8.203119068639353e-05,5.053695024850695e-14,1.0584016166747742e-13
2025-09-29/IMG_1797.JPG,Small,Small,6.320887769106776e-05,0.9935035109519958,0.006433268543332815,5.328909580271102e-08
2025-09-05/IMG_1600.JPG,Small,Small,0.000801678339485079,0.9976710677146912,0.001526958541944623,2.4612242555122066e-07
2025-08-22/IMG_0018.JPG,Small,Small,0.0004079559585079551,0.9992807507514954,0.00031126028625294566,5.693106541748705e-10
2025-08-22/IMG_9949.JPG,Small,Small,0.0001587341830600053,0.9998370409011841,4.223218184051802e-06,2.8799938128765135e-11
2025-09-05/IMG_1519.JPG,Small,Small,1.1449249541328754e-05,0.9999885559082031,3.5239471340986483e-09,8.778700816715996e-16
2025-09-05/IMG_1403.JPG,Very Small,Very Small,0.9875594973564148,0.012440481223165989,3.0192306432752503e-09,1.7971897303681317e-09
2025-09-05/IMG_1132.JPG,Very Small,Very Small,0.9999269247055054,7.294295937754214e-05,9.463468231274419e-09,1.6681107695148967e-07
2025-09-05/IMG_0910.JPG,Very Small,Very Small,0.9994342923164368,0.00024201872292906046,1.2353793863439932e-05,0.0003112386621069163
2025-08-22/IMG_0207.JPG,Medium,Medium,2.850056262104772e-07,0.0019293185323476791,0.998069703578949,7.078452313180605e-07
2025-09-05/IMG_1119.JPG,Small,Small,0.00025335370446555316,0.9997430443763733,3.609945451898966e-06,2.0855056570567854e-10
2025-09-05/IMG_1523.JPG,Very Small,Very Small,0.9998898506164551,0.0001101018424378708,2.3979698435261376e-12,8.722717508144115e-14
2025-08-22/IMG_0235.JPG,Very Small,Very Small,0.99891197681427,0.001088051707483828,4.5962404021659964e-11,4.237323165956486e-12
2025-08-22/IMG_0154.JPG,Small,Small,5.851098876519245e-07,0.9999589920043945,4.0375645767198876e-05,2.3219411961726555e-13
2025-08-07/IMG_9422.JPG,Very Small,Very Small,0.9976333379745483,0.002366620348766446,2.5434378159161497e-08,3.1462544569649253e-08
2025-08-07/IMG_9144.JPG,Very Small,Very Small,0.9998350143432617,0.00016500816855113953,3.2711583441979997e-10,3.466138487340231e-11
2025-09-29/IMG_1842.JPG,Small,Small,1.9690234864810918e-07,0.9898887276649475,0.010111057199537754,6.207997449436675e-10
2025-08-07/IMG_9156.JPG,Medium,Medium,1.1261000310014424e-07,0.0006584000657312572,0.9993392825126648,2.15345062315464e-06
2025-08-22/IMG_0053.JPG,Small,Small,0.00042667490197345614,0.9995731711387634,1.0569930708470565e-07,1.450776348013716e-12
2025-09-29/IMG_1694.JPG,Very Small,Very Small,0.9994725584983826,0.0005268545355647802,1.6653106627018133e-07,4.640656356968975e-07
2025-09-05/IMG_1470.JPG,Small,Small,0.0013489526463672519,0.9967691898345947,0.001880976022221148,9.124710231844801e-07
2025-08-22/IMG_9937.JPG,Small,Small,1.2306316421017982e-05,0.9997588992118835,0.00022876088041812181,2.2274966593460732e-10
2025-09-05/IMG_1310.JPG,Very Small,Very Small,0.9997991919517517,0.0002007896255236119,1.7554039333234073e-09,4.5051898323045236e-10
2025-09-05/IMG_0912.JPG,Very Small,Very Small,0.9997584223747253,0.00024152181867975742,1.3160078582430401e-09,1.9696810849012536e-09
2025-09-29/IMG_1676.JPG,Medium,Medium,3.28073610944557e-07,0.0012565930373966694,0.9987412095069885,1.828607423703943e-06
2025-08-07/IMG_9581.JPG,Medium,Medium,0.00012349640019237995,0.004236120730638504,0.9794456362724304,0.016194678843021393
2025-09-05/IMG_0956.JPG,Small,Small,3.416091203689575e-05,0.9999648332595825,9.948139449988957e-07,1.5791925059294165e-12
2025-09-05/IMG_1013.JPG,Very Small,Very Small,0.9999666213989258,3.337686212034896e-05,5.204257706205306e-13,8.013782779731082e-14
2025-09-05/IMG_0836.JPG,Very Small,Very Small,0.999947190284729,5.2794664952671155e-05,3.5619079300636125e-12,4.601358356837171e-13
2025-09-29/IMG_1946.JPG,Very Small,Very Small,0.9975466132164001,0.002453407272696495,3.580999496932691e-09,1.7404427898881636e-09
2025-08-22/IMG_9881.JPG,Very Small,Very Small,0.9952865242958069,0.0047093047760427,1.6667194131514407e-06,2.5499407456663903e-06
2025-08-07/IMG_9249.JPG,Medium,Medium,2.247283781287024e-08,0.0007400649483315647,0.9992597699165344,1.4272437454110332e-07
2025-08-07/IMG_9165.JPG,Very Small,Very Small,0.999894380569458,0.00010560072405496612,4.14066281262393e-11,2.4492675682746823e-12
2025-08-07/IMG_9675.JPG,Large,Large,0.000636003038380295,3.72343129129149e-05,0.0012336533982306719,0.9980930685997009
2025-08-22/IMG_0148.JPG,Small,Small,6.4746473071863875e-06,0.9983488321304321,0.0016446972731500864,2.71872593882172e-11
2025-09-05/IMG_0955.JPG,Small,Small,2.73316527454881e-05,0.9999725818634033,4.9415646685702086e-08,5.388097872602651e-14
2025-09-29/IMG_1904.JPG,Very Small,Very Small,0.9999407529830933,5.918234819546342e-05,5.36695532460385e-09,1.3062097181659738e-08
2025-08-07/IMG_9097.JPG,Small,Small,0.00011406680278014392,0.9998574256896973,2.8458100132411346e-05,1.5443392398228895e-10
2025-08-07/IMG_9714.JPG,Large,Large,0.0008339281775988638,7.009439286775887e-05,0.0027567767538130283,0.9963392019271851
2025-09-05/IMG_1521.JPG,Small,Small,2.146912993339356e-05,0.9981840252876282,0.0017944492865353823,3.3671743171481694e-10
2025-08-07/IMG_9646.JPG,Large,Large,0.0006237227353267372,8.513696229783818e-05,0.01075022667646408,0.9885409474372864
2025-09-29/IMG_1864.JPG,Small,Small,9.662967931944877e-05,0.9998897314071655,1.363210776617052e-05,1.3355332117992447e-10
2025-09-29/IMG_1691.JPG,Medium,Medium,7.657807145733386e-06,0.0001443962100893259,0.9988736510276794,0.0009743543341755867
2025-09-05/IMG_1163.JPG,Medium,Medium,4.2678853787947446e-05,0.008358593098819256,0.991560161113739,3.861652294290252e-05
2025-09-29/IMG_1803.JPG,Very Small,Very Small,0.9781422019004822,0.02185489423573017,1.228256905960734e-06,1.5913237803033553e-06
2025-08-22/IMG_0149.JPG,Medium,Medium,2.3337530365097336e-05,0.008147688582539558,0.9916110634803772,0.00021793533232994378
2025-09-05/IMG_0889.JPG,Medium,Medium,1.2066858289472293e-05,0.006256368942558765,0.993661642074585,6.986883090576157e-05
2025-08-22/IMG_9948.JPG,Very Small,Very Small,0.9996720552444458,0.00032790080877020955,1.2473839669513431e-11,4.676191291824727e-12
2025-09-05/IMG_1263.JPG,Small,Small,2.1446217942866497e-05,0.9997192025184631,0.00025937368627637625,2.2939708466118702e-10
2025-09-05/IMG_1241.JPG,Medium,Medium,1.977694452648393e-08,0.004223894793540239,0.9957761168479919,9.604160133847017e-09
2025-09-29/IMG_1715.JPG,Very Small,Very Small,0.999953031539917,4.699996497947723e-05,7.65900731725111e-10,2.7452455864107606e-09
2025-09-05/IMG_1083.JPG,Small,Small,0.0037008279468864202,0.9962968230247498,2.304030658706324e-06,5.2324838906159243e-11
2025-08-07/IMG_9192.JPG,Small,Small,0.00014472988550551236,0.9998393058776855,1.5938781871227548e-05,9.080551865991993e-10
2025-09-05/IMG_1002.JPG,Small,Small,0.00046977619058452547,0.999316930770874,0.00021334602206479758,3.392741865226867e-09
2025-09-05/IMG_1131.JPG,Small,Small,0.00012532591063063592,0.9998745918273926,1.0476779976897888e-07,7.079210806969216e-13
2025-08-22/IMG_9813.JPG,Medium,Medium,7.64045471441932e-05,0.0013783170143142343,0.9938657879829407,0.004679431207478046
2025-08-07/IMG_9094.JPG,Small,Small,0.00033886905293911695,0.9993054866790771,0.0003556058509275317,4.31154951741064e-08
2025-08-07/IMG_9633.JPG,Large,Large,0.0006516380817629397,7.871552224969491e-05,0.005263080354779959,0.9940066337585449
2025-09-05/IMG_1447.JPG,Medium,Medium,6.526663582917536e-06,0.004809526726603508,0.9950271248817444,0.00015687179984524846
2025-08-07/IMG_9599.JPG,Medium,Medium,7.228116487567604e-07,0.0016037053428590298,0.9983882904052734,7.30869351173169e-06
2025-09-05/IMG_0897.JPG,Very Small,Very Small,0.9997459053993225,0.00025404663756489754,2.1748144951594384e-10,1.1433967106455611e-09
2025-09-29/IMG_1723.JPG,Medium,Medium,2.559043252858828e-07,0.0028309503104537725,0.9971686005592346,2.2987295267284935e-07
2025-08-22/IMG_9995.JPG,Very Small,Very Small,0.999667763710022,0.0003322781703900546,1.1964903512406977e-09,4.246053231238278e-10
2025-08-22/IMG_0102.JPG,Very Small,Very Small,0.9987879395484924,0.001208288362249732,1.9847984731313772e-06,1.7450857967560296e-06
2025-08-07/IMG_9099.JPG,Very Small,Very Small,0.9976918697357178,0.002308140741661191,5.5911147711640297e-08,1.5673784048431116e-08
2025-09-05/IMG_1518.JPG,Small,Small,0.00029822721262462437,0.9995346069335938,0.00016721882275305688,1.251243464395202e-08
2025-08-07/IMG_9559.JPG,Small,Small,0.001965739531442523,0.9980255365371704,8.807388439890929e-06,4.92387297601482e-10
2025-08-22/IMG_9944.JPG,Very Small,Very Small,0.9985404014587402,0.0014596503460779786,1.5087158189430738e-08,6.731181723118596e-10
2025-08-22/IMG_0236.JPG,Very Small,Very Small,0.9999984502792358,1.5816651739442023e-06,1.4978601041784612e-12,7.157225333231931e-12
2025-08-22/IMG_9774.JPG,Medium,Medium,5.2032422814818347e-08,0.0013647150481119752,0.9986349940299988,2.3135790172545967e-07
2025-09-05/IMG_1330.JPG,Very Small,Very Small,0.9998251795768738,0.00017490237951278687,5.955007598146267e-10,3.852299867990183e-10
2025-09-29/IMG_1677.JPG,Small,Small,9.183459951600526e-06,0.999275267124176,0.000715550733730197,1.0761024016314735e-10
2025-09-05/IMG_1376.JPG,Medium,Medium,2.2383501345757395e-06,0.00028537370963022113,0.9994677901268005,0.0002446402795612812
2025-08-22/IMG_0117.JPG,Very Small,Very Small,0.9887931942939758,0.011182173155248165,1.976673593162559e-05,4.785621513292426e-06
2025-09-29/IMG_1760.JPG,Very Small,Very Small,0.9995538592338562,0.0004461020289454609,2.3660884449633324e-12,3.1896096007455466e-12
2025-09-29/IMG_1804.JPG,Very Small,Very Small,0.9991304278373718,0.0008666867506690323,4.906365234091936e-07,2.4208288778027054e-06
2025-08-22/IMG_9985.JPG,Very Small,Very Small,0.9983030557632446,0.0016969710122793913,5.8720528439693e-10,7.331818485667441e-10
2025-08-07/IMG_9124.JPG,Small,Small,0.002217039931565523,0.9977360963821411,4.68689831905067e-05,4.078331006240887e-09
2025-08-07/IMG_9424.JPG,Small,Small,0.0002799413923639804,0.9785906076431274,0.021129485219717026,4.622339844218004e-09
2025-09-05/IMG_1435.JPG,Small,Small,0.0025156119372695684,0.9650704860687256,0.03240709379315376,6.761733857274521e-06
2025-08-22/IMG_9899.JPG,Small,Small,0.00012135459837736562,0.9998784065246582,2.4569783363403985e-07,1.2467416422162758e-12
2025-08-22/IMG_0180.JPG,Small,Small,0.0001469543931307271,0.9998480081558228,4.982632617611671e-06,2.219737241238029e-11
2025-09-05/IMG_1443.JPG,Very Small,Very Small,0.998551070690155,0.0014489492168650031,1.5184253854272356e-09,1.4830191519266123e-09
2025-09-29/IMG_1711.JPG,Very Small,Very Small,0.9999557733535767,4.419640026753768e-05,1.2912180658020134e-08,8.376326832149061e-08
2025-09-05/IMG_1010.JPG,Very Small,Very Small,0.998332679271698,0.0016673599602654576,1.495482138125226e-08,1.426530227277567e-09
2025-09-05/IMG_1385.JPG,Very Small,Very Small,0.9970096349716187,0.002990375505760312,9.214631835341436e-11,6.3850990467129165e-12
2025-08-07/IMG_9150.JPG,Very Small,Very Small,0.9999927282333374,7.2906345849332865e-06,7.289096409790474e-12,5.287543406590212e-12
2025-08-07/IMG_9092.JPG,Medium,Medium,1.5878335034358315e-05,0.007561466656625271,0.992287278175354,0.00013536453479900956
2025-08-22/IMG_9804.JPG,Very Small,Very Small,0.9993065595626831,0.0006920017185620964,1.623011485207826e-07,1.325888661085628e-06
2025-09-05/IMG_1299.JPG,Very Small,Very Small,0.9998972415924072,0.00010275388922309503,1.88060891304076e-08,1.3503926865610083e-09
2025-08-07/IMG_9625.JPG,Large,Large,0.0007232727366499603,0.00015043935854919255,0.028768358752131462,0.9703578948974609
2025-09-05/IMG_1160.JPG,Medium,Medium,1.6808564396342263e-05,0.007919578813016415,0.9919849634170532,7.864762301323935e-05
2025-08-07/IMG_9487.JPG,Small,Small,0.0008297053864225745,0.9991703033447266,1.0521020499254519e-08,5.72746060648055e-13
2025-09-29/IMG_1937.JPG,Very Small,Very Small,0.9996448755264282,0.0003550852125044912,6.974887334365576e-10,1.8403942259048733e-10
2025-09-29/IMG_1835.JPG,Small,Small,2.751540023382404e-06,0.9999881982803345,9.001994840218686e-06,8.458134908607973e-13
2025-08-22/IMG_9953.JPG,Very Small,Very Small,1.0,5.322156582110438e-08,3.5556065470371268e-12,1.9127026351650755e-12
2025-08-22/IMG_9843.JPG,Large,Large,0.0005813121097162366,3.4034066629828885e-05,0.001375705236569047,0.9980090260505676
2025-08-07/IMG_9125.JPG,Small,Small,2.151776061509736e-05,0.9997394680976868,0.00023900464293546975,5.48564145497199e-11
2025-09-05/IMG_1076.JPG,Small,Small,2.051826442084348e-07,0.9989182949066162,0.0010815641144290566,2.7639832696907396e-12
2025-09-05/IMG_1506.JPG,Small,Small,3.040630645045894e-07,0.9969131946563721,0.003086458658799529,1.835070116695814e-11
2025-09-05/IMG_0821.JPG,Small,Small,1.154177311946114e-06,0.9988507032394409,0.0011480742832645774,4.5180297003621916e-11
2025-08-22/IMG_9744.JPG,Small,Small,0.0003839427081402391,0.9995597004890442,5.630877785733901e-05,4.917015683503223e-10
2025-09-05/IMG_1211.JPG,Small,Small,0.0005814370233565569,0.9994180202484131,5.452417326523573e-07,3.928865913160884e-11
2025-08-22/IMG_9919.JPG,Very Small,Very Small,0.9999873638153076,1.264294496650109e-05,7.098503371476966e-14,5.2838599652344637e-14
2025-09-05/IMG_1355.JPG,Small,Small,0.0023013977333903313,0.996313750743866,0.0013848448870703578,3.3373929397839674e-08
2025-09-29/IMG_1782.JPG,Small,Small,1.440180312783923e-06,0.9999938011169434,4.800216629519127e-06,1.2062239770384287e-13
2025-09-29/IMG_1717.JPG,Medium,Medium,1.0212562528977287e-06,0.0009491466335020959,0.9990413784980774,8.35279297461966e-06
2025-09-29/IMG_1883.JPG,Small,Small,0.0005095428205095232,0.9994901418685913,2.909311547227844e-07,2.6850474968420635e-12
2025-09-05/IMG_0818.JPG,Small,Small,3.16860168823041e-05,0.9991127848625183,0.0008555192616768181,4.894237237706989e-10
2025-09-05/IMG_1367.JPG,Small,Small,0.00012446963228285313,0.9993064403533936,0.0005691381520591676,1.5234084216331212e-08
2025-08-07/IMG_9640.JPG,Large,Large,0.0005741009954363108,5.6751778174657375e-05,0.003490552306175232,0.9958785772323608
2025-08-22/IMG_9787.JPG,Very Small,Very Small,0.99998939037323,1.0572890460025519e-05,6.204710356616516e-11,9.293438241186891e-10
2025-09-05/IMG_1189.JPG,Small,Small,0.0004130260495003313,0.9982200264930725,0.0013669765321537852,2.2648223296783954e-09
2025-09-05/IMG_1524.JPG,Small,Small,0.003680128837004304,0.9961672425270081,0.00015256050392054021,1.545948435932587e-08
2025-08-22/IMG_0229.JPG,Small,Small,0.0011557367397472262,0.9988424181938171,1.9306673948449316e-06,1.4875600751196316e-09
2025-09-29/IMG_1805.JPG,Very Small,Very Small,0.999930739402771,6.924137414898723e-05,1.4100741907441261e-08,3.31708456258184e-08
2025-09-29/IMG_1754.JPG,Very Small,Very Small,0.9997560381889343,0.00024235463934019208,2.953244120362797e-07,1.3233867548478884e-06
2025-08-07/IMG_9686.JPG,Medium,Medium,5.352418520487845e-05,0.0007584979175589979,0.9874326586723328,0.01175530906766653
2025-08-07/IMG_9634.JPG,Large,Large,0.0007458730833604932,6.94559421390295e-05,0.004979759454727173,0.9942049384117126
2025-09-05/IMG_1472.JPG,Large,Large,0.0003853453090414405,0.0001553375623188913,0.043672654777765274,0.9557867050170898
2025-08-07/IMG_9240.JPG,Very Small,Very Small,0.9917776584625244,0.008220498450100422,3.4807791848834313e-07,1.4927427400834858e-06
2025-09-29/IMG_1766.JPG,Medium,Medium,3.001311824846198e-06,0.001943731214851141,0.9980393052101135,1.4056116924621165e-05
2025-08-22/IMG_0136.JPG,Very Small,Very Small,0.9998730421066284,0.00012698890350293368,1.7917707317849363e-09,6.312954159426454e-09
2025-09-29/IMG_1672.JPG,Small,Small,0.0001659225526964292,0.9997479319572449,8.613344107288867e-05,3.406677606676567e-09
2025-08-07/IMG_9455.JPG,Small,Small,2.656512378962361e-07,0.9982976317405701,0.001702107721939683,1.6038901977377673e-12
2025-08-22/IMG_9880.JPG,Small,Small,4.027331215183949e-06,0.9995562434196472,0.00043965879012830555,1.4409934356862664e-10
2025-08-07/IMG_9447.JPG,Very Small,Very Small,0.9994382262229919,0.0005432700272649527,2.6731763682619203e-06,1.591638101672288e-05
2025-08-07/IMG_9469.JPG,Medium,Medium,4.9286782655144634e-08,0.0028557435143738985,0.9971441626548767,6.46179145746828e-08
2025-08-22/IMG_0203.JPG,Medium,Medium,1.5611860249009624e-08,0.002680019475519657,0.9973199963569641,3.95887234105885e-08
2025-08-22/IMG_0107.JPG,Very Small,Very Small,0.9968761205673218,0.003123570466414094,2.890199652938463e-07,3.738992404578312e-08
2025-09-05/IMG_1302.JPG,Small,Small,1.3284377928357571e-05,0.999970555305481,1.6209722161875106e-05,1.9844119836937013e-12
2025-09-05/IMG_1173.JPG,Very Small,Very Small,0.9999797344207764,2.028892413363792e-05,2.2081092510006783e-10,1.0842337028194038e-09
2025-09-29/IMG_1869.JPG,Small,Small,0.00012343919661361724,0.9998719692230225,4.568237272906117e-06,2.0170290784826683e-11
2025-08-22/IMG_9781.JPG,Very Small,Very Small,0.9991493225097656,0.0008506175363436341,7.117911815512912e-10,1.189618292762873e-09
2025-09-05/IMG_1196.JPG,Very Small,Very Small,0.9995728135108948,0.0003596605674829334,4.053739758091979e-06,6.345247675199062e-05
2025-08-07/IMG_9555.JPG,Medium,Medium,8.394282303925138e-06,0.0010673084761947393,0.9982286095619202,0.0006956762517802417
2025-09-29/IMG_1678.JPG,Small,Small,2.931004019046668e-05,0.999911904335022,5.8738132793223485e-05,1.5580364776113242e-10
2025-08-07/IMG_9219.JPG,Medium,Medium,1.681023604760412e-07,0.0010928604751825333,0.9989058971405029,1.077904357771331e-06
2025-08-22/IMG_9930.JPG,Very Small,Very Small,0.9999996423721313,3.776177948111581e-07,5.999875211460184e-14,1.3898391714849828e-13
2025-08-07/IMG_9155.JPG,Small,Small,1.9583114863053197e-07,0.9998517036437988,0.0001481210783822462,7.218146978564544e-13
2025-09-05/IMG_1437.JPG,Very Small,Very Small,0.9950360655784607,0.00496368994936347,6.90679939907568e-08,6.813129971305898e-08
2025-08-22/IMG_0073.JPG,Small,Small,2.8546066459966823e-05,0.999541163444519,0.0004303141904529184,7.09292791167826e-10
2025-09-29/IMG_1748.JPG,Very Small,Very Small,0.9999994039535522,6.142325332803011e-07,3.0122657840303546e-12,2.6618023757363218e-11
2025-08-07/IMG_9690.JPG,Large,Large,0.00045171400415711105,4.512516170507297e-05,0.004197111818939447,0.9953060746192932
2025-08-22/IMG_9954.JPG,Very Small,Very Small,0.9999784231185913,2.1574156562564895e-05,1.026271082005259e-11,2.5660555494702586e-13
2025-09-05/IMG_0864.JPG,Small,Small,3.4188056474704354e-07,0.995640754699707,0.004358877893537283,5.760843625052248e-12
2025-08-07/IMG_9162.JPG,Very Small,Very Small,0.9999294281005859,7.05224956618622e-05,7.916021354040237e-13,9.931207332197767e-13
2025-08-07/IMG_9237.JPG,Medium,Medium,9.831904208112974e-06,0.0007079342030920088,0.9957999587059021,0.003482194384559989
2025-09-05/IMG_1230.JPG,Small,Small,8.816795161692426e-05,0.9999117851257324,9.486588936624685e-08,6.577129520266706e-14
2025-09-05/IMG_1580.JPG,Small,Small,8.868733857525513e-06,0.9992068409919739,0.0007843200583010912,2.221312578321033e-10
2025-09-05/IMG_0865.JPG,Very Small,Very Small,0.9995230436325073,0.0004769260121975094,6.542539843223949e-09,6.297953092371245e-08
2025-09-05/IMG_0945.JPG,Medium,Medium,3.7685847473767353e-06,0.0060593076050281525,0.9937828183174133,0.0001540916127851233
2025-08-07/IMG_9683.JPG,Large,Large,0.0005744221271015704,3.279982411186211e-05,0.0011563262669369578,0.9982364177703857
2025-09-29/IMG_1724.JPG,Medium,Medium,4.792760819327668e-07,0.0014076994266360998,0.9985878467559814,3.957910394092323e-06
2025-09-05/IMG_1118.JPG,Medium,Medium,1.1466345739563621e-07,0.0011309260735288262,0.9988682270050049,7.929589855848462e-07
2025-09-05/IMG_1535.JPG,Small,Small,9.30379974306561e-06,0.9979859590530396,0.0020047405268996954,2.0840582592995816e-09
2025-09-05/IMG_0815.JPG,Very Small,Very Small,0.9995743632316589,0.000425549951614812,2.805792753690639e-08,7.097651177900843e-08
2025-08-07/IMG_9421.JPG,Small,Small,0.00011961449490627274,0.9988020658493042,0.0010783071629703045,2.093060480490294e-08
2025-09-29/IMG_1718.JPG,Small,Small,0.00013599472003988922,0.9998631477355957,8.552395343031094e-07,2.422431873150277e-11
2025-09-05/IMG_1181.JPG,Medium,Medium,4.8644276830600575e-05,0.010870901867747307,0.9890572428703308,2.319979466847144e-05
2025-08-22/IMG_9733.JPG,Small,Small,0.001155204838141799,0.998832643032074,1.210480786539847e-05,4.982977364065277e-10
2025-09-05/IMG_1080.JPG,Medium,Medium,1.970033054021769e-06,0.00237685302272439,0.9976115226745605,9.607370884623379e-06
2025-09-29/IMG_1729.JPG,Very Small,Very Small,0.999995231628418,4.716964213002939e-06,6.183908940471383e-10,1.990191123013574e-09
2025-08-22/IMG_0022.JPG,Very Small,Very Small,0.9993361830711365,0.0006637133774347603,2.1712402542561904e-08,4.460792624172427e-08
2025-08-07/IMG_9709.JPG,Large,Large,0.00046172988368198276,2.7097839847556315e-05,0.0015932536916807294,0.9979179501533508
2025-08-22/IMG_9912.JPG,Small,Small,0.001798354322090745,0.9975101947784424,0.0006914441473782063,1.9053986832773262e-08
2025-08-22/IMG_9763.JPG,Very Small,Very Small,0.9999299049377441,7.01208773534745e-05,1.7370066496269487e-10,8.874266599345759e-11
2025-09-29/IMG_1742.JPG,Small,Small,1.4006315041115158e-06,0.9999377727508545,6.077788202674128e-05,4.091675186602278e-13
2025-09-05/IMG_1208.JPG,Small,Small,0.009948072955012321,0.9895723462104797,0.00047835931763984263,1.171242388409155e-06
2025-08-07/IMG_9706.JPG,Large,Large,0.00047984212869778275,6.19385318714194e-05,0.005032036453485489,0.9944262504577637
2025-09-05/IMG_1477.JPG,Small,Small,1.7699772797641344e-05,0.9987539052963257,0.001228407840244472,3.049015617762052e-08
2025-09-05/IMG_1562.JPG,Very Small,Very Small,0.9988042116165161,0.0011957586975768209,3.815443620769354e-12,1.589887889310443e-13
2025-09-05/IMG_0961.JPG,Small,Small,2.05583052803604e-08,0.9999045133590698,9.546168439555913e-05,1.4986902235718247e-13
2025-09-05/IMG_0872.JPG,Small,Small,0.00011194169201189652,0.999871015548706,1.7079270037356764e-05,7.632375287336401e-11
2025-09-05/IMG_0914.JPG,Small,Small,0.0015191180864349008,0.9984558820724487,2.494875661795959e-05,9.263395606140534e-10
2025-09-29/IMG_1907.JPG,Very Small,Very Small,0.9987766146659851,0.0012230842839926481,1.969321914430111e-07,7.326187301259779e-08
2025-08-22/IMG_0253.JPG,Medium,Medium,5.040610062678752e-08,0.00034230007440783083,0.9996570348739624,7.172179721237626e-07
2025-09-05/IMG_1093.JPG,Medium,Medium,2.0303059500292875e-06,0.0008847679710015655,0.9991006851196289,1.2595081898325589e-05
2025-08-22/IMG_0098.JPG,Very Small,Very Small,0.9998798370361328,0.00012011366925435141,6.86952317252576e-09,9.70648272868857e-09
2025-08-07/IMG_9698.JPG,Large,Large,0.0006619859486818314,0.00011491458280943334,0.013545775786042213,0.9856773614883423
2025-09-05/IMG_1214.JPG,Small,Small,0.010778904892504215,0.9892081618309021,1.2898745808342937e-05,3.48647759551568e-08
2025-09-29/IMG_1916.JPG,Very Small,Very Small,0.9999082088470459,9.178482287097722e-05,7.657525169513235e-10,1.4246342994184147e-09
2025-09-05/IMG_1184.JPG,Very Small,Very Small,0.9997528195381165,0.0002470766194164753,2.1400934357984625e-08,9.899770248011919e-08
2025-08-07/IMG_9532.JPG,Medium,Medium,6.922130705788732e-05,0.0027153652627021074,0.9948306679725647,0.0023846738040447235
2025-09-29/IMG_1876.JPG,Very Small,Very Small,0.9999903440475464,9.597200914868154e-06,6.784719314145704e-11,1.4369991307994212e-10
2025-09-05/IMG_1006.JPG,Very Small,Very Small,0.9997686743736267,0.00023135441006161273,3.4898722366810686e-13,7.0508572599741436e-15
2025-09-05/IMG_1064.JPG,Very Small,Very Small,0.9991763234138489,0.0008234671549871564,6.123299556293205e-08,2.5966629735307833e-08
2025-09-05/IMG_1584.JPG,Very Small,Very Small,0.9983888864517212,0.0016111565055325627,4.653770424578596e-10,3.8177162819952315e-11
2025-09-05/IMG_1497.JPG,Small,Small,2.8970659968763357e-06,0.9999502897262573,4.68386169814039e-05,1.0701764127651892e-11
2025-09-05/IMG_1539.JPG,Very Small,Very Small,0.9998761415481567,0.00012378393148537725,1.1941769795242863e-09,2.648184782572116e-09
2025-08-22/IMG_9986.JPG,Very Small,Very Small,0.9999570846557617,4.286773400963284e-05,1.1585097464683614e-10,7.023531201078015e-10
2025-09-05/IMG_0822.JPG,Small,Small,0.002149095293134451,0.9970436692237854,0.0008072834461927414,8.607745627386976e-10
2025-08-07/IMG_9172.JPG,Small,Small,8.251831604866311e-05,0.9994645714759827,0.00045295312884263694,2.7846862593605692e-09
2025-09-05/IMG_1597.JPG,Very Small,Very Small,0.9998021721839905,0.00019790022633969784,1.864499665771291e-10,1.0074804705773044e-11
2025-08-07/IMG_9548.JPG,Medium,Medium,5.790737850475125e-05,0.01817680522799492,0.9817075729370117,5.7612785894889385e-05
2025-08-22/IMG_9767.JPG,Small,Small,2.5888193704304285e-06,0.9996498823165894,0.00034749144106172025,1.6040767672476086e-11
2025-09-05/IMG_1100.JPG,Medium,Medium,4.023439942102414e-06,0.005243881139904261,0.9947333335876465,1.8807420929078944e-05
2025-09-29/IMG_1767.JPG,Small,Small,3.5999864849145524e-06,0.9999806880950928,1.5755227650515735e-05,1.9640714835761353e-12
2025-09-05/IMG_1486.JPG,Large,Large,0.0004014900478068739,0.00014256034046411514,0.03885146230459213,0.9606044292449951
2025-08-07/IMG_9515.JPG,Small,Small,8.743495709495619e-05,0.9998250603675842,8.751846326049417e-05,1.285278827811709e-10
2025-09-05/IMG_0805.JPG,Medium,Medium,3.5298903799940717e-09,5.4372052545659244e-05,0.9999455213546753,4.828961408520627e-08
2025-09-29/IMG_1682.JPG,Small,Small,1.665176796450396e-06,0.9994155168533325,0.0005828557768836617,1.3206712633218043e-11
2025-09-29/IMG_1780.JPG,Small,Small,8.243628712989448e-07,0.9997201561927795,0.0002789483405649662,1.6953858022333845e-12
2025-08-07/IMG_9231.JPG,Small,Small,0.00020342133939266205,0.988720715045929,0.011075718328356743,8.084757041615376e-08
2025-08-22/IMG_0109.JPG,Small,Small,0.0005706407828256488,0.9993106126785278,0.0001187272064271383,2.927699416233054e-09
2025-08-22/IMG_9742.JPG,Small,Small,7.219349936349317e-05,0.9996519088745117,0.0002759421768132597,8.952439484177788e-11
2025-09-29/IMG_1708.JPG,Small,Small,1.298476490774192e-05,0.9999847412109375,2.3291950128623284e-06,3.512172323805185e-12
2025-08-22/IMG_0195.JPG,Small,Small,2.1943234784771448e-08,0.9999510049819946,4.8949470510706306e-05,2.665840706278684e-14
2025-09-05/IMG_1494.JPG,Small,Small,0.00013306195614859462,0.9967952370643616,0.003071726066991687,1.510160707596242e-08
2025-08-22/IMG_9967.JPG,Very Small,Very Small,0.999724805355072,0.00027521903393790126,9.436988950700664e-13,1.741430757191617e-13
2025-09-29/IMG_1764.JPG,Small,Small,1.2986477486265358e-05,0.9999868869781494,8.041961763183281e-08,1.704941119924988e-13
2025-09-05/IMG_1598.JPG,Small,Small,0.008948083035647869,0.9850555658340454,0.005990415811538696,5.969147423456889e-06
2025-09-05/IMG_0903.JPG,Small,Small,7.751135910893936e-08,0.9946029782295227,0.005396966822445393,2.197076505103257e-12
2025-09-05/IMG_0901.JPG,Medium,Medium,4.5618995159202314e-07,0.0008782841032370925,0.9991044402122498,1.676074680290185e-05
2025-09-05/IMG_0813.JPG,Medium,Medium,1.8020483594227699e-07,0.0005605070618912578,0.9994358420372009,3.360540858921013e-06
2025-08-22/IMG_9993.JPG,Very Small,Very Small,0.9992695450782776,0.0007304243627004325,1.5425433153026802e-09,1.5086940585717912e-09
2025-09-05/IMG_1408.JPG,Medium,Medium,4.225208982688855e-08,0.00047967428690753877,0.9995198249816895,4.913105726700451e-07
2025-09-05/IMG_0797.JPG,Small,Small,0.0005581281729973853,0.9994418025016785,6.080980607947595e-09,6.31970983790836e-13
2025-08-07/IMG_9551.JPG,Medium,Medium,0.0005534137017093599,0.03026599995791912,0.9679273366928101,0.001253225957043469
2025-09-05/IMG_1572.JPG,Medium,Medium,6.309684295047191e-07,0.007040680851787329,0.9929567575454712,2.0013505945826182e-06
2025-09-05/IMG_1394.JPG,Medium,Medium,1.0643584573699627e-06,0.0004822865594178438,0.999396800994873,0.00011977626127190888
2025-09-29/IMG_1923.JPG,Very Small,Very Small,0.9897331595420837,0.01026685256510973,2.6255053242607573e-08,1.8967808657066598e-08
2025-08-22/IMG_0294.JPG,Medium,Medium,5.123229129821993e-06,0.003456477075815201,0.9964271187782288,0.00011134280066471547
2025-08-22/IMG_9775.JPG,Very Small,Very Small,0.9998641014099121,0.00013590033631771803,1.653985244121428e-13,2.750435784074773e-13
2025-08-07/IMG_9159.JPG,Small,Small,0.00013517658226191998,0.9960266351699829,0.0038381279446184635,7.490694287071165e-08
2025-08-22/IMG_0262.JPG,Small,Small,5.321840581018478e-05,0.9998589754104614,8.776566392043605e-05,1.834696561342497e-10
2025-08-07/IMG_9605.JPG,Small,Small,9.919274646108533e-08,0.999855637550354,0.00014418462524190545,5.295232568397479e-13
2025-09-05/IMG_1000.JPG,Very Small,Very Small,0.9989836812019348,0.001016284222714603,1.1262060728434165e-11,3.9205101838579726e-12
2025-08-07/IMG_9685.JPG,Medium,Medium,3.3881258332257858e-06,0.00024231840507127345,0.9990509152412415,0.0007034116424620152
2025-08-22/IMG_0234.JPG,Very Small,Very Small,0.9995212554931641,0.0004787443031091243,1.533791149643804e-10,9.534272260580678e-10
2025-09-29/IMG_1843.JPG,Small,Small,5.611637243418954e-05,0.9999438524246216,1.6600626429053023e-09,6.14451887740136e-15
2025-09-05/IMG_1526.JPG,Small,Small,4.017130322608864e-06,0.9999897480010986,6.197059065016219e-06,1.8707568317805762e-13
2025-09-05/IMG_1307.JPG,Small,Small,1.3675317234174145e-07,0.9999902248382568,9.628782208892517e-06,1.3763800212410193e-13
2025-08-22/IMG_0161.JPG,Small,Small,9.15412419999484e-06,0.9999016523361206,8.920932305045426e-05,1.0049748533358382e-10
2025-08-22/IMG_0138.JPG,Very Small,Very Small,0.9999911785125732,8.768703082751017e-06,5.010020731610609e-10,3.38808336941554e-09
2025-08-22/IMG_9750.JPG,Medium,Medium,4.380960490379948e-06,0.0009060112643055618,0.9989676475524902,0.00012194865121273324
2025-08-22/IMG_9884.JPG,Medium,Medium,1.369319193145202e-06,0.0005083021242171526,0.9994526505470276,3.774177093873732e-05
2025-08-22/IMG_9862.JPG,Very Small,Very Small,0.999241828918457,0.0007561534876003861,1.6344513653621107e-07,1.952891352630104e-06
2025-09-29/IMG_1719.JPG,Very Small,Very Small,0.9966478943824768,0.003330529434606433,4.2772653614520095e-06,1.7337983081233688e-05
2025-09-05/IMG_0926.JPG,Small,Small,0.00046846221084706485,0.9991912245750427,0.0003402844595257193,7.512110933305394e-09
2025-08-22/IMG_0121.JPG,Very Small,Very Small,0.9977973699569702,0.002202643547207117,7.442713556571334e-09,1.5318601498393036e-08
2025-09-05/IMG_1030.JPG,Very Small,Very Small,0.9998224377632141,0.0001774296397343278,8.422691877285615e-08,9.189108851614947e-08
2025-08-22/IMG_0242.JPG,Very Small,Very Small,0.9999679327011108,3.201235449523665e-05,7.107456845290017e-10,6.843474231743585e-09
2025-09-05/IMG_1105.JPG,Medium,Medium,1.1099643415946048e-05,0.0016759490827098489,0.9981119632720947,0.00020105308794882149
2025-08-22/IMG_9918.JPG,Very Small,Very Small,0.9999884366989136,1.1581358194234781e-05,1.2544949616870998e-13,1.5778531096705822e-13
2025-09-05/IMG_1155.JPG,Small,Small,1.737503771437332e-05,0.9999504089355469,3.217992707504891e-05,7.88253230049607e-12
2025-09-05/IMG_0931.JPG,Medium,Medium,3.568624015315436e-05,0.001786725944839418,0.9976569414138794,0.0005206727655604482
2025-08-22/IMG_9946.JPG,Very Small,Very Small,0.9999967813491821,3.213822083125706e-06,6.134445114559664e-15,1.3335859516292944e-14
2025-09-05/IMG_1289.JPG,Very Small,Very Small,0.9999774694442749,2.2562073354492895e-05,5.874227319846437e-12,2.9081348874165913e-13
2025-09-05/IMG_1560.JPG,Small,Small,2.0878213035757653e-05,0.9999557733535767,2.3294842321774922e-05,9.38284779733456e-12
2025-08-22/IMG_0050.JPG,Medium,Medium,2.1302818709045823e-07,0.009578082710504532,0.9904215335845947,9.330756256531458e-08
2025-09-29/IMG_1832.JPG,Small,Small,0.0003830318746622652,0.9996111989021301,5.808355126646347e-06,8.618721708542054e-11
2025-08-22/IMG_0089.JPG,Medium,Medium,1.0370149539085105e-06,0.0019285196904093027,0.9980670809745789,3.2823527362779714e-06
2025-09-05/IMG_0981.JPG,Very Small,Very Small,0.9988085031509399,0.0011915507493540645,3.3831082379975896e-09,3.5983116486448807e-10
2025-08-22/IMG_0280.JPG,Medium,Medium,2.2022646817276836e-08,0.00036156928399577737,0.9996381998062134,2.254050173178257e-07
2025-08-07/IMG_9176.JPG,Medium,Medium,4.652456198073196e-07,0.005576493684202433,0.9944209456443787,2.05738547265355e-06
2025-09-05/IMG_1568.JPG,Small,Small,7.777937753417064e-06,0.9999885559082031,3.6168771657685284e-06,6.909218748345214e-13
2025-09-05/IMG_1457.JPG,Small,Small,0.006927004083991051,0.9821082353591919,0.010959908366203308,4.7948124120011926e-06
2025-09-05/IMG_1169.JPG,Very Small,Very Small,0.9990693926811218,0.0009298718650825322,2.678033013125969e-07,5.433187197922962e-07
2025-09-05/IMG_1603.JPG,Medium,Medium,1.047724890668178e-05,0.0026270414236932993,0.996687114238739,0.0006754486821591854
2025-09-29/IMG_1892.JPG,Medium,Medium,9.206987306242809e-05,0.005316392984241247,0.9874228239059448,0.00716873025521636
2025-08-07/IMG_9467.JPG,Medium,Medium,1.687287112872582e-05,0.0004111200396437198,0.9987550973892212,0.0008168311906047165
2025-09-05/IMG_0983.JPG,Very Small,Very Small,0.9993090629577637,0.0006908985669724643,2.2921026188171822e-10,6.591228257635251e-11
2025-09-05/IMG_1277.JPG,Small,Small,0.0002348382113268599,0.9996751546859741,9.000769932754338e-05,2.53901455415928e-10
2025-09-29/IMG_1741.JPG,Small,Small,7.970162130277458e-08,0.9999451637268066,5.4736377933295444e-05,1.1639159688131562e-13
2025-09-05/IMG_1400.JPG,Small,Small,2.6671157726809724e-08,0.9999645948410034,3.535078576533124e-05,4.939246050600062e-15
2025-08-07/IMG_9167.JPG,Very Small,Very Small,0.9982855916023254,0.001714283018372953,4.029610067846079e-08,1.0512273007634576e-07
2025-09-05/IMG_1055.JPG,Very Small,Very Small,0.9990935325622559,0.0009064961923286319,1.8267666490601187e-08,1.3259334963322544e-08
2025-09-05/IMG_1346.JPG,Small,Small,5.6966459851537365e-06,0.9999885559082031,5.795815013698302e-06,5.815003155645176e-14
2025-09-29/IMG_1713.JPG,Medium,Medium,2.3662933017476462e-05,0.007896358147263527,0.9920411705970764,3.886363629135303e-05
2025-08-22/IMG_9972.JPG,Very Small,Very Small,0.9996223449707031,0.0003776670782826841,8.747274904408187e-09,1.1777746555807767e-09
2025-08-22/IMG_9736.JPG,Medium,Medium,2.6643898308975622e-05,0.009457562118768692,0.9904820919036865,3.357838068041019e-05
2025-08-22/IMG_0051.JPG,Very Small,Very Small,0.9996904134750366,0.0003064205520786345,2.941109869425418e-06,1.6552256454360759e-07
2025-08-07/IMG_9088.JPG,Small,Small,0.0001153356206486933,0.9998816251754761,3.05462276628532e-06,4.9512655260486316e-12
2025-09-05/IMG_1441.JPG,Very Small,Very Small,0.9998136162757874,0.0001863680372480303,4.375263207290203e-10,3.528334069358152e-09
2025-09-29/IMG_1951.JPG,Small,Small,0.0002002014225581661,0.999795138835907,4.70412987851887e-06,4.0522521449481985e-10
2025-09-05/IMG_1017.JPG,Very Small,Very Small,0.9997337460517883,0.00026629577041603625,8.590235467398344e-11,2.2302357443465537e-12
2025-09-05/IMG_1125.JPG,Medium,Medium,9.663395985626266e-07,0.004026348702609539,0.9959684610366821,4.22632047047955e-06
2025-09-05/IMG_0982.JPG,Small,Small,0.0018192293355241418,0.9910235404968262,0.007156365551054478,8.749179301048571e-07
2025-08-22/IMG_0214.JPG,Medium,Medium,8.03287036887923e-07,0.004051355179399252,0.9959425330162048,5.250142294244142e-06
2025-08-22/IMG_0252.JPG,Small,Small,7.104055839590728e-06,0.9999927282333374,1.5405905173793144e-07,2.771297731227196e-12
2025-09-05/IMG_1585.JPG,Medium,Medium,0.00046433103852905333,0.008203101344406605,0.9585797190666199,0.03275291994214058
2025-08-22/IMG_0074.JPG,Very Small,Very Small,0.9999762773513794,2.3749409592710435e-05,7.751106700926158e-11,5.238272662855259e-11
2025-08-07/IMG_9584.JPG,Medium,Medium,4.943671228829771e-06,0.0020194489043205976,0.9978995323181152,7.595651550218463e-05
2025-08-07/IMG_9522.JPG,Small,Small,0.0009221251821145415,0.9969581365585327,0.0021172401029616594,2.5240324248443358e-06
2025-09-29/IMG_1674.JPG,Small,Small,4.912492954645131e-07,0.9978027939796448,0.002196693792939186,2.1607639288934166e-11
2025-09-05/IMG_1293.JPG,Small,Small,2.2933272703085095e-05,0.999942421913147,3.4680357202887535e-05,7.003458685379826e-13
2025-09-05/IMG_1205.JPG,Medium,Medium,1.1107586942671333e-05,0.000599830353166908,0.9977885484695435,0.0016005478100851178
2025-08-07/IMG_9262.JPG,Small,Small,3.41223582722705e-08,0.9998156428337097,0.00018431646458338946,2.499750081409735e-13
2025-09-05/IMG_1442.JPG,Very Small,Very Small,0.9966360330581665,0.003363935276865959,2.349046512861719e-09,5.484213083661871e-09
2025-09-29/IMG_1870.JPG,Small,Small,9.712229257274885e-06,0.9999876022338867,2.7026169391319854e-06,1.6802530504109181e-12
2025-09-05/IMG_0953.JPG,Small,Small,1.0318942855747082e-07,0.9999704360961914,2.9503275072784163e-05,2.0892697836540075e-13
2025-09-05/IMG_1109.JPG,Small,Small,0.00012173760478617623,0.9998346567153931,4.360836464911699e-05,1.6942207359260664e-10
2025-09-05/IMG_1007.JPG,Small,Small,2.9794187867082655e-05,0.9985530972480774,0.001417087041772902,3.2716282460931723e-10
2025-08-22/IMG_0043.JPG,Small,Small,7.967143574205693e-06,0.9996950626373291,0.0002969694323837757,1.7844395405752778e-10
2025-08-07/IMG_9608.JPG,Large,Large,0.0005545757012441754,4.164160054642707e-05,0.002526358002796769,0.9968774318695068
2025-09-05/IMG_1569.JPG,Very Small,Very Small,0.9999995231628418,5.302267140905315e-07,8.205635823599344e-12,2.3902194459801684e-11
2025-08-22/IMG_0278.JPG,Small,Small,1.0943805136776064e-05,0.999975323677063,1.3704945558856707e-05,1.1628865188503812e-12
2025-08-22/IMG_9782.JPG,Very Small,Very Small,0.9999037981033325,9.613797737983987e-05,5.835665839448723e-10,2.9144788804558175e-09
2025-08-07/IMG_9214.JPG,Small,Small,7.73496794863604e-05,0.9998192191123962,0.00010351656237617135,1.1811068789668866e-09
2025-08-22/IMG_9939.JPG,Small,Small,0.0011538707185536623,0.9987309575080872,0.00011515027290442958,2.2632551388568345e-10
2025-08-22/IMG_0183.JPG,Small,Small,4.545968840830028e-05,0.9996761083602905,0.0002785056713037193,1.7362244975061003e-10
2025-08-22/IMG_9960.JPG,Very Small,Very Small,0.9995977282524109,0.00040227349381893873,2.899785966903323e-10,4.690629482051456e-11
2025-09-05/IMG_0913.JPG,Small,Small,0.003039427800104022,0.9967169165611267,0.00024360936367884278,4.8914447603465305e-08
2025-09-29/IMG_1700.JPG,Small,Small,5.0629560064408e-06,0.9976305961608887,0.002364268759265542,4.1684283802467803e-10
2025-09-05/IMG_1399.JPG,Medium,Medium,3.2931131155322646e-09,0.00256914715282619,0.9974308609962463,4.178237311691646e-09
2025-08-07/IMG_9411.JPG,Small,Small,0.00266586453653872,0.9972354769706726,9.869387577055022e-05,3.6163530836574864e-08
2025-09-05/IMG_0991.JPG,Medium,Medium,3.7791374779772013e-05,0.01981046423316002,0.9799832701683044,0.00016846547077875584
2025-08-22/IMG_0124.JPG,Very Small,Very Small,0.9999847412109375,1.526892083347775e-05,2.1936336080941032e-10,5.744111852834521e-10
2025-08-07/IMG_9636.JPG,Large,Large,0.0005246244254522026,3.1649360607843846e-05,0.0017114141955971718,0.9977322816848755
2025-09-05/IMG_1172.JPG,Very Small,Very Small,0.9998713731765747,0.00012648456322494894,1.2124667136959033e-07,1.9587155293265823e-06
2025-09-05/IMG_1014.JPG,Medium,Medium,4.23015262640547e-05,0.010500887408852577,0.9893576502799988,9.915054397424683e-05
2025-08-07/IMG_9460.JPG,Small,Small,1.880600052572845e-06,0.9999973773956299,7.327258799705305e-07,4.511416197214291e-13
2025-09-05/IMG_1167.JPG,Very Small,Very Small,0.9999868869781494,1.3161416973161977e-05,2.815129795941118e-10,1.7316216238683069e-09
2025-09-05/IMG_1210.JPG,Very Small,Very Small,0.9999653100967407,3.453349199844524e-05,4.463087677208932e-09,1.056706082636083e-07
2025-08-22/IMG_0038.JPG,Small,Small,3.1673133094045625e-07,0.9999942779541016,5.445438091555843e-06,7.94248428961572e-14
2025-09-05/IMG_1466.JPG,Very Small,Very Small,0.9824426174163818,0.017398837953805923,4.362423351267353e-05,0.00011497117520775646
2025-09-05/IMG_1239.JPG,Small,Small,1.5172105349847698e-07,0.9987964630126953,0.001203312654979527,1.050411385476735e-12
2025-08-22/IMG_9873.JPG,Medium,Medium,4.243073362886207e-06,0.0003432642843108624,0.9985565543174744,0.001095846644602716
2025-09-05/IMG_1016.JPG,Small,Small,2.86371105175931e-05,0.9998966455459595,7.474929589079693e-05,9.395280387014537e-11
2025-08-22/IMG_0251.JPG,Very Small,Very Small,0.9999991655349731,8.767488566263637e-07,6.976262015984114e-12,1.926340892355327e-10
2025-08-07/IMG_9147.JPG,Small,Small,3.5502598620951176e-05,0.9994062185287476,0.0005582507001236081,6.048165301919539e-10
2025-09-29/IMG_1787.JPG,Very Small,Very Small,0.998455286026001,0.0015446703182533383,8.773317183852214e-09,4.5404323856246265e-08
2025-09-05/IMG_1201.JPG,Very Small,Very Small,0.9977232813835144,0.002276732586324215,5.7822393983997245e-08,1.9173453935650286e-08
2025-09-05/IMG_1019.JPG,Small,Small,3.3456680625931767e-07,0.9998394250869751,0.00016022659838199615,8.813872483422192e-14
2025-09-05/IMG_1500.JPG,Small,Small,4.752465429191943e-06,0.9988585710525513,0.0011367053957656026,1.310013902910967e-10
2025-09-29/IMG_1747.JPG,Very Small,Very Small,0.9999121427536011,8.733764116186649e-05,7.372329235977304e-08,3.4058174946949293e-07
2025-09-05/IMG_0820.JPG,Medium,Medium,6.859126244762592e-08,0.0022123889066278934,0.997787356376648,1.7326146917184815e-07
2025-08-22/IMG_0287.JPG,Medium,Medium,1.1798841796917259e-06,0.0025381746236234903,0.9974367022514343,2.3968241293914616e-05
2025-08-22/IMG_9861.JPG,Small,Small,9.621883236832218e-07,0.99991774559021,8.127273031277582e-05,2.8119698410045135e-12
2025-09-05/IMG_1336.JPG,Small,Small,1.058752303606525e-07,0.9999886751174927,1.119564058171818e-05,1.0118544457177192e-13
2025-09-29/IMG_1712.JPG,Small,Small,9.793917342904024e-06,0.9999709129333496,1.9295124729978852e-05,1.58133402206051e-11
2025-09-05/IMG_1204.JPG,Medium,Medium,5.0404828471073415e-06,0.00020011872402392328,0.9985275268554688,0.0012672854354605079
2025-08-07/IMG_9200.JPG,Small,Small,3.954365183744812e-06,0.9966633915901184,0.0033326700795441866,4.236910822186246e-10
2025-09-05/IMG_0947.JPG,Medium,Medium,1.6910084355004074e-07,0.0045561278238892555,0.9954432249069214,4.959771331414231e-07
2025-08-07/IMG_9679.JPG,Large,Large,0.00046385684981942177,2.705509541556239e-05,0.0012278826907277107,0.9982812404632568
2025-09-05/IMG_1051.JPG,Very Small,Very Small,0.9999974966049194,2.553957756390446e-06,1.2828723103079902e-14,5.787878450168663e-14
2025-08-07/IMG_9701.JPG,Medium,Medium,3.7143470308365067e-06,0.00023545832664240152,0.9984644651412964,0.0012964123161509633
2025-08-07/IMG_9693.JPG,Medium,Medium,8.623546250419167e-07,0.002236918779090047,0.9977604150772095,1.7562331322551472e-06
2025-09-05/IMG_1371.JPG,Small,Small,0.00029959605308249593,0.9996956586837769,4.81594133816543e-06,3.4131798949676995e-12
2025-08-22/IMG_9805.JPG,Medium,Medium,2.9864770567655796e-06,0.002016949001699686,0.9979444146156311,3.569584441720508e-05
2025-09-05/IMG_1253.JPG,Small,Small,0.006444972008466721,0.9935374855995178,1.748367321852129e-05,3.1907609887582566e-10
2025-09-05/IMG_0936.JPG,Small,Small,0.00021347739675547928,0.9997835755348206,2.9699147034989437e-06,2.0644201625952263e-10
2025-08-22/IMG_0169.JPG,Medium,Medium,5.651875767398451e-07,0.0026063795667141676,0.9973829388618469,1.0038072105089668e-05
2025-08-07/IMG_9530.JPG,Small,Small,3.2523716981813777e-06,0.9998354911804199,0.00016126225818879902,1.8500659337838954e-10
2025-09-05/IMG_1297.JPG,Small,Small,0.00263165938667953,0.975333571434021,0.022030796855688095,3.949644906242611e-06
2025-09-05/IMG_1516.JPG,Very Small,Very Small,0.9999985694885254,1.4060540252103237e-06,1.876206565530245e-15,1.5935067782852806e-15
2025-08-07/IMG_9245.JPG,Medium,Medium,1.677563865598586e-08,0.00018879788694903255,0.9998106360435486,5.436885430754046e-07
2025-09-05/IMG_1606.JPG,Small,Small,0.0006520929164253175,0.9941955208778381,0.005151481367647648,9.293133302890055e-07
2025-08-22/IMG_0027.JPG,Small,Small,4.155073384026764e-06,0.9998251795768738,0.00017065224528778344,2.2578949127050052e-11
2025-09-05/IMG_0919.JPG,Small,Small,2.3974653231562115e-05,0.9992927312850952,0.0006832163198851049,1.4759171662603876e-09
2025-09-05/IMG_1149.JPG,Small,Small,0.0001138378502218984,0.9995354413986206,0.00035073861363343894,2.4956823274635553e-09
2025-09-05/IMG_0808.JPG,Very Small,Very Small,0.9985010623931885,0.0014989053597673774,6.552394044012644e-11,4.524104355030367e-11
2025-09-05/IMG_1146.JPG,Very Small,Very Small,0.9992939233779907,0.0007054061279632151,1.9226773417813092e-07,4.1545993667568837e-07
2025-09-05/IMG_1034.JPG,Small,Small,0.005825021304190159,0.9928385615348816,0.001336247893050313,2.367716547269083e-07
2025-09-05/IMG_1468.JPG,Very Small,Very Small,0.9969766139984131,0.002556165913119912,7.288139750016853e-05,0.00039439628017134964
2025-09-29/IMG_1851.JPG,Small,Small,0.00131444470025599,0.9986854195594788,9.662180389113928e-08,1.7823440640052368e-11
2025-08-22/IMG_9973.JPG,Very Small,Very Small,0.999958872795105,4.116342097404413e-05,9.552509824817257e-12,2.1692597804851e-12
2025-09-05/IMG_1582.JPG,Medium,Medium,2.816705375607853e-07,0.0031346387695521116,0.9968647360801697,4.1850879028970667e-07
2025-09-05/IMG_0854.JPG,Small,Small,7.690335223742295e-06,0.9997842907905579,0.00020804030646104366,1.8652728667190033e-11
2025-08-22/IMG_9770.JPG,Medium,Medium,8.084566616162192e-08,0.0006227316334843636,0.9993755221366882,1.6084439948826912e-06
2025-08-07/IMG_9609.JPG,Large,Large,0.0005692515405826271,3.3461441489635035e-05,0.0017635147087275982,0.9976338148117065
2025-08-22/IMG_9942.JPG,Small,Small,0.0006550723337568343,0.9989246726036072,0.00042021035915240645,1.1991644122133494e-08
2025-09-05/IMG_1454.JPG,Small,Small,3.1260406103683636e-05,0.9977920055389404,0.002176787704229355,5.453314688708133e-09
2025-09-29/IMG_1919.JPG,Very Small,Very Small,0.9999972581863403,2.6992686343874084e-06,9.329617292478179e-14,1.8655792243058716e-13
2025-09-05/IMG_1122.JPG,Very Small,Very Small,0.9999135732650757,8.638910367153585e-05,1.403474697569962e-10,9.266256095763481e-10
2025-08-07/IMG_9611.JPG,Large,Large,0.000561749329790473,3.53494833689183e-05,0.0018067938508465886,0.9975960850715637
2025-09-05/IMG_1154.JPG,Very Small,Very Small,0.99959796667099,0.00040204537799581885,1.4698614769770302e-08,4.5311869811826e-09
2025-08-22/IMG_0056.JPG,Small,Small,0.00017599991406314075,0.9997711777687073,5.288145621307194e-05,2.98478575189165e-09
2025-08-22/IMG_0261.JPG,Medium,Medium,4.975980161248117e-08,0.0009102930780500174,0.9990894794464111,2.1306902908690972e-07
2025-08-07/IMG_9130.JPG,Small,Small,1.508926652604714e-05,0.9999746084213257,1.027294547384372e-05,3.775663375699123e-12
2025-08-22/IMG_0166.JPG,Very Small,Very Small,0.9998757839202881,0.0001239315461134538,1.0537610783956097e-08,2.3342099098044855e-07
2025-09-05/IMG_1267.JPG,Small,Small,5.591141984950809e-07,0.999997615814209,1.8467977724867524e-06,9.973585271463165e-14
2025-08-07/IMG_9711.JPG,Large,Large,0.0006977076409384608,5.589485590462573e-05,0.0025485926307737827,0.9966979026794434
2025-09-29/IMG_1922.JPG,Very Small,Very Small,0.9977549910545349,0.002245043870061636,2.201897518483431e-11,1.1358288441731812e-11
2025-08-22/IMG_0099.JPG,Very Small,Very Small,0.9999743700027466,2.5573364837327972e-05,9.015749924401462e-09,2.0955309709691505e-10
2025-09-05/IMG_1265.JPG,Small,Small,1.4010780432727188e-05,0.9995390176773071,0.00044704743777401745,1.0964157359794058e-09
2025-09-05/IMG_1226.JPG,Small,Small,7.380635906883981e-06,0.9999910593032837,1.5467215916942223e-06,2.7641753361055954e-13
2025-08-07/IMG_9145.JPG,Small,Small,0.00024315140035469085,0.9996964931488037,6.035311525920406e-05,8.60594151497196e-10
2025-08-22/IMG_0090.JPG,Small,Small,2.6071867978316732e-05,0.9991281628608704,0.0008457554504275322,3.3864961945795358e-09
2025-09-05/IMG_1596.JPG,Very Small,Very Small,0.9999294281005859,7.053197623463348e-05,9.778837489109529e-14,3.099505947515009e-15
2025-09-05/IMG_1008.JPG,Medium,Medium,1.8573096895124763e-05,0.002922485116869211,0.9964885711669922,0.0005704167415387928
2025-08-07/IMG_9583.JPG,Medium,Medium,2.3383299776469357e-05,0.0007155938656069338,0.9945958256721497,0.00466527696698904
2025-09-05/IMG_1424.JPG,Small,Small,8.012146281544119e-05,0.9999198913574219,1.452647868660506e-08,5.2542192330914256e-14
2025-09-29/IMG_1801.JPG,Very Small,Very Small,0.9997400641441345,0.000202180803171359,6.1614832702616695e-06,5.153331585461274e-05
2025-09-05/IMG_1356.JPG,Medium,Medium,1.640683109371821e-07,0.0018386413576081395,0.998160183429718,1.0608257525746012e-06
2025-09-05/IMG_0935.JPG,Small,Small,0.0003301217802800238,0.9996333122253418,3.654524334706366e-05,3.6540361847414715e-09
2025-09-05/IMG_0892.JPG,Very Small,Very Small,0.9999877214431763,1.2324921044637449e-05,5.80981616982168e-12,8.616658081495032e-11
2025-08-22/IMG_0247.JPG,Small,Small,2.044226221187273e-06,0.9999344348907471,6.353229400701821e-05,7.52890805255646e-12
2025-08-07/IMG_9638.JPG,Large,Large,0.0005003481637686491,4.073568925377913e-05,0.002678000135347247,0.9967808723449707
2025-09-05/IMG_1487.JPG,Medium,Medium,2.7061821583629353e-06,0.0009713663021102548,0.9987050294876099,0.00032088597072288394
2025-09-29/IMG_1789.JPG,Very Small,Very Small,0.9999815225601196,1.7709295207168907e-05,2.282793154506635e-08,8.021477810871147e-07
2025-09-05/IMG_1123.JPG,Very Small,Very Small,0.9996711015701294,0.0003287596919108182,2.1514431125524425e-08,9.191031580257913e-08
2025-08-22/IMG_0020.JPG,Small,Small,0.0027740085497498512,0.9967496395111084,0.0004763159668073058,5.2486768709059106e-08
2025-09-29/IMG_1941.JPG,Very Small,Very Small,0.9998918771743774,0.0001081115915440023,8.565479575617374e-11,7.976096172424008e-11
2025-08-07/IMG_9441.JPG,Very Small,Very Small,0.9986737966537476,0.0013260017149150372,1.5167420031048096e-07,7.654996636574651e-08
2025-08-22/IMG_9865.JPG,Very Small,Very Small,0.9973312616348267,0.002632354386150837,1.0246883903164417e-05,2.6193347366643138e-05
2025-09-05/IMG_1505.JPG,Small,Small,3.1200713124235335e-07,0.9986562728881836,0.00134338962379843,2.421312976508272e-11
2025-08-22/IMG_0071.JPG,Very Small,Very Small,0.9998089671134949,0.00019104090461041778,8.936208995002914e-10,1.8341146656997154e-10
2025-09-05/IMG_1501.JPG,Small,Small,7.528345236096357e-07,0.9998247027397156,0.00017462545656599104,2.3773706527702165e-12
2025-08-22/IMG_0164.JPG,Very Small,Very Small,0.9995797276496887,0.00042027217568829656,2.3632666934503277e-09,1.0338265354903342e-08
2025-09-05/IMG_1077.JPG,Small,Small,6.881801709823776e-06,0.9999895095825195,3.658667310446617e-06,2.7441579824455387e-12
2025-08-07/IMG_9458.JPG,Small,Small,1.5458674170076847e-05,0.9998797178268433,0.00010480497439857572,1.0889056323293289e-10
2025-08-22/IMG_0241.JPG,Very Small,Very Small,0.9999982118606567,1.7648683297011303e-06,1.7183515721441722e-10,7.616236530338938e-09
2025-09-29/IMG_1762.JPG,Small,Small,1.56420956045622e-05,0.9070863127708435,0.0928979441523552,1.376475466940974e-07
2025-08-07/IMG_9528.JPG,Medium,Medium,1.2733671610476449e-05,0.004066145978868008,0.9958834052085876,3.770412877202034e-05
2025-08-22/IMG_0255.JPG,Very Small,Very Small,0.99959796667099,0.00040208929567597806,1.3309042236342439e-11,2.6991157572875402e-11
2025-09-05/IMG_1273.JPG,Very Small,Very Small,0.9998856782913208,0.00011433129839133471,3.058423792001719e-10,1.419592332574382e-09
2025-09-05/IMG_1287.JPG,Very Small,Very Small,0.9997743964195251,0.0002255993167636916,7.815850744385955e-11,1.486421229157653e-11
2025-09-05/IMG_0972.JPG,Small,Small,0.0002772067382466048,0.9986822009086609,0.0010406317887827754,4.19045909083593e-09
2025-09-29/IMG_1815.JPG,Very Small,Very Small,0.9895350337028503,0.01046501100063324,1.3851099822659307e-08,4.815888132725377e-09
2025-08-22/IMG_0225.JPG,Very Small,Very Small,0.9998266100883484,0.00017258523439522833,8.914602034337804e-08,7.165984357015986e-07
2025-09-29/IMG_1765.JPG,Medium,Medium,1.416371020468432e-07,0.005218646954745054,0.9947807192802429,4.61064246337628e-07
2025-09-05/IMG_1438.JPG,Very Small,Very Small,0.9931228756904602,0.006872324738651514,1.3720315337195643e-06,3.359687298143399e-06
2025-09-29/IMG_1740.JPG,Small,Small,0.0005068182363174856,0.9994926452636719,4.7530863866995787e-07,8.474321938622964e-12
2025-09-05/IMG_0973.JPG,Very Small,Very Small,0.9998403787612915,0.0001596179063199088,8.568563393540618e-12,2.477845532922185e-11
2025-09-05/IMG_1283.JPG,Very Small,Very Small,0.9993022680282593,0.0006977062439545989,1.900473556304405e-08,4.049576673992306e-09
2025-09-29/IMG_1709.JPG,Small,Small,4.533223432190425e-07,0.9966129660606384,0.003386619733646512,9.988872576305319e-12
2025-09-05/IMG_1224.JPG,Small,Small,4.7973180983262864e-09,0.9991647005081177,0.0008352999575436115,2.6920765353803493e-14
2025-08-22/IMG_9760.JPG,Small,Small,2.0853740068105253e-07,0.9999560117721558,4.382914266898297e-05,5.616101862531385e-14
2025-09-05/IMG_1549.JPG,Very Small,Very Small,0.9992148876190186,0.0007851012633182108,1.4477581800065309e-08,4.156760979867613e-08
2025-08-22/IMG_9832.JPG,Large,Large,0.0005465048016048968,3.163803557981737e-05,0.0013538163620978594,0.9980680346488953
2025-09-05/IMG_1490.JPG,Medium,Medium,7.380085662589408e-07,0.009284871630370617,0.9907127022743225,1.7060089021470048e-06
2025-09-05/IMG_1113.JPG,Medium,Medium,5.255531050352147e-07,0.0015527893556281924,0.9984458088874817,8.946024081524229e-07
2025-09-29/IMG_1873.JPG,Small,Small,0.00015878202975727618,0.9997444748878479,9.674979082774371e-05,3.0218003099768964e-10
2025-08-22/IMG_9738.JPG,Medium,Medium,1.2816839216611697e-06,0.0023441296070814133,0.9976484179496765,6.11771019976004e-06
2025-09-05/IMG_0951.JPG,Small,Small,3.991894459431933e-08,0.9999927282333374,7.197145805548644e-06,1.2370751023224342e-15
2025-08-07/IMG_9400.JPG,Medium,Medium,8.727627573534846e-06,0.014891693368554115,0.9850950241088867,4.617740614776267e-06
2025-09-05/IMG_1440.JPG,Very Small,Very Small,0.9987133741378784,0.0012864760356023908,3.9355107617211615e-08,1.5149041132644925e-07
2025-08-07/IMG_9157.JPG,Small,Small,4.46338854089845e-05,0.9996386766433716,0.0003166735696140677,2.6721089230186124e-10
2025-09-05/IMG_1137.JPG,Small,Small,4.1515386328683235e-07,0.9999195337295532,8.00174311734736e-05,7.789728931340001e-12
2025-09-05/IMG_1197.JPG,Very Small,Very Small,0.9997134804725647,0.00028544547967612743,1.0572120601182178e-07,9.634939033276169e-07
2025-08-22/IMG_9886.JPG,Small,Small,1.4422629647015128e-05,0.9947677850723267,0.0052177878096699715,5.0585158284377485e-09
2025-08-07/IMG_9713.JPG,Large,Large,0.0007004424696788192,9.661161311669275e-05,0.006180967669934034,0.9930220246315002
2025-08-22/IMG_9991.JPG,Very Small,Very Small,0.9998196959495544,0.00018028102931566536,2.363292894713709e-09,2.6106632411426745e-09
2025-09-05/IMG_1084.JPG,Small,Small,0.00011184839968336746,0.9998766183853149,1.1530825759109575e-05,1.3359812388313852e-11
2025-08-22/IMG_0217.JPG,Small,Small,1.1506441296660341e-05,0.9996604919433594,0.0003280590462964028,2.5258151126195116e-10
2025-09-05/IMG_1581.JPG,Small,Small,3.2837435810506577e-06,0.9999927282333374,4.005757546110544e-06,1.867219080091756e-13
2025-08-22/IMG_9878.JPG,Very Small,Very Small,0.9939873218536377,0.006001474801450968,3.308753093733685e-06,7.841349543014076e-06
2025-08-07/IMG_9715.JPG,Medium,Medium,5.627978794109367e-07,0.00015973724657669663,0.9997227787971497,0.00011689636448863894
2025-08-22/IMG_9748.JPG,Very Small,Very Small,0.9995664954185486,0.0004326026246417314,6.92878998620472e-08,7.583167302982474e-07
2025-08-22/IMG_9864.JPG,Medium,Medium,1.5743512449262198e-06,0.009467541240155697,0.9905221462249756,8.82488257047953e-06
2025-08-22/IMG_9892.JPG,Small,Small,8.358416607734398e-07,0.9999910593032837,8.116292519844137e-06,1.3042294674803223e-11
2025-09-05/IMG_1121.JPG,Very Small,Very Small,0.9914702773094177,0.008529556915163994,1.4880727405852667e-07,6.962427789858339e-08
2025-09-29/IMG_1863.JPG,Very Small,Very Small,0.9988133907318115,0.0011866206768900156,2.971635437720721e-11,1.295618235093443e-12
2025-08-07/IMG_9118.JPG,Very Small,Very Small,0.9999799728393555,1.9998316929559223e-05,1.622316864180462e-11,1.0070506060999573e-11
2025-09-05/IMG_1482.JPG,Small,Small,0.004566697403788567,0.9954134821891785,1.9686387531692162e-05,9.335897743767418e-08
2025-08-07/IMG_9462.JPG,Very Small,Very Small,0.9998142123222351,0.00018579105380922556,8.460746769856087e-09,4.4635221740918496e-08
2025-08-22/IMG_0233.JPG,Small,Small,1.703112866380252e-05,0.9999829530715942,1.2048475550585636e-09,4.027771683751602e-15
2025-08-22/IMG_9883.JPG,Very Small,Very Small,0.9995507597923279,0.00044910365249961615,1.0656204807446557e-08,8.625877256918102e-08
2025-08-22/IMG_0005.JPG,Very Small,Very Small,0.9997336268424988,0.000266386428847909,1.5778184314640953e-09,4.689945654057226e-10
2025-08-07/IMG_9138.JPG,Very Small,Very Small,0.9997355341911316,0.0002644374908413738,3.4587888109172127e-10,5.101735700563381e-10
2025-08-22/IMG_9792.JPG,Very Small,Very Small,0.999996542930603,3.4658874028536957e-06,6.385035833389452e-10,1.0170679409782224e-08
2025-09-05/IMG_1546.JPG,Very Small,Very Small,0.9993435740470886,0.0006563837523572147,1.8569109583310706e-09,1.7906708060788645e-10
2025-08-07/IMG_9105.JPG,Small,Small,1.1682752756314585e-06,0.9996048808097839,0.0003940295719075948,4.8159666359015585e-12
2025-08-07/IMG_9678.JPG,Large,Large,0.0008062568958848715,5.1616680138977244e-05,0.002298319712281227,0.9968438148498535
2025-08-07/IMG_9254.JPG,Small,Small,4.453908886148383e-08,0.9995408058166504,0.00045913364738225937,1.802445172283118e-11
2025-08-07/IMG_9450.JPG,Small,Small,4.564494884107262e-05,0.9937499165534973,0.006204395554959774,2.078607064248672e-09
2025-09-05/IMG_1430.JPG,Small,Small,5.580924522519126e-08,0.9999943971633911,5.502449766936479e-06,6.451503946277052e-15
2025-09-05/IMG_1086.JPG,Medium,Medium,2.3260954549186863e-06,0.0045889634639024734,0.9954022169113159,6.380164450092707e-06
2025-09-29/IMG_1890.JPG,Small,Small,6.17549303569831e-05,0.9996246099472046,0.00031361624132841825,1.3618591809816394e-09
2025-09-29/IMG_1862.JPG,Small,Small,0.0001103389950003475,0.9995524287223816,0.0003371922648511827,1.1154038803695698e-09
2025-08-22/IMG_9800.JPG,Small,Small,2.703750681121164e-07,0.9997037053108215,0.0002960244892165065,1.1891085338611163e-11
2025-08-07/IMG_9264.JPG,Small,Small,3.865000053338008e-06,0.9998986721038818,9.750671597430483e-05,6.027065565378242e-12
2025-09-05/IMG_1078.JPG,Small,Small,0.0002630172239150852,0.9997194409370422,1.757279096636921e-05,6.551933474929772e-12
2025-09-29/IMG_1899.JPG,Medium,Medium,1.4734689912643262e-08,0.0032516084611415863,0.9967483282089233,2.9638616894089864e-08
2025-09-05/IMG_1266.JPG,Very Small,Very Small,0.99994957447052,5.040914402343333e-05,1.5423591570584705e-10,1.6407997183165435e-10
2025-08-22/IMG_9983.JPG,Very Small,Very Small,0.9999972581863403,2.7271516955806874e-06,1.2464559075099808e-14,5.07594827444096e-14
2025-08-07/IMG_9491.JPG,Small,Small,4.352150790509768e-05,0.9998693466186523,8.707634697202593e-05,5.705496075592009e-10
2025-08-22/IMG_0045.JPG,Small,Small,0.0003143397916574031,0.9996823072433472,3.352505018483498e-06,2.618552485955661e-09
2025-09-05/IMG_1209.JPG,Very Small,Very Small,0.9985448122024536,0.0014551529893651605,1.6925273627066417e-08,4.2707220870852325e-08
2025-08-07/IMG_9641.JPG,Large,Large,0.0006388120236806571,8.756534225540236e-05,0.006754713598638773,0.9925189018249512
2025-09-05/IMG_1366.JPG,Very Small,Very Small,0.9999758005142212,2.416392271697987e-05,5.224699839434521e-11,4.4491593742534974e-10
2025-09-05/IMG_1140.JPG,Medium,Medium,2.2968961843616853e-07,0.0035331491380929947,0.9964626431465149,3.993005975644337e-06
2025-08-07/IMG_9136.JPG,Very Small,Very Small,0.9998717308044434,0.00012823396536987275,2.7766497868314532e-12,5.893489364063031e-13
2025-09-05/IMG_1530.JPG,Small,Small,4.534831896307878e-05,0.9995397329330444,0.0004149597662035376,5.823190818432522e-10
2025-08-07/IMG_9473.JPG,Very Small,Very Small,0.9995236396789551,0.00047639189870096743,5.728774121749325e-10,1.2730633214275144e-09
2025-09-05/IMG_1213.JPG,Small,Small,0.0012250819709151983,0.9987706542015076,4.184167664789129e-06,6.280639341937899e-10
2025-08-07/IMG_9464.JPG,Medium,Medium,1.0485284747119294e-06,0.0030581436585634947,0.9969384670257568,2.378944600422983e-06
2025-08-22/IMG_0250.JPG,Very Small,Very Small,0.999265730381012,0.0007342656026594341,1.6857805429371098e-10,4.481998661098885e-10
2025-09-05/IMG_1358.JPG,Small,Small,2.259742132082465e-06,0.9990862607955933,0.0009114337153732777,3.521422042851441e-11
2025-09-29/IMG_1738.JPG,Medium,Medium,6.117314228504256e-07,0.006260585505515337,0.9937378168106079,9.474582043367263e-07
2025-09-05/IMG_1579.JPG,Small,Small,1.5652189176762477e-05,0.99997878074646,5.524969310499728e-06,1.7082092034284568e-12
2025-09-29/IMG_1755.JPG,Medium,Medium,6.523341198771959e-06,0.001767443143762648,0.9979466795921326,0.0002793248277157545
2025-08-07/IMG_9110.JPG,Small,Small,0.0001907530677272007,0.9998089671134949,2.4358152472814254e-07,5.783678657528268e-13
2025-08-07/IMG_9170.JPG,Very Small,Very Small,0.9987951517105103,0.0012047727359458804,9.606649920002042e-10,1.0471822714519519e-10
2025-08-07/IMG_9474.JPG,Small,Small,1.3233660922651325e-07,0.99996018409729,3.9718572224956006e-05,1.0268504525411809e-13
2025-08-22/IMG_0245.JPG,Small,Small,1.3022170605836436e-05,0.999987006187439,5.871758079756262e-10,1.2916363061033463e-14
2025-08-07/IMG_9694.JPG,Medium,Medium,7.120775990188122e-06,0.0002534483792260289,0.9991757273674011,0.0005636417772620916
2025-08-07/IMG_9199.JPG,Small,Small,1.4341287624120014e-06,0.9994043111801147,0.0005942315328866243,5.393905114225994e-11
2025-08-22/IMG_9987.JPG,Very Small,Very Small,0.9991839528083801,0.000816080835647881,4.756167726327476e-08,1.6488771459322038e-09
2025-09-29/IMG_1896.JPG,Medium,Medium,8.230823368648998e-06,0.0029417581390589476,0.99683678150177,0.0002132254739990458
2025-08-22/IMG_0008.JPG,Very Small,Very Small,0.9971221089363098,0.0028776428662240505,9.767850173147963e-08,5.7349001991724435e-08
2025-08-22/IMG_0112.JPG,Small,Small,0.00020656372362282127,0.9982447624206543,0.0015486393822357059,4.6814272458561845e-09
2025-09-05/IMG_1533.JPG,Small,Small,1.2495600003603613e-06,0.9999704360961914,2.833797589119058e-05,1.6311831171813423e-13
2025-08-22/IMG_9797.JPG,Small,Small,2.7397808821660874e-07,0.9932880997657776,0.006711686961352825,7.661436589312398e-12
2025-08-07/IMG_9708.JPG,Large,Large,0.0008215713896788657,5.536195749300532e-05,0.0015798122622072697,0.997543215751648
2025-09-05/IMG_1465.JPG,Very Small,Very Small,0.998433530330658,0.0012284760596230626,3.8590111216763034e-05,0.00029937198269180954
2025-09-05/IMG_1271.JPG,Very Small,Very Small,0.9999657869338989,3.425123941269703e-05,3.689274233331652e-11,1.342640061630096e-11
2025-09-05/IMG_1035.JPG,Very Small,Very Small,0.9999979734420776,1.9691658508236287e-06,2.9977573429238596e-14,2.0860996357939662e-15
2025-09-05/IMG_1488.JPG,Medium,Medium,3.3658886877674377e-06,0.00038821736234240234,0.9990540146827698,0.000554379541426897
2025-09-05/IMG_1587.JPG,Very Small,Very Small,0.9999864101409912,1.3620078789244872e-05,6.714760691917121e-11,2.5563584582499743e-10
2025-09-05/IMG_1321.JPG,Very Small,Very Small,0.9999010562896729,9.890730143524706e-05,1.281924427720682e-10,1.0552885822134872e-11
2025-08-07/IMG_9579.JPG,Medium,Medium,5.4022522817831486e-05,0.0011062193661928177,0.995415210723877,0.0034245196729898453
2025-09-29/IMG_1918.JPG,Very Small,Very Small,0.999613344669342,0.0003867209597956389,1.061597210139098e-08,3.524439629032372e-09
2025-08-07/IMG_9154.JPG,Small,Small,3.0194360078894533e-07,0.9999986886978149,9.847475439528353e-07,5.977421299764715e-15
2025-09-05/IMG_1108.JPG,Small,Small,0.0014566803583875299,0.9983258843421936,0.00021738873329013586,7.033603477424322e-09
2025-08-07/IMG_9508.JPG,Small,Small,2.8796728201996302e-06,0.9997134804725647,0.00028367043705657125,2.577522049962422e-11
2025-08-22/IMG_0088.JPG,Small,Small,3.457979801169131e-06,0.9999687671661377,2.7829844839288853e-05,5.038902455012373e-12
2025-09-05/IMG_1082.JPG,Small,Small,7.843306957511231e-05,0.9998981952667236,2.332969415874686e-05,1.1626948319062858e-12
2025-09-05/IMG_1332.JPG,Small,Small,0.00016368502110708505,0.9995107650756836,0.00032560477848164737,1.904200130908862e-09
2025-08-22/IMG_9906.JPG,Small,Small,1.6185692857106915e-06,0.9999983310699463,6.715129785561658e-09,5.937486555037872e-16
2025-08-22/IMG_0146.JPG,Small,Small,0.00022541086946148425,0.9730445146560669,0.026730094105005264,4.458357594216977e-08
2025-08-07/IMG_9475.JPG,Small,Small,2.5722251848492306e-06,0.9999969005584717,4.922665084450273e-07,8.916297740283255e-14
2025-09-05/IMG_1227.JPG,Small,Small,5.733749830483248e-08,0.9999843835830688,1.5522475223406218e-05,2.541917583809717e-14
2025-08-07/IMG_9127.JPG,Very Small,Very Small,0.9991368651390076,0.0008632117533124983,1.7166520982492273e-10,1.519596393162459e-10
2025-08-22/IMG_0049.JPG,Small,Small,2.338287049497012e-05,0.9998565912246704,0.0001200558035634458,2.0207806261662853e-10
2025-09-05/IMG_1258.JPG,Medium,Medium,1.306870581174735e-05,0.028430089354515076,0.9714900851249695,6.675316399196163e-05
2025-08-07/IMG_9510.JPG,Small,Small,1.8841519704437815e-05,0.9998248219490051,0.00015635915042366832,4.321845659127632e-11
2025-09-05/IMG_0891.JPG,Very Small,Very Small,0.9998924732208252,0.0001068647688953206,6.124848539457162e-08,4.789942522620549e-07
2025-09-29/IMG_1877.JPG,Very Small,Very Small,0.9999732971191406,2.6715242711361498e-05,1.626545340744582e-14,8.733813470346557e-15
2025-08-07/IMG_9412.JPG,Small,Small,0.0011680424213409424,0.9978756904602051,0.0009562618797644973,2.1892013535307342e-08
2025-08-07/IMG_9704.JPG,Large,Large,0.0005446640425361693,9.054462134372443e-05,0.007665290962904692,0.9916994571685791
2025-09-29/IMG_1710.JPG,Medium,Medium,1.9022098740606452e-06,0.0013142541283741593,0.9986740350723267,9.790322110347915e-06
2025-09-05/IMG_1429.JPG,Medium,Medium,4.11151361845441e-08,0.001147638657130301,0.9988522529602051,9.725258820481031e-08
2025-09-05/IMG_1503.JPG,Medium,Medium,2.966257568459696e-07,0.002782525261864066,0.9972140192985535,3.186288495271583e-06
2025-08-22/IMG_9988.JPG,Small,Small,0.00016732180665712804,0.9998249411582947,7.784486115269829e-06,2.5269810549621852e-11
2025-09-05/IMG_1252.JPG,Small,Small,8.949281618697569e-05,0.99985671043396,5.374633110477589e-05,5.260102423076951e-11
2025-09-29/IMG_1697.JPG,Medium,Medium,2.2461392291006632e-05,0.0052174776792526245,0.9946868419647217,7.321361044887453e-05
2025-09-05/IMG_1389.JPG,Very Small,Very Small,0.9999603033065796,3.965397263527848e-05,5.015009518771762e-10,5.6991660279948064e-09
2025-08-07/IMG_9168.JPG,Small,Small,0.01489738654345274,0.985094428062439,8.239814633270726e-06,4.549192578195971e-09
2025-09-05/IMG_0952.JPG,Small,Small,1.4213941312846146e-06,0.9982140064239502,0.001784628489986062,2.6474027831069336e-11
2025-09-05/IMG_0906.JPG,Very Small,Very Small,0.9998701810836792,0.00012957840226590633,1.1451676940055222e-08,2.2823311951469805e-07
2025-08-22/IMG_0239.JPG,Small,Small,0.00016568836872465909,0.9998317956924438,2.4830180791468592e-06,2.6263598934539445e-11
2025-09-05/IMG_1485.JPG,Medium,Medium,3.258787182858214e-05,0.0005250691319815814,0.9904417991638184,0.009000590071082115
2025-08-22/IMG_9838.JPG,Medium,Medium,4.768992766912561e-06,0.001054196385666728,0.9983702301979065,0.0005707840900868177
2025-08-07/IMG_9188.JPG,Small,Small,7.595418082928518e-06,0.9963772892951965,0.0036151735112071037,6.292803167440297e-09
2025-08-07/IMG_9256.JPG,Small,Small,0.00015580561012029648,0.9998440742492676,6.705113975158383e-08,2.99281498021553e-12
2025-09-05/IMG_0809.JPG,Very Small,Very Small,0.9963089823722839,0.0036907228641211987,1.2879878852345428e-07,1.4758235522549512e-07
2025-09-29/IMG_1775.JPG,Very Small,Very Small,0.9999529123306274,4.636989251594059e-05,2.613214711288947e-08,6.774095595574181e-07
2025-09-05/IMG_1001.JPG,Small,Small,1.293328022455853e-08,0.9996373653411865,0.0003626282559707761,2.6567979519403866e-14
2025-09-05/IMG_0965.JPG,Small,Small,2.1222415824695418e-08,0.9999992847442627,6.811088155700418e-07,1.4057716134656991e-16
2025-09-05/IMG_1445.JPG,Very Small,Very Small,0.9978561997413635,0.0021437816321849823,2.3409855387512835e-08,2.012244060267676e-08
2025-08-22/IMG_9768.JPG,Small,Small,2.8192685022077058e-06,0.9999958276748657,1.3045163314018282e-06,2.0367316503049765e-13
2025-09-05/IMG_1496.JPG,Medium,Medium,3.8629817566970814e-08,0.0020851881708949804,0.997914731502533,1.088678089899986e-07
2025-08-22/IMG_0028.JPG,Small,Small,6.43170642433688e-05,0.9999028444290161,3.286535866209306e-05,4.519770321897987e-11
2025-09-05/IMG_0932.JPG,Medium,Medium,2.2058965498672478e-07,0.0007086368859745562,0.9992830157279968,8.105334927677177e-06
2025-08-22/IMG_9965.JPG,Small,Small,0.00012842597789131105,0.9998706579208374,8.895466407921049e-07,1.4392942133262254e-12
2025-08-22/IMG_9850.JPG,Medium,Medium,2.5148247573270055e-07,0.00022619441733695567,0.9997585415840149,1.5073494068928994e-05
2025-08-22/IMG_9830.JPG,Large,Large,0.0007718516862951219,3.785227090702392e-05,0.0010717535624280572,0.9981185793876648
2025-08-07/IMG_9174.JPG,Small,Small,0.0012838089605793357,0.9979029893875122,0.0008129703928716481,1.8268714541136433e-07
2025-09-29/IMG_1903.JPG,Medium,Medium,5.6807253713486716e-05,0.006843139883130789,0.991257905960083,0.0018422030843794346
2025-09-05/IMG_0996.JPG,Small,Small,0.005355461034923792,0.9945067763328552,0.0001377810403937474,2.191109071958408e-09
2025-09-05/IMG_1542.JPG,Small,Small,8.210808300646022e-05,0.9981977343559265,0.001720185624435544,1.4676708737226818e-08
2025-09-29/IMG_1911.JPG,Large,Large,0.0011915263021364808,0.0005709957331418991,0.035452309995889664,0.9627852439880371
2025-09-29/IMG_1857.JPG,Very Small,Very Small,0.9999381303787231,6.184963422128931e-05,3.091760784124434e-16,1.0648300657606556e-16
2025-08-22/IMG_0156.JPG,Medium,Medium,2.334195414732676e-06,0.0009919331641867757,0.9989445805549622,6.108754314482212e-05
2025-08-22/IMG_9885.JPG,Medium,Medium,2.0066149772901554e-06,0.0028499432373791933,0.9970777034759521,7.030923006823286e-05
2025-09-29/IMG_1868.JPG,Very Small,Very Small,0.9999669790267944,3.3038173569366336e-05,9.089230697300124e-14,3.2988778944859423e-14
2025-09-05/IMG_1279.JPG,Very Small,Very Small,0.9993646740913391,0.0006293897167779505,5.061261163064046e-06,8.983046768662462e-07
2025-09-29/IMG_1763.JPG,Medium,Medium,9.472772944718599e-05,0.010654939338564873,0.98835688829422,0.000893391843419522
2025-09-05/IMG_1274.JPG,Very Small,Very Small,0.9998248219490051,0.00017518641834612936,2.961356848629748e-08,4.9232433241286344e-08
2025-09-05/IMG_1254.JPG,Small,Small,0.0003949530073441565,0.9995920062065125,1.3065780876786448e-05,4.137816131399852e-11
2025-08-07/IMG_9212.JPG,Very Small,Very Small,0.9997645020484924,0.00023495934146922082,3.1522603194389376e-08,5.844038923896733e-07
2025-08-07/IMG_9596.JPG,Medium,Medium,1.9936655917263124e-06,0.00044633488869294524,0.9994387030601501,0.00011295278090983629
2025-09-05/IMG_1220.JPG,Medium,Medium,1.6532461586393765e-06,0.006332727614790201,0.9936610460281372,4.591575361700961e-06
2025-09-05/IMG_0843.JPG,Very Small,Very Small,0.999958872795105,4.11482724302914e-05,6.04163455375506e-11,6.169332406047445e-11
2025-08-22/IMG_0013.JPG,Very Small,Very Small,0.9999302625656128,6.945210770936683e-05,1.8408663038371742e-07,8.898351211428235e-08
2025-08-07/IMG_9106.JPG,Very Small,Very Small,0.9999973773956299,2.6807979338627774e-06,1.9190859144190995e-15,1.143725041161548e-14
2025-08-22/IMG_0115.JPG,Very Small,Very Small,0.9965401887893677,0.0034585592802613974,1.0621911314956378e-06,2.5938351200238685e-07
2025-09-05/IMG_0798.JPG,Small,Small,6.266750460781623e-07,0.9995549321174622,0.00044439086923375726,9.931218174219492e-13
2025-08-22/IMG_0142.JPG,Very Small,Very Small,0.9999511241912842,4.8519937990931794e-05,4.2133724065251954e-08,3.8276385794233647e-07
2025-08-07/IMG_9206.JPG,Very Small,Very Small,0.9974943399429321,0.002505609532818198,6.708671396182808e-09,2.3328810883072038e-08
2025-08-22/IMG_0060.JPG,Very Small,Very Small,0.9995755553245544,0.0004244101291988045,4.308588555379522e-11,2.642380238226938e-12
2025-08-22/IMG_9920.JPG,Very Small,Very Small,0.9999926090240479,7.350498890446033e-06,4.242861704334411e-12,2.782128043568588e-12
2025-09-05/IMG_1286.JPG,Medium,Medium,5.675909960700665e-06,0.022667162120342255,0.9773002862930298,2.6848394554690458e-05
2025-09-05/IMG_1309.JPG,Small,Small,1.5191811826298363e-06,0.9999854564666748,1.3078880328976084e-05,3.460592001760382e-13
2025-08-22/IMG_0133.JPG,Small,Small,5.109548510517925e-06,0.9889154434204102,0.011079379357397556,4.744321602245805e-10
2025-09-05/IMG_0940.JPG,Very Small,Very Small,0.9737672805786133,0.026223886758089066,5.307117589836707e-06,3.5007460610358976e-06
2025-08-22/IMG_9871.JPG,Large,Large,0.0004321011365391314,8.686969522386789e-05,0.019538341090083122,0.9799426794052124
2025-09-05/IMG_0948.JPG,Medium,Medium,3.150658812955953e-06,0.0049463240429759026,0.9950399994850159,1.0450262379890773e-05
2025-08-22/IMG_0178.JPG,Very Small,Very Small,0.9982339143753052,0.0017638015560805798,1.616679128346732e-07,2.1266669136821292e-06
2025-09-29/IMG_1913.JPG,Very Small,Very Small,0.9978894591331482,0.002110599773004651,1.931643645036729e-08,8.277302177006618e-10
2025-08-22/IMG_0286.JPG,Very Small,Very Small,0.9997933506965637,0.00020669485093094409,2.990140135494812e-09,2.4850674851251142e-09
2025-08-22/IMG_9837.JPG,Medium,Medium,5.104091087559937e-07,0.003694503102451563,0.9963037967681885,1.1715134178302833e-06
2025-09-05/IMG_1322.JPG,Very Small,Very Small,0.9999498128890991,5.019180753151886e-05,1.6367568108147101e-12,1.5290304829565504e-12
2025-08-22/IMG_9974.JPG,Very Small,Very Small,0.9999855756759644,1.4429241673497017e-05,1.0683229474672817e-12,1.5910710249311677e-12
2025-09-05/IMG_1467.JPG,Small,Small,0.0007608273299410939,0.9991893172264099,4.991238529328257e-05,1.9558695996124698e-08
2025-08-07/IMG_9433.JPG,Small,Small,0.006729000248014927,0.9907256960868835,0.0025449797976762056,3.635448422301124e-07
2025-08-07/IMG_9115.JPG,Small,Small,1.5511124729528092e-05,0.999672532081604,0.0003119684988632798,2.9177393140455976e-11
2025-08-22/IMG_0061.JPG,Medium,Medium,4.007744792033918e-05,0.011292501352727413,0.9883646965026855,0.00030276828329078853
2025-08-22/IMG_0176.JPG,Very Small,Very Small,0.9999873638153076,1.2583942407218274e-05,3.55724061318341e-10,4.342616932717647e-09
2025-08-07/IMG_9705.JPG,Large,Large,0.000447911792434752,6.390694034053013e-05,0.007710729725658894,0.9917774200439453
2025-09-05/IMG_0900.JPG,Very Small,Very Small,0.9975070357322693,0.0024482731241732836,5.70318843529094e-06,3.89618071494624e-05
2025-08-22/IMG_0011.JPG,Very Small,Very Small,0.9993246793746948,0.000675150949973613,1.0673325334664696e-07,2.7029868121530853e-08
2025-08-07/IMG_9589.JPG,Medium,Medium,0.0017232693498954177,0.014843303710222244,0.9614778757095337,0.02195550873875618
2025-08-07/IMG_9571.JPG,Large,Large,0.0008379865321330726,6.575718725798652e-05,0.002601616783067584,0.9964945912361145
2025-09-29/IMG_1811.JPG,Medium,Medium,8.761875136542585e-08,0.001686127739958465,0.9983134269714355,3.779991288865858e-07
2025-08-07/IMG_9117.JPG,Small,Small,6.86971252434887e-05,0.999897837638855,3.347328311065212e-05,1.286455924426333e-11
2025-08-07/IMG_9108.JPG,Small,Small,7.715195533819497e-05,0.996772825717926,0.00314996181987226,5.372589040320008e-10
2025-08-07/IMG_9397.JPG,Small,Small,0.006096926052123308,0.9939029812812805,9.383167309806595e-08,3.027636752417351e-10
2025-09-29/IMG_1792.JPG,Small,Small,0.00011160581925651059,0.9998883008956909,3.1040631398582264e-08,7.452052755256566e-13
2025-09-05/IMG_0968.JPG,Medium,Medium,5.590069918071094e-07,0.004324279725551605,0.9956743121147156,7.80554898938135e-07
2025-09-29/IMG_1781.JPG,Small,Small,4.1513503674650565e-05,0.9999113082885742,4.7202112909872085e-05,1.222020228064391e-11
2025-08-07/IMG_9659.JPG,Large,Large,0.0006880621076561511,3.791423296206631e-05,0.0012409861665219069,0.9980329871177673
2025-09-05/IMG_1094.JPG,Medium,Medium,3.0405738016270334e-07,0.0015846044989302754,0.9984111785888672,3.852234385703923e-06
2025-09-29/IMG_1692.JPG,Medium,Medium,2.2623122220011282e-07,0.0007948502898216248,0.9992030262947083,1.8987794874192332e-06
2025-09-05/IMG_1195.JPG,Small,Small,0.001346228877082467,0.9985546469688416,9.91458582575433e-05,5.4802122839703316e-09
2025-09-05/IMG_1179.JPG,Small,Small,4.357106809038669e-05,0.9944056272506714,0.00555083341896534,2.7061317631194015e-09
2025-08-07/IMG_9139.JPG,Small,Small,0.0018153644632548094,0.9975430965423584,0.0006411964423023164,3.4713013974396745e-07
2025-08-22/IMG_0216.JPG,Small,Small,0.0005478830426000059,0.9992990493774414,0.00015310525486711413,3.6635312561372757e-09
2025-08-22/IMG_9835.JPG,Medium,Medium,3.1450626920559444e-06,0.0005096137174405158,0.9992116689682007,0.0002756355097517371
2025-09-05/IMG_0852.JPG,Small,Small,1.4595480024581775e-07,0.9984413981437683,0.001558425254188478,2.3935417450132723e-12
2025-08-07/IMG_9101.JPG,Medium,Medium,3.072726394748315e-05,0.0065133459866046906,0.9927703738212585,0.000685466337017715
2025-09-05/IMG_0816.JPG,Small,Small,0.0012079887092113495,0.9984715580940247,0.0003203816886525601,8.134637408119261e-10
2025-09-05/IMG_1338.JPG,Small,Small,4.320665175328031e-05,0.9999567270278931,7.956082725968372e-08,3.041351418213607e-14
2025-09-05/IMG_1304.JPG,Very Small,Very Small,0.9986843466758728,0.0013154690386727452,1.4461846831181902e-07,5.880935738389326e-09
2025-09-05/IMG_0992.JPG,Very Small,Very Small,0.9999922513961792,7.756011655146722e-06,2.8736526589426487e-15,4.854649058509512e-15
2025-08-22/IMG_9958.JPG,Very Small,Very Small,0.9940318465232849,0.0059512765146791935,1.5673183952458203e-05,1.1844540495076217e-06
2025-08-07/IMG_9578.JPG,Large,Large,0.0007076466572470963,0.0001104184630094096,0.011284944601356983,0.9878969192504883
2025-08-07/IMG_9699.JPG,Medium,Medium,1.5107219041965436e-05,0.00023489996965508908,0.9959865212440491,0.0037635357584804296
2025-08-22/IMG_9764.JPG,Medium,Medium,0.00012366783630568534,0.008920884691178799,0.989277720451355,0.0016776453703641891
2025-09-05/IMG_1420.JPG,Small,Small,0.0026848267298191786,0.9638663530349731,0.03344844654202461,3.922202438388922e-07
2025-09-05/IMG_0964.JPG,Small,Small,1.067769694884646e-08,0.9969847798347473,0.003015192924067378,6.677815852368374e-13
2025-09-05/IMG_1502.JPG,Small,Small,1.2734052035057175e-08,0.9996638298034668,0.0003361715062055737,2.347757947253337e-13
2025-09-05/IMG_1397.JPG,Very Small,Very Small,0.999994158744812,5.858281838300172e-06,2.7282962347663364e-11,1.863783988254042e-10
2025-08-07/IMG_9574.JPG,Large,Large,0.0009977162117138505,0.0002660381724126637,0.03660613298416138,0.962130069732666
2025-09-05/IMG_1203.JPG,Large,Large,0.0010419117752462626,0.00028844462940469384,0.06305710971355438,0.9356126189231873
2025-08-22/IMG_0058.JPG,Small,Small,6.133064744062722e-05,0.9992433786392212,0.000695282535161823,1.139474403721863e-09
2025-09-05/IMG_1005.JPG,Very Small,Very Small,0.9997138381004333,0.0002861848333850503,2.822615918773863e-08,8.480867563775973e-09
2025-09-05/IMG_1362.JPG,Medium,Medium,1.228083760906884e-06,0.0016564310062676668,0.9983329176902771,9.506296009931248e-06
2025-09-05/IMG_1106.JPG,Very Small,Very Small,0.9999179840087891,8.199881267501041e-05,4.409233866908835e-09,2.0565719793808057e-08
2025-09-05/IMG_0949.JPG,Small,Small,1.4532066643369035e-06,0.9995043277740479,0.0004942497471347451,3.4451610401303734e-12
2025-09-05/IMG_1164.JPG,Small,Small,5.670077371178195e-06,0.9998666048049927,0.0001276965776924044,7.246828137574823e-12
2025-08-07/IMG_9440.JPG,Very Small,Very Small,0.9960405826568604,0.003959301393479109,3.8031529925319774e-08,7.501178345137305e-08
2025-08-22/IMG_0290.JPG,Medium,Medium,3.529147988956538e-06,0.0002303360670339316,0.9988540410995483,0.0009120629983954132
2025-09-29/IMG_1758.JPG,Small,Small,0.001043909345753491,0.9989417195320129,1.43645447678864e-05,4.925238439312807e-09
2025-08-07/IMG_9116.JPG,Small,Small,0.00020629364007618278,0.9996681213378906,0.00012562272604554892,5.39920275155481e-10
2025-08-22/IMG_0032.JPG,Very Small,Very Small,0.9972103238105774,0.0027886927127838135,9.834806178332656e-07,7.414216440793098e-08
2025-08-22/IMG_0007.JPG,Small,Small,0.00020161582506261766,0.9962164759635925,0.0035818961914628744,2.2150217660055205e-08
2025-08-07/IMG_9236.JPG,Medium,Medium,8.090317749065434e-09,0.0013940989738330245,0.9986059069633484,4.276018650273272e-09
2025-08-22/IMG_9975.JPG,Small,Small,0.001794536947272718,0.9981585144996643,4.6915618440834805e-05,6.779866668082946e-10
2025-08-07/IMG_9615.JPG,Large,Large,0.0004934810567647219,8.482033445034176e-05,0.007348567247390747,0.9920732378959656
2025-09-05/IMG_1411.JPG,Very Small,Very Small,0.9998086094856262,0.00019083543156739324,6.02432805862918e-08,4.2223229002047447e-07
2025-09-05/IMG_1225.JPG,Small,Small,2.944397238024976e-06,0.9999711513519287,2.5875102437566966e-05,9.319952578787372e-13
2025-08-22/IMG_9915.JPG,Small,Small,5.9842492191819474e-05,0.995461642742157,0.004478457849472761,1.834519425258918e-09
2025-09-05/IMG_1228.JPG,Small,Small,0.0007573799812234938,0.9992426633834839,3.06353378221047e-08,7.570579905157027e-13
2025-09-05/IMG_1115.JPG,Medium,Medium,4.2882933826149383e-07,0.0024577374570071697,0.9975404739379883,1.2805397773263394e-06
2025-08-07/IMG_9247.JPG,Medium,Medium,1.1012434697477147e-06,0.006347541231662035,0.9936420321464539,9.371448868478183e-06
2025-09-05/IMG_1386.JPG,Small,Small,4.744031684822403e-06,0.999142050743103,0.0008531339117325842,2.869419285511654e-11
2025-08-07/IMG_9141.JPG,Very Small,Very Small,0.9995309114456177,0.00046914644190110266,2.687029487802306e-10,1.7730701629137258e-10
2025-09-05/IMG_1269.JPG,Small,Small,1.784925552783534e-05,0.9999735355377197,8.630538104625884e-06,1.1630907825396775e-12
2025-09-29/IMG_1731.JPG,Small,Small,1.2963306289748289e-05,0.9998070597648621,0.0001800509198801592,8.398903794670787e-11
2025-08-22/IMG_9753.JPG,Medium,Medium,3.810952975413784e-08,0.003886735299602151,0.9961131811141968,5.944696468418442e-08
2025-08-22/IMG_9897.JPG,Small,Small,1.6791052985354327e-05,0.9999655485153198,1.7646954802330583e-05,8.318251643046892e-11
2025-08-22/IMG_0254.JPG,Small,Small,0.0007070286083035171,0.9992896318435669,3.301640845165821e-06,6.314757605707655e-10
2025-09-05/IMG_0848.JPG,Very Small,Very Small,0.9998983144760132,0.00010166928404942155,2.2739414795580615e-09,1.1393609611332067e-08
2025-08-07/IMG_9178.JPG,Small,Small,7.031457698758459e-06,0.9999548196792603,3.814799492829479e-05,1.8012532437827744e-11
2025-09-05/IMG_0925.JPG,Very Small,Very Small,0.9972845315933228,0.0027154451236128807,7.677981805898071e-09,2.440182056417939e-09
2025-09-29/IMG_1887.JPG,Small,Small,9.889873581414577e-06,0.9999055862426758,8.452245674561709e-05,5.899159633004913e-11
2025-09-05/IMG_1143.JPG,Very Small,Very Small,0.9998883008956909,0.00011169962090207264,1.9515844495998635e-10,8.565338438515369e-10
2025-09-05/IMG_1133.JPG,Small,Small,0.0003546130610629916,0.9996428489685059,2.5725164505274734e-06,3.436300896608735e-11
2025-09-05/IMG_0835.JPG,Medium,Medium,3.4827916550739246e-08,0.000387385516660288,0.9996122717857361,4.1449939658377843e-07
2025-08-22/IMG_9907.JPG,Small,Small,2.5912260070981574e-07,0.9999910593032837,8.700321814103518e-06,1.3247635105605778e-14
2025-09-05/IMG_1068.JPG,Small,Small,0.008290580473840237,0.9917048215866089,4.553109647531528e-06,2.0919219134718503e-10
2025-08-22/IMG_9815.JPG,Large,Large,0.0005129126366227865,3.092516999458894e-05,0.002108102198690176,0.9973480701446533
2025-08-22/IMG_9925.JPG,Very Small,Very Small,0.9998966455459595,0.00010329145152354613,1.1178541425849176e-09,4.529151220733496e-10
2025-09-05/IMG_1558.JPG,Small,Small,0.00015245376562234014,0.9998469352722168,6.066979949537199e-07,4.364958101996802e-13
2025-09-05/IMG_1557.JPG,Very Small,Very Small,0.9999959468841553,4.090726179128978e-06,9.825751594739335e-16,2.0914330052161325e-16
2025-08-22/IMG_9904.JPG,Small,Small,1.2046754136463278e-06,0.9999978542327881,8.955026942203403e-07,9.812970206378446e-14
2025-08-22/IMG_0189.JPG,Small,Small,2.5967505923318868e-09,0.9999998807907104,1.6348337794624968e-07,4.392149140873347e-18
2025-08-07/IMG_9248.JPG,Small,Small,1.041883479047101e-06,0.9998620748519897,0.0001369069068459794,1.7168162724789937e-11
2025-08-22/IMG_0029.JPG,Small,Small,1.1075612746935803e-05,0.9999701976776123,1.87352725333767e-05,1.2769468815676532e-10
2025-08-07/IMG_9543.JPG,Small,Small,0.00014490603643935174,0.9997816681861877,7.345168705796823e-05,2.8282005626323325e-09
2025-09-29/IMG_1940.JPG,Very Small,Very Small,0.9999912977218628,8.665487257530913e-06,1.430124898713081e-12,3.3180192534482122e-12
2025-08-22/IMG_0123.JPG,Small,Small,0.0006285703275352716,0.9959418177604675,0.003429593751206994,2.672501331346666e-08
2025-09-05/IMG_1053.JPG,Very Small,Very Small,0.9999839067459106,1.6118354324134998e-05,1.2439010932396855e-09,3.093363065698185e-10
2025-08-07/IMG_9194.JPG,Small,Small,2.107903674186673e-05,0.9999784231185913,4.717579997759458e-07,1.5170476637058061e-12
2025-08-22/IMG_9803.JPG,Medium,Medium,1.4324636765650212e-07,0.002433322137221694,0.9975659847259521,5.779505727332435e-07
2025-09-29/IMG_1908.JPG,Large,Large,0.0007078431663103402,0.0001313628163188696,0.014314795844256878,0.9848459959030151
