image_filename,true_class,predicted_class,decision_very_small,decision_small,decision_medium,decision_large
2025-08-07/IMG_9086.JPG,Small,Small,0.7517169961893082,3.272983483052353,2.237141174141776,-0.26757917276709525
2025-08-07/IMG_9089.JPG,Very Small,Very Small,3.2830020207298793,2.2600126543842216,0.8225596486860511,-0.29642262321063045
2025-08-07/IMG_9090.JPG,Very Small,Very Small,3.2576914601167233,2.2774763550398425,0.9389392017464542,-0.29690381427583123
2025-08-07/IMG_9091.JPG,Small,Small,2.1367345195800853,3.285114454272341,0.8014482127441065,-0.27900278766295905
2025-08-07/IMG_9093.JPG,Small,Small,2.2472268429359348,3.272797642210284,1.0723182187058395,-0.2948183220028812
2025-08-07/IMG_9097.JPG,Small,Small,2.1564039191032136,3.275082534535824,1.1656447273016854,-0.2894400951187717
2025-08-07/IMG_9098.JPG,Medium,Small,2.134169320846471,3.277118289317834,1.1028746711533546,-0.28604975786180614
2025-08-07/IMG_9100.JPG,Small,Small,0.8400663552341833,3.277959243913061,2.192500114717618,-0.2817671714315546
2025-08-07/IMG_9101.JPG,Medium,Small,0.7848350881526936,3.265213342414976,2.2448515874182275,-0.27625325405954243
2025-08-07/IMG_9103.JPG,Small,Small,2.0103825572621554,3.281457012329726,1.1582870250484514,-0.288055451221186
2025-08-07/IMG_9104.JPG,Small,Small,0.8929684735819736,3.282212307384405,2.1961796311425683,-0.2887574100912467
2025-08-07/IMG_9105.JPG,Small,Small,2.19585072612602,3.2756470844652883,1.1314079958125727,-0.290890541347941
2025-08-07/IMG_9106.JPG,Very Small,Very Small,3.275514418383408,2.2716342021553375,0.88618687179765,-0.29878824167645973
2025-08-07/IMG_9107.JPG,Small,Small,1.9535941981230114,3.2841510320281166,1.1617896584294034,-0.28923527642586755
2025-08-07/IMG_9108.JPG,Small,Small,0.8922618707689655,3.2793558946520576,2.176678001992466,-0.2844980095811123
2025-08-07/IMG_9109.JPG,Small,Small,2.1420167998263064,3.268043349292043,1.1694394286791625,-0.28489482825861834
2025-08-07/IMG_9110.JPG,Small,Very Small,3.2385701183753857,2.2544904796064924,1.1049527811956723,-0.28706859165122267
2025-08-07/IMG_9111.JPG,Very Small,Very Small,3.2684962319372337,2.2595698017383774,0.8776290365916801,-0.29207907331286326
2025-08-07/IMG_9113.JPG,Very Small,Very Small,3.257269034527695,2.2614655655533555,0.8393761856585975,-0.286321293635495
2025-08-07/IMG_9114.JPG,Very Small,Very Small,3.250000223436887,2.2459100909758285,1.0442572922309703,-0.2854817161519454
2025-08-07/IMG_9115.JPG,Small,Small,0.7871934563992522,3.2799649521486147,2.214180316773605,-0.2802360230822074
2025-08-07/IMG_9116.JPG,Small,Small,0.9547377300516972,3.2645135829305945,2.1552268203932274,-0.2733595941570097
2025-08-07/IMG_9117.JPG,Small,Medium,0.740386772742583,2.2529954644842123,3.2513704142912414,-0.2431070809456479
2025-08-07/IMG_9118.JPG,Very Small,Small,0.8225278708223511,3.2427332900742507,2.2208290364326455,-0.2593146740931011
2025-08-07/IMG_9120.JPG,Small,Small,2.075936085674654,3.2684989991309905,1.189472898661843,-0.283975365488127
2025-08-07/IMG_9121.JPG,Small,Small,2.093556415592988,3.2729668944794903,1.1979053402464508,-0.28812545231304154
2025-08-07/IMG_9122.JPG,Medium,Small,0.7700766383423652,3.2744820134912263,2.208392282022681,-0.26808260549633833
2025-08-07/IMG_9124.JPG,Small,Small,0.8828452020963137,3.2668318174083493,2.217766237844483,-0.28087961959338636
2025-08-07/IMG_9125.JPG,Small,Small,1.0213905236582492,3.272023810435608,2.2198021670338246,-0.28853959669698914
2025-08-07/IMG_9126.JPG,Small,Small,0.9141543349168403,3.276570931102466,2.1529039852531464,-0.2810294123108145
2025-08-07/IMG_9127.JPG,Very Small,Very Small,3.255527714709934,2.2783699002443187,1.0895646486165969,-0.2990264934967991
2025-08-07/IMG_9128.JPG,Medium,Small,0.9096545943195209,3.2754200959381468,2.2090225251029314,-0.286154912995962
2025-08-07/IMG_9129.JPG,Very Small,Small,2.2269792037261786,3.2735612587423195,1.0744233113958221,-0.2916581860653736
2025-08-07/IMG_9131.JPG,Very Small,Small,2.242046213571581,3.2751027545522797,1.0001869300135564,-0.2935390521437457
2025-08-07/IMG_9132.JPG,Small,Small,0.8597887242436414,3.277369206811091,2.187948263025737,-0.2822315857157918
2025-08-07/IMG_9133.JPG,Small,Small,1.0542848042542734,3.2758932281086706,2.192223288194263,-0.2880428888021682
2025-08-07/IMG_9134.JPG,Small,Small,0.8497026836494117,3.2782457965641223,2.2060696468498238,-0.2846649533046176
2025-08-07/IMG_9136.JPG,Very Small,Small,1.987247396418977,3.2744719532608055,1.129976674169315,-0.280105597518736
2025-08-07/IMG_9137.JPG,Small,Small,1.9582738117014478,3.273734947114148,1.1671479756421754,-0.28169933375834105
2025-08-07/IMG_9139.JPG,Small,Small,2.2312923230298263,3.2591082507402445,1.1008086787146312,-0.2869793849239258
2025-08-07/IMG_9140.JPG,Very Small,Small,2.2482925284345847,3.2692969603346294,0.9969973689024089,-0.29226205719770204
2025-08-07/IMG_9141.JPG,Very Small,Very Small,3.3017036826522026,2.231162259372124,0.7301260239306575,-0.29433982237669803
2025-08-07/IMG_9143.JPG,Very Small,Very Small,3.255584277897278,2.231929993944087,0.8038047186951287,-0.26853114907426245
2025-08-07/IMG_9144.JPG,Very Small,Very Small,3.289426068705735,2.2121332735068524,0.7664766000779392,-0.2857302725351602
2025-08-07/IMG_9145.JPG,Small,Small,2.228202006664432,3.263893081767168,1.022977075189365,-0.2860181969672893
2025-08-07/IMG_9146.JPG,Medium,Small,0.7827961939153453,3.261797854645236,2.2194368432488574,-0.2626514898312211
2025-08-07/IMG_9147.JPG,Small,Small,2.237797535965703,3.27433072422802,1.0368065426850084,-0.292991330341393
2025-08-07/IMG_9148.JPG,Very Small,Very Small,3.2592474125453887,2.2701872015886972,0.8418899786741276,-0.2910090905926808
2025-08-07/IMG_9149.JPG,Small,Small,2.206478959005114,3.2723653265722827,0.8898075445272456,-0.2828375308781235
2025-08-07/IMG_9150.JPG,Very Small,Very Small,3.2693664802599214,2.256931369210885,0.8536810927888595,-0.2905518239869563
2025-08-07/IMG_9153.JPG,Small,Small,0.7627152072221342,3.2681276013427176,2.1766570343470986,-0.24489457039174578
2025-08-07/IMG_9155.JPG,Small,Small,2.1386954263975584,3.2719937680699687,1.173885879008142,-0.28727605576600906
2025-08-07/IMG_9157.JPG,Small,Small,2.164361922700296,3.275661132699104,0.796420451143653,-0.26902726987189646
2025-08-07/IMG_9159.JPG,Small,Very Small,3.269126288807831,2.2676269833783995,0.8528123194428551,-0.29399687169666483
2025-08-07/IMG_9160.JPG,Small,Very Small,3.270414019047275,2.2683966735632626,0.8029103243464621,-0.29158526052748757
2025-08-07/IMG_9161.JPG,Very Small,Very Small,3.292605348049329,2.2555086039816943,0.7563782533680319,-0.2952463595248992
2025-08-07/IMG_9162.JPG,Very Small,Very Small,3.281428625282428,2.2585213392818546,0.8144136123872335,-0.2946704298738652
2025-08-07/IMG_9164.JPG,Very Small,Very Small,3.2592636548412655,2.2422601372178974,0.8097996604538141,-0.276172416077962
2025-08-07/IMG_9165.JPG,Very Small,Small,2.190533608919665,3.268355239767767,0.8713357293876066,-0.276212281539622
2025-08-07/IMG_9166.JPG,Small,Small,2.1994891349993426,3.252751096397833,0.8001166754514756,-0.2526075346894235
2025-08-07/IMG_9167.JPG,Very Small,Very Small,3.261015096522001,2.055776503692266,0.8298350970864145,-0.244853418364543
2025-08-07/IMG_9168.JPG,Small,Small,1.8483790391059571,3.2645431626375063,1.1288278212187022,-0.26151283609545317
2025-08-07/IMG_9170.JPG,Very Small,Very Small,3.2638380175395767,2.2236008051952814,0.8872033486600138,-0.28061333480344114
2025-08-07/IMG_9171.JPG,Very Small,Small,2.234240043777766,3.2698702901484005,0.9842980197318806,-0.289281244242757
2025-08-07/IMG_9172.JPG,Small,Small,2.111886415656732,3.266959146590084,1.0457288370929456,-0.2747127344819453
2025-08-07/IMG_9175.JPG,Small,Small,0.9004016752442106,3.264751372461799,2.1688792192604893,-0.2722961951752185
2025-08-07/IMG_9176.JPG,Medium,Medium,0.7591817513349253,2.2481851725452455,3.235077280083614,-0.2433460135384753
2025-08-07/IMG_9177.JPG,Medium,Small,0.7714648060947262,3.264330488147906,2.2317968765619005,-0.26575974443583616
2025-08-07/IMG_9179.JPG,Small,Small,2.234174824639969,3.275577283425209,0.8220892239706361,-0.28563477502023177
2025-08-07/IMG_9181.JPG,Small,Small,0.7760265804036637,3.2682599178414833,1.8513988166884718,-0.18648823923059538
2025-08-07/IMG_9182.JPG,Very Small,Small,2.17026242419414,3.273513688483897,0.8862025955296572,-0.2786710652942932
2025-08-07/IMG_9183.JPG,Small,Small,2.1915654802063944,3.2850784856661774,1.023320931531313,-0.293337763645672
2025-08-07/IMG_9184.JPG,Medium,Medium,-0.2766358298963866,2.189962457821481,3.2832799151790506,0.7740075837985809
2025-08-07/IMG_9185.JPG,Very Small,Very Small,3.2677119035371205,2.27070230506117,0.8630926877528209,-0.29504039577445196
2025-08-07/IMG_9186.JPG,Small,Small,0.835218280312642,3.2661485098642467,2.243484134680463,-0.28353544528705005
2025-08-07/IMG_9187.JPG,Small,Small,2.2292858705625487,3.2675197187950724,0.9053356189628906,-0.28482618673365406
2025-08-07/IMG_9188.JPG,Small,Small,0.8303771382844742,3.2679942567975773,2.2399957715139545,-0.2831079031122199
2025-08-07/IMG_9189.JPG,Very Small,Very Small,3.265218463360476,2.2373596577395802,0.9141790381594669,-0.285850863089699
2025-08-07/IMG_9190.JPG,Very Small,Very Small,3.288827414156891,2.236215552792117,0.7472385764673088,-0.2842039639462971
2025-08-07/IMG_9192.JPG,Small,Small,2.15100124761387,3.2865076045085497,1.1799790197135873,-0.2967851297459068
2025-08-07/IMG_9193.JPG,Very Small,Very Small,3.280521186672909,2.2139875890652094,0.7537437555740589,-0.2701620503620794
2025-08-07/IMG_9195.JPG,Very Small,Very Small,3.2643874162400417,2.2641218740203874,0.7811425678659194,-0.28387033706907855
2025-08-07/IMG_9198.JPG,Medium,Small,0.7890083594407097,3.277180158226964,2.2550617009931004,-0.28871164037751695
2025-08-07/IMG_9200.JPG,Small,Small,0.809395646182981,3.2813166662767745,2.259547960604802,-0.29453024320999316
2025-08-07/IMG_9203.JPG,Very Small,Very Small,3.2788733560273062,2.250033724807131,0.7620456836692329,-0.2830377974779438
2025-08-07/IMG_9204.JPG,Very Small,Very Small,3.29819715237889,2.2213158370838193,0.7354006387371389,-0.2895486209739913
2025-08-07/IMG_9206.JPG,Very Small,Very Small,3.2823977662490713,2.264443611742642,0.7535819914541487,-0.2891698657546817
2025-08-07/IMG_9207.JPG,Very Small,Very Small,3.291237225486039,2.24605193333304,0.7501756814536698,-0.29029963854708934
2025-08-07/IMG_9211.JPG,Very Small,Very Small,3.2773157229816063,2.247157925627609,0.7733406380963783,-0.2835360325993319
2025-08-07/IMG_9212.JPG,Very Small,Very Small,3.297583367130377,2.252551681795436,0.731825431673502,-0.29333969025261064
2025-08-07/IMG_9213.JPG,Small,Small,0.8204445091621879,3.282483610060938,2.167145751757488,-0.28119623293870005
2025-08-07/IMG_9217.JPG,Medium,Small,0.8536321058774088,3.2669189481519143,2.2616438165833745,-0.2910633288321186
2025-08-07/IMG_9218.JPG,Small,Small,2.152172361147087,3.2784796662030993,1.227245820758486,-0.29653677481742863
2025-08-07/IMG_9219.JPG,Medium,Medium,0.7639209772505442,2.26369902396929,3.278642974031142,-0.2886169629724257
2025-08-07/IMG_9220.JPG,Small,Small,0.8087690524200136,3.2446421030686414,2.2716026233192936,-0.284403154695729
2025-08-07/IMG_9221.JPG,Small,Small,0.7555645247255866,3.266591771705039,2.257204808932358,-0.27405645237708526
2025-08-07/IMG_9222.JPG,Medium,Medium,0.721490217570145,2.2117487884231557,3.2876895632578194,-0.24925159067134256
2025-08-07/IMG_9223.JPG,Medium,Medium,0.7191278466713149,2.202159419121309,3.2826013736235655,-0.21246102486264315
2025-08-07/IMG_9224.JPG,Medium,Medium,0.8668771119878642,2.1106001485262103,3.2764597941040954,-0.2747777869135359
2025-08-07/IMG_9225.JPG,Small,Small,0.9154320405701977,3.277896659800572,2.1520632046821424,-0.2821441498631844
2025-08-07/IMG_9226.JPG,Small,Small,2.0645995897970986,3.2690985831991464,1.1218465457858136,-0.2778316776001239
2025-08-07/IMG_9227.JPG,Very Small,Very Small,3.258341833916763,2.2627262935050485,0.8405047945910864,-0.28734630081600243
2025-08-07/IMG_9228.JPG,Medium,Medium,-0.24573984490234208,2.1846802074183644,3.258591940492327,0.7817393016183204
2025-08-07/IMG_9229.JPG,Small,Small,0.7497609714206968,3.2657629127236336,2.250413496431251,-0.2658783262023009
2025-08-07/IMG_9230.JPG,Very Small,Very Small,3.277272814099155,2.262380952087102,0.7701561572303162,-0.28842787593708047
2025-08-07/IMG_9231.JPG,Small,Small,0.8121236638823417,3.264767208432304,2.222712535713297,-0.27362994696862136
2025-08-07/IMG_9232.JPG,Small,Small,2.112696971410884,3.263487640711811,1.1753753209132665,-0.28119682062028994
2025-08-07/IMG_9233.JPG,Very Small,Very Small,3.2775021391501693,2.2669971330161616,0.7789520564843513,-0.29180506167796855
2025-08-07/IMG_9234.JPG,Medium,Medium,0.7376035164549548,2.218897428936245,3.2783513657059236,-0.25538646567673867
2025-08-07/IMG_9235.JPG,Medium,Medium,-0.2971402217447813,2.2437464986309448,3.283043875569975,0.9592636028559292
2025-08-07/IMG_9236.JPG,Medium,Medium,0.7379111841628798,2.2177859517955056,3.2848190422352626,-0.2676767863596022
2025-08-07/IMG_9237.JPG,Medium,Medium,-0.27643236798870763,1.0438438785384887,3.2785091619488127,1.909379650008553
2025-08-07/IMG_9239.JPG,Small,Small,0.8188269056789895,3.2633601063370654,2.1638184891865024,-0.2599029959510112
2025-08-07/IMG_9240.JPG,Very Small,Very Small,3.25060587071042,2.271472096334684,0.791073511297226,-0.28386500220459987
2025-08-07/IMG_9241.JPG,Very Small,Very Small,3.260039425172817,2.2590615658300126,0.8066527328218942,-0.28324366495678366
2025-08-07/IMG_9242.JPG,Small,Small,2.0700012485926544,3.2744639382780334,1.1010265088374664,-0.2809468496740413
2025-08-07/IMG_9243.JPG,Very Small,Very Small,3.2850601249494296,2.2554548667687273,0.7570920242965191,-0.28888315873608905
2025-08-07/IMG_9244.JPG,Very Small,Very Small,3.2910220159358916,2.2306317927329924,0.7476946287483457,-0.28578192694164223
2025-08-07/IMG_9245.JPG,Medium,Medium,-0.27064719775987456,1.8925593985076223,3.2915984347881597,0.7710356353798409
2025-08-07/IMG_9247.JPG,Medium,Small,0.7285392240305626,3.265500637286648,2.2759776160737313,-0.27089168724919793
2025-08-07/IMG_9248.JPG,Small,Small,1.8519832063092667,3.27089587555452,0.8966821439365318,-0.2518491537376229
2025-08-07/IMG_9249.JPG,Medium,Medium,0.7370638808030083,2.168699606758681,3.2893129746270304,-0.2647732365930752
2025-08-07/IMG_9250.JPG,Small,Small,1.8037120997427678,3.2698755888832793,0.9494480018450052,-0.24180322186625924
2025-08-07/IMG_9251.JPG,Medium,Medium,-0.28071850317604263,2.2507902221708234,3.269181520022316,0.7816507343868709
2025-08-07/IMG_9252.JPG,Small,Small,0.7470310231081756,3.278757233009588,2.2809593294062083,-0.29329033226252876
2025-08-07/IMG_9253.JPG,Small,Small,0.7359065319171292,3.2816735929237977,2.270552248353839,-0.2853561733060883
2025-08-07/IMG_9254.JPG,Small,Small,2.229715451093143,3.2876658476719256,0.7895574593043955,-0.29061828856545235
2025-08-07/IMG_9255.JPG,Small,Small,0.7588913666044104,3.2822214223297568,2.2735333750179563,-0.29403172095323044
2025-08-07/IMG_9256.JPG,Small,Very Small,3.2348990435212284,2.265330337008285,0.7584571036615593,-0.2617509352628678
2025-08-07/IMG_9257.JPG,Small,Small,0.8026290607577018,3.2794732369490402,2.2635189979357975,-0.29417193845209066
2025-08-07/IMG_9258.JPG,Small,Small,2.1744207566634643,3.2797331100362963,1.1198598392467867,-0.29102110396856
2025-08-07/IMG_9259.JPG,Small,Small,0.7165924023123453,3.2803482776161905,2.262281449207837,-0.2559202816603855
2025-08-07/IMG_9261.JPG,Small,Small,0.8675376726496644,3.2873085111906826,2.0939917652267575,-0.285548668668832
2025-08-07/IMG_9262.JPG,Small,Small,1.0245820790282625,3.2643694321812884,2.2695257547823355,-0.2968520449358337
2025-08-07/IMG_9263.JPG,Small,Small,0.7843555090081376,3.285931197125156,2.225178304030185,-0.2875564782349636
2025-08-07/IMG_9264.JPG,Small,Small,0.9942179199313792,3.2718961336308516,2.2432610017415784,-0.2922250788840449
2025-08-07/IMG_9397.JPG,Small,Very Small,3.254364965114247,2.2741977152236665,0.794789774362294,-0.2873955797223275
2025-08-07/IMG_9398.JPG,Very Small,Small,2.2201406844202816,3.28604020502278,0.9855600830931941,-0.29608019069722025
2025-08-07/IMG_9399.JPG,Small,Small,0.7312969783397465,3.2824642527468826,2.253596656343241,-0.27354964608300614
2025-08-07/IMG_9402.JPG,Small,Small,0.7526968503154752,3.275370587227429,2.2459436595607123,-0.2747566287832057
2025-08-07/IMG_9403.JPG,Small,Small,-0.27041447442686795,3.2770752955519056,2.236859734134557,0.7483174362472473
2025-08-07/IMG_9404.JPG,Medium,Medium,-0.2965749020937093,1.2397006076214652,3.282853988827995,1.9710374486111861
2025-08-07/IMG_9405.JPG,Small,Small,0.738529795406571,3.259852462609465,2.2685971938516496,-0.26728734223713496
2025-08-07/IMG_9406.JPG,Medium,Medium,0.7770145335307517,2.2465964295782737,3.2787835877483644,-0.28525354119994506
2025-08-07/IMG_9410.JPG,Very Small,Very Small,3.267312221875816,2.2779840659062494,0.7732423631071715,-0.29137075069683765
2025-08-07/IMG_9411.JPG,Small,Small,2.1318894458917157,3.2836474078154945,1.190295635044251,-0.29499234692929566
2025-08-07/IMG_9412.JPG,Small,Small,0.7579793029419855,3.255770017413655,2.268641630270458,-0.27585955450562266
2025-08-07/IMG_9413.JPG,Medium,Medium,0.7268702830219635,2.210439407787171,3.288081000734249,-0.2599394260879455
2025-08-07/IMG_9414.JPG,Large,Medium,-0.29165282559333283,0.8302707558968841,3.284275229159672,2.2304564312703548
2025-08-07/IMG_9416.JPG,Very Small,Very Small,3.2896050259257645,2.2660790962439057,0.7945691577797208,-0.29990973109658897
2025-08-07/IMG_9417.JPG,Small,Small,0.7574785712097754,3.2654311832294978,2.259136572655421,-0.27517005755481877
2025-08-07/IMG_9418.JPG,Small,Small,0.7628711197477271,3.273590788345772,2.261417165406502,-0.28394827595036876
2025-08-07/IMG_9419.JPG,Medium,Small,0.7515675569581646,3.283604766643152,2.274153757192215,-0.29369554033464423
2025-08-07/IMG_9420.JPG,Small,Small,2.1700958998527695,3.2630083565544368,1.22229531566735,-0.2905098422945121
2025-08-07/IMG_9421.JPG,Small,Small,2.155226676096357,3.276839437171807,1.1838318040902382,-0.2916745391097246
2025-08-07/IMG_9422.JPG,Very Small,Very Small,3.2710390375205316,2.2736519475229167,0.8928340258413429,-0.2981059066852932
2025-08-07/IMG_9424.JPG,Small,Small,0.7895104889754244,3.239663122403674,2.2723306985070097,-0.2805017442422264
2025-08-07/IMG_9426.JPG,Medium,Medium,0.7663773618712231,2.234299478553118,3.2778786099815256,-0.27808859597017443
2025-08-07/IMG_9427.JPG,Small,Small,0.8829599038049412,3.275852074290958,2.2273212038176293,-0.28830148209847684
2025-08-07/IMG_9429.JPG,Small,Small,0.8574541129425324,3.2642584393136804,2.239267785610803,-0.282997314541087
2025-08-07/IMG_9430.JPG,Medium,Small,0.763296520489497,3.281811056129962,2.2595277683270143,-0.2891039912724923
2025-08-07/IMG_9431.JPG,Very Small,Very Small,3.2673826618727886,2.1261858315513713,0.8038947304222664,-0.25461292834769583
2025-08-07/IMG_9432.JPG,Small,Small,2.1116994647628107,3.2678273444850316,1.1701588940859482,-0.2830975678295865
2025-08-07/IMG_9433.JPG,Small,Small,0.7641903754582959,3.2733054272591557,2.259314647483273,-0.28312018807051875
2025-08-07/IMG_9434.JPG,Small,Small,0.8993444339132501,3.270346711639696,2.2318925163259626,-0.28668406368540084
2025-08-07/IMG_9435.JPG,Very Small,Very Small,3.292232217958483,2.2683913032359584,0.7520238985702676,-0.2976357736303405
2025-08-07/IMG_9437.JPG,Medium,Small,0.8127942912911565,3.256479816572403,2.265902246364953,-0.2857106312300533
2025-08-07/IMG_9438.JPG,Very Small,Very Small,3.281073918474247,2.278891745544641,0.7918844254329541,-0.29945516112607534
2025-08-07/IMG_9439.JPG,Very Small,Very Small,3.3012480499985144,2.222327025114624,0.7298588323204124,-0.2922667309198224
2025-08-07/IMG_9440.JPG,Very Small,Very Small,3.2673314296089715,2.273865150176603,0.8291635849512778,-0.2945929084244868
2025-08-07/IMG_9441.JPG,Very Small,Very Small,3.2976152176067237,2.2382405824061147,0.7505720917872047,-0.2957320907838149
2025-08-07/IMG_9443.JPG,Medium,Medium,0.722596291280178,2.2576171610473454,3.2848464163353106,-0.27064419224811825
2025-08-07/IMG_9444.JPG,Medium,Medium,0.729943661013865,2.2631724244921307,3.286261832456969,-0.2825556633297978
2025-08-07/IMG_9445.JPG,Small,Small,0.7386372207474854,3.2805409005635195,2.274590704661063,-0.28802490723377816
2025-08-07/IMG_9447.JPG,Very Small,Very Small,3.304330939416787,2.1670298187862516,0.7252584506755861,-0.2906453113557804
2025-08-07/IMG_9448.JPG,Very Small,Very Small,3.275928620333844,2.269486863514299,0.8352802557718706,-0.29650366838837866
2025-08-07/IMG_9449.JPG,Medium,Medium,-0.27719672175648685,2.24734009611191,3.2759270300157706,0.7556756203910704
2025-08-07/IMG_9450.JPG,Small,Small,0.742956927529103,3.2783072508134214,2.2707393164065435,-0.2858078311821317
2025-08-07/IMG_9451.JPG,Very Small,Very Small,3.2921655551854676,2.206315798511709,0.7375377793283708,-0.2779428706494397
2025-08-07/IMG_9452.JPG,Small,Small,-0.2861555110815139,3.279341071545625,2.251415556362255,0.7715749590728808
2025-08-07/IMG_9453.JPG,Small,Small,2.1430865426038843,3.2775650833304426,1.111248599059022,-0.28723012864617004
2025-08-07/IMG_9454.JPG,Very Small,Very Small,3.28593463161865,2.274241765635473,0.7469052536265186,-0.2942061526607966
2025-08-07/IMG_9455.JPG,Small,Small,0.7699464720239401,3.2692515213275772,2.2374030821334476,-0.27215949529587635
2025-08-07/IMG_9456.JPG,Medium,Medium,-0.27518957281472617,2.231187037490411,3.282273191459132,0.7487962674730353
2025-08-07/IMG_9457.JPG,Small,Small,2.2299144356294724,3.280797594151517,1.1260165578067771,-0.29700616981315836
2025-08-07/IMG_9459.JPG,Small,Small,0.7596145117491683,3.27281836808958,2.2343284508687855,-0.27030797080399815
2025-08-07/IMG_9460.JPG,Small,Small,0.7581773032592051,3.2848910581675494,2.2197884822291813,-0.2793450201503105
2025-08-07/IMG_9461.JPG,Small,Small,0.8586685574119015,3.260181113979943,2.2354199528148295,-0.27978567201587834
2025-08-07/IMG_9462.JPG,Very Small,Very Small,3.2994042074998684,2.269287244942204,0.7297779237105791,-0.29913585815494237
2025-08-07/IMG_9463.JPG,Medium,Medium,-0.28547729433919816,2.2615737227891914,3.282979446581502,0.744192949197815
2025-08-07/IMG_9466.JPG,Very Small,Very Small,3.3019302851195995,2.1760981065523164,0.7317502730458959,-0.2895487480764615
2025-08-07/IMG_9467.JPG,Medium,Medium,-0.26725777477822865,2.1683581283830704,3.2749850884929947,0.7906468687638136
2025-08-07/IMG_9470.JPG,Medium,Medium,0.7573164196942034,2.197397501918993,3.2777255417664684,-0.2634425288850879
2025-08-07/IMG_9472.JPG,Medium,Medium,-0.2878651442967952,1.106445032536287,3.28860815501641,1.876186090617792
2025-08-07/IMG_9473.JPG,Very Small,Very Small,3.2718329750321313,2.2760236154307596,0.771328330718001,-0.2919332122902787
2025-08-07/IMG_9474.JPG,Small,Small,0.7760311679281151,3.2748068609301337,2.247583074573606,-0.2823241752053677
2025-08-07/IMG_9475.JPG,Small,Small,2.028616922714573,3.2824371164443167,1.1901809971243793,-0.29151880173352773
2025-08-07/IMG_9477.JPG,Medium,Medium,-0.26814188303263825,2.1558731605081918,3.2838282606230305,0.7619448462742037
2025-08-07/IMG_9478.JPG,Medium,Medium,-0.2788192946297665,1.905569501975806,3.2914984163615486,0.8022823797683027
2025-08-07/IMG_9479.JPG,Medium,Medium,-0.2964853246114451,1.1849835178712023,3.290102749555449,2.027140213444148
2025-08-07/IMG_9485.JPG,Medium,Medium,0.7417214792839741,2.259350193365783,3.2597020631535463,-0.2607337485235299
2025-08-07/IMG_9486.JPG,Small,Small,0.885798307593412,3.272170613257201,2.203258678219917,-0.28198348599189427
2025-08-07/IMG_9487.JPG,Small,Small,0.8826450873052615,3.272339057262184,2.1756732629967193,-0.27810805234288394
2025-08-07/IMG_9488.JPG,Small,Small,0.7744755078276012,3.2717404400300305,2.256193341246877,-0.283141113762781
2025-08-07/IMG_9489.JPG,Very Small,Very Small,3.271427305195047,2.277679317103228,0.8240208721416671,-0.29731881748997124
2025-08-07/IMG_9492.JPG,Small,Small,1.8602563942928012,3.267041134607889,0.9998082541049851,-0.2559186204455774
2025-08-07/IMG_9493.JPG,Medium,Medium,-0.2770719835166258,2.2245889715757023,3.270765447365152,0.8017228173733498
2025-08-07/IMG_9495.JPG,Small,Medium,0.7282967205407468,2.2559588107324124,3.270713550482366,-0.25439237508702905
2025-08-07/IMG_9502.JPG,Small,Small,0.8026651160322743,3.2710089093681676,2.164242276608958,-0.2648684239793775
2025-08-07/IMG_9503.JPG,Medium,Medium,0.733435162160938,2.24591428485915,3.2767867343422803,-0.26264477297374367
2025-08-07/IMG_9504.JPG,Small,Small,1.9112034156391497,3.270487750651444,1.2107853398182717,-0.2832900978132431
2025-08-07/IMG_9505.JPG,Medium,Medium,0.7633785007201364,2.2435342359320156,3.271106243957793,-0.27404296089222013
2025-08-07/IMG_9506.JPG,Very Small,Very Small,3.247005287155886,2.2885984493281324,0.9485851712373014,-0.3004283312110588
2025-08-07/IMG_9507.JPG,Small,Small,0.8084562534652187,3.25661303322255,2.1801673140741658,-0.2534005986198182
2025-08-07/IMG_9509.JPG,Small,Small,0.773678772906426,3.2665946322456794,2.1424711337639426,-0.241408513146736
2025-08-07/IMG_9512.JPG,Small,Small,2.206941450891128,3.2703199549226105,1.0745981050887028,-0.2871364914058381
2025-08-07/IMG_9513.JPG,Small,Small,1.837334835200373,3.2732278569254145,1.152010730893592,-0.2719577640342091
2025-08-07/IMG_9514.JPG,Small,Small,1.8659874803516194,3.271072224516766,1.1678928283197632,-0.2748155498904329
2025-08-07/IMG_9515.JPG,Small,Small,2.1479123444125223,3.258897594483744,1.0255195588284296,-0.2711297995433218
2025-08-07/IMG_9516.JPG,Small,Very Small,3.277076514419973,2.263961949657005,0.8494759609762981,-0.29590903432152094
2025-08-07/IMG_9517.JPG,Small,Small,2.1340428365885655,3.276463621292532,0.9938991118698847,-0.2821717649190524
2025-08-07/IMG_9519.JPG,Small,Small,2.222711818269341,3.2776825499106614,1.0345210963046645,-0.2922750392541816
2025-08-07/IMG_9522.JPG,Small,Very Small,3.254795781329052,2.2697303957252437,0.8415485476010633,-0.2893524696795829
2025-08-07/IMG_9523.JPG,Small,Small,1.8862727948116678,3.273703083838066,1.1017065001114075,-0.2728507821561022
2025-08-07/IMG_9524.JPG,Medium,Small,-0.26518732685193835,3.2477406580250876,2.214609678590807,0.8507680470420912
2025-08-07/IMG_9525.JPG,Medium,Small,0.7715420705098716,3.23146922768046,2.234684474264574,-0.23735336987543607
2025-08-07/IMG_9528.JPG,Medium,Medium,0.724106876481184,2.255840926045965,3.2530638420154503,-0.2075964564223468
2025-08-07/IMG_9529.JPG,Medium,Medium,-0.27636909532125004,2.2543239988232338,3.2545651139005445,0.7949156261757013
2025-08-07/IMG_9530.JPG,Small,Small,0.7807409101857807,3.2635236732937516,2.213169915246829,-0.2612895316752031
2025-08-07/IMG_9531.JPG,Medium,Medium,0.7523022716491725,2.266058913657998,3.2648707622108146,-0.2771334345004305
2025-08-07/IMG_9532.JPG,Medium,Medium,-0.24651493770412783,2.03828554479632,3.2667518276186787,0.8118009468215895
2025-08-07/IMG_9534.JPG,Large,Large,-0.27786351023010747,0.8979851985251894,2.2365995912209238,3.250091628068336
2025-08-07/IMG_9536.JPG,Very Small,Very Small,3.246873752588342,1.1347536124289008,2.2477428249040807,-0.2884609008333729
2025-08-07/IMG_9537.JPG,Medium,Medium,0.7782237212794426,2.2139715025597715,3.234113336164941,-0.22798676406810758
2025-08-07/IMG_9538.JPG,Large,Large,-0.28078417727993576,0.9099485149361265,2.2431959892277904,3.250318770330245
2025-08-07/IMG_9539.JPG,Large,Large,-0.2797932074303651,0.9466573635330768,2.220912225649603,3.258449407866759
2025-08-07/IMG_9541.JPG,Medium,Medium,-0.2814342710934296,0.9381979705962246,3.2775085365435284,2.1348340254556923
2025-08-07/IMG_9542.JPG,Large,Large,-0.2741405695222033,0.9619152803505835,2.2121660919131845,3.2501931432093603
2025-08-07/IMG_9543.JPG,Small,Medium,0.7882023338258785,2.212770596596204,3.2493003902586604,-0.24976667109471018
2025-08-07/IMG_9544.JPG,Large,Large,-0.27282751407752204,1.0796575485663324,2.238030587058901,3.2097608919032603
2025-08-07/IMG_9545.JPG,Medium,Medium,-0.24909613387262755,1.0342551363465973,3.2294755269765005,2.129213521417445
2025-08-07/IMG_9546.JPG,Medium,Medium,-0.2488446613136062,2.1690965919664533,3.2410636487360143,0.8631048062168427
2025-08-07/IMG_9547.JPG,Small,Small,0.8009524522471324,3.2578044158657207,2.212842362034367,-0.2623737767697686
2025-08-07/IMG_9548.JPG,Medium,Large,-0.26253088010657966,0.9535936682137672,2.226941714106793,3.2115273129391655
2025-08-07/IMG_9550.JPG,Small,Small,0.7712233957402003,3.2508885036981043,2.240367628855607,-0.25826835889243244
2025-08-07/IMG_9551.JPG,Medium,Large,-0.24527453839057695,0.7538336126276443,2.2298743215911516,3.257360640459794
2025-08-07/IMG_9553.JPG,Large,Small,-0.2395856741989177,3.2235321978514717,2.156432045235467,0.9109676728147061
2025-08-07/IMG_9555.JPG,Medium,Medium,-0.27938070815344657,1.172938927575897,3.2616216166048178,2.103734627223009
2025-08-07/IMG_9556.JPG,Very Small,Very Small,3.265459207806094,2.2713121063077266,1.2509488227997942,-0.3063025591915559
2025-08-07/IMG_9558.JPG,Small,Small,0.7877125825234184,3.2421389118489343,2.228182196888218,-0.2514625924340251
2025-08-07/IMG_9559.JPG,Small,Small,2.188143436867193,3.2340783538525018,1.2213639490002168,-0.2830659248770519
2025-08-07/IMG_9561.JPG,Medium,Small,0.8447540781611788,3.255812239296824,2.2520366868129864,-0.2822741751729122
2025-08-07/IMG_9562.JPG,Medium,Medium,0.7662236487527855,2.225950269559123,3.26947562225827,-0.2663441021566268
2025-08-07/IMG_9564.JPG,Very Small,Very Small,3.2367953535026865,2.2653078009751155,1.1984138640649105,-0.2955558704580964
2025-08-07/IMG_9571.JPG,Large,Large,-0.28376036454469605,0.802163364695467,2.248091515404214,3.2701270278528374
2025-08-07/IMG_9574.JPG,Large,Large,-0.27718096634739875,0.8532909933613473,2.247497988668843,3.2465039154563877
2025-08-07/IMG_9575.JPG,Large,Large,-0.27715518156959124,0.8116833281715197,2.225149442697267,3.2686199468940327
2025-08-07/IMG_9576.JPG,Medium,Medium,-0.24409626212663424,2.123731249296147,3.2535132747796953,0.8307889173865438
2025-08-07/IMG_9578.JPG,Large,Large,-0.2806011434035327,0.8293129720180462,2.267110074121049,3.2334494446993194
2025-08-07/IMG_9579.JPG,Medium,Medium,-0.2789446530529963,1.082082142145877,3.2773507558149793,1.9559681198591417
2025-08-07/IMG_9581.JPG,Medium,Medium,0.7839556774974238,1.89253848841788,3.264883958763142,-0.20271852266624257
2025-08-07/IMG_9583.JPG,Medium,Medium,-0.2572631040877115,1.0768212989507946,3.24998709637127,2.0255607607060817
2025-08-07/IMG_9584.JPG,Medium,Medium,-0.2799269027510153,0.9018949175440562,3.2762161839438524,2.1504394170581693
2025-08-07/IMG_9585.JPG,Large,Large,-0.2800273718481832,0.8375918220787084,2.2546121616566346,3.2493496782487337
2025-08-07/IMG_9586.JPG,Medium,Medium,0.8150206274917796,1.9909237756328035,3.2667285339898924,-0.24396243685431235
2025-08-07/IMG_9589.JPG,Medium,Medium,-0.2620976479898243,0.789364147756737,3.2612098246079118,2.213183336655234
2025-08-07/IMG_9590.JPG,Medium,Medium,0.7204539287674323,2.2522523442891558,3.2732679737611705,-0.2370880158642844
2025-08-07/IMG_9593.JPG,Small,Small,0.7665249677938056,3.2722390264732164,2.131247692363317,-0.2448561140733365
2025-08-07/IMG_9594.JPG,Large,Large,-0.2899896763138288,0.8286881602516808,2.264659237862101,3.265222330877699
2025-08-07/IMG_9595.JPG,Medium,Medium,-0.2750083599905824,1.8437615257553883,3.2930840651502975,0.7908414226816479
2025-08-07/IMG_9597.JPG,Medium,Medium,-0.28966408041958464,0.8211210476828837,3.2893907837470886,2.1822034340776155
2025-08-07/IMG_9598.JPG,Small,Small,0.7697813892180083,3.264914728785285,2.2546454851796733,-0.27660029604979297
2025-08-07/IMG_9599.JPG,Medium,Medium,-0.29141077940286064,1.1689113535663476,3.2873446287615953,1.9183736683414128
2025-08-07/IMG_9600.JPG,Medium,Medium,-0.2862630025729625,2.22894682052763,3.270109086674106,0.9075322404181347
2025-08-07/IMG_9601.JPG,Very Small,Very Small,3.249997344954804,2.2131051642213255,1.1658309153313788,-0.2840411665889282
2025-08-07/IMG_9602.JPG,Small,Small,2.0649121861787156,3.256116590763501,1.1883029748126226,-0.2764218821802068
2025-08-07/IMG_9603.JPG,Medium,Medium,-0.2762845440557776,1.1788712846458924,3.2678623770304585,1.9036798443475167
2025-08-07/IMG_9607.JPG,Medium,Medium,-0.2548007095293341,2.208286921353293,3.2798313915551267,0.7383287563260356
2025-08-07/IMG_9608.JPG,Large,Large,-0.28419068799099007,0.7264021068621838,2.2601136068741035,3.2906564410095305
2025-08-07/IMG_9609.JPG,Large,Large,-0.2931361728969368,0.7400265600656939,2.269813900586945,3.2894073946834452
2025-08-07/IMG_9610.JPG,Large,Large,-0.28663043397546567,0.7237147761763816,2.269400704011391,3.29041404262885
2025-08-07/IMG_9611.JPG,Large,Large,-0.2949379168358456,0.7437819847354127,2.280087082251233,3.2839059562649258
2025-08-07/IMG_9614.JPG,Medium,Medium,-0.2812779431721989,0.7903134668168812,3.2898976600989576,2.0994320648405536
2025-08-07/IMG_9615.JPG,Large,Large,0.7898673604971654,0.8443340272120751,0.9017900842506026,3.2499890176834536
2025-08-07/IMG_9616.JPG,Large,Large,-0.29506439809926427,0.7414899827440169,2.2777313355693796,3.2868448583069254
2025-08-07/IMG_9623.JPG,Large,Large,-0.2935299663020349,0.7257265973505599,2.2870940953894445,3.2843828374172133
2025-08-07/IMG_9625.JPG,Large,Large,-0.291428786872208,0.8685253013277244,2.269829791780418,3.256825562883236
2025-08-07/IMG_9628.JPG,Large,Large,-0.2666360692346973,0.7831693275904177,2.221768036918726,3.264902299803508
2025-08-07/IMG_9629.JPG,Medium,Medium,-0.23861159172315882,0.7607637097798943,3.283302803268707,1.8748598769712055
2025-08-07/IMG_9633.JPG,Large,Large,-0.2729088752403593,0.9663350995473347,2.206559350754361,3.2499899816205153
2025-08-07/IMG_9634.JPG,Large,Large,-0.2797277365685252,0.7878903648381661,2.257592578667753,3.2603462217042782
2025-08-07/IMG_9635.JPG,Large,Large,-0.28323401592538455,0.7518001635512845,2.264665971475351,3.275002698513088
2025-08-07/IMG_9636.JPG,Large,Large,-0.2740826480338023,0.7840894757927316,2.2419070457913435,3.2641574339544603
2025-08-07/IMG_9637.JPG,Large,Large,-0.2724327445143845,0.7368746738722103,2.254056869604073,3.277930160350429
2025-08-07/IMG_9638.JPG,Large,Large,-0.2882172363911947,0.7365931260614558,2.269515050941755,3.2852478226271806
2025-08-07/IMG_9639.JPG,Large,Large,-0.2890647893714144,0.7368473242742426,2.2755254556014215,3.2821553789968765
2025-08-07/IMG_9640.JPG,Large,Large,-0.26914778639248405,0.7530063288666506,2.267328630357535,3.250080189131188
2025-08-07/IMG_9641.JPG,Large,Large,-0.2760710295976429,0.7689116556040853,2.2736847430801093,3.2379050235221465
2025-08-07/IMG_9643.JPG,Large,Large,-0.27457758062775,0.734552861380154,2.2412661293199285,3.2854601349167982
2025-08-07/IMG_9645.JPG,Large,Large,-0.28111741350926456,0.746944186852662,2.2626391752889936,3.2760680737876053
2025-08-07/IMG_9646.JPG,Large,Large,-0.2882959088841055,0.7544902005462729,2.282639364314282,3.261204148412032
2025-08-07/IMG_9652.JPG,Large,Large,-0.2880459387214819,0.7487467080148883,2.282539679920337,3.2647317844482933
2025-08-07/IMG_9654.JPG,Large,Large,-0.28992876996094247,0.790390164764174,2.270207763415863,3.2678889498074923
2025-08-07/IMG_9655.JPG,Large,Large,-0.28934928489597317,0.8143288052096902,2.276215108847201,3.250001283664141
2025-08-07/IMG_9656.JPG,Large,Large,-0.2937953800260082,0.7524959168612351,2.266934957017006,3.2876348918543106
2025-08-07/IMG_9658.JPG,Large,Large,-0.29156796168250787,1.0086566754375537,2.2665028392537496,3.2493001700506055
2025-08-07/IMG_9659.JPG,Large,Large,-0.2931664324113913,0.7482997313932299,2.267961985945364,3.287564306386136
2025-08-07/IMG_9660.JPG,Large,Large,-0.2779647912996014,0.8400566636600001,2.248791457363889,3.2499978108759766
2025-08-07/IMG_9669.JPG,Medium,Medium,-0.2616861368039752,2.193407721087378,3.2553742933862826,0.8328728591153907
2025-08-07/IMG_9671.JPG,Large,Large,-0.2902845714224173,0.8577266372566662,2.2629473723635316,3.263187684944291
2025-08-07/IMG_9672.JPG,Medium,Medium,-0.2907885691547346,1.1989004282928215,3.2779219127054957,2.0845262836840592
2025-08-07/IMG_9673.JPG,Large,Large,-0.2647373397051058,0.7218107988189817,2.2653665002617274,3.2777757652327546
2025-08-07/IMG_9674.JPG,Large,Large,-0.27829549551072624,0.7384994500608779,2.2667356164036927,3.274768210209135
2025-08-07/IMG_9675.JPG,Large,Large,-0.28899018425404066,0.7583803565114637,2.2411853494984935,3.2890910000006857
2025-08-07/IMG_9678.JPG,Large,Large,-0.24958624315137534,0.9477559554870808,2.047484253421916,3.249999668408105
2025-08-07/IMG_9679.JPG,Large,Large,-0.29456836487745397,0.7452514944468389,2.273267869629993,3.2876150503242227
2025-08-07/IMG_9681.JPG,Large,Large,-0.2792557090332101,0.7302747024570233,2.267093887160219,3.281022436954644
2025-08-07/IMG_9683.JPG,Large,Large,-0.2794195101773049,0.743875208801942,2.2570816773923243,3.278942894471098
2025-08-07/IMG_9685.JPG,Medium,Medium,-0.27910913379394503,0.7553874910857912,3.285191688638167,2.2214918338356897
2025-08-07/IMG_9686.JPG,Medium,Medium,-0.2574149361801442,0.761164600767888,3.2622861857349457,2.230018148887891
2025-08-07/IMG_9687.JPG,Large,Large,-0.2724650097916888,0.7300294562686881,2.2503445892245644,3.2837331433654593
2025-08-07/IMG_9688.JPG,Large,Large,-0.2886551549936809,0.8012540895507153,2.2382011810482227,3.281521775393875
2025-08-07/IMG_9689.JPG,Large,Large,-0.27098102164618937,0.7151737972996627,2.2757698739453422,3.281469588277503
2025-08-07/IMG_9693.JPG,Medium,Medium,-0.29020126222094234,1.1300599532062452,3.2889213772743213,1.9018867141168274
2025-08-07/IMG_9694.JPG,Medium,Medium,-0.2952057802322858,1.211238642135938,3.2750258977168203,2.1881304636924135
2025-08-07/IMG_9695.JPG,Small,Small,0.8220696216508564,3.2804332224677077,2.2271328592369812,-0.2876395639921517
2025-08-07/IMG_9696.JPG,Large,Large,-0.28610358269613706,0.7431591134015492,2.269621873033429,3.2794264828037742
2025-08-07/IMG_9697.JPG,Large,Large,-0.2375267444481305,0.74577665926076,2.198241933581117,3.269541256375769
2025-08-07/IMG_9698.JPG,Large,Large,-0.2702811230571648,0.8964567280619777,2.206751766343993,3.252109294547733
2025-08-07/IMG_9700.JPG,Large,Large,-0.28301407815112695,0.7337299291696653,2.286647595767108,3.258508706340552
2025-08-07/IMG_9701.JPG,Medium,Medium,-0.2905242348229536,0.8464706366519312,3.290222794043151,2.158659278075221
2025-08-07/IMG_9702.JPG,Large,Large,-0.2912038195107667,0.7436711564758114,2.279579698215791,3.2781432335521257
2025-08-07/IMG_9704.JPG,Large,Large,-0.2827599263369789,0.7701658178130719,2.2579126723876453,3.271514065693954
2025-08-07/IMG_9705.JPG,Large,Large,-0.28814479632269135,0.8185926404554993,2.2734936653406965,3.250002335263922
2025-08-07/IMG_9706.JPG,Large,Large,-0.270153123528333,0.8167606007775802,2.205627150676692,3.265119397373793
2025-08-07/IMG_9707.JPG,Medium,Medium,-0.28266305832972516,0.8959390093468226,3.2763727044416906,2.180453281279143
2025-08-07/IMG_9709.JPG,Large,Large,-0.2496223791364496,0.776573093030989,1.983920005224782,3.278377927489302
2025-08-07/IMG_9710.JPG,Large,Large,-0.27992403681236383,1.0922036983383547,2.1591949814492866,3.265918928432288
2025-08-07/IMG_9711.JPG,Large,Large,-0.2873993303375291,0.7677361575962275,2.2426433431390174,3.284878960326618
2025-08-07/IMG_9712.JPG,Large,Large,-0.26647812038559415,0.7275923729758744,2.257630255836132,3.2782721875309786
2025-08-07/IMG_9713.JPG,Large,Large,-0.2814734100899983,0.8319138833914167,2.2438058989346588,3.2627342573537064
2025-08-07/IMG_9714.JPG,Large,Large,-0.2872857524139349,0.740601238340979,2.2622479568745635,3.2861068250889858
2025-08-07/IMG_9715.JPG,Medium,Medium,-0.25916778160458365,0.8954653042676527,3.2666298317287596,1.9853701747833505
2025-08-07/IMG_9716.JPG,Medium,Medium,-0.25754729137699134,1.8483589340696973,3.2823789345723364,0.8110389437883531
2025-08-07/IMG_9717.JPG,Large,Large,-0.28532124100845574,0.7300990906986458,2.2714916205763864,3.2843679212629486
2025-09-05/IMG_0795.JPG,Small,Small,2.18725338359378,3.2749627939816235,0.7991512016603783,-0.27246700732549006
2025-09-05/IMG_0797.JPG,Small,Small,2.232248929812628,3.2793222803871087,1.1794847200838854,-0.29874005264256437
2025-09-05/IMG_0798.JPG,Small,Small,0.7936887913535915,3.27907860078184,2.258932317939064,-0.291665979769133
2025-09-05/IMG_0801.JPG,Small,Small,0.7634977851802791,3.2778458424376815,2.237645909404209,-0.2782232981726249
2025-09-05/IMG_0804.JPG,Medium,Medium,-0.29559604674130235,2.2196722608620187,3.2933812933647255,0.8031089290483093
2025-09-05/IMG_0805.JPG,Medium,Medium,-0.29508843562171705,2.2645506819882875,3.2933214840762064,0.7413834854709158
2025-09-05/IMG_0806.JPG,Small,Small,0.7987516864855828,3.26388712239417,2.1663731491886606,-0.25531928640798063
2025-09-05/IMG_0808.JPG,Very Small,Small,2.220357685313141,3.2628879849296224,1.2221374973929178,-0.2949308888573416
2025-09-05/IMG_0809.JPG,Very Small,Very Small,3.261742707974323,2.268048022582594,0.8811486712559852,-0.2927213841090531
2025-09-05/IMG_0811.JPG,Medium,Medium,-0.2840945239961247,2.048119427867786,3.2933281491693247,0.7887113915380561
2025-09-05/IMG_0812.JPG,Medium,Medium,0.7198109922974357,2.2645821567979114,3.291279215518685,-0.28207075011626515
2025-09-05/IMG_0813.JPG,Medium,Medium,0.7420580142142739,2.2589907283578277,3.287459697660782,-0.2878501104259106
2025-09-05/IMG_0814.JPG,Small,Small,0.7260057543621077,3.281747686277319,2.2774295192599032,-0.28436366996579104
2025-09-05/IMG_0818.JPG,Small,Small,0.7930975356997041,3.2509359305023247,2.2183509852317345,-0.25595689710143865
2025-09-05/IMG_0820.JPG,Medium,Small,0.7293434497802196,3.2879473100795775,2.280523742461421,-0.2933561969887594
2025-09-05/IMG_0821.JPG,Small,Small,2.083576583828937,3.2784601831496016,1.2301653468268527,-0.2947540896727824
2025-09-05/IMG_0822.JPG,Small,Small,2.1711111640723644,3.2830355936719275,1.199179518164479,-0.2969698620793838
2025-09-05/IMG_0823.JPG,Very Small,Very Small,3.2700761606642152,2.2428713315458286,0.965471215243937,-0.2908094197393969
2025-09-05/IMG_0824.JPG,Very Small,Small,2.1951441611168194,3.2729363453051796,1.1225606742077379,-0.28896386816101627
2025-09-05/IMG_0825.JPG,Medium,Medium,-0.2791345045033066,2.222848400049601,3.2827816981628137,0.7629855658681535
2025-09-05/IMG_0827.JPG,Medium,Medium,-0.27366839216724514,2.178335533844697,3.2902836155707904,0.7440636556096136
2025-09-05/IMG_0828.JPG,Small,Small,0.8510820497624567,3.2603970424041187,2.1295159439299205,-0.25754364639852767
2025-09-05/IMG_0829.JPG,Small,Small,0.9154727238750949,3.2804351982244957,2.2450903563736673,-0.29519074024737246
2025-09-05/IMG_0830.JPG,Small,Small,0.901809436937198,3.276094549006125,2.252543719957899,-0.2942643698973659
2025-09-05/IMG_0832.JPG,Very Small,Very Small,3.295877736719345,2.1696835207314735,0.7893800334649433,-0.2927815323786025
2025-09-05/IMG_0833.JPG,Small,Small,0.7776349224524002,3.23319335508353,2.2689105590477916,-0.27271587129083635
2025-09-05/IMG_0834.JPG,Medium,Medium,-0.28003459329353253,1.1445292984463311,3.2834903399909177,1.8182431866554283
2025-09-05/IMG_0836.JPG,Very Small,Very Small,3.2508717723174745,2.2222620622973097,1.1034830214447,-0.28200060251247816
2025-09-05/IMG_0838.JPG,Medium,Medium,0.8083854444253826,2.240491235305169,3.2791398861422074,-0.2882215622065389
2025-09-05/IMG_0839.JPG,Small,Small,2.210547971669526,3.280328275388104,1.1649323945554217,-0.29622569085513845
2025-09-05/IMG_0840.JPG,Very Small,Very Small,3.291729589074952,2.2528350602547844,0.7422710126275058,-0.2902895748678144
2025-09-05/IMG_0842.JPG,Very Small,Very Small,3.2672199095895698,2.265338105233168,0.8402366524454549,-0.2917896894470668
2025-09-05/IMG_0843.JPG,Very Small,Very Small,3.2978877968973537,2.240891736067462,0.7334894008780521,-0.2917791590310556
2025-09-05/IMG_0846.JPG,Small,Small,0.8149438509151841,3.2913853298897697,2.2454497299148515,-0.29821307883465703
2025-09-05/IMG_0847.JPG,Medium,Medium,-0.2748832881165931,2.215661418334604,3.2895002432585687,0.7370723802979957
2025-09-05/IMG_0848.JPG,Very Small,Very Small,3.2980631589546254,2.255583590373382,0.733230911799597,-0.2951526666242803
2025-09-05/IMG_0849.JPG,Very Small,Very Small,3.2680220713313353,2.2603852302636933,0.8422894743842241,-0.2904620724938242
2025-09-05/IMG_0851.JPG,Medium,Medium,-0.3009076904585039,2.2675171480808323,3.2909580214478495,0.7924103153236514
2025-09-05/IMG_0852.JPG,Small,Small,0.7259428204270226,3.278813413148794,2.28117312573879,-0.2848917761599712
2025-09-05/IMG_0853.JPG,Very Small,Very Small,3.2982022728888323,2.229783408731795,0.7356776791793425,-0.291017069955342
2025-09-05/IMG_0854.JPG,Small,Small,0.7159365001656885,3.287135073855107,2.268584658276726,-0.2737874551196363
2025-09-05/IMG_0856.JPG,Small,Small,0.7909477645156703,3.2883065590230127,2.215658011738212,-0.2892040520326177
2025-09-05/IMG_0857.JPG,Very Small,Very Small,3.290172849749357,2.266041296108537,0.7635614645231977,-0.2972445877816185
2025-09-05/IMG_0858.JPG,Small,Small,0.8006976447572092,3.279664898132223,2.2274435837091278,-0.28482672877941795
2025-09-05/IMG_0861.JPG,Small,Small,0.919640170214513,3.2671971745715913,1.9674657252628016,-0.2610939266881629
2025-09-05/IMG_0862.JPG,Medium,Medium,0.8926872673111901,2.200858035274648,3.2734764650837755,-0.28290652634768737
2025-09-05/IMG_0863.JPG,Small,Small,0.756369663965715,3.248179352780626,2.278369446034676,-0.28011154386582865
2025-09-05/IMG_0865.JPG,Very Small,Very Small,3.2880646647217846,2.2054073015187874,0.788492719405115,-0.28724810355421027
2025-09-05/IMG_0866.JPG,Medium,Medium,-0.29428193452802637,2.234938007320696,3.2868068714646257,0.8319845539691294
2025-09-05/IMG_0868.JPG,Very Small,Very Small,3.2777252045227874,2.103287607689611,0.8580054921475028,-0.2748661559778047
2025-09-05/IMG_0869.JPG,Very Small,Very Small,3.2783528782292626,2.278463879531964,0.7488853027930109,-0.2920973517424437
2025-09-05/IMG_0871.JPG,Medium,Medium,-0.2888580295835882,1.1522225734587739,3.282195030921445,2.039913943139557
2025-09-05/IMG_0872.JPG,Small,Small,0.9114961577093497,3.276491081644578,2.235998464994934,-0.2912845175484198
2025-09-05/IMG_0874.JPG,Small,Small,1.1684480019073826,3.274395213681944,2.2533797099923465,-0.2994798058373418
2025-09-05/IMG_0875.JPG,Very Small,Very Small,3.288100546980851,2.193296577164725,0.769441484668951,-0.28210075432601567
2025-09-05/IMG_0876.JPG,Medium,Medium,0.7297001126123761,2.220883835868932,3.291119539307971,-0.2735147987904452
2025-09-05/IMG_0878.JPG,Very Small,Very Small,3.2678530193507056,2.255593670547432,1.1216289005414257,-0.296101558594626
2025-09-05/IMG_0880.JPG,Very Small,Very Small,3.2423214293216867,2.259792163598453,1.1083013677561362,-0.2899102242998269
2025-09-05/IMG_0882.JPG,Small,Small,0.8528505686058603,3.2597828608523733,2.2762981351610807,-0.29451060143793945
2025-09-05/IMG_0884.JPG,Medium,Medium,0.7185025562621823,2.2586513997630187,3.2884997865497425,-0.27236959189706994
2025-09-05/IMG_0885.JPG,Small,Small,2.042481273683969,3.2848099905037933,0.9440120814489571,-0.28441252569956965
2025-09-05/IMG_0887.JPG,Medium,Medium,-0.27268407200869477,2.2364391592373387,3.259809277386379,0.80119675015249
2025-09-05/IMG_0888.JPG,Small,Small,2.1525119767776375,3.2528080693376307,0.9961380770526961,-0.2662805244541171
2025-09-05/IMG_0891.JPG,Very Small,Very Small,3.2909849755897875,2.2845258086619147,0.7519999552780238,-0.30245346187555505
2025-09-05/IMG_0892.JPG,Very Small,Very Small,3.2661470665338266,2.245707439862398,0.8944123359967391,-0.28768224560432554
2025-09-05/IMG_0893.JPG,Very Small,Very Small,3.2773557857620386,2.2191547875651176,0.8428380818067607,-0.28559204148556444
2025-09-05/IMG_0894.JPG,Very Small,Very Small,3.258164856844946,1.99049919883614,1.0947662523645678,-0.26392323901653614
2025-09-05/IMG_0895.JPG,Very Small,Very Small,3.2879608626472994,2.2213026161681757,0.7512723353091628,-0.2811041401675298
2025-09-05/IMG_0896.JPG,Very Small,Very Small,3.2771297165199993,2.240776614906302,0.7734585685612213,-0.28133836256125294
2025-09-05/IMG_0897.JPG,Very Small,Very Small,3.2779849629647293,2.228799646646276,0.7912574124408756,-0.282332168137515
2025-09-05/IMG_0900.JPG,Very Small,Very Small,3.277031586655878,2.192887937984898,0.7680117514326671,-0.2667304566648537
2025-09-05/IMG_0901.JPG,Medium,Medium,0.7299266507388791,2.2764395609135932,3.2737310707470337,-0.27941544762247084
2025-09-05/IMG_0902.JPG,Medium,Medium,0.7545255301232175,2.217339684180317,3.2745523637186733,-0.26316567188299833
2025-09-05/IMG_0903.JPG,Small,Small,0.7645286752197222,3.2763790820990586,2.1835187810642105,-0.26197815993161194
2025-09-05/IMG_0904.JPG,Small,Small,0.7294284824672961,3.287379320364624,2.2626460972741254,-0.2832693917196688
2025-09-05/IMG_0905.JPG,Medium,Medium,0.7399615264512898,2.2531855638473686,3.264874973470796,-0.25893328677426214
2025-09-05/IMG_0906.JPG,Very Small,Very Small,3.285804812409719,2.2514017003374374,0.766636616438286,-0.29030831379004224
2025-09-05/IMG_0907.JPG,Very Small,Very Small,3.2736615970477474,2.2550650132600643,0.7912358621140384,-0.2868373783375004
2025-09-05/IMG_0908.JPG,Very Small,Very Small,3.279477180893115,2.2501402479433525,0.7904922203675788,-0.2889132370079244
2025-09-05/IMG_0910.JPG,Very Small,Very Small,3.2866026322110486,2.217475097301342,0.7476390181532351,-0.2767740117696735
2025-09-05/IMG_0911.JPG,Small,Small,2.1427667253737255,3.2794928534655305,1.226337834966858,-0.29652408063750774
2025-09-05/IMG_0912.JPG,Very Small,Very Small,3.2761482403529296,2.221566457164008,0.7939807843278872,-0.27951109614807307
2025-09-05/IMG_0913.JPG,Small,Small,0.8157612685913498,3.2719808552234073,2.2383149899941213,-0.28362263186850867
2025-09-05/IMG_0914.JPG,Small,Small,2.1547571057261394,3.267533862878979,0.9978536502764538,-0.27708434609338267
2025-09-05/IMG_0915.JPG,Small,Small,2.2486793534971263,3.280954960796382,0.8100626485393121,-0.2915464370515562
2025-09-05/IMG_0921.JPG,Very Small,Very Small,3.2925519360459896,2.2560898544187116,0.7404668523830253,-0.2915219985762935
2025-09-05/IMG_0922.JPG,Very Small,Very Small,3.2644132960164165,2.2806507009639465,0.8438642775071861,-0.29742377540852494
2025-09-05/IMG_0923.JPG,Small,Small,2.102160711756281,3.28331329859598,1.182593228308775,-0.2932558968233498
2025-09-05/IMG_0929.JPG,Large,Large,-0.2847165241423609,0.7772041153200865,2.265472282691371,3.2661278211431215
2025-09-05/IMG_0930.JPG,Medium,Medium,-0.27558147360847884,1.894656186115279,3.292326664857012,0.7818123369919268
2025-09-05/IMG_0932.JPG,Medium,Medium,0.7222469978634902,2.2423910784478434,3.2853692076226766,-0.2611464269491172
2025-09-05/IMG_0934.JPG,Very Small,Small,2.230190812325665,3.2798329080136637,1.1170704454079885,-0.2963110565617493
2025-09-05/IMG_0935.JPG,Small,Small,2.2327713224289343,3.255681099546171,0.8607182952660379,-0.2767363135287024
2025-09-05/IMG_0936.JPG,Small,Small,2.140420820981956,3.256438428338784,1.1891262280103874,-0.2810400938766805
2025-09-05/IMG_0937.JPG,Very Small,Very Small,3.2640667797504204,2.217964743091053,0.8657317059088946,-0.27802778614331863
2025-09-05/IMG_0939.JPG,Small,Small,2.0810761446191837,3.2664281655766816,1.2209590511830182,-0.2874819019531176
2025-09-05/IMG_0940.JPG,Very Small,Small,2.2332434667589762,3.2664279617929304,1.0572222271554117,-0.2890055888340668
2025-09-05/IMG_0941.JPG,Small,Small,0.8146084099223543,3.2790467270174943,2.234102545444421,-0.28733273988491326
2025-09-05/IMG_0942.JPG,Very Small,Very Small,3.249983687693609,2.237545851127801,0.769151750982707,-0.2544684296332602
2025-09-05/IMG_0943.JPG,Medium,Medium,-0.28873886739302096,2.1324880668376864,3.2913807013554717,0.8231353095426424
2025-09-05/IMG_0944.JPG,Medium,Medium,-0.28417474238774665,1.18192478551569,3.2747049633277543,1.9679702787829036
2025-09-05/IMG_0946.JPG,Medium,Medium,-0.28362469161060005,2.240389422784623,3.284325678073053,0.7571895855165829
2025-09-05/IMG_0947.JPG,Medium,Medium,-0.25890708824958336,2.192059150837868,3.2722050738598805,0.7666530736380961
2025-09-05/IMG_0948.JPG,Medium,Medium,0.7715641052755341,2.2319032946551793,3.281311124945519,-0.2821783841216291
2025-09-05/IMG_0949.JPG,Small,Small,0.8015605977976925,3.2764671925455757,2.12986173844297,-0.26704941532923593
2025-09-05/IMG_0951.JPG,Small,Small,0.8075754404714985,3.2592776469209324,2.259693111335471,-0.28329855215298344
2025-09-05/IMG_0953.JPG,Small,Small,1.8332520143897344,3.2853735896878,1.2169517270250316,-0.29067178977094676
2025-09-05/IMG_0954.JPG,Small,Small,0.717275273119262,3.28091888634153,2.2754354829549026,-0.27305977368746714
2025-09-05/IMG_0956.JPG,Small,Small,0.9086886055606085,3.276012908458611,2.2643143432805832,-0.2973656004344137
2025-09-05/IMG_0957.JPG,Very Small,Small,2.2386665565811716,3.2588643212743915,1.0573139925673158,-0.2870685373703419
2025-09-05/IMG_0959.JPG,Small,Small,0.7536429338829105,3.2802130327516794,2.264726410852918,-0.28767872533791
2025-09-05/IMG_0960.JPG,Small,Small,-0.28580074368849206,3.2793438742086,2.279696618081952,0.728671087335505
2025-09-05/IMG_0963.JPG,Small,Small,2.159891723348343,3.2594210200712532,1.0414287049188728,-0.27352812252610137
2025-09-05/IMG_0964.JPG,Small,Medium,0.72072062214745,2.2492481429707367,3.2839392314145552,-0.26000879407426486
2025-09-05/IMG_0968.JPG,Medium,Medium,0.7394833894241384,2.2067044808287792,3.2842745195627217,-0.26459386160741244
2025-09-05/IMG_0969.JPG,Small,Medium,-0.24768440771244707,2.1579175600336233,3.203827019961056,1.098216067615925
2025-09-05/IMG_0971.JPG,Small,Small,2.1861956932013022,3.2652731636871613,1.183268444764042,-0.28819276686400513
2025-09-05/IMG_0973.JPG,Very Small,Very Small,3.2879132864614027,2.2532819901981123,0.8643645182696529,-0.299378016542524
2025-09-05/IMG_0975.JPG,Very Small,Small,2.201808204851502,3.2764095386453205,1.078042439204394,-0.29001995717682355
2025-09-05/IMG_0976.JPG,Medium,Small,2.034844741272307,3.253925698253048,1.170919216230184,-0.2712236905287942
2025-09-05/IMG_0977.JPG,Small,Small,2.199243636292975,3.2664205221719342,0.8887433391868218,-0.2774660583518943
2025-09-05/IMG_0978.JPG,Small,Small,2.2407853753416163,3.2612429950490007,1.00779979372964,-0.2873533054302958
2025-09-05/IMG_0979.JPG,Medium,Small,2.081403037215336,3.2745223814692372,1.1020625131372208,-0.2815115988596242
2025-09-05/IMG_0980.JPG,Very Small,Small,2.220972107755359,3.275779162133671,0.9286839229779854,-0.2888062864439375
2025-09-05/IMG_0981.JPG,Very Small,Small,2.113172579849283,3.2771854256332595,1.1746054149746885,-0.28918775873396346
2025-09-05/IMG_0982.JPG,Small,Small,2.098424094760318,3.272400650993386,1.146933527773805,-0.283416518764934
2025-09-05/IMG_0983.JPG,Very Small,Small,2.258212358580943,3.2753639414413622,0.8427522328827154,-0.29314571663872535
2025-09-05/IMG_0984.JPG,Small,Small,2.043784449705733,3.26602775699044,1.0357011967837997,-0.2695216459837526
2025-09-05/IMG_0985.JPG,Small,Small,2.00104099271999,3.267923590686915,1.2020615904728742,-0.28312100127042616
2025-09-05/IMG_0988.JPG,Very Small,Small,2.2007912302592176,3.263781357132404,1.010105073684653,-0.28074686243685343
2025-09-05/IMG_0989.JPG,Small,Small,2.239461885046642,3.281144930057988,1.1285691292218938,-0.29848755076667094
2025-09-05/IMG_0991.JPG,Medium,Small,1.081998707271007,3.2788585236033327,2.2293092832620935,-0.2947962467298639
2025-09-05/IMG_0993.JPG,Small,Small,2.201441254482568,3.2750010985699882,1.185086193193701,-0.2940724264212531
2025-09-05/IMG_0994.JPG,Medium,Small,2.074550591973255,3.2795235794381754,1.14040295892317,-0.2871043551653268
2025-09-05/IMG_0995.JPG,Small,Small,2.1902754842838603,3.282095115775827,1.1665902443956058,-0.29560333781684894
2025-09-05/IMG_0996.JPG,Small,Small,2.2389221602945573,3.2711071116724364,0.8994009214312629,-0.28862184448638656
2025-09-05/IMG_0997.JPG,Very Small,Very Small,3.2748627967513317,2.2262699569332196,0.8189407703977067,-0.2830208629957865
2025-09-05/IMG_0998.JPG,Small,Small,2.098968258066819,3.256897349589883,0.9119767592090916,-0.2579936505327355
2025-09-05/IMG_1000.JPG,Very Small,Very Small,3.2846830841862142,2.268516365683842,0.7943662543316523,-0.2978119533898983
2025-09-05/IMG_1001.JPG,Small,Small,2.1717712400356155,3.271500384985844,1.168506924542041,-0.2887485301504678
2025-09-05/IMG_1002.JPG,Small,Small,2.192010413408837,3.2731564421447903,1.1406008384447595,-0.2896312539261045
2025-09-05/IMG_1004.JPG,Very Small,Very Small,3.202163015307954,2.1958323530207666,1.1836770146449727,-0.2691415914703881
2025-09-05/IMG_1005.JPG,Very Small,Very Small,3.223911899133468,1.2162215087239587,2.2329275455623865,-0.2871170808027533
2025-09-05/IMG_1006.JPG,Very Small,Small,2.2179031594672867,3.272810857266144,1.1493490731355873,-0.2927180622411796
2025-09-05/IMG_1007.JPG,Small,Small,0.9622648959676889,3.2722722446766017,2.224531306445602,-0.288257987968884
2025-09-05/IMG_1008.JPG,Medium,Small,0.9324565851162456,3.270556664191,2.248485890602064,-0.2915848639301801
2025-09-05/IMG_1009.JPG,Very Small,Very Small,3.248004351862443,2.26170754789779,0.9551939430660226,-0.28831854821894515
2025-09-05/IMG_1010.JPG,Very Small,Small,2.2480811852210696,3.272731228696,1.1053678833095761,-0.29576422933434093
2025-09-05/IMG_1011.JPG,Small,Small,2.2095349721825825,3.2740137190905454,1.147199551107716,-0.2921945487512885
2025-09-05/IMG_1013.JPG,Very Small,Very Small,3.273121102049599,2.2720339932382956,1.0534551073385618,-0.3005403121715176
2025-09-05/IMG_1014.JPG,Medium,Small,2.2295417032730898,3.2755782993916784,1.2093717783036624,-0.29886984282164597
2025-09-05/IMG_1015.JPG,Small,Small,0.9699895097065293,3.2605198587007576,2.172882267492658,-0.2733429349475408
2025-09-05/IMG_1016.JPG,Small,Small,2.0928197259775705,3.2763835332689544,1.1992421714693116,-0.2901828401039499
2025-09-05/IMG_1018.JPG,Small,Small,2.169393242716985,3.27652478441906,0.8507547264639288,-0.2786005657034769
2025-09-05/IMG_1019.JPG,Small,Small,1.9949220918073622,3.2630195065718355,1.0571051869839772,-0.2657463190093522
2025-09-05/IMG_1021.JPG,Small,Small,0.8445024982859477,3.2681146030647272,2.125879235654526,-0.26451114773952006
2025-09-05/IMG_1022.JPG,Very Small,Small,2.238625619765279,3.258263174582521,0.8777525536854869,-0.28109291477147746
2025-09-05/IMG_1023.JPG,Small,Small,2.210410469956659,3.259308602274487,1.0175650337991353,-0.28017312045313164
2025-09-05/IMG_1024.JPG,Very Small,Small,2.2496524550877197,3.2541111106403786,0.811231744556964,-0.2766940232868952
2025-09-05/IMG_1025.JPG,Very Small,Small,2.2261287088055157,3.241129264913162,1.1203816121492343,-0.2803373772932816
2025-09-05/IMG_1026.JPG,Small,Small,2.2321317967077676,3.2575428632614636,1.048324461484972,-0.2847523984182156
2025-09-05/IMG_1027.JPG,Very Small,Very Small,3.2837826294937367,2.1231803151526827,0.7669756648122721,-0.266535699489234
2025-09-05/IMG_1029.JPG,Very Small,Very Small,3.257897610163193,2.0770880830605645,0.836658725978442,-0.24465099549520908
2025-09-05/IMG_1032.JPG,Medium,Medium,0.7841686181978104,2.2195586340367406,3.2475506717942073,-0.24955437088959054
2025-09-05/IMG_1034.JPG,Small,Small,2.249833958833,3.265618202689513,1.0329449291943835,-0.2917928616849042
2025-09-05/IMG_1035.JPG,Very Small,Small,2.2246207935120688,3.2616570551113813,0.9835148396912382,-0.2833185849051291
2025-09-05/IMG_1038.JPG,Small,Small,2.215559293495555,3.2620554994972397,0.9458680719045205,-0.28053167384221417
2025-09-05/IMG_1039.JPG,Small,Small,0.9953736179529172,3.2605050889291496,2.1920234245840478,-0.27704400772372156
2025-09-05/IMG_1040.JPG,Small,Small,0.7725670071785465,3.2719056769040256,2.224893615504176,-0.2710597964697061
2025-09-05/IMG_1041.JPG,Small,Small,2.0438354692345033,3.2765099898759495,1.2265416633193158,-0.29237773173364223
2025-09-05/IMG_1042.JPG,Medium,Medium,0.7750150012643403,2.2557479019445235,3.263459003253061,-0.2776879223754589
2025-09-05/IMG_1043.JPG,Small,Small,0.8998167748758253,3.2577374009308064,2.141665610235937,-0.26269443026118683
2025-09-05/IMG_1044.JPG,Small,Small,2.0599498809703927,3.2630187686034002,1.2079358464283532,-0.28296644059997494
2025-09-05/IMG_1045.JPG,Medium,Small,2.251151650171925,3.269057156852011,1.1486122950865343,-0.2964867982439601
2025-09-05/IMG_1046.JPG,Small,Small,2.183989462680934,3.2550440037837878,1.0999827175463055,-0.27700953913815496
2025-09-05/IMG_1047.JPG,Very Small,Very Small,3.277520150604695,2.0612585681905915,0.7908595167014538,-0.2594801681243319
2025-09-05/IMG_1050.JPG,Very Small,Very Small,3.2753610816026404,2.2016951565899814,0.7765430882479377,-0.2698214244172968
2025-09-05/IMG_1051.JPG,Very Small,Small,2.2491357820427162,3.2711283795954045,0.9485293079091949,-0.29235794313027746
2025-09-05/IMG_1052.JPG,Very Small,Small,2.1988724117600436,3.256884264637851,0.8603091837606351,-0.2682018334854928
2025-09-05/IMG_1053.JPG,Very Small,Small,2.1842811864498586,3.251996595682121,0.8353274870351182,-0.25684897924931266
2025-09-05/IMG_1054.JPG,Medium,Very Small,3.237320889572008,2.25080932950562,1.041188075676902,-0.28322298478345714
2025-09-05/IMG_1057.JPG,Small,Small,2.1481440705228385,3.2418596854906117,0.868634293876174,-0.24546529735306447
2025-09-05/IMG_1059.JPG,Small,Very Small,3.2496578721925107,2.2537594683714293,0.842825344387704,-0.28025808725443313
2025-09-05/IMG_1061.JPG,Very Small,Small,2.1994110645817573,3.259128686584522,0.9533700891340332,-0.27604426857044106
2025-09-05/IMG_1062.JPG,Small,Small,2.119849579558769,3.274897565712507,1.1814253079553154,-0.28865045038326337
2025-09-05/IMG_1063.JPG,Very Small,Very Small,3.237622661333351,2.23661534569899,1.0282429904566233,-0.2779783218330826
2025-09-05/IMG_1065.JPG,Small,Small,2.230804925567904,3.2666184810823276,0.8372433074349622,-0.28036749272823475
2025-09-05/IMG_1066.JPG,Medium,Small,0.8945308412779579,3.2648292042844584,2.1010300325899824,-0.2644333806450038
2025-09-05/IMG_1067.JPG,Medium,Small,0.7964598371589122,3.2451342555425087,2.221257502905624,-0.2536898289100918
2025-09-05/IMG_1069.JPG,Small,Small,1.217905364506902,3.2617151863598948,2.254900568880489,-0.29929208598801366
2025-09-05/IMG_1071.JPG,Medium,Medium,-0.2702238171821636,2.2307650883080687,3.264352489876289,0.7857013374485833
2025-09-05/IMG_1072.JPG,Small,Small,0.9822524977385277,3.2700297146699335,2.19479474000229,-0.2829463116817429
2025-09-05/IMG_1076.JPG,Small,Small,0.7357448947197796,3.281883168014619,2.2671458748899513,-0.2835041100289142
2025-09-05/IMG_1077.JPG,Small,Small,2.1159967441418672,3.27062740578927,1.2604272719195562,-0.2979537566048047
2025-09-05/IMG_1078.JPG,Small,Small,0.7759973853134401,3.2769949476756857,2.2602203666557217,-0.28845162451738676
2025-09-05/IMG_1079.JPG,Medium,Medium,0.7264213063807712,2.2295390160651793,3.289996449471022,-0.27073305192407426
2025-09-05/IMG_1081.JPG,Medium,Medium,0.7289449082904682,2.2617831442864245,3.285955768154148,-0.28077441771379885
2025-09-05/IMG_1082.JPG,Small,Small,0.7425624795260695,3.284690695880903,2.2546348542704133,-0.2835545111408442
2025-09-05/IMG_1084.JPG,Small,Small,0.7642698038692881,3.2832971318204462,2.253328553238687,-0.2883677087526001
2025-09-05/IMG_1085.JPG,Small,Medium,0.7282141031614249,2.2613584747553803,3.27263895659714,-0.26252233957269017
2025-09-05/IMG_1086.JPG,Medium,Medium,-0.2942429018718382,2.216677449195431,3.291873299835716,0.8073111343497945
2025-09-05/IMG_1087.JPG,Very Small,Very Small,3.283193363758211,2.277574102268432,0.761767830639645,-0.29678803392711145
2025-09-05/IMG_1091.JPG,Very Small,Very Small,3.251211614186909,2.231788693664206,1.1896393425005538,-0.2898251189472252
2025-09-05/IMG_1092.JPG,Very Small,Very Small,3.2832164304156572,2.2212715304050836,0.9786565907576095,-0.29438002955599074
2025-09-05/IMG_1093.JPG,Medium,Medium,0.7221130400970606,2.201931788958096,3.292841934465812,-0.2632632157582481
2025-09-05/IMG_1094.JPG,Medium,Medium,0.7530732584829947,2.2345055440668986,3.2802622854932033,-0.2758226900439957
2025-09-05/IMG_1096.JPG,Small,Small,0.7144529511642342,3.2835500403370976,2.2837467346479183,-0.28159302910398293
2025-09-05/IMG_1098.JPG,Small,Small,0.7812354168300784,3.2740641508910615,2.2049355804042645,-0.2705669267537353
2025-09-05/IMG_1100.JPG,Medium,Medium,0.7488018979276994,2.239626614429508,3.28337342492756,-0.27931606807059106
2025-09-05/IMG_1101.JPG,Small,Small,2.1610848181058393,3.271833965101064,1.2473003563538136,-0.2972183582232766
2025-09-05/IMG_1102.JPG,Small,Small,2.0900756611201663,3.2562419569414045,1.2423042827249609,-0.28801883182283056
2025-09-05/IMG_1103.JPG,Very Small,Very Small,3.246860507040139,2.248162718509658,1.1620869257845519,-0.2901274643846644
2025-09-05/IMG_1104.JPG,Very Small,Small,2.1834842609524436,3.264049037683442,1.1677073209008988,-0.2860394099823852
2025-09-05/IMG_1106.JPG,Very Small,Very Small,3.2908694611929143,2.2214928041265782,0.7700684403770941,-0.2895115839617982
2025-09-05/IMG_1108.JPG,Small,Small,2.125470128186133,3.2508090693485374,0.8808776989151323,-0.2517686673989913
2025-09-05/IMG_1109.JPG,Small,Small,0.9195150891665815,3.2671144805152266,2.2011236790362934,-0.2798866788592854
2025-09-05/IMG_1111.JPG,Medium,Medium,0.7832480980428214,2.1309918007717195,3.2500058302837163,-0.21379165689040655
2025-09-05/IMG_1113.JPG,Medium,Medium,-0.2857203915948177,2.265856222701175,3.283246958127014,0.739221618955785
2025-09-05/IMG_1114.JPG,Medium,Medium,0.7307746923641221,2.2412173572818697,3.2841360293401505,-0.2691630048940474
2025-09-05/IMG_1116.JPG,Very Small,Very Small,3.2914996933588903,2.163144276450006,0.8062977875761782,-0.28912134271163237
2025-09-05/IMG_1118.JPG,Medium,Medium,-0.2860474870645075,2.256109841886536,3.2844256121258737,0.7483118531679179
2025-09-05/IMG_1119.JPG,Small,Small,2.0449886270395825,3.2635962367574614,1.1426881034118412,-0.27469257886164056
2025-09-05/IMG_1120.JPG,Very Small,Very Small,3.2904870566957545,1.9421693396071635,0.8678640141004753,-0.28511564610092394
2025-09-05/IMG_1122.JPG,Very Small,Very Small,3.268938040166411,2.216773333643311,1.139256344501386,-0.2903428317833937
2025-09-05/IMG_1123.JPG,Very Small,Very Small,3.2901509154853024,2.0966043961227165,0.8003357501528106,-0.28308372419755307
2025-09-05/IMG_1124.JPG,Medium,Medium,0.758882959417817,2.231635495431818,3.284978162895095,-0.2824926619408689
2025-09-05/IMG_1125.JPG,Medium,Medium,0.8158524752633048,2.257959128790959,3.280017267589894,-0.2938391129342944
2025-09-05/IMG_1126.JPG,Small,Small,0.9149905331924642,3.2738830341131306,2.237105223791849,-0.2902033897400937
2025-09-05/IMG_1127.JPG,Small,Small,0.7344282508609448,3.2732894790095184,2.2353633984079844,-0.2507165805167933
2025-09-05/IMG_1129.JPG,Very Small,Very Small,3.2559056755222127,2.1154755096562785,1.1756255679121876,-0.2772992246703197
2025-09-05/IMG_1130.JPG,Small,Small,0.7931237681108738,3.2622062366288445,2.2424951422821287,-0.27505863178209455
2025-09-05/IMG_1131.JPG,Small,Small,0.8314709647933102,3.261830076489946,2.2400722281590495,-0.27968571845434026
2025-09-05/IMG_1132.JPG,Very Small,Very Small,3.2773793319653404,2.248420937760803,0.8881394481012996,-0.2935457020246832
2025-09-05/IMG_1134.JPG,Small,Small,0.7385230793237707,3.2874690640891195,2.2575892014751333,-0.285915620652431
2025-09-05/IMG_1135.JPG,Very Small,Very Small,3.2835049683278967,2.260771837310798,0.7688992600116789,-0.29178557627137697
2025-09-05/IMG_1137.JPG,Small,Medium,0.7263884871151459,2.2546283763429393,3.2783987247844895,-0.26273600638354583
2025-09-05/IMG_1139.JPG,Small,Small,0.8058910479598893,3.268838021421953,2.1335579881127122,-0.2583031841336526
2025-09-05/IMG_1142.JPG,Medium,Medium,-0.28786744828819105,2.2660700281777957,3.2834726217315993,0.7440163263493458
2025-09-05/IMG_1143.JPG,Very Small,Very Small,3.2857712313364194,2.2130899013442007,0.7924165474040338,-0.2865810110341501
2025-09-05/IMG_1144.JPG,Medium,Medium,0.759178870380745,2.2187315350111843,3.269789434845821,-0.26009275884162214
2025-09-05/IMG_1145.JPG,Small,Small,0.8724498789369165,3.2586646924580256,2.15862886512652,-0.2631922132006743
2025-09-05/IMG_1147.JPG,Very Small,Very Small,3.2995761669823405,2.136936687496056,0.7411314030639155,-0.28635387933431966
2025-09-05/IMG_1148.JPG,Medium,Medium,-0.2839479730950187,2.2458505460626945,3.2735958728562986,0.7929002988862774
2025-09-05/IMG_1149.JPG,Small,Small,2.239967329698234,3.27646056210042,0.7761172714240516,-0.2811333702069624
2025-09-05/IMG_1150.JPG,Small,Small,1.8964876871223508,3.2816693323753845,0.9489646386159082,-0.27606700665763356
2025-09-05/IMG_1151.JPG,Small,Small,0.9575170275913921,3.2673597828278753,2.1813126292337097,-0.2786808995335524
2025-09-05/IMG_1152.JPG,Very Small,Very Small,3.2691841925199454,2.2508724400892985,0.7521528443950221,-0.27090292893288165
2025-09-05/IMG_1153.JPG,Medium,Medium,0.7364258201790517,2.2434003782342136,3.2650593360598608,-0.24585362811539524
2025-09-05/IMG_1154.JPG,Very Small,Very Small,3.2481185108485637,2.262220849721347,0.8568170295556616,-0.2846437648633687
2025-09-05/IMG_1155.JPG,Small,Small,2.0082128190851987,3.266248591078575,1.059861278900025,-0.26939055453016336
2025-09-05/IMG_1156.JPG,Small,Small,1.8727085769951244,3.2656726132498797,1.16601937063717,-0.2704522343340719
2025-09-05/IMG_1157.JPG,Small,Small,2.231677246461834,3.277841834099685,0.7479068385812397,-0.26901921793726025
2025-09-05/IMG_1158.JPG,Small,Small,0.7730400668477762,3.2623257557444756,2.2470806414640934,-0.2718931708701067
2025-09-05/IMG_1159.JPG,Medium,Medium,0.7423037364171489,2.1788237735311236,3.275612077931389,-0.23877695840974167
2025-09-05/IMG_1160.JPG,Medium,Medium,0.7347778949132524,2.2297806815379535,3.262816990174889,-0.22411731183128303
2025-09-05/IMG_1161.JPG,Small,Small,2.1815281944680307,3.283463755917686,1.0516625199067018,-0.2919938366444042
2025-09-05/IMG_1162.JPG,Small,Small,0.7413699956084497,3.2589807806562594,2.268195732432889,-0.2684625872287794
2025-09-05/IMG_1163.JPG,Medium,Small,0.8152553951507164,3.256110752336488,2.254561613306903,-0.28046385805611995
2025-09-05/IMG_1166.JPG,Small,Small,0.8594432399955432,3.2724380965628552,2.1650378181847847,-0.2751133138187218
2025-09-05/IMG_1167.JPG,Very Small,Very Small,3.283429843619271,2.276347988330581,0.8803808937408782,-0.30294549751483135
2025-09-05/IMG_1169.JPG,Very Small,Very Small,3.252345119016741,2.225559956400437,0.9697437902298329,-0.27876818012700305
2025-09-05/IMG_1170.JPG,Very Small,Very Small,3.2958251533805547,2.14456367332234,0.7553579722279722,-0.2849850326343146
2025-09-05/IMG_1171.JPG,Very Small,Very Small,3.2800745392709505,2.2816284012076697,0.8170085579487457,-0.30155224203705716
2025-09-05/IMG_1172.JPG,Very Small,Very Small,3.2963327457621827,1.8362945052509272,0.7837173610902607,-0.2795352772706891
2025-09-05/IMG_1174.JPG,Very Small,Very Small,3.2859064885362006,2.2389492771372104,0.9380093135327534,-0.2976123340633478
2025-09-05/IMG_1175.JPG,Very Small,Very Small,3.2975651553236944,2.2671115064322356,0.7469326190754747,-0.3006535849072116
2025-09-05/IMG_1176.JPG,Very Small,Very Small,3.2859536229679054,1.8798645561314071,0.8507068801226688,-0.2744474814186209
2025-09-05/IMG_1177.JPG,Medium,Medium,0.7850698856484282,2.243654331593319,3.2557311482639024,-0.26919541580530254
2025-09-05/IMG_1178.JPG,Medium,Small,0.7638314754095034,3.2739060161726266,2.2657423208457876,-0.2864517830517365
2025-09-05/IMG_1179.JPG,Small,Small,0.7661417991383421,3.278949724931386,2.2611223279032453,-0.2882546507304826
2025-09-05/IMG_1180.JPG,Small,Small,0.7605745607227362,3.2585670572388694,2.265065552275435,-0.27577765557455086
2025-09-05/IMG_1182.JPG,Very Small,Very Small,3.270533953200265,2.2663397827132874,0.997722954030799,-0.29740075678554195
2025-09-05/IMG_1184.JPG,Very Small,Very Small,3.2598182622758607,2.2409152981398197,1.145419276588235,-0.29121855396674096
2025-09-05/IMG_1185.JPG,Very Small,Very Small,3.271310202157316,2.237060055383447,0.8375197891765453,-0.2849239091396422
2025-09-05/IMG_1186.JPG,Very Small,Very Small,3.2968616209037993,2.2145892857047205,0.7383630701843522,-0.2876551379215129
2025-09-05/IMG_1187.JPG,Small,Small,0.8733432849937414,3.260667267066602,2.197396297587281,-0.2719062037102748
2025-09-05/IMG_1188.JPG,Very Small,Very Small,3.265382684532698,2.252622975853127,0.9596174527887689,-0.2911267812614714
2025-09-05/IMG_1189.JPG,Small,Small,0.90212328182974,3.267443030871054,2.2317095201574166,-0.2851867054490672
2025-09-05/IMG_1190.JPG,Very Small,Very Small,3.265748427097729,2.2577290252848847,1.1309763508320758,-0.29624784394795417
2025-09-05/IMG_1191.JPG,Small,Small,2.229268430903634,3.2893489564822493,1.2087538572849816,-0.30423966302765887
2025-09-05/IMG_1192.JPG,Small,Small,0.7319255774575921,3.264226832093626,2.2746969421754177,-0.2716091153118734
2025-09-05/IMG_1193.JPG,Very Small,Very Small,3.244258984040207,2.2476353329590726,1.1966171469536055,-0.29202788813742353
2025-09-05/IMG_1194.JPG,Small,Small,1.0520964838451592,3.270407607627066,2.1832578956130084,-0.28360877986598504
2025-09-05/IMG_1195.JPG,Small,Small,0.7723375021980645,3.2746710093495213,2.249161848227363,-0.28195610330503146
2025-09-05/IMG_1198.JPG,Very Small,Very Small,3.2573192017693837,2.2638859065588446,0.9268852086194985,-0.29116042751537624
2025-09-05/IMG_1200.JPG,Very Small,Very Small,3.2807639787532556,2.268217688208731,0.8451948462516118,-0.29858508049246907
2025-09-05/IMG_1202.JPG,Very Small,Very Small,3.2763468480307147,2.269882409757056,0.8061025498322579,-0.29507262988912114
2025-09-05/IMG_1203.JPG,Large,Large,-0.2942658703456853,0.9594749945142709,2.2805478671115886,3.234002254940164
2025-09-05/IMG_1204.JPG,Medium,Medium,-0.2991640446419223,1.2153116335585379,3.288762260649282,2.1038150855209596
2025-09-05/IMG_1205.JPG,Medium,Medium,-0.2931111953580927,2.2597603984274084,3.2815544860963084,0.7909994656042802
2025-09-05/IMG_1206.JPG,Medium,Medium,-0.2950013378293207,2.2656784224025377,3.285626527679246,0.7702464253661481
2025-09-05/IMG_1209.JPG,Very Small,Very Small,3.2699134976829805,2.270937497407542,0.8973786899131556,-0.29691704578996747
2025-09-05/IMG_1211.JPG,Small,Small,2.137018506894968,3.2621598914828347,0.7759109153391602,-0.23323567252860217
2025-09-05/IMG_1212.JPG,Small,Small,0.8827733926202661,3.278872703876607,2.2130260739607026,-0.287974856133448
2025-09-05/IMG_1214.JPG,Small,Small,2.0309729892546735,3.2701505171691876,1.1960034440965854,-0.28435246879045106
2025-09-05/IMG_1215.JPG,Very Small,Very Small,3.2485815830780136,2.1768123675410656,0.8326738642553173,-0.25112523438509704
2025-09-05/IMG_1216.JPG,Medium,Medium,-0.2955707978476743,0.9139187412776641,3.294936772557478,2.11020515604345
2025-09-05/IMG_1217.JPG,Medium,Medium,-0.2870114747461857,1.1589200309949221,3.27813065827317,2.065918508221097
2025-09-05/IMG_1218.JPG,Medium,Medium,0.8169256367431557,2.0828218010155433,3.2718113712193757,-0.25975530337342523
2025-09-05/IMG_1219.JPG,Medium,Medium,-0.2776293412416547,2.2401974857294844,3.283002912682613,0.745695128375031
2025-09-05/IMG_1220.JPG,Medium,Medium,-0.2561922848644299,2.128361363865841,3.2857124371961928,0.7440982078909868
2025-09-05/IMG_1221.JPG,Small,Small,0.747505347053532,3.288749659169541,2.2312637027932425,-0.2829723782389688
2025-09-05/IMG_1223.JPG,Small,Small,-0.29463872493631327,3.2849875794486705,2.242741624742423,0.8367496238887956
2025-09-05/IMG_1224.JPG,Small,Medium,0.7263772592026738,2.2762634861379243,3.2822082635207472,-0.28415659162856644
2025-09-05/IMG_1225.JPG,Small,Small,0.7296302389444616,3.2794927641279683,2.206054606546245,-0.23852798528065522
2025-09-05/IMG_1226.JPG,Small,Small,0.7618523116744929,3.2792732603916224,2.2556666971415527,-0.2854123744853814
2025-09-05/IMG_1227.JPG,Small,Small,0.7371235277064379,3.2764524352980535,2.249931338936316,-0.2683038213891063
2025-09-05/IMG_1228.JPG,Small,Small,0.7580925689492124,3.2857540565518297,2.233360232701863,-0.2835385499454127
2025-09-05/IMG_1229.JPG,Small,Small,0.7357129113623165,3.2822511347847416,2.2630846903741078,-0.2815959796788613
2025-09-05/IMG_1230.JPG,Small,Small,2.1980001265499265,3.2709740123179194,1.1593705056428225,-0.29018081584032634
2025-09-05/IMG_1232.JPG,Small,Small,2.1792903714548406,3.269262341424035,1.2180718154381887,-0.29297056114812947
2025-09-05/IMG_1233.JPG,Small,Small,0.7208311503712267,3.283518662257856,2.2575636386243043,-0.2658114506663593
2025-09-05/IMG_1235.JPG,Medium,Medium,-0.2887929840385626,2.2506344989307783,3.283361129743251,0.7702759918593892
2025-09-05/IMG_1237.JPG,Medium,Medium,0.7540586705267889,2.2260107760418504,3.2616985119862707,-0.24883606843706213
2025-09-05/IMG_1239.JPG,Small,Small,0.7149755555332146,3.282438400978235,2.254587589324951,-0.24747649898403123
2025-09-05/IMG_1240.JPG,Medium,Medium,-0.28664629699837096,1.1341695060474437,3.289842212811738,1.8182973964527862
2025-09-05/IMG_1241.JPG,Medium,Small,0.7260936189706075,3.2675378933841053,2.2609545464632177,-0.2512816673462311
2025-09-05/IMG_1246.JPG,Small,Small,2.2376274053263177,3.2693518133299966,0.9548506594029366,-0.28910155767326046
2025-09-05/IMG_1247.JPG,Small,Small,2.190942852022123,3.2643165535445076,1.017934413048606,-0.2798080492259795
2025-09-05/IMG_1248.JPG,Small,Small,2.2356222282544365,3.268581426131579,0.9105852966266729,-0.2869900156587075
2025-09-05/IMG_1251.JPG,Very Small,Small,2.1862524657881375,3.2488062415478858,0.8086295912900692,-0.24701790742945273
2025-09-05/IMG_1252.JPG,Small,Small,2.133221276791316,3.262619365154445,1.0654681583279024,-0.2740631830613668
2025-09-05/IMG_1257.JPG,Small,Small,2.1868339876878258,3.2673526591964537,0.9102675320324434,-0.27739505549235816
2025-09-05/IMG_1258.JPG,Medium,Small,2.187022067708428,3.232339733096786,0.8901490236254411,-0.2517788064581495
2025-09-05/IMG_1259.JPG,Very Small,Small,2.2340555299044937,3.258947108066102,0.9577327134989088,-0.28353364721217156
2025-09-05/IMG_1260.JPG,Small,Small,2.227860913350743,3.2377171169435375,0.8395296258837877,-0.26268541760977593
2025-09-05/IMG_1261.JPG,Medium,Small,2.127749310053784,3.260323874864409,0.9680177390986945,-0.26772797743499155
2025-09-05/IMG_1262.JPG,Very Small,Small,2.2376072146143047,3.2524902296203675,0.9133422503499541,-0.2800346827895124
2025-09-05/IMG_1263.JPG,Small,Small,2.149221634787848,3.2785173895004918,1.049129957944011,-0.2861478527173781
2025-09-05/IMG_1264.JPG,Small,Small,2.1464885339575854,3.278405370667568,1.1922896579377888,-0.2927615986112874
2025-09-05/IMG_1265.JPG,Small,Small,2.140627920676814,3.277663251809306,1.1160542466568761,-0.2873660722079245
2025-09-05/IMG_1266.JPG,Very Small,Very Small,3.2669221487290567,2.239891194062848,0.8633973967627164,-0.28496907170741426
2025-09-05/IMG_1267.JPG,Small,Small,0.85453392516076,3.280665315835421,2.150206831551334,-0.281044804463223
2025-09-05/IMG_1268.JPG,Small,Small,1.9860193469709926,3.272649546605916,0.9708526462406043,-0.2710671016852524
2025-09-05/IMG_1269.JPG,Small,Small,0.773464041478745,3.276934427507603,2.2315889625012595,-0.27837580114236576
2025-09-05/IMG_1270.JPG,Small,Small,2.2375066746484613,3.2504641562486003,0.866090805830281,-0.27615219489136866
2025-09-05/IMG_1272.JPG,Small,Small,2.2213231805723357,3.2603803404360536,0.9013083109521599,-0.2789068280474783
2025-09-05/IMG_1273.JPG,Very Small,Very Small,3.2744384993357327,2.237827504013668,0.7971831780858579,-0.28279795433224547
2025-09-05/IMG_1274.JPG,Very Small,Very Small,3.2854840948452746,2.2234492564820947,0.7867590242103015,-0.28719201475101114
2025-09-05/IMG_1276.JPG,Medium,Small,2.2152305584641496,3.2619933710837254,0.9324510613383644,-0.2799206426974912
2025-09-05/IMG_1277.JPG,Small,Small,2.151627783178971,3.276942053286336,1.0935622175706057,-0.28662027772717347
2025-09-05/IMG_1278.JPG,Very Small,Very Small,3.245983774881808,2.2608971183828004,1.1316592216981844,-0.2920314971985357
2025-09-05/IMG_1279.JPG,Very Small,Small,2.2264138935700926,3.2496935106510216,1.0991327914563946,-0.28225744096650285
2025-09-05/IMG_1281.JPG,Small,Small,2.196931563928959,3.2693412301030933,0.9180731559756187,-0.2806479301137702
2025-09-05/IMG_1282.JPG,Small,Small,0.9520874339373496,3.2792774158352653,2.186226660298398,-0.2874481999480908
2025-09-05/IMG_1283.JPG,Very Small,Very Small,3.2511449908468317,2.244707813512944,0.8363497002766183,-0.2763768580729462
2025-09-05/IMG_1284.JPG,Small,Small,2.229274366820071,3.2642253448954937,0.9145825876878534,-0.2834491084498386
2025-09-05/IMG_1285.JPG,Small,Small,2.1054603059035464,3.255443260444459,1.1188313787188175,-0.27039662153061
2025-09-05/IMG_1286.JPG,Medium,Small,0.775378580473475,3.2580485918301214,2.2334016553122074,-0.2623666391380851
2025-09-05/IMG_1287.JPG,Very Small,Small,2.2451171097634783,3.2617795263982146,1.0945451969404998,-0.29077849924900795
2025-09-05/IMG_1288.JPG,Small,Small,2.1670754916938724,3.2704441774864734,1.1028327654811334,-0.28396068825484716
2025-09-05/IMG_1290.JPG,Small,Small,2.0840932622945205,3.26920629604956,0.8798721959354345,-0.26629092766949036
2025-09-05/IMG_1292.JPG,Small,Small,2.127455691068522,3.272829408113621,1.0041431033442487,-0.27905295804029634
2025-09-05/IMG_1294.JPG,Small,Small,1.8750852540251293,3.2706483642576294,1.1431519861502624,-0.27240561242512173
2025-09-05/IMG_1295.JPG,Small,Small,2.150860541464805,3.2554156321328205,0.8892394354791617,-0.26098181842613405
2025-09-05/IMG_1296.JPG,Very Small,Small,2.2182372681742564,3.2622761221835237,0.8805232375844553,-0.2780405112492527
2025-09-05/IMG_1298.JPG,Very Small,Very Small,3.273433793908785,2.232751601116224,0.7947800354133049,-0.28022996103442044
2025-09-05/IMG_1299.JPG,Very Small,Small,2.1789478288068636,3.254013229839227,0.8435221295867275,-0.2588737331113215
2025-09-05/IMG_1300.JPG,Small,Small,2.214708873911726,3.2504791208303576,0.8297888731278957,-0.2637389896250634
2025-09-05/IMG_1301.JPG,Very Small,Very Small,3.2773128719927516,2.2347395463065163,0.774509388685091,-0.27991591253983034
2025-09-05/IMG_1302.JPG,Small,Small,2.2375718031981133,3.267725103127964,0.8697244784118108,-0.2851635236465865
2025-09-05/IMG_1303.JPG,Very Small,Very Small,3.2771426290131025,2.2118194858323967,0.7893545484828053,-0.2773901800603713
2025-09-05/IMG_1304.JPG,Very Small,Small,2.256926633210816,3.2536014164250733,0.7805750789404466,-0.2739893340491072
2025-09-05/IMG_1310.JPG,Very Small,Very Small,3.27404781461901,2.246761534595947,0.798931359811938,-0.2853901775751734
2025-09-05/IMG_1311.JPG,Small,Small,2.2570287373621696,3.2605753596341187,0.8057360162260612,-0.2824658170269788
2025-09-05/IMG_1312.JPG,Small,Small,2.1870776535541157,3.2659957965180517,0.9226518044256766,-0.2770948633122968
2025-09-05/IMG_1316.JPG,Medium,Small,0.7742886411807363,3.2549205835879893,2.2323432859761327,-0.2585010208304038
2025-09-05/IMG_1317.JPG,Small,Small,0.7825141580795715,3.2466692074818555,2.0992434904786044,-0.19403089986570346
2025-09-05/IMG_1318.JPG,Very Small,Small,2.199849550015315,3.259598006449399,1.0129447011874817,-0.2783120236728532
2025-09-05/IMG_1319.JPG,Small,Small,2.165953689655178,3.26761174698516,1.0951962103956927,-0.28175877318699183
2025-09-05/IMG_1320.JPG,Small,Very Small,3.2591031994172392,2.220749874796832,0.9575048771864249,-0.28046685933847587
2025-09-05/IMG_1323.JPG,Very Small,Very Small,3.2690989596063713,2.2515153073724035,0.8123842153002768,-0.2855496429367259
2025-09-05/IMG_1324.JPG,Small,Small,2.209808052509251,3.2696204481266435,0.8644005248668167,-0.27995336229357165
2025-09-05/IMG_1325.JPG,Very Small,Small,2.2381606520063477,3.251325266808871,0.8970333979133038,-0.27886779853121124
2025-09-05/IMG_1327.JPG,Very Small,Very Small,3.2716602494396314,2.2232514925140756,0.8866125993384332,-0.2851454562402953
2025-09-05/IMG_1329.JPG,Small,Small,2.2063727063215173,3.273365897966223,1.118373810275857,-0.29023771202379234
2025-09-05/IMG_1330.JPG,Very Small,Very Small,3.270824836931185,2.21443827409408,0.7958064505082258,-0.27332753631366696
2025-09-05/IMG_1331.JPG,Very Small,Small,2.2021092979612837,3.252865474114969,0.8453183612366388,-0.2641310641862132
2025-09-05/IMG_1332.JPG,Small,Small,0.8461219056080682,3.2564040286948313,2.1338082668712297,-0.25293732829796084
2025-09-05/IMG_1333.JPG,Small,Very Small,3.2636754935610837,2.262666569409075,0.805380187810308,-0.2863799224562129
2025-09-05/IMG_1334.JPG,Small,Small,2.249638292468552,3.2597891527799057,0.8363920808172436,-0.28245191083142074
2025-09-05/IMG_1335.JPG,Small,Small,2.1965213698839996,3.2712381399283283,1.0068039790350627,-0.28449595635362745
2025-09-05/IMG_1336.JPG,Small,Small,0.8431339394030238,3.260232302276235,2.1713246827589145,-0.26283848819303685
2025-09-05/IMG_1337.JPG,Medium,Small,0.8975664644460767,3.26724377688894,2.2186285191173662,-0.2820989185458971
2025-09-05/IMG_1339.JPG,Small,Small,2.02031554050206,3.266581634281995,1.0957273094123239,-0.27229909410067404
2025-09-05/IMG_1340.JPG,Small,Small,0.7817348975731975,3.2378340276014317,2.2442884577382785,-0.25647574399925366
2025-09-05/IMG_1341.JPG,Medium,Medium,0.7465339201889047,2.2300840758637155,3.271975846354392,-0.2590526660863057
2025-09-05/IMG_1346.JPG,Small,Small,2.212692776326203,3.261233456166949,1.1466341036276448,-0.28685401188452514
2025-09-05/IMG_1347.JPG,Small,Small,2.2237238163173965,3.2674732611872086,1.1451566354209046,-0.2909984028203304
2025-09-05/IMG_1348.JPG,Small,Small,1.133582810954759,3.2791510594596978,2.2487332812822527,-0.2991835807741297
2025-09-05/IMG_1349.JPG,Medium,Medium,0.8531307010475682,2.2681404643156315,3.266613863378328,-0.29327607566598257
2025-09-05/IMG_1353.JPG,Very Small,Small,2.150210870537514,3.274381998514975,1.2384206385320093,-0.29624130285620426
2025-09-05/IMG_1354.JPG,Medium,Small,2.1285437272596086,3.2453898358400584,1.217397026458964,-0.2803656138833614
2025-09-05/IMG_1355.JPG,Small,Small,2.2080842095148765,3.2745937485256182,1.184839970128019,-0.29448735437727896
2025-09-05/IMG_1356.JPG,Medium,Small,0.8233196035174715,3.271309640520998,2.2660582085831513,-0.2926889871300092
2025-09-05/IMG_1357.JPG,Small,Small,2.2364411088064826,3.2777826320425967,0.791860763729392,-0.28415636273431216
2025-09-05/IMG_1358.JPG,Small,Small,2.2304094663138496,3.2721694903062315,1.1440498148886062,-0.29388331110672844
2025-09-05/IMG_1360.JPG,Very Small,Very Small,3.26100986403023,2.260711838654987,0.8844399803209453,-0.28986427139770915
2025-09-05/IMG_1362.JPG,Medium,Medium,0.7668655845076104,2.117249319143437,3.2680029608951404,-0.23287623403903684
2025-09-05/IMG_1364.JPG,Medium,Medium,-0.2934650892409813,2.2731950765843254,3.287511312790361,0.7414649032874943
2025-09-05/IMG_1365.JPG,Small,Small,0.7330934373064654,3.2862936938165666,2.2696312511677634,-0.2876765882207609
2025-09-05/IMG_1366.JPG,Very Small,Very Small,3.2884615372910675,2.2115639247848,0.7571560809675277,-0.2819113629822708
2025-09-05/IMG_1367.JPG,Small,Small,0.8101577793036594,3.24982595587886,2.246000794201575,-0.27256671243825864
2025-09-05/IMG_1368.JPG,Small,Small,1.9954462569817129,3.2629189144565345,0.8996601780423711,-0.25562190638343874
2025-09-05/IMG_1369.JPG,Small,Small,0.7543190086203952,3.26967308336783,2.1962687408501713,-0.24709306647878648
2025-09-05/IMG_1371.JPG,Small,Small,2.150099353434085,3.269823589379839,1.1814565519498221,-0.2874352523992001
2025-09-05/IMG_1372.JPG,Very Small,Very Small,3.2521973238773474,2.185714233715848,1.0830589206228698,-0.2748359753706054
2025-09-05/IMG_1374.JPG,Small,Small,0.7924486991601631,3.249997417117219,2.2104327941137214,-0.25127213848092067
2025-09-05/IMG_1375.JPG,Very Small,Very Small,3.278640877075924,2.2347956003012186,0.8070215953823489,-0.28640185323899425
2025-09-05/IMG_1376.JPG,Medium,Medium,-0.28873528906144136,0.903303840006075,3.286567126836025,2.143415140276107
2025-09-05/IMG_1378.JPG,Small,Small,1.8993623840775598,3.291168382208498,1.168176762965744,-0.2940772868574708
2025-09-05/IMG_1379.JPG,Medium,Medium,0.7550740151566206,2.2298612605684243,3.252545836365982,-0.24014814855002073
2025-09-05/IMG_1382.JPG,Medium,Medium,-0.27544896864006646,2.2479323804171534,3.2810787304504894,0.7403547298143083
2025-09-05/IMG_1383.JPG,Medium,Small,0.8308814386070258,3.255288378667675,2.248220087454303,-0.27919908597761994
2025-09-05/IMG_1385.JPG,Very Small,Very Small,3.226438846112187,2.2681329281879528,0.9212097775666097,-0.2851724523941852
2025-09-05/IMG_1386.JPG,Small,Small,0.7733604760642804,3.2807285779225444,2.2419633044326512,-0.28474620118436794
2025-09-05/IMG_1387.JPG,Medium,Medium,0.8302017970511186,1.8066279616549907,3.2654421129143114,-0.19945948042119901
2025-09-05/IMG_1392.JPG,Very Small,Very Small,3.240150743902045,2.2538859265279894,0.775133003607177,-0.2624068779309687
2025-09-05/IMG_1393.JPG,Medium,Small,1.117841255485311,3.2298549590613894,2.2356145060835,-0.27938961395891687
2025-09-05/IMG_1395.JPG,Small,Small,0.8835851934467689,3.291630042285132,2.2052938833056825,-0.296540207478568
2025-09-05/IMG_1396.JPG,Medium,Medium,-0.2741407183778698,2.1735247633712835,3.290425797205097,0.7455968997138951
2025-09-05/IMG_1397.JPG,Very Small,Very Small,3.28771685929163,2.2425155006857955,0.7589514772114729,-0.2880781957758545
2025-09-05/IMG_1398.JPG,Very Small,Very Small,3.2514838144332376,2.2257459201757297,0.8979693434554558,-0.27515649381415425
2025-09-05/IMG_1399.JPG,Medium,Medium,0.7174514344547589,2.247985737462024,3.2885582891265104,-0.26369408111630865
2025-09-05/IMG_1400.JPG,Small,Small,0.7785990366285811,3.2715588779081135,2.245827465859038,-0.2798051859089624
2025-09-05/IMG_1401.JPG,Small,Small,1.928867606442129,3.274103142119046,1.2110595356563163,-0.2862695926859855
2025-09-05/IMG_1402.JPG,Small,Small,1.8897181489083155,3.2935551635370834,1.1576431285595756,-0.2953797655521256
2025-09-05/IMG_1403.JPG,Very Small,Very Small,3.2724308918802287,2.2683861551158437,0.7772645435031098,-0.28942566664469144
2025-09-05/IMG_1404.JPG,Small,Small,0.8232711633015855,3.2773878297045247,2.2373190914689634,-0.28767987643618875
2025-09-05/IMG_1405.JPG,Medium,Medium,0.7214165685021723,2.249967474531148,3.2871686533197644,-0.26836463314865827
2025-09-05/IMG_1406.JPG,Small,Small,2.1735610351667694,3.280034060729889,1.2043722047450958,-0.29598528942038593
2025-09-05/IMG_1407.JPG,Small,Small,0.7914748744733291,3.2674652459029496,2.174130774469491,-0.2589887068763857
2025-09-05/IMG_1408.JPG,Medium,Medium,0.738746121300931,2.267393529558644,3.2817607789405936,-0.28498193811187517
2025-09-05/IMG_1409.JPG,Small,Small,0.7292573372162086,3.2925293182210322,2.259164541657985,-0.2879063124333278
2025-09-05/IMG_1410.JPG,Medium,Medium,0.7298677070381219,2.251028099666876,3.280923739094722,-0.2684313397625959
2025-09-05/IMG_1413.JPG,Medium,Medium,-0.29063807980486117,0.920787369817669,3.2919420461222426,2.0205666287588118
2025-09-05/IMG_1414.JPG,Very Small,Very Small,3.2744261886050445,2.2419543663824926,0.7979041815924187,-0.2840711196640126
2025-09-05/IMG_1416.JPG,Very Small,Very Small,3.2746418101295918,2.267936749577672,0.7596819717328245,-0.28699119983826255
2025-09-05/IMG_1417.JPG,Medium,Medium,-0.28410908009760505,2.1803460415461045,3.2821770506154486,0.8399996365617757
2025-09-05/IMG_1418.JPG,Small,Small,0.7807458730469584,3.2792865038476826,2.266750254542403,-0.29293821158331984
2025-09-05/IMG_1419.JPG,Small,Small,0.7410649332744567,3.276983732200386,2.253089449561597,-0.2736930482806472
2025-09-05/IMG_1420.JPG,Small,Small,0.8046032677290038,3.255351798257694,2.231043723043466,-0.26818677501437593
2025-09-05/IMG_1421.JPG,Very Small,Very Small,3.269402943474741,2.2516328641661,0.7518800705700801,-0.27140079785486004
2025-09-05/IMG_1422.JPG,Medium,Medium,-0.2673544942747603,2.2455979987213674,3.2761494267732134,0.739505293275541
2025-09-05/IMG_1423.JPG,Very Small,Very Small,3.2695156539332277,2.276509109696905,0.7466547059004152,-0.28517745908780473
2025-09-05/IMG_1424.JPG,Small,Small,1.8237880586860808,3.2693715269354047,1.2283339814370764,-0.2801239926788027
2025-09-05/IMG_1425.JPG,Small,Small,0.9103946716931199,3.2840598397971457,2.2372114397005207,-0.29573286036135393
2025-09-05/IMG_1426.JPG,Small,Small,1.9354847333707321,3.2828141856791504,1.1846476372159427,-0.2894738445429625
2025-09-05/IMG_1429.JPG,Medium,Medium,-0.2780699836602821,2.169490911731214,3.2836771050025457,0.7894155931419224
2025-09-05/IMG_1430.JPG,Small,Very Small,3.271774029013644,2.2722747707456583,1.18930942831018,-0.30354084622242283
2025-09-05/IMG_1431.JPG,Medium,Medium,2.2106064093817483,1.236281466762664,3.2756668087713776,-0.29976842828363237
2025-09-05/IMG_1432.JPG,Medium,Medium,1.1807000680952697,2.2322327057664584,3.26393763386178,-0.29309658359525254
2025-09-05/IMG_1433.JPG,Small,Small,1.1054736368651212,3.26677080231214,2.2326383063803794,-0.2904941396561727
2025-09-05/IMG_1434.JPG,Medium,Small,1.2025145599853304,3.25846415689442,2.2620700196674144,-0.2988900774725626
2025-09-05/IMG_1435.JPG,Small,Small,0.7937937841194078,3.271186697799941,2.1932701244793686,-0.26824809473513983
2025-09-05/IMG_1436.JPG,Very Small,Very Small,3.267072405293379,2.243285655155616,1.219780531688659,-0.29885480015691634
2025-09-05/IMG_1437.JPG,Very Small,Very Small,3.2662926997201356,2.2361268000107475,0.8679301909177648,-0.2839142325619428
2025-09-05/IMG_1438.JPG,Very Small,Very Small,3.275327550182661,2.2071563647180437,0.9193183826112049,-0.28617913439426346
2025-09-05/IMG_1440.JPG,Very Small,Very Small,3.2749162067716933,2.25467216049179,1.2057080000545446,-0.3017541745986548
2025-09-05/IMG_1441.JPG,Very Small,Very Small,3.28379941312835,2.2624276874825284,1.1813059268371073,-0.3046547260622976
2025-09-05/IMG_1442.JPG,Very Small,Very Small,3.27700977483703,2.242651193122362,1.2323224503903745,-0.3027354630155679
2025-09-05/IMG_1444.JPG,Very Small,Very Small,3.2742761895588743,2.270529405589924,1.217249985031498,-0.3051403540311395
2025-09-05/IMG_1445.JPG,Very Small,Very Small,3.2721882416791033,2.2440620192380534,1.1832092285850349,-0.29789433850178754
2025-09-05/IMG_1446.JPG,Medium,Medium,0.7556238454019066,2.2407447336172313,3.2793881685497803,-0.2780738599566677
2025-09-05/IMG_1447.JPG,Medium,Medium,1.0056547472896318,2.2469247920405375,3.2803160334423973,-0.29695179564569185
2025-09-05/IMG_1448.JPG,Medium,Medium,1.1449070384836606,2.2250315623115586,3.2835156396355707,-0.29838511706585047
2025-09-05/IMG_1450.JPG,Medium,Small,0.7903717445851,3.2739605353947763,2.2536083824040825,-0.28638963137202134
2025-09-05/IMG_1451.JPG,Very Small,Very Small,3.2554414749186966,2.246036886899375,0.9072267865471149,-0.28367243595284863
2025-09-05/IMG_1452.JPG,Very Small,Very Small,3.2736664893061453,2.2324665179086876,0.7531284334636601,-0.2671431667294506
2025-09-05/IMG_1453.JPG,Small,Small,2.2420539536072632,3.253874556546717,0.7922150858249837,-0.26912979046443275
2025-09-05/IMG_1456.JPG,Small,Small,2.1198097956777566,3.2751268512920886,1.1964682800961506,-0.29017409168903957
2025-09-05/IMG_1458.JPG,Small,Small,2.174973888864671,3.273118616746016,1.090786882816801,-0.2858158950668499
2025-09-05/IMG_1459.JPG,Very Small,Very Small,3.2579143795597703,2.2626628653278336,1.1590272269884576,-0.29649614797362667
2025-09-05/IMG_1460.JPG,Small,Small,2.152893310995848,3.275475074422777,1.232771180922336,-0.2959776997337152
2025-09-05/IMG_1461.JPG,Medium,Small,0.7582917564129529,3.2503433792158423,2.2609540657358,-0.26645140097775205
2025-09-05/IMG_1462.JPG,Small,Small,2.0976539606699984,3.2637768778911544,1.1537997714068793,-0.27835762702648065
2025-09-05/IMG_1464.JPG,Very Small,Small,2.0154118590662695,3.2701829706289667,1.2321530383392398,-0.2895964543056953
2025-09-05/IMG_1466.JPG,Very Small,Very Small,3.260323819528788,2.2744861691097302,0.7990367340308421,-0.2901096026449419
2025-09-05/IMG_1467.JPG,Small,Small,2.1269393425680816,3.2778069562708256,1.0392814984438739,-0.28396359253358566
2025-09-05/IMG_1468.JPG,Very Small,Very Small,3.254766725439647,2.2225644263946434,1.064136488527656,-0.28197387836803733
2025-09-05/IMG_1469.JPG,Very Small,Very Small,3.267044107631466,2.269192557126612,0.7740256887637804,-0.2865203016308922
2025-09-05/IMG_1470.JPG,Small,Small,2.1161887577676923,3.276165888399052,0.9770152060762147,-0.2803546499216235
2025-09-05/IMG_1472.JPG,Large,Large,-0.281127311670639,0.810625694993328,2.268384449452961,3.2399153404022614
2025-09-05/IMG_1475.JPG,Medium,Medium,-0.2859539304358788,2.212161736134515,3.291292917431684,0.7581314012894493
2025-09-05/IMG_1476.JPG,Small,Small,0.7713091626129627,3.2842480689812965,2.2150635721636402,-0.28144353971482644
2025-09-05/IMG_1477.JPG,Small,Small,1.9398852451577326,3.264239915829614,0.8613018447866891,-0.24768219571848
2025-09-05/IMG_1480.JPG,Small,Small,0.7856590340174574,3.2650879511444577,1.9871567401132029,-0.22379092144899204
2025-09-05/IMG_1481.JPG,Small,Small,0.8395248871229752,3.2578381142757404,1.9246712376301782,-0.22900238525430203
2025-09-05/IMG_1482.JPG,Small,Small,2.2008015222424397,3.270015908158147,0.9219538523903938,-0.28184438081052554
2025-09-05/IMG_1483.JPG,Small,Small,0.8313885623806289,3.2811728810339864,2.1891612192158765,-0.2834254848149849
2025-09-05/IMG_1484.JPG,Very Small,Very Small,3.2611726828358267,2.1592481849353358,1.1071930512287071,-0.2778527306429845
2025-09-05/IMG_1485.JPG,Medium,Medium,-0.25964062222999645,0.9630972721452706,3.272467432236109,1.8489413134311403
2025-09-05/IMG_1486.JPG,Large,Large,-0.27662033252448054,0.7949276758331214,2.2658827389612464,3.239025532776082
2025-09-05/IMG_1487.JPG,Medium,Medium,0.7441136240423284,2.1905156543830646,3.2630625108216518,-0.213148660940135
2025-09-05/IMG_1490.JPG,Medium,Medium,0.8593457238194384,2.083774719324198,3.2622360166268707,-0.2557075968688308
2025-09-05/IMG_1491.JPG,Small,Small,2.0179621277350486,3.269141391279146,1.118573619823408,-0.27588027100650675
2025-09-05/IMG_1492.JPG,Small,Small,0.8065163776293377,3.26068894645805,2.2153446868060556,-0.26706668323935157
2025-09-05/IMG_1493.JPG,Small,Small,1.8727347696373196,3.2800843941494087,1.1192735199592319,-0.2795656826892101
2025-09-05/IMG_1495.JPG,Small,Small,0.8998451833606378,3.259722953523115,2.1726234719090023,-0.26889567023638333
2025-09-05/IMG_1496.JPG,Medium,Medium,-0.2695789073552306,2.204977956180588,3.2604103265038544,0.8385240752196594
2025-09-05/IMG_1498.JPG,Small,Small,0.8226049406436218,3.2651975035874674,2.246430285335797,-0.2827538144466758
2025-09-05/IMG_1500.JPG,Small,Small,0.7457765073141044,3.282577884828551,2.2609372051767487,-0.28542813017471574
2025-09-05/IMG_1501.JPG,Small,Small,2.134078520430986,3.2590130442149405,1.0034303682697507,-0.2688387149422212
2025-09-05/IMG_1502.JPG,Small,Small,2.0253886693617504,3.2806655627134758,0.9512110929151679,-0.2799142181837255
2025-09-05/IMG_1505.JPG,Small,Small,2.151742631348976,3.2664272440393622,0.8155966732944501,-0.26054597253413514
2025-09-05/IMG_1506.JPG,Small,Small,0.7866612766663132,3.242324947441071,2.2609140215739965,-0.272590185477162
2025-09-05/IMG_1507.JPG,Small,Small,2.2108668487169103,3.2636078099946046,0.7957902349905661,-0.2655961033556631
2025-09-05/IMG_1508.JPG,Medium,Medium,-0.29244135877495575,2.2596288462166836,3.280477205703343,0.7911639929898244
2025-09-05/IMG_1510.JPG,Medium,Medium,-0.2823575517259285,2.2148151881929015,3.281154080896583,0.7919003336347515
2025-09-05/IMG_1511.JPG,Small,Very Small,3.2309884505625597,2.2206229121346723,0.836400738390744,-0.25491185878450145
2025-09-05/IMG_1512.JPG,Small,Small,2.256755689443148,3.276467442730341,0.8309354411097822,-0.29261057178532296
2025-09-05/IMG_1513.JPG,Small,Small,2.21254575956542,3.2706483137766016,0.8732047859370552,-0.2817604928848676
2025-09-05/IMG_1514.JPG,Small,Very Small,3.277978429929972,2.227098216306379,0.7955082767718182,-0.2826153247218721
2025-09-05/IMG_1515.JPG,Very Small,Very Small,3.2847635937148025,2.253769176473983,0.8425343750219281,-0.29693175009117445
2025-09-05/IMG_1516.JPG,Very Small,Very Small,3.2861967172421847,2.2284163776647796,0.7629991868945036,-0.28423084618679795
2025-09-05/IMG_1517.JPG,Small,Very Small,3.2714557641445716,2.263606606826281,0.7889632507353485,-0.28854211491154014
2025-09-05/IMG_1518.JPG,Small,Small,2.2487055581694344,3.240466590547093,0.7985697631610775,-0.26668108955935904
2025-09-05/IMG_1519.JPG,Small,Small,2.254720918743419,3.271266069233813,0.892297972396064,-0.29235003043674074
2025-09-05/IMG_1520.JPG,Small,Small,2.264351353743099,3.2629936910005934,0.8551518766933653,-0.29061256330338053
2025-09-05/IMG_1522.JPG,Very Small,Very Small,3.2827446510303457,2.2497096208536966,0.8102221295077213,-0.2929450386905331
2025-09-05/IMG_1523.JPG,Very Small,Small,2.26087427459377,3.2733302707192693,0.8072434443136807,-0.2905125803689105
2025-09-05/IMG_1524.JPG,Small,Small,2.205763740171017,3.2622381184517466,0.8127173074751373,-0.2669215226587022
2025-09-05/IMG_1525.JPG,Very Small,Very Small,3.2822416724331114,2.2570057902917013,0.7467361076233994,-0.2837914396855242
2025-09-05/IMG_1527.JPG,Small,Small,2.2376912769830035,3.2753135647771447,0.9329204978812455,-0.291554109443144
2025-09-05/IMG_1528.JPG,Small,Very Small,3.275306133111153,2.284769656955663,1.0937123576182461,-0.3055540713428333
2025-09-05/IMG_1529.JPG,Small,Small,2.2411284626599106,3.2894021165047045,1.1892805454882853,-0.3043899161666252
2025-09-05/IMG_1530.JPG,Small,Small,2.2207570896689464,3.2846717403363686,1.2104734308174674,-0.30166000791363384
2025-09-05/IMG_1531.JPG,Small,Small,0.8957258956273221,3.278461383315323,2.2344479961691266,-0.2916167583830535
2025-09-05/IMG_1532.JPG,Very Small,Very Small,3.28240766407026,2.269787395156301,0.9327920272347313,-0.30170326049061114
2025-09-05/IMG_1533.JPG,Small,Small,2.1902346830016737,3.2802497530212795,1.243939163888475,-0.3010885982714389
2025-09-05/IMG_1534.JPG,Small,Small,2.190935876965908,3.2653825778956502,1.1457021453027683,-0.28586965370769024
2025-09-05/IMG_1535.JPG,Small,Small,1.1714974258583695,3.2817829146724673,2.2120499392339648,-0.29739150350130267
2025-09-05/IMG_1536.JPG,Small,Very Small,3.2744784076845326,2.2565385935559013,0.9928189596206793,-0.2962229059102362
2025-09-05/IMG_1537.JPG,Very Small,Very Small,3.2897515809921307,2.2195890579613122,0.8198806729530255,-0.2936668740393218
2025-09-05/IMG_1538.JPG,Very Small,Very Small,3.282260522881017,2.2775063062568273,0.8019073731505391,-0.30010868590931034
2025-09-05/IMG_1539.JPG,Very Small,Very Small,3.290379722798858,2.2622878277143306,0.7635641618257181,-0.29634592997433795
2025-09-05/IMG_1540.JPG,Very Small,Very Small,3.294519496218547,2.2708464905802557,0.780055162928238,-0.3029826063100115
2025-09-05/IMG_1541.JPG,Small,Small,2.1665510033824384,3.2797998670918322,1.2021388140078966,-0.29530764595452647
2025-09-05/IMG_1542.JPG,Small,Small,2.26459922904917,3.277176766641103,1.1522615231835989,-0.3019645688773274
2025-09-05/IMG_1544.JPG,Very Small,Small,2.2372433898882784,3.25691214798828,0.9338254998899441,-0.2826983744435143
2025-09-05/IMG_1545.JPG,Very Small,Small,2.195253045596566,3.2752890447424754,1.0950695297785888,-0.28921714444188373
2025-09-05/IMG_1549.JPG,Very Small,Very Small,3.279554209549833,2.278964284614749,0.8731427009102112,-0.30222353788249523
2025-09-05/IMG_1550.JPG,Very Small,Very Small,3.254380398799213,2.257856832660733,0.8099712339990975,-0.28052606162183835
2025-09-05/IMG_1551.JPG,Small,Small,2.224060828127839,3.2726581397017807,1.0384354925538868,-0.289899710346118
2025-09-05/IMG_1552.JPG,Medium,Small,2.1847537784191697,3.27653263738332,1.0944852864467598,-0.2889334495966912
2025-09-05/IMG_1553.JPG,Very Small,Very Small,3.2701360926343677,2.2808865717652473,1.0765314732964244,-0.30283109814319625
2025-09-05/IMG_1554.JPG,Small,Small,2.2194007401790117,3.2734797948440173,0.9805363206563681,-0.2884873351457887
2025-09-05/IMG_1555.JPG,Very Small,Very Small,3.2714611847674995,2.2785983541261454,0.8428411567812848,-0.29855800974500235
2025-09-05/IMG_1557.JPG,Very Small,Very Small,3.2789095307303153,2.2680542685669582,0.8036876411155276,-0.295447380814926
2025-09-05/IMG_1558.JPG,Small,Small,2.2594794010975554,3.2722431334836792,0.8265428935319896,-0.29105832841130347
2025-09-05/IMG_1559.JPG,Small,Small,2.197460976267556,3.2834065902369636,0.9882228264135354,-0.2921460147279543
2025-09-05/IMG_1560.JPG,Small,Small,2.2584263102345785,3.2856629598391187,1.0618263986649976,-0.3020935057176698
2025-09-05/IMG_1562.JPG,Very Small,Very Small,3.262144438832684,2.2685029626607913,0.9991597436764903,-0.295546754451129
2025-09-05/IMG_1564.JPG,Very Small,Very Small,3.274111497050624,2.256984803154384,1.043345016987765,-0.29687943366845154
2025-09-05/IMG_1565.JPG,Very Small,Medium,0.8786562264641425,2.2267811740539933,3.208223643081836,-0.2543496790927512
2025-09-05/IMG_1566.JPG,Small,Very Small,3.2520407967815124,2.2651950105758587,1.074154875788223,-0.293068595296922
2025-09-05/IMG_1568.JPG,Small,Small,2.1865755842420724,3.2672612068878375,1.1389343481241747,-0.28592420720682904
2025-09-05/IMG_1569.JPG,Very Small,Very Small,3.270102938550714,2.21951278900492,0.8054005019741919,-0.27583858196440414
2025-09-05/IMG_1570.JPG,Very Small,Small,2.1086806302090157,3.2233873423388464,1.0231786585900098,-0.24049047601329537
2025-09-05/IMG_1571.JPG,Small,Small,0.8514573815110933,3.2713200368753816,2.2484279445141495,-0.28887280825019535
2025-09-05/IMG_1572.JPG,Medium,Medium,0.7381561539283383,2.2501484847519735,3.272314976817057,-0.2639941505173648
2025-09-05/IMG_1574.JPG,Small,Small,2.206654855719761,3.2785113561276074,1.1291420259932639,-0.2933848328523924
2025-09-05/IMG_1576.JPG,Very Small,Very Small,3.288355844335021,2.2542330234982177,0.8039896131977694,-0.29709280365531343
2025-09-05/IMG_1577.JPG,Very Small,Very Small,3.260077911170087,2.2664513022469084,1.0577567180391922,-0.29521096754314696
2025-09-05/IMG_1579.JPG,Small,Small,2.1699460461923192,3.2607217261745918,1.0420562353816418,-0.27561489823100055
2025-09-05/IMG_1580.JPG,Small,Small,0.8574605895789631,3.264359596209543,2.2023740788183885,-0.2741371385396122
2025-09-05/IMG_1581.JPG,Small,Small,1.1154059273642898,3.275364664791698,2.2282394535957373,-0.2938928891956539
2025-09-05/IMG_1582.JPG,Medium,Small,0.7830031795647858,3.2696179127852703,2.2615823717398307,-0.2857960714484655
2025-09-05/IMG_1583.JPG,Small,Medium,0.7844695090866594,2.260622882378251,3.267188379188842,-0.2842721985262367
2025-09-05/IMG_1585.JPG,Medium,Small,2.1966848612450316,3.266600898437217,1.18772788085239,-0.29017619691020624
2025-09-05/IMG_1586.JPG,Very Small,Small,2.2440536836581026,3.270513876566144,1.2063280564378112,-0.2988423496112652
2025-09-05/IMG_1588.JPG,Very Small,Very Small,3.278928588340292,2.249203583476949,1.1871320118848014,-0.301186264177808
2025-09-05/IMG_1589.JPG,Very Small,Very Small,3.2719977569540113,2.2507546718063107,0.7919092791899336,-0.2843831066279005
2025-09-05/IMG_1590.JPG,Small,Small,2.2543815191359213,3.2633329869662697,0.8668923269815927,-0.287790252451144
2025-09-05/IMG_1591.JPG,Very Small,Very Small,3.275140950644935,2.2165373752742035,0.7528761864145986,-0.26264533380895944
2025-09-05/IMG_1592.JPG,Small,Small,2.2410204998896552,3.2644977920993186,0.891614750224473,-0.28551993303507994
2025-09-05/IMG_1593.JPG,Very Small,Very Small,3.277856680648492,2.245885540006401,0.7822584541536199,-0.28527919344198693
2025-09-05/IMG_1595.JPG,Small,Very Small,3.2596939845092563,2.26626674880821,0.8867007355857344,-0.2915718344610839
2025-09-05/IMG_1596.JPG,Very Small,Very Small,3.2830392246577995,2.2671980551934947,0.8408359852154381,-0.29915935218367384
2025-09-05/IMG_1597.JPG,Very Small,Small,2.2476503426990537,3.27205524258008,1.049759101784225,-0.29414283292359444
2025-09-05/IMG_1598.JPG,Small,Very Small,3.2719947438053296,2.2739412071909393,0.9794153428352759,-0.2999362603768353
2025-09-05/IMG_1599.JPG,Small,Small,0.8888302267912775,3.26618663374968,2.217751713377841,-0.28082189826966947
2025-09-05/IMG_1600.JPG,Small,Small,2.2025986785341427,3.273308054590047,1.2218845009149386,-0.2966783988649641
2025-09-05/IMG_1601.JPG,Small,Small,2.178240864969285,3.2803878760902605,1.1977268879269556,-0.2958933432504127
2025-09-05/IMG_1602.JPG,Medium,Small,0.7787967039434092,3.2700084921363333,2.2366793283028574,-0.27525982976950253
2025-09-05/IMG_1603.JPG,Medium,Small,0.959491300891847,3.2706815114514503,2.2312656973814198,-0.2885778671850667
2025-09-05/IMG_1604.JPG,Small,Small,2.1880349653195066,3.2817116813201648,1.190800901138579,-0.2966630711348876
2025-09-05/IMG_1605.JPG,Small,Small,1.0712224430276793,3.2764920719779695,2.1993286879321436,-0.28960880983969123
2025-09-05/IMG_1606.JPG,Small,Medium,0.8023628606205464,2.264581721403591,3.2583109954365073,-0.28456491487999225
2025-09-05/IMG_1607.JPG,Medium,Medium,-0.27282546467954205,2.2266053248350346,3.262239824117416,0.8114092409509671
2025-09-05/IMG_1608.JPG,Small,Small,2.150545289620065,3.265791902683444,1.1350776955804673,-0.28157493851132065
2025-09-29/IMG_1672.JPG,Small,Small,2.2055465743349285,3.2800857944624773,0.7472901958541078,-0.26292280056986733
2025-09-29/IMG_1673.JPG,Small,Small,2.1978055806824024,3.2779423511720385,0.7537545256966913,-0.2616455897985808
2025-09-29/IMG_1674.JPG,Small,Small,0.7892927486725451,3.27371506364012,2.1432923604051584,-0.26128999022360616
2025-09-29/IMG_1675.JPG,Medium,Medium,0.7340982594765063,2.163625740033244,3.2830073218140643,-0.2418678364856811
2025-09-29/IMG_1677.JPG,Small,Small,0.7570974243497339,3.2612098569089376,2.234801889889573,-0.25614884383975084
2025-09-29/IMG_1678.JPG,Small,Small,0.768809484453172,3.271954681426414,2.2563082849939864,-0.2820115028627803
2025-09-29/IMG_1679.JPG,Medium,Medium,0.739059101577924,2.2382286323666207,3.270791667561015,-0.254534044948019
2025-09-29/IMG_1681.JPG,Medium,Medium,0.7345769365716216,1.9859350208997706,3.2896830971954323,-0.2428512264000551
2025-09-29/IMG_1684.JPG,Medium,Medium,0.7500166324006444,2.2284403920302247,3.2675386933908426,-0.2548079214820175
2025-09-29/IMG_1685.JPG,Very Small,Very Small,3.256689728710299,2.223664939663141,0.7795774590391894,-0.2581976260677512
2025-09-29/IMG_1688.JPG,Very Small,Very Small,3.2778745470142425,2.222489719888037,0.823842388107083,-0.28500272514130853
2025-09-29/IMG_1689.JPG,Very Small,Very Small,3.230134579906278,2.2520454581486113,0.7844562277140052,-0.2592717703591137
2025-09-29/IMG_1690.JPG,Medium,Medium,0.7717432031461493,2.1923068047990855,3.2573568233778722,-0.2401883808273944
2025-09-29/IMG_1691.JPG,Medium,Medium,0.7685070317120908,1.800443256527404,3.287030377171254,-0.23626908569220365
2025-09-29/IMG_1692.JPG,Medium,Medium,0.7498751562020165,2.208569305778688,3.273369600292239,-0.2544308556577423
2025-09-29/IMG_1693.JPG,Medium,Small,0.7529023382400282,3.2683190409263303,2.2315320771410634,-0.25984804236152476
2025-09-29/IMG_1697.JPG,Medium,Small,0.7958371720131142,3.2586154616737133,2.201763657085129,-0.2578189424961356
2025-09-29/IMG_1699.JPG,Medium,Medium,0.7731306836390617,2.2406063813615895,3.249091057212741,-0.25793009901229663
2025-09-29/IMG_1700.JPG,Small,Small,0.8641461216654563,3.2579294250599617,2.1518476154765573,-0.26038413379331254
2025-09-29/IMG_1701.JPG,Small,Small,2.209725352499314,3.2833485114519534,0.815138423977837,-0.2865187780352139
2025-09-29/IMG_1702.JPG,Very Small,Small,2.2135225067424478,3.276547237248908,0.8299706448345188,-0.2829120282186729
2025-09-29/IMG_1703.JPG,Very Small,Very Small,3.2725629588335483,2.291166720056622,0.7913018097287057,-0.30222663058206767
2025-09-29/IMG_1704.JPG,Medium,Medium,0.744301563391167,2.2397403652603596,3.2615165749035695,-0.24806791803388295
2025-09-29/IMG_1705.JPG,Very Small,Very Small,3.2718375099276193,2.2036051648514117,0.7581539544942005,-0.2566415865060495
2025-09-29/IMG_1706.JPG,Medium,Medium,0.7544812939521117,2.2320934116611792,3.2564248539254583,-0.24631907476295217
2025-09-29/IMG_1707.JPG,Small,Small,2.0290123343359134,3.2660933577324145,0.8832880797128906,-0.2594876910290052
2025-09-29/IMG_1708.JPG,Small,Small,2.108219736353731,3.271994905350241,0.8178718142527679,-0.2625702575363757
2025-09-29/IMG_1709.JPG,Small,Small,0.8840955740248376,3.2564712715383886,2.13927266774018,-0.259609545876667
2025-09-29/IMG_1710.JPG,Medium,Medium,0.7380458709060976,2.188095009219009,3.28011957388272,-0.24762652525001294
2025-09-29/IMG_1711.JPG,Very Small,Very Small,3.2875940477271066,2.001382422151671,0.8055563732239723,-0.27675810259616374
2025-09-29/IMG_1712.JPG,Small,Small,0.9137174309752695,3.2561747096211806,2.1504221169440614,-0.26379083549260557
2025-09-29/IMG_1713.JPG,Medium,Medium,0.8370458729633472,2.187560060140667,3.259250492633724,-0.26431598037066234
2025-09-29/IMG_1714.JPG,Medium,Medium,0.7337232067415431,2.107918411350191,3.285120267603215,-0.23591245940482128
2025-09-29/IMG_1715.JPG,Very Small,Very Small,3.2683534320478573,2.216224805048523,0.7607803937686027,-0.2581624275398381
2025-09-29/IMG_1716.JPG,Very Small,Small,2.2088815925385945,3.272193545978723,0.7650878682830511,-0.2630631760324417
2025-09-29/IMG_1717.JPG,Medium,Medium,0.7806888457497874,2.15571502160272,3.2605233845751855,-0.23894218202064027
2025-09-29/IMG_1718.JPG,Small,Very Small,3.2603600952515213,2.281101571648961,0.8198789002810788,-0.29534258619782167
2025-09-29/IMG_1719.JPG,Very Small,Very Small,3.2899048280789214,2.208251649537052,0.763054843821526,-0.2848987632213738
2025-09-29/IMG_1720.JPG,Small,Small,2.1065041072610984,3.264418246855343,0.9162261785351754,-0.2662739380045885
2025-09-29/IMG_1721.JPG,Very Small,Very Small,3.296206803647778,1.9538615441756764,0.7691426792566081,-0.2825579413396133
2025-09-29/IMG_1722.JPG,Very Small,Very Small,3.264949224186787,2.2491921873935135,0.7466569925187496,-0.2619382175174644
2025-09-29/IMG_1723.JPG,Medium,Medium,0.7936790799321347,2.172756056572731,3.260680455579114,-0.25081394849475047
2025-09-29/IMG_1725.JPG,Small,Small,0.830970752765432,3.267065278444285,2.1151988213121613,-0.25974049394361964
2025-09-29/IMG_1726.JPG,Small,Small,0.8392743400460746,3.2748727836202787,1.9874714597923167,-0.2628855304733956
2025-09-29/IMG_1727.JPG,Very Small,Very Small,3.3024483820533996,2.0988219449156507,0.7319921178746231,-0.2864607739523568
2025-09-29/IMG_1728.JPG,Very Small,Very Small,3.3021521454427885,2.1542457359890332,0.7271021259110944,-0.2859577092778798
2025-09-29/IMG_1729.JPG,Very Small,Very Small,3.3025864588580225,2.048113345966445,0.7290298925020091,-0.2833198438826907
2025-09-29/IMG_1731.JPG,Small,Small,2.054668302309351,3.2739240967282135,0.8229415482470106,-0.26201660802950544
2025-09-29/IMG_1732.JPG,Very Small,Very Small,3.2996693131387804,2.1997865432360566,0.7353058807358157,-0.2891332392651357
2025-09-29/IMG_1735.JPG,Very Small,Small,2.235204186200046,3.266330269449528,0.7540465192676682,-0.26018609980134055
2025-09-29/IMG_1736.JPG,Very Small,Very Small,3.275676046801633,2.165367779241291,0.7632000410968152,-0.25604373531735425
2025-09-29/IMG_1737.JPG,Small,Small,2.1961124393035036,3.273935265424066,0.7619990498222863,-0.2599844317746685
2025-09-29/IMG_1738.JPG,Medium,Medium,0.7537766111138339,2.222266776430846,3.265975817159453,-0.2524927065263107
2025-09-29/IMG_1739.JPG,Small,Small,0.8480574270344242,3.2606090644988823,2.1399123766355053,-0.25874920644269483
2025-09-29/IMG_1740.JPG,Small,Small,2.187059308468966,3.2741190411481473,0.7651559284659741,-0.2596462932485426
2025-09-29/IMG_1742.JPG,Small,Small,0.8948333066386984,3.258687344017806,2.139103284038343,-0.26272352959006645
2025-09-29/IMG_1746.JPG,Medium,Medium,0.813571990532446,2.1577270184799837,3.2615741021636433,-0.2553480982269859
2025-09-29/IMG_1748.JPG,Very Small,Very Small,3.2850101419123976,2.2575719368822074,0.7353855923208088,-0.2816305001065081
2025-09-29/IMG_1750.JPG,Medium,Medium,0.8178769355593745,2.1704873216874927,3.2571256652222567,-0.2542788391402186
2025-09-29/IMG_1751.JPG,Small,Small,2.1967646352373507,3.2661985211876456,0.820886405687806,-0.269774561947773
2025-09-29/IMG_1752.JPG,Small,Small,2.2000532520038507,3.265671338079292,1.0964472336520945,-0.28456183880006614
2025-09-29/IMG_1753.JPG,Small,Small,2.174982463722787,3.264987456144559,1.1339852495108838,-0.2832404152536358
2025-09-29/IMG_1754.JPG,Very Small,Very Small,3.2684221035559515,2.2510330186456873,0.7811961350994072,-0.280212199398411
2025-09-29/IMG_1755.JPG,Medium,Medium,0.8291719304228866,2.2148965121839743,3.2602042207925264,-0.2706928540952304
2025-09-29/IMG_1757.JPG,Very Small,Very Small,3.269805487914818,2.235189579695389,0.8048329722949348,-0.27983625524019623
2025-09-29/IMG_1759.JPG,Very Small,Very Small,3.2300122668290605,2.230975221319025,1.0432985569034205,-0.2741479097504803
2025-09-29/IMG_1760.JPG,Very Small,Very Small,3.2651632576593705,2.2401889784316054,0.7934209495904961,-0.27624246788637685
2025-09-29/IMG_1761.JPG,Small,Small,1.0148894253844267,3.270539751851543,2.2348569869384107,-0.29026735949601257
2025-09-29/IMG_1763.JPG,Medium,Medium,0.8283449724058926,2.2388967552545105,3.2685670892130996,-0.28294061649496405
2025-09-29/IMG_1764.JPG,Small,Small,2.2698455028690203,3.2942925797383698,0.7429179228408563,-0.29793607024032775
2025-09-29/IMG_1768.JPG,Medium,Small,0.7938061360584464,3.247306011041816,2.2174887375199543,-0.2526301832381746
2025-09-29/IMG_1769.JPG,Medium,Small,0.9352523848617513,3.2587478363958917,2.026163717078828,-0.25605212610918043
2025-09-29/IMG_1770.JPG,Very Small,Very Small,3.2730649717219285,2.1940697216527503,0.7597345174235124,-0.2565769440099731
2025-09-29/IMG_1772.JPG,Very Small,Very Small,3.2817061273408283,2.057165538775284,0.7665822561245793,-0.2563046156693118
2025-09-29/IMG_1773.JPG,Very Small,Very Small,3.2978663124162493,1.8232675156875515,0.7517126714190698,-0.2710327100977362
2025-09-29/IMG_1776.JPG,Very Small,Very Small,3.2814956472003542,2.083788414070545,0.765160766215261,-0.2572610177212367
2025-09-29/IMG_1777.JPG,Very Small,Very Small,3.2838710080170754,1.947660955398784,0.7697525378815279,-0.25616072860338657
2025-09-29/IMG_1779.JPG,Very Small,Very Small,3.2807696043902177,2.0744436699770263,0.767632923020439,-0.25630879599712675
2025-09-29/IMG_1780.JPG,Small,Small,0.9078655536308773,3.2670048645038214,1.942969677929551,-0.2582092550451649
2025-09-29/IMG_1781.JPG,Small,Small,0.7923045634433573,3.2533986673673136,2.2171984837972314,-0.2573542363360556
2025-09-29/IMG_1784.JPG,Small,Small,0.80922871153683,3.2657529458681362,2.166087865208426,-0.2606691489149983
2025-09-29/IMG_1785.JPG,Very Small,Very Small,3.2667666883430835,2.207657934053109,0.7684886144601524,-0.2573367143697032
2025-09-29/IMG_1786.JPG,Very Small,Very Small,3.279707667567688,2.155732040099183,0.7582545010630173,-0.2584824517435407
2025-09-29/IMG_1787.JPG,Very Small,Very Small,3.275987347350534,2.1749546127935497,0.7612601629438784,-0.25746333411370986
2025-09-29/IMG_1788.JPG,Very Small,Very Small,3.2584657449744223,2.2470295519859573,0.7566072717574532,-0.26100292557136695
2025-09-29/IMG_1791.JPG,Very Small,Very Small,3.275239088743225,2.1100508822926964,0.7835051315167005,-0.25719052234044437
2025-09-29/IMG_1792.JPG,Small,Very Small,3.2433675481269058,2.243476088516366,0.7828297843601407,-0.25999543915181805
2025-09-29/IMG_1793.JPG,Very Small,Very Small,3.2520090465256253,2.223249787703338,0.7950328427906281,-0.259751144040364
2025-09-29/IMG_1794.JPG,Very Small,Very Small,3.2798264347500665,2.2594509377091696,0.7755830267559244,-0.28993591579774114
2025-09-29/IMG_1797.JPG,Small,Small,0.9060458777998657,3.254108504467203,2.1059994998266327,-0.25547385051413357
2025-09-29/IMG_1799.JPG,Small,Very Small,3.2286972497339046,2.264377534876819,0.7614697492413385,-0.25931844957193056
2025-09-29/IMG_1800.JPG,Very Small,Very Small,3.258078696841487,2.243965373013791,0.7564162698921248,-0.25834720470288997
2025-09-29/IMG_1801.JPG,Very Small,Very Small,3.2800000968036898,2.146196593252543,0.756994380676227,-0.256545643578092
2025-09-29/IMG_1802.JPG,Very Small,Very Small,3.2760221320378533,2.1953632231505424,0.7532874736204695,-0.2572991102328661
2025-09-29/IMG_1803.JPG,Very Small,Very Small,3.2678028983220107,2.2318546885903268,0.7513558334467344,-0.2581820307273282
2025-09-29/IMG_1804.JPG,Very Small,Very Small,3.282685646469925,2.129963801250984,0.7529083959765654,-0.25679929030700355
2025-09-29/IMG_1806.JPG,Very Small,Very Small,3.2510565386012984,2.2635492899406904,0.7450294755165574,-0.2604622425565729
2025-09-29/IMG_1809.JPG,Medium,Medium,0.751525667517509,2.059543744830725,3.278007825933482,-0.23276038537052446
2025-09-29/IMG_1811.JPG,Medium,Small,0.8100512244652933,3.2599694378866055,2.2725460149947,-0.2900568368350046
2025-09-29/IMG_1815.JPG,Very Small,Very Small,3.2652791057082333,2.250557427598766,0.7429231355785151,-0.26013403336626967
2025-09-29/IMG_1816.JPG,Very Small,Very Small,3.263547907849732,2.2328878915193786,0.7579666309650377,-0.25832800535750294
2025-09-29/IMG_1817.JPG,Very Small,Very Small,3.2775961062398813,2.190720549627186,0.7518635531009528,-0.25766636447909447
2025-09-29/IMG_1818.JPG,Very Small,Very Small,3.2383978993226945,2.2624742855100646,0.7547808048240177,-0.2581288639823331
2025-09-29/IMG_1819.JPG,Small,Small,2.147301480870303,3.26846019676538,0.7914460473678864,-0.2550614506291556
2025-09-29/IMG_1820.JPG,Very Small,Very Small,3.2592297809005037,2.2246452809139936,0.7685172698142733,-0.25567531769965635
2025-09-29/IMG_1821.JPG,Very Small,Very Small,3.273241350818542,2.2089512259753654,0.752295407560008,-0.25642548863764125
2025-09-29/IMG_1822.JPG,Very Small,Very Small,3.2510770850911683,2.234953139929878,0.7681636954191373,-0.25313620008601495
2025-09-29/IMG_1824.JPG,Medium,Medium,0.7580550225726619,2.2291982262545225,3.2554500233390327,-0.2463792140299039
2025-09-29/IMG_1825.JPG,Small,Small,0.8436934092470592,3.2528942746050173,2.1582698267345584,-0.2533020908700734
2025-09-29/IMG_1826.JPG,Small,Small,0.8021549083423634,3.2668121638514886,2.2253434397587024,-0.2742044903807177
2025-09-29/IMG_1827.JPG,Medium,Medium,-0.2610084987720484,2.20971016921128,3.262990903550426,0.7846084354204361
2025-09-29/IMG_1828.JPG,Small,Small,2.279350781229704,3.294893773819581,0.7261852491586422,-0.2972815706909543
2025-09-29/IMG_1830.JPG,Small,Small,0.7935461599559334,3.2843279433400703,2.279553734867133,-0.3011984554210606
2025-09-29/IMG_1831.JPG,Small,Small,0.8668154550979367,3.2817597879738414,2.2585126711643695,-0.29730871460609753
2025-09-29/IMG_1832.JPG,Small,Small,0.9791747676307465,3.2826220888769138,2.2715626408033613,-0.30276022427248234
2025-09-29/IMG_1833.JPG,Small,Small,1.1310962735110406,3.2897153784343183,2.2361911071857117,-0.30224384755438394
2025-09-29/IMG_1834.JPG,Small,Small,0.7522731177872867,3.280611951470414,2.2669428874245696,-0.2885879652990794
2025-09-29/IMG_1835.JPG,Small,Small,1.0025099554876933,3.286534367075547,2.241559131395695,-0.2991885639647585
2025-09-29/IMG_1836.JPG,Small,Small,1.173245520302339,3.2813613542432893,2.264455482359096,-0.30392690032322356
2025-09-29/IMG_1838.JPG,Small,Small,0.9362629583282187,3.2780759014464693,2.2692677015760068,-0.2999965067486306
2025-09-29/IMG_1840.JPG,Small,Small,1.033398713356485,3.2899226731091815,2.242057591354712,-0.30141065241387277
2025-09-29/IMG_1841.JPG,Small,Small,0.9629219767728718,3.287421112394786,2.2437152729737155,-0.29950805807836384
2025-09-29/IMG_1843.JPG,Small,Small,1.0484338462884901,3.2835190859028254,2.219621707932677,-0.29542405074719036
2025-09-29/IMG_1844.JPG,Small,Small,0.7455338554416956,3.2751055118690826,2.238108376489745,-0.2666481080966888
2025-09-29/IMG_1845.JPG,Small,Small,1.1323029239408422,3.286294053015685,2.2554583593213486,-0.30309837404416123
2025-09-29/IMG_1846.JPG,Small,Small,0.8553449567818399,3.2892694461784187,2.227089235160303,-0.2960290619042621
2025-09-29/IMG_1847.JPG,Medium,Small,0.9055824321435355,3.284507287327359,2.238782474342461,-0.29611934368318205
2025-09-29/IMG_1848.JPG,Medium,Small,0.8729074697024934,3.285314610378078,2.2578632608044096,-0.29911815458693647
2025-09-29/IMG_1849.JPG,Small,Small,0.8868969768460846,3.2588100482813256,2.0966427997060344,-0.25701405802659855
2025-09-29/IMG_1850.JPG,Small,Small,2.1199694322304214,3.278966920036318,1.147796632690165,-0.2888301584166075
2025-09-29/IMG_1854.JPG,Very Small,Very Small,3.2712538088722747,2.2505133122782612,0.9366301830199802,-0.29248122649562613
2025-09-29/IMG_1857.JPG,Very Small,Very Small,3.262573122528912,2.2649979606006534,0.9641492356999456,-0.2939700798187462
2025-09-29/IMG_1858.JPG,Small,Small,2.19728790331319,3.2702287659045326,1.1666709713830166,-0.2902249689449483
2025-09-29/IMG_1859.JPG,Medium,Very Small,3.2618166286059247,2.26107742369068,1.1809210895610025,-0.29810171856524725
2025-09-29/IMG_1861.JPG,Very Small,Small,2.2216778856083956,3.2639168438578396,1.0208228674542386,-0.2846994957541775
2025-09-29/IMG_1862.JPG,Small,Small,2.220622175056414,3.271067519531665,1.131875187073068,-0.29148571648660415
2025-09-29/IMG_1865.JPG,Small,Medium,0.7877198717224899,2.2370202232872733,3.230953412894787,-0.24922559470572284
2025-09-29/IMG_1869.JPG,Small,Small,2.1618849363188355,3.279295286956141,1.1903713180067579,-0.2938591360512271
2025-09-29/IMG_1870.JPG,Small,Small,1.9465898209307442,3.275053750523772,1.2019908061063442,-0.28616338623394294
2025-09-29/IMG_1871.JPG,Small,Small,2.252268647919536,3.2721251544684704,1.123535718396053,-0.2968902007248858
2025-09-29/IMG_1873.JPG,Small,Small,2.195988671457766,3.2744920235094823,1.1435070810107686,-0.2908592900826385
2025-09-29/IMG_1874.JPG,Small,Small,2.1757872312736493,3.275531150711402,1.0438110626882806,-0.28594378406269133
2025-09-29/IMG_1875.JPG,Small,Very Small,3.263417209191701,2.2566651645611393,1.0451373134888797,-0.29303664591374473
2025-09-29/IMG_1877.JPG,Very Small,Small,2.2157621693601395,3.2451758907858945,1.0670279820701054,-0.27652779268399913
2025-09-29/IMG_1878.JPG,Small,Small,2.1687240645500063,3.243769777470716,0.9673792119156566,-0.26146747252437175
2025-09-29/IMG_1879.JPG,Very Small,Very Small,3.267176482347358,2.2426479185497277,0.8724881251228379,-0.2863500018755863
2025-09-29/IMG_1880.JPG,Very Small,Very Small,3.236518641031865,2.2379631585740496,0.9725637661127462,-0.2763383245226493
2025-09-29/IMG_1881.JPG,Small,Small,2.1903277248117377,3.2749377055208493,1.1365490416949275,-0.2902280435835366
2025-09-29/IMG_1882.JPG,Small,Small,2.169430696650349,3.2652180661212666,1.0857372908035177,-0.28020123997851376
2025-09-29/IMG_1883.JPG,Small,Small,2.1985587480472075,3.2731956535533673,1.0857612522349351,-0.2880589265885903
2025-09-29/IMG_1885.JPG,Very Small,Very Small,3.210080447794624,0.973781335424444,2.182333823343546,-0.24622399585219323
2025-09-29/IMG_1886.JPG,Very Small,Very Small,3.2461719015103085,2.2673710865584606,1.1485575535612593,-0.2949384190903405
2025-09-29/IMG_1889.JPG,Very Small,Very Small,3.2364242802001186,2.2611351122679904,1.1146920288024205,-0.28936455555723994
2025-09-29/IMG_1890.JPG,Small,Small,2.178218195154907,3.262993125770304,1.2180231746193824,-0.29048054947280677
2025-09-29/IMG_1891.JPG,Medium,Small,0.8706881922427524,3.2620809253331258,2.262674981343409,-0.2903886663036667
2025-09-29/IMG_1893.JPG,Very Small,Small,0.9225811678559515,3.251702979029497,2.2407789577863633,-0.28110651061180664
2025-09-29/IMG_1895.JPG,Small,Medium,-0.24847541512143714,1.9724357278432862,3.2587268870734465,0.8966140298688708
2025-09-29/IMG_1897.JPG,Small,Small,2.214967710152697,3.2512877685445156,0.8924900573593373,-0.27163734362488795
2025-09-29/IMG_1898.JPG,Medium,Small,1.09860625192051,3.238856549770554,2.2409433112618014,-0.2824907637576743
2025-09-29/IMG_1899.JPG,Medium,Medium,1.0119758195768938,2.2393568291301427,3.254660783449793,-0.28446624462607883
2025-09-29/IMG_1900.JPG,Medium,Medium,0.7532640958932602,2.242050256245113,3.2620334080030196,-0.258887062590839
2025-09-29/IMG_1901.JPG,Small,Small,0.79657567975231,3.242215950573104,2.234293840806089,-0.2585621775503014
2025-09-29/IMG_1902.JPG,Small,Medium,0.8206891284250171,2.2111092316187593,3.218243249692709,-0.23697545620371804
2025-09-29/IMG_1903.JPG,Medium,Medium,0.8835743248193579,2.112517657230341,3.26599859998476,-0.26562661735798715
2025-09-29/IMG_1904.JPG,Very Small,Medium,2.128091831744102,1.0234037802774871,3.2672725941306373,-0.2753166884025785
2025-09-29/IMG_1905.JPG,Medium,Large,0.7945940071689629,-0.28088334203247006,2.2454930081545212,3.268810645400904
2025-09-29/IMG_1906.JPG,Large,Large,0.7760259534577117,-0.26803046982902806,2.2339111385398174,3.2638856030436174
2025-09-29/IMG_1907.JPG,Very Small,Very Small,3.2607937113183456,-0.2564935466300434,2.121308179232199,0.8488857401794965
2025-09-29/IMG_1908.JPG,Large,Large,2.1979655235371043,-0.22497461377099082,0.7650963648543444,3.2500059813964093
2025-09-29/IMG_1909.JPG,Very Small,Very Small,3.2500015813691263,-0.24807105221309597,2.204839186293364,0.7908259885738538
2025-09-29/IMG_1912.JPG,Small,Small,2.2489310463018883,3.264721612353999,1.0580482222939536,-0.29176260306364177
2025-09-29/IMG_1914.JPG,Very Small,Very Small,3.2864760807944258,2.253214219991004,0.7987016341501086,-0.29523675774997427
2025-09-29/IMG_1915.JPG,Very Small,Very Small,3.287378741827548,2.2499682814493305,0.8099644262364152,-0.29598864428774907
2025-09-29/IMG_1916.JPG,Very Small,Very Small,3.2832525319781474,2.2393662509236836,0.8346259195679837,-0.292775140941871
2025-09-29/IMG_1917.JPG,Very Small,Very Small,3.2681632615648963,2.2500185915611484,0.9013845129781188,-0.2900183700367356
2025-09-29/IMG_1919.JPG,Very Small,Small,2.2262654235366894,3.2588021264354277,1.2233446645798869,-0.2946469837913269
2025-09-29/IMG_1920.JPG,Very Small,Very Small,3.251213791858172,2.2614081900770056,1.1422295884473854,-0.2938286793629066
2025-09-29/IMG_1921.JPG,Very Small,Very Small,3.2856176221230293,2.2522326602504874,0.9011625879064261,-0.29887831113460217
2025-09-29/IMG_1922.JPG,Very Small,Very Small,3.281868615442009,2.2434760193818617,0.9583349557074374,-0.29647511305603225
2025-09-29/IMG_1923.JPG,Very Small,Very Small,3.268737548188227,2.266471430022434,1.109124585068195,-0.2987279230077764
2025-09-29/IMG_1924.JPG,Very Small,Very Small,3.285987288817752,2.2516674878416807,0.8298085938091281,-0.29661786602785317
2025-09-29/IMG_1925.JPG,Small,Very Small,3.275580245999381,2.259839569963748,0.969034566828606,-0.29712042038176095
2025-09-29/IMG_1927.JPG,Very Small,Very Small,3.2818631546562362,2.2391605203331926,0.8257376263484678,-0.29124756140996017
2025-09-29/IMG_1930.JPG,Very Small,Very Small,3.2841006586348143,2.245793584791549,0.8375044874220716,-0.2946958325614697
2025-09-29/IMG_1931.JPG,Very Small,Very Small,3.2709568557651885,2.2535782684074936,0.9297272900364181,-0.29295974502832584
2025-09-29/IMG_1933.JPG,Very Small,Small,2.2668894665535353,3.2722761470794492,1.0569989861591564,-0.2989065966834671
2025-09-29/IMG_1934.JPG,Small,Small,2.2391260916961317,3.2781404927056315,0.9556277415421074,-0.2937646532394576
2025-09-29/IMG_1935.JPG,Very Small,Small,2.2233489269222506,3.2640531170070206,0.8398284956404272,-0.2769997112151181
2025-09-29/IMG_1937.JPG,Very Small,Very Small,3.2704177239288015,2.25389604836845,0.8568132125726852,-0.29027396950227946
2025-09-29/IMG_1939.JPG,Very Small,Very Small,3.2734518376614847,2.2516810542092163,1.0541042809512877,-0.2956373062010817
2025-09-29/IMG_1940.JPG,Very Small,Very Small,3.263400078529214,2.2356645520932044,1.0265855137062618,-0.2874576528851899
2025-09-29/IMG_1941.JPG,Very Small,Small,2.214403335056701,3.265737754747898,1.1906869368256978,-0.29203238035228224
2025-09-29/IMG_1942.JPG,Very Small,Very Small,3.27325173733748,2.259256072431059,1.0689993924327774,-0.29752510802400994
2025-09-29/IMG_1944.JPG,Very Small,Very Small,3.258631182092803,2.2537622922502756,0.9980209357817452,-0.28973368258377125
2025-09-29/IMG_1946.JPG,Very Small,Very Small,3.262062293601145,2.2633421754625775,1.0680481275659182,-0.29500152070435925
2025-09-29/IMG_1947.JPG,Small,Small,2.1693399275436294,3.26570893203316,1.2233656750974071,-0.2916300903361949
2025-09-29/IMG_1948.JPG,Very Small,Very Small,3.2430714081032153,2.259142475337323,1.1732413847779426,-0.29301730152952143
2025-09-29/IMG_1950.JPG,Very Small,Small,2.2256954076263513,3.256519422297013,1.21239165764746,-0.2926454299955071
