image_filename,true_class,predicted_class,probability_very_small,probability_small,probability_medium,probability_large
2025-08-22/IMG_0001.JPG,Very Small,Very Small,0.7108168776399846,0.2484062379873578,0.04057035046473137,0.0002065339079269238
2025-08-22/IMG_0002.JPG,Very Small,Very Small,0.7545357817222055,0.22594212340652434,0.019367598829677927,0.00015449604159281579
2025-08-22/IMG_0003.JPG,Small,Small,0.36473321879833986,0.5989224043672878,0.036117417024663284,0.00022695980970875783
2025-08-22/IMG_0004.JPG,Small,Small,0.36238128143764664,0.6004661150960574,0.03700256673350987,0.0001500367327856809
2025-08-22/IMG_0005.JPG,Very Small,Very Small,0.7566963136994698,0.2268468272340777,0.01620365253758413,0.00025320652886886284
2025-08-22/IMG_0009.JPG,Very Small,Very Small,0.8499250621270742,0.13179943210688191,0.018165245150042465,0.00011026061600145798
2025-08-22/IMG_0010.JPG,Small,Small,0.39516364313187646,0.5721988701338494,0.03229847419386819,0.00033901254040555627
2025-08-22/IMG_0011.JPG,Very Small,Very Small,0.5083237914355142,0.4148498402296981,0.0758197060683036,0.001006662266484428
2025-08-22/IMG_0012.JPG,Very Small,Very Small,0.5491226434960168,0.33936779794498323,0.10364678939450413,0.007862769164496212
2025-08-22/IMG_0013.JPG,Very Small,Very Small,0.5629223772404875,0.3133321629334468,0.11275343705574964,0.010992022770316315
2025-08-22/IMG_0017.JPG,Small,Small,0.26902584413221475,0.6455254193835568,0.0829658901891791,0.002482846295049327
2025-08-22/IMG_0018.JPG,Small,Small,0.2769958927765843,0.693755269641287,0.028823219762267437,0.00042561781986081193
2025-08-22/IMG_0019.JPG,Very Small,Very Small,0.6180611562992867,0.3300903921280425,0.05138461172448286,0.0004638398481882742
2025-08-22/IMG_0020.JPG,Small,Small,0.2430013999540454,0.7120618573058889,0.044711669932243736,0.00022507280782175593
2025-08-22/IMG_0021.JPG,Very Small,Very Small,0.7959755173142615,0.1818315789375494,0.022139140307328782,5.3763440860215054e-05
2025-08-22/IMG_0023.JPG,Very Small,Very Small,0.5644803766712652,0.365402891525232,0.0696925078044095,0.0004242239990933639
2025-08-22/IMG_0024.JPG,Small,Small,0.295507793028491,0.6614987994162556,0.0427509524982785,0.00024245505697482786
2025-08-22/IMG_0025.JPG,Small,Small,0.41238316553136994,0.5628252016514652,0.024714059852495012,7.757296466973886e-05
2025-08-22/IMG_0027.JPG,Small,Small,0.17759386983747635,0.6369919666553532,0.12240333914834499,0.06301082435882514
2025-08-22/IMG_0030.JPG,Medium,Small,0.30290256373744484,0.451818885776498,0.2371736131856766,0.00810493730038078
2025-08-22/IMG_0031.JPG,Small,Small,0.29577333730335825,0.6827576966476092,0.02111831704354396,0.00035064900548861637
2025-08-22/IMG_0033.JPG,Small,Small,0.3298109889106871,0.6138985549688657,0.05585751079697264,0.0004329453234743662
2025-08-22/IMG_0035.JPG,Very Small,Very Small,0.5073034313378433,0.43396437365945206,0.05810479848636125,0.0006273965163434292
2025-08-22/IMG_0036.JPG,Small,Small,0.17524398792718712,0.7981457248689178,0.026173063792618054,0.00043722341127670723
2025-08-22/IMG_0037.JPG,Medium,Small,0.1793211621294971,0.42694256414573734,0.3928177748102986,0.0009184989144670516
2025-08-22/IMG_0038.JPG,Small,Small,0.19375463390757092,0.7200402027838375,0.08239999150941428,0.0038051717991773766
2025-08-22/IMG_0041.JPG,Small,Small,0.21459381313082324,0.7412985115270119,0.04368915862355943,0.0004185167186051881
2025-08-22/IMG_0042.JPG,Medium,Small,0.19296281269800408,0.4232399525114712,0.38338451045906796,0.0004127243314568688
2025-08-22/IMG_0043.JPG,Small,Small,0.36484172667838366,0.607539071668298,0.027263482903356156,0.000355718749961742
2025-08-22/IMG_0044.JPG,Very Small,Very Small,0.7780844225097965,0.21018216752125848,0.011474099626885864,0.00025931034205929014
2025-08-22/IMG_0046.JPG,Very Small,Very Small,0.7305066667834123,0.23531421500595348,0.03393132845710391,0.00024778975353059556
2025-08-22/IMG_0049.JPG,Small,Small,0.31189582793000986,0.6393757666210068,0.04798904370556575,0.000739361743417356
2025-08-22/IMG_0051.JPG,Very Small,Very Small,0.5976304877763909,0.32589439386806274,0.06595474347857927,0.01052037487696759
2025-08-22/IMG_0052.JPG,Small,Small,0.14339756601139209,0.697878723742304,0.1338827826038454,0.024840927642458505
2025-08-22/IMG_0053.JPG,Small,Small,0.25008001415457864,0.685927441399077,0.050809494430894886,0.01318305001544918
2025-08-22/IMG_0054.JPG,Small,Small,0.1980083791543131,0.7140068060332752,0.08284585870941936,0.0051389561029927255
2025-08-22/IMG_0055.JPG,Medium,Medium,0.1704002784004736,0.3270994655561745,0.46045695197378383,0.042043304069568105
2025-08-22/IMG_0056.JPG,Small,Small,0.22195834496433425,0.7099979014520172,0.06256294923620388,0.005480804347444891
2025-08-22/IMG_0057.JPG,Small,Small,0.17801615853876437,0.7414262318548365,0.0763214087091261,0.004236200897273241
2025-08-22/IMG_0058.JPG,Small,Small,0.2506252079691417,0.6999505251179722,0.04873593235420603,0.000688334558680061
2025-08-22/IMG_0060.JPG,Very Small,Very Small,0.6875984843154992,0.27016926009854225,0.041993371145681274,0.0002388844402774562
2025-08-22/IMG_0061.JPG,Medium,Small,0.312461827698666,0.494367126340258,0.19260717623404044,0.0005638697270354304
2025-08-22/IMG_0062.JPG,Small,Small,0.31995063309656385,0.6322967285140464,0.04728796133637652,0.00046467705301330553
2025-08-22/IMG_0063.JPG,Small,Small,0.259075452596662,0.6728320560242458,0.06739195827771169,0.0007005331013801193
2025-08-22/IMG_0064.JPG,Small,Small,0.18119352927096707,0.7708095775108729,0.04718815969167651,0.0008087335264833903
2025-08-22/IMG_0065.JPG,Small,Small,0.17962257126614833,0.7629101662725766,0.05565547076215887,0.001811791699116289
2025-08-22/IMG_0066.JPG,Small,Small,0.1864368747453414,0.6951675546113449,0.10961149218766274,0.00878407845565065
2025-08-22/IMG_0068.JPG,Small,Small,0.1794330370620726,0.7438618605371002,0.07561745206050183,0.001087650340325668
2025-08-22/IMG_0071.JPG,Very Small,Very Small,0.5837635884150735,0.2763826885060469,0.12687585181215716,0.0129778712667227
2025-08-22/IMG_0072.JPG,Very Small,Very Small,0.613031713882347,0.2518934522777932,0.1156517597790261,0.019423074060833705
2025-08-22/IMG_0073.JPG,Small,Small,0.1795541924124302,0.7709696588661779,0.04889938225923728,0.0005767664621543877
2025-08-22/IMG_0075.JPG,Small,Small,0.28574020638891356,0.6635570405086669,0.048584871031530835,0.0021178820708888913
2025-08-22/IMG_0076.JPG,Very Small,Very Small,0.8332298581247254,0.1509293245242958,0.01542719597680807,0.00041362137417103327
2025-08-22/IMG_0077.JPG,Very Small,Very Small,0.7370998196370083,0.2442533304500573,0.01829096241833639,0.0003558874945980732
2025-08-22/IMG_0078.JPG,Small,Small,0.18473394461537337,0.7392792778075519,0.07460370592537469,0.0013830716517000685
2025-08-22/IMG_0079.JPG,Small,Small,0.12661863371870047,0.6431686421654063,0.13333655054575738,0.09687617357013589
2025-08-22/IMG_0081.JPG,Small,Small,0.22930067214204308,0.7317712557444832,0.03847071324456303,0.0004573588689107678
2025-08-22/IMG_0082.JPG,Small,Small,0.2611095120886568,0.713029783058717,0.025384365059810992,0.000476339792815291
2025-08-22/IMG_0084.JPG,Small,Small,0.15562954450789662,0.7979926469064333,0.04550967385842623,0.0008681347272437858
2025-08-22/IMG_0085.JPG,Very Small,Very Small,0.5463387943196804,0.4122328569008162,0.041026577585940936,0.0004017711935625598
2025-08-22/IMG_0086.JPG,Small,Small,0.3374832500832958,0.6196503253470663,0.04247426856432375,0.0003921560053137271
2025-08-22/IMG_0087.JPG,Small,Small,0.16977500725246553,0.7596600544405147,0.06982418698204998,0.0007407513249696598
2025-08-22/IMG_0089.JPG,Medium,Medium,0.27300274226988963,0.3524905953181487,0.37417517982380055,0.00033148258816116454
2025-08-22/IMG_0090.JPG,Small,Small,0.18978940835287592,0.6821249421674633,0.12288589995092059,0.005199749528739855
2025-08-22/IMG_0091.JPG,Very Small,Very Small,0.4898043680167278,0.47177708230029347,0.03750300498219493,0.0009155447007838202
2025-08-22/IMG_0092.JPG,Small,Small,0.17554942772857582,0.7639959003467213,0.059852322159187246,0.0006023497655154688
2025-08-22/IMG_0094.JPG,Very Small,Very Small,0.7645187081752999,0.2053386692791072,0.02781704360390202,0.0023255789416908425
2025-08-22/IMG_0098.JPG,Very Small,Very Small,0.7957525451455629,0.1854801951076221,0.01854029993710643,0.00022695980970875783
2025-08-22/IMG_0099.JPG,Very Small,Very Small,0.6812773921149261,0.28467489744551816,0.03378332203854838,0.0002643884010073534
2025-08-22/IMG_0100.JPG,Very Small,Very Small,0.7201826263535246,0.22018145046741902,0.05655043357424945,0.003085489604807156
2025-08-22/IMG_0101.JPG,Medium,Very Small,0.40564062302664594,0.2732553404784902,0.31009407504612363,0.011009961448740193
2025-08-22/IMG_0102.JPG,Very Small,Very Small,0.7480261684249954,0.16625666591464566,0.0736007896932418,0.01211637596711763
2025-08-22/IMG_0104.JPG,Small,Small,0.15828358698932735,0.7684826597951545,0.07027088697864911,0.002962866236868913
2025-08-22/IMG_0106.JPG,Small,Small,0.28544005518677024,0.6860712493156313,0.028060354136093767,0.0004283413615052002
2025-08-22/IMG_0107.JPG,Very Small,Very Small,0.7832654744309825,0.2023823070935838,0.014125258665725372,0.00022695980970875783
2025-08-22/IMG_0108.JPG,Very Small,Very Small,0.6106996603908861,0.3396910241640739,0.049128601619398436,0.00048071382564237024
2025-08-22/IMG_0109.JPG,Small,Small,0.2958234818365993,0.665107106723296,0.03848021648985219,0.000589194950252527
2025-08-22/IMG_0110.JPG,Very Small,Very Small,0.6126360147837292,0.3434113981170237,0.04328646907207182,0.0006661180271756039
2025-08-22/IMG_0111.JPG,Very Small,Very Small,0.6172150065670547,0.23523807802559285,0.14107567415712227,0.006471241250230323
2025-08-22/IMG_0113.JPG,Small,Small,0.17451330796906345,0.7662477277142759,0.05823059970435923,0.001008364612301257
2025-08-22/IMG_0116.JPG,Very Small,Very Small,0.6037439832865168,0.35089619278832807,0.04495847517887868,0.0004013487462772908
2025-08-22/IMG_0117.JPG,Very Small,Very Small,0.6305571443060389,0.27880189049442045,0.08251415282568349,0.008126812373857564
2025-08-22/IMG_0118.JPG,Medium,Medium,0.1962327211273759,0.37048860890636276,0.4254272692438351,0.00785140072242626
2025-08-22/IMG_0119.JPG,Very Small,Very Small,0.7196683402325799,0.24011264388873083,0.03986775741427306,0.0003512584644161862
2025-08-22/IMG_0122.JPG,Very Small,Very Small,0.6094179789731983,0.31052352597764726,0.07605031565387835,0.004008179395276168
2025-08-22/IMG_0123.JPG,Small,Small,0.026416904864412557,0.7088755695578492,0.25726109747113346,0.007446428106604974
2025-08-22/IMG_0125.JPG,Very Small,Very Small,0.6826442174858143,0.2954018643403839,0.021538116374013646,0.0004158017997887279
2025-08-22/IMG_0126.JPG,Very Small,Very Small,0.9323255269633408,0.06756336192554807,0.0001111111111111111,0.0
2025-08-22/IMG_0128.JPG,Very Small,Very Small,0.963453732091546,0.034768490130676295,0.0017777777777777776,0.0
2025-08-22/IMG_0129.JPG,Very Small,Very Small,0.8845298337676475,0.11035905512124124,0.0051111111111111105,0.0
2025-08-22/IMG_0132.JPG,Small,Small,0.30925603388953254,0.6602107564582473,0.030318807215595628,0.00021440243662465886
2025-08-22/IMG_0133.JPG,Small,Small,0.08981827672989695,0.8057631541452585,0.0899998468676325,0.014418722257212047
2025-08-22/IMG_0134.JPG,Medium,Medium,0.00788378658190116,0.15655392070988533,0.7982053184146961,0.03735697429351734
2025-08-22/IMG_0135.JPG,Small,Small,0.14217338239191227,0.7941322412271931,0.061988363430348935,0.0017060129505456698
2025-08-22/IMG_0137.JPG,Very Small,Very Small,0.9717155846923773,0.021906395983951207,0.006378019323671498,0.0
2025-08-22/IMG_0138.JPG,Very Small,Very Small,0.9759489250474626,0.020117500073310472,0.003933574879227053,0.0
2025-08-22/IMG_0139.JPG,Very Small,Very Small,0.8660202012663869,0.12161225066280448,0.012063402044440463,0.0003041460263682486
2025-08-22/IMG_0140.JPG,Very Small,Very Small,0.9214769616012406,0.07457098925744705,0.003952049141312357,0.0
2025-08-22/IMG_0141.JPG,Very Small,Very Small,0.9464462847808517,0.046667538681355716,0.0064363695879858735,0.00044980694980694975
2025-08-22/IMG_0143.JPG,Very Small,Very Small,0.9194175215629438,0.07803287526245273,0.0025496031746031745,0.0
2025-08-22/IMG_0144.JPG,Very Small,Very Small,0.8269094150580559,0.14352207776740564,0.029568507174538558,0.0
2025-08-22/IMG_0146.JPG,Small,Small,0.05280258988706491,0.7234555937176573,0.20903015298455904,0.014711663410718879
2025-08-22/IMG_0147.JPG,Medium,Medium,0.02048853784871462,0.19436708265719785,0.7365692000793401,0.048575179414747295
2025-08-22/IMG_0149.JPG,Medium,Medium,0.044631433399370285,0.43835203406570583,0.5119916596562423,0.005024872878682016
2025-08-22/IMG_0150.JPG,Small,Small,0.07270795683060789,0.8789877344351129,0.04768958898244368,0.0006147197518355911
2025-08-22/IMG_0153.JPG,Medium,Medium,0.022107377179015352,0.2471143922442623,0.7281461869366483,0.002632043640073723
2025-08-22/IMG_0157.JPG,Medium,Medium,0.01057217805296877,0.07488481508646412,0.8514075887152809,0.06313541814528584
2025-08-22/IMG_0158.JPG,Very Small,Very Small,0.9336805555555556,0.06576388888888889,0.0005555555555555556,0.0
2025-08-22/IMG_0159.JPG,Very Small,Very Small,0.8256702535731153,0.15738013646508142,0.013501807764001162,0.003447802197802198
2025-08-22/IMG_0162.JPG,Very Small,Very Small,0.6531161004184801,0.3415445338024211,0.005339365779098909,0.0
2025-08-22/IMG_0164.JPG,Very Small,Very Small,0.900230563531575,0.0888581006426472,0.008866290780732568,0.002045045045045045
2025-08-22/IMG_0165.JPG,Very Small,Very Small,0.7217773740380229,0.23641921095675064,0.04100293198252145,0.0008004830227052449
2025-08-22/IMG_0168.JPG,Medium,Medium,0.020563843015439114,0.23270200083529738,0.7223479006150653,0.024386255534198178
2025-08-22/IMG_0170.JPG,Large,Medium,0.013388463763038426,0.10012491117633963,0.5099423987730177,0.3765442262876043
2025-08-22/IMG_0171.JPG,Medium,Medium,0.0168347489282058,0.11623164211136684,0.8196900774855101,0.04724353147491709
2025-08-22/IMG_0173.JPG,Very Small,Very Small,0.928144435510289,0.06986040093466377,0.0019951635550470646,0.0
2025-08-22/IMG_0174.JPG,Small,Small,0.16931886208587288,0.7851853583589877,0.04313086284935628,0.0023649167057829957
2025-08-22/IMG_0175.JPG,Very Small,Very Small,0.9337619047619046,0.05944444444444445,0.0067936507936507936,0.0
2025-08-22/IMG_0178.JPG,Very Small,Very Small,0.9440805340223943,0.05027562446167097,0.00564384151593454,0.0
2025-08-22/IMG_0179.JPG,Very Small,Very Small,0.9754444444444444,0.022333333333333334,0.0022222222222222222,0.0
2025-08-22/IMG_0180.JPG,Small,Small,0.2018989031802856,0.7750207675817129,0.023013662571334706,6.666666666666667e-05
2025-08-22/IMG_0181.JPG,Small,Small,0.05795890412351002,0.8995206215789701,0.042449552311703866,7.092198581560284e-05
2025-08-22/IMG_0182.JPG,Very Small,Very Small,0.611234766719572,0.3391854842523853,0.04910355855185241,0.0004761904761904762
2025-08-22/IMG_0183.JPG,Small,Small,0.02329800839331824,0.8558734260424814,0.09662667331367913,0.024201892250521433
2025-08-22/IMG_0185.JPG,Medium,Medium,0.020642806899833062,0.2744343402235945,0.6845874303349568,0.020335422541615605
2025-08-22/IMG_0186.JPG,Medium,Medium,0.011128446169654598,0.2149954390367193,0.7492709842621161,0.024605130531509766
2025-08-22/IMG_0188.JPG,Small,Small,0.22933915414362266,0.7518579634482604,0.01880288240811676,0.0
2025-08-22/IMG_0189.JPG,Small,Small,0.0332948115464436,0.9279325547616818,0.037105967025207715,0.0016666666666666668
2025-08-22/IMG_0190.JPG,Small,Small,0.10222275775107059,0.8508371841915789,0.0469400580573504,0.0
2025-08-22/IMG_0191.JPG,Small,Small,0.01319259835731919,0.6479386079743061,0.32030435334798035,0.01856444032039444
2025-08-22/IMG_0192.JPG,Small,Small,0.017742095150841655,0.7773050970239843,0.19906797950431487,0.005884828320858938
2025-08-22/IMG_0193.JPG,Small,Small,0.08241024099752826,0.8509481475955416,0.06225289742970749,0.004388713977222832
2025-08-22/IMG_0194.JPG,Small,Small,0.44118661186262614,0.5531014959698476,0.005666847122481202,4.5045045045045046e-05
2025-08-22/IMG_0196.JPG,Small,Small,0.2917525573251303,0.6800477747325858,0.028199667942283853,0.0
2025-08-22/IMG_0197.JPG,Small,Small,0.04678555395167749,0.7813061050247995,0.16507016497784108,0.0068381760456818225
2025-08-22/IMG_0199.JPG,Small,Small,0.021876371785159554,0.9452689967110284,0.03285463150381158,0.0
2025-08-22/IMG_0200.JPG,Small,Small,0.05826790521978776,0.8841647146058877,0.05479170323688281,0.0027756769374416433
2025-08-22/IMG_0201.JPG,Small,Small,0.052838676884785656,0.9134417445259927,0.03334434644529421,0.0003752321439269305
2025-08-22/IMG_0202.JPG,Small,Small,0.034985674925880936,0.8664857042113709,0.0797890538334845,0.01873956702926373
2025-08-22/IMG_0203.JPG,Medium,Medium,0.02774258905550115,0.2537308570307113,0.6841966601777137,0.03432989373607322
2025-08-22/IMG_0204.JPG,Small,Small,0.2186981516560481,0.6882121725410825,0.07672219840101373,0.016367477401855783
2025-08-22/IMG_0206.JPG,Medium,Medium,0.1700960938998106,0.2435267527942123,0.5616559209504118,0.024721232355565215
2025-08-22/IMG_0208.JPG,Small,Small,0.16041015833124433,0.7350715946664153,0.09783567293171264,0.006682574070627644
2025-08-22/IMG_0209.JPG,Very Small,Very Small,0.7412929859205039,0.19745251627404703,0.05697617536536191,0.004278322440087146
2025-08-22/IMG_0213.JPG,Very Small,Very Small,0.9053368966323194,0.08800238908196653,0.0066607142857142854,0.0
2025-08-22/IMG_0214.JPG,Medium,Medium,0.10896338940055342,0.23792672878427415,0.5725877458998158,0.08052213591535665
2025-08-22/IMG_0215.JPG,Very Small,Very Small,0.8760698799534106,0.10281980426064079,0.015943649119282033,0.005166666666666667
2025-08-22/IMG_0217.JPG,Small,Small,0.1230870098515923,0.7254190033275288,0.1367519655437911,0.01474202127708771
2025-08-22/IMG_0218.JPG,Small,Small,0.225409974047738,0.6418303110591161,0.11719351569343404,0.015566199199711746
2025-08-22/IMG_0219.JPG,Small,Small,0.06512246258692102,0.7691745490518355,0.126488945111865,0.03921404324937866
2025-08-22/IMG_0221.JPG,Very Small,Very Small,0.9891666666666666,0.010833333333333334,0.0,0.0
2025-08-22/IMG_0222.JPG,Very Small,Very Small,0.9833333333333333,0.016666666666666666,0.0,0.0
2025-08-22/IMG_0223.JPG,Small,Small,0.04521509015769358,0.856649664820255,0.09802317077286103,0.00011207424919008844
2025-08-22/IMG_0224.JPG,Small,Small,0.05160408090253567,0.8273356984432607,0.11587503546901819,0.005185185185185185
2025-08-22/IMG_0226.JPG,Small,Small,0.016653088058648312,0.9534959044964156,0.029784340778268834,6.666666666666667e-05
2025-08-22/IMG_0227.JPG,Small,Small,0.09182121780327501,0.8670251363790078,0.03944582688767589,0.0017078189300411524
2025-08-22/IMG_0228.JPG,Small,Small,0.02581868680332706,0.7652464564885246,0.20721095375346,0.0017239029546881974
2025-08-22/IMG_0229.JPG,Small,Small,0.06049080916274594,0.9022601113830507,0.024720360056839703,0.012528719397363464
2025-08-22/IMG_0231.JPG,Small,Small,0.1102571234332949,0.8088857779122048,0.06167191346931523,0.019185185185185187
2025-08-22/IMG_0233.JPG,Small,Small,0.1441696016683838,0.8335499049563194,0.018656007778588883,0.0036244855967078188
2025-08-22/IMG_0234.JPG,Very Small,Very Small,0.9715555555555555,0.028444444444444442,0.0,0.0
2025-08-22/IMG_0235.JPG,Very Small,Very Small,0.5075157463234445,0.4572710582195405,0.03454652879034827,0.0006666666666666668
2025-08-22/IMG_0236.JPG,Very Small,Very Small,0.8058139664284192,0.16911186994880142,0.015299282238579383,0.00977488138420038
2025-08-22/IMG_0237.JPG,Very Small,Very Small,0.563896858515832,0.3814882947419304,0.048908138779097346,0.005706707963140538
2025-08-22/IMG_0238.JPG,Very Small,Very Small,0.995,0.005,0.0,0.0
2025-08-22/IMG_0242.JPG,Very Small,Very Small,0.9923333333333333,0.007666666666666666,0.0,0.0
2025-08-22/IMG_0243.JPG,Very Small,Very Small,0.9902407407407406,0.009759259259259261,0.0,0.0
2025-08-22/IMG_0244.JPG,Small,Medium,0.008624737481659334,0.4592128417324319,0.5145722386786523,0.01759018210725623
2025-08-22/IMG_0245.JPG,Small,Small,0.024483877669590263,0.8810593710394503,0.04237674984231376,0.05208000144864551
2025-08-22/IMG_0246.JPG,Small,Small,0.0707026918432912,0.8126391279415244,0.0999052431737741,0.01675293704141033
2025-08-22/IMG_0247.JPG,Small,Small,0.023056798018868847,0.8740650609443731,0.09964408373800268,0.0032340572987551394
2025-08-22/IMG_0248.JPG,Very Small,Very Small,0.9864999999999999,0.0135,0.0,0.0
2025-08-22/IMG_0249.JPG,Very Small,Very Small,0.9802607709750566,0.018560090702947844,0.001179138321995465,0.0
2025-08-22/IMG_0250.JPG,Very Small,Very Small,0.8888176406926406,0.08029942279942279,0.028410714285714286,0.0024722222222222224
2025-08-22/IMG_0251.JPG,Very Small,Very Small,0.9683333333333334,0.03166666666666667,0.0,0.0
2025-08-22/IMG_0252.JPG,Small,Small,0.30175886089795967,0.6511423749581897,0.047057611880476066,4.115226337448559e-05
2025-08-22/IMG_0254.JPG,Small,Small,0.08352398918677323,0.8900860140508089,0.026277922513227907,0.00011207424919008844
2025-08-22/IMG_0255.JPG,Very Small,Very Small,0.9329571482689024,0.06188237972890282,0.005160472002194888,0.0
2025-08-22/IMG_0256.JPG,Medium,Medium,0.007749067930130115,0.07078890033367745,0.907910945304554,0.01355108643163834
2025-08-22/IMG_0257.JPG,Medium,Medium,0.007518302384393824,0.27987989225044935,0.6995160747864843,0.013085730578672098
2025-08-22/IMG_0258.JPG,Medium,Medium,0.00346925727980303,0.06595125560279048,0.8807276847836497,0.049851802333756495
2025-08-22/IMG_0259.JPG,Very Small,Very Small,0.9421111111111111,0.05788888888888889,0.0,0.0
2025-08-22/IMG_0261.JPG,Medium,Medium,0.005811624619717807,0.0708725630730347,0.9065524507536105,0.016763361553636745
2025-08-22/IMG_0262.JPG,Small,Small,0.028539373076506294,0.9514725115354916,0.019921448721334795,6.666666666666667e-05
2025-08-22/IMG_0263.JPG,Small,Small,0.02731751571323984,0.9571008169502826,0.01551500066981032,6.666666666666667e-05
2025-08-22/IMG_0264.JPG,Small,Small,0.31838985474463577,0.6669271251578851,0.011349686764145533,0.0033333333333333335
2025-08-22/IMG_0265.JPG,Medium,Medium,0.018052464373733566,0.3248044433624694,0.6548222665458304,0.0023208257179664136
2025-08-22/IMG_0266.JPG,Very Small,Very Small,0.9404999999999999,0.05783333333333334,0.0016666666666666668,0.0
2025-08-22/IMG_0267.JPG,Medium,Small,0.04617449824381324,0.531268293690129,0.41728603239505957,0.005271175670998458
2025-08-22/IMG_0268.JPG,Very Small,Very Small,0.6255743636914621,0.31612063208562263,0.05445012139006993,0.003854882832845897
2025-08-22/IMG_0269.JPG,Very Small,Very Small,0.6599647039552989,0.28511709236696164,0.052251099452485794,0.002667104225253631
2025-08-22/IMG_0270.JPG,Small,Small,0.2434394122757131,0.7235289902557942,0.032990445205117805,4.115226337448559e-05
2025-08-22/IMG_0271.JPG,Small,Small,0.03202783893561018,0.9112185783187321,0.056086916078990565,0.0006666666666666668
2025-08-22/IMG_0272.JPG,Small,Small,0.03211417524729505,0.9105221993333047,0.056696958752733055,0.0006666666666666668
2025-08-22/IMG_0274.JPG,Small,Small,0.05801711245679863,0.864614318966037,0.0773019019104976,6.666666666666667e-05
2025-08-22/IMG_0276.JPG,Small,Small,0.061312146246116764,0.8585014338726668,0.08011975321454963,6.666666666666667e-05
2025-08-22/IMG_0278.JPG,Small,Small,0.031287196105273606,0.9393511891356054,0.029361614759120337,0.0
2025-08-22/IMG_0279.JPG,Medium,Medium,0.01995727365916753,0.2529916584101287,0.7052799679465447,0.021771099984158986
2025-08-22/IMG_0280.JPG,Medium,Medium,0.012516101050456476,0.1764255392111248,0.7967930790137784,0.014265280724640386
2025-08-22/IMG_0281.JPG,Medium,Medium,0.004537499095965419,0.05190000885418965,0.9289362799425017,0.01462621210734306
2025-08-22/IMG_0283.JPG,Very Small,Very Small,0.9824829931972789,0.017448979591836736,6.802721088435374e-05,0.0
2025-08-22/IMG_0286.JPG,Very Small,Very Small,0.8778069382694276,0.1072323169386813,0.014869403450550177,9.134134134134135e-05
2025-08-22/IMG_0289.JPG,Small,Small,0.4539202701675066,0.5207690335488997,0.02502389299679077,0.0002868032868032868
2025-08-22/IMG_0290.JPG,Medium,Medium,0.09692759068022355,0.28384325432391466,0.5524789062350425,0.06675024876081953
2025-08-22/IMG_0291.JPG,Small,Small,0.07177091420575742,0.7691258786421139,0.15032534206309392,0.008777865089034885
2025-08-22/IMG_0292.JPG,Medium,Medium,0.09366709903913308,0.3554238988249011,0.5263944568414193,0.02451454529454655
2025-08-22/IMG_0293.JPG,Small,Small,0.18230042637971855,0.773248970067029,0.04085735745424613,0.003593246099006006
2025-08-22/IMG_0297.JPG,Small,Small,0.11534623545480391,0.7085735405103296,0.17033218240477244,0.005748041630094278
2025-08-22/IMG_0298.JPG,Very Small,Very Small,0.7710213081913676,0.20323650026731743,0.0237835064639862,0.001958685077329145
2025-08-22/IMG_0299.JPG,Very Small,Very Small,0.6073842376896419,0.3447795294968067,0.04573972449098239,0.00209650832256927
2025-08-22/IMG_0300.JPG,Small,Small,0.29965616000765655,0.6652783765964012,0.03210028476323935,0.0029651786327032454
2025-08-22/IMG_9733.JPG,Small,Small,0.08242050053133111,0.8229215420582624,0.09265841340596048,0.0019995440044459655
2025-08-22/IMG_9735.JPG,Very Small,Very Small,0.4920191263793274,0.4238323688971942,0.08355235087732477,0.0005961538461538462
2025-08-22/IMG_9736.JPG,Medium,Medium,0.07352196875340229,0.13139535564714602,0.777600261894428,0.01748241370502354
2025-08-22/IMG_9738.JPG,Medium,Medium,0.11972399890011623,0.3569832781382574,0.5193432117848834,0.0039495111767431845
2025-08-22/IMG_9739.JPG,Small,Small,0.09729436838155633,0.8090633275152731,0.09341213427300099,0.00023016983016983016
2025-08-22/IMG_9740.JPG,Very Small,Very Small,0.6509271923004158,0.29168805231664136,0.055406676322114476,0.001978079060828009
2025-08-22/IMG_9741.JPG,Small,Small,0.09502328533219323,0.7032531234491731,0.19452833050081908,0.007195260717815225
2025-08-22/IMG_9742.JPG,Small,Small,0.15142664596939537,0.7241555728882235,0.12294499154523966,0.0014727895971412735
2025-08-22/IMG_9743.JPG,Medium,Medium,0.053115503972141105,0.20642368692254104,0.727612520580434,0.012848288524883468
2025-08-22/IMG_9744.JPG,Small,Small,0.19906592589229397,0.7590953927806019,0.041838681327103965,0.0
2025-08-22/IMG_9746.JPG,Medium,Medium,0.06498534075099671,0.23715905910967477,0.6775301066428373,0.02032549349649112
2025-08-22/IMG_9747.JPG,Very Small,Very Small,0.7223414143193081,0.2332136525709498,0.03353102980874218,0.010913903301000076
2025-08-22/IMG_9748.JPG,Very Small,Very Small,0.9544850311203693,0.04374268101711712,0.0017722878625134263,0.0
2025-08-22/IMG_9749.JPG,Very Small,Very Small,0.9922222222222223,0.007777777777777777,0.0,0.0
2025-08-22/IMG_9750.JPG,Medium,Medium,0.008938849259793305,0.0621385822123303,0.9158284477349362,0.013094120792939944
2025-08-22/IMG_9751.JPG,Medium,Medium,0.03484558916401794,0.07289802902248127,0.688087359216896,0.20416902259660472
2025-08-22/IMG_9752.JPG,Medium,Medium,0.003133880841667558,0.041972381158750016,0.9463107339567189,0.008583004042863001
2025-08-22/IMG_9753.JPG,Medium,Medium,0.018800716687582125,0.16634313325475159,0.8125561747397753,0.0022999753178905707
2025-08-22/IMG_9754.JPG,Very Small,Very Small,0.9836111111111112,0.014166666666666666,0.0022222222222222222,0.0
2025-08-22/IMG_9755.JPG,Small,Small,0.058808010691719266,0.7901764847716625,0.14557420131912183,0.005441303217496389
2025-08-22/IMG_9757.JPG,Small,Small,0.020296787181009277,0.9400519459181487,0.03965126690084127,0.0
2025-08-22/IMG_9759.JPG,Medium,Medium,0.004451032737570438,0.11658113945349564,0.8651731247180955,0.013794703090837903
2025-08-22/IMG_9760.JPG,Small,Small,0.02083620037977304,0.7291012489526542,0.24738627676363445,0.0026762739039380744
2025-08-22/IMG_9762.JPG,Very Small,Very Small,0.600269406780439,0.3649037096364472,0.034740303496533606,8.658008658008658e-05
2025-08-22/IMG_9764.JPG,Medium,Medium,0.05641940122752957,0.36147351047976767,0.5816265532217272,0.00048053507097506597
2025-08-22/IMG_9766.JPG,Large,Large,0.02302062455999837,0.05010436726323891,0.4450261550782371,0.48184885309852565
2025-08-22/IMG_9767.JPG,Small,Small,0.16445841336149808,0.8149967830626704,0.020544803575831543,0.0
2025-08-22/IMG_9768.JPG,Small,Small,0.015200349535152367,0.9268778097334388,0.057736655546223356,0.00018518518518518518
2025-08-22/IMG_9769.JPG,Medium,Small,0.07012361394854363,0.6977046973932635,0.23190419894625872,0.00026748971193415636
2025-08-22/IMG_9770.JPG,Medium,Medium,0.007686004584088552,0.12233805436375204,0.8609408583579776,0.009035082694181493
2025-08-22/IMG_9772.JPG,Medium,Medium,0.026987559264160375,0.2717584891941647,0.6998930884822071,0.0013608630594676321
2025-08-22/IMG_9773.JPG,Medium,Medium,0.012789405860661325,0.18662736145048753,0.7977400912083972,0.002843141480453699
2025-08-22/IMG_9774.JPG,Medium,Medium,0.004826070950970704,0.06710710429454975,0.9236030501464135,0.0044637746080657455
2025-08-22/IMG_9775.JPG,Very Small,Very Small,0.9403883619914154,0.05762472048731591,0.001986917521268666,0.0
2025-08-22/IMG_9776.JPG,Small,Small,0.024420036375264596,0.9536460172839778,0.021933946340757106,0.0
2025-08-22/IMG_9777.JPG,Medium,Medium,0.007008077247183878,0.03913848765315131,0.9403719369039053,0.0134814981957592
2025-08-22/IMG_9778.JPG,Small,Small,0.2585817547630577,0.6742721253163345,0.06705953983402761,8.658008658008658e-05
2025-08-22/IMG_9779.JPG,Very Small,Very Small,1.0,0.0,0.0,0.0
2025-08-22/IMG_9780.JPG,Very Small,Very Small,0.7534638919105663,0.22828974983299227,0.018179691589774696,6.666666666666667e-05
2025-08-22/IMG_9782.JPG,Very Small,Very Small,0.8117339557592852,0.15587812917160085,0.030483153164352163,0.0019047619047619048
2025-08-22/IMG_9783.JPG,Medium,Medium,0.019312598994468997,0.4528761370249275,0.5243557573220047,0.0034555066585987408
2025-08-22/IMG_9784.JPG,Medium,Medium,0.04907459137354414,0.26018624320745415,0.6897810940088285,0.0009580714101730081
2025-08-22/IMG_9785.JPG,Small,Small,0.024122365205569207,0.9409350343193907,0.034173369705808705,0.0007692307692307692
2025-08-22/IMG_9786.JPG,Medium,Medium,0.00898668971103415,0.17819347283193487,0.8100228980637583,0.0027969393932723127
2025-08-22/IMG_9787.JPG,Very Small,Very Small,0.9983333333333333,0.0016666666666666668,0.0,0.0
2025-08-22/IMG_9788.JPG,Very Small,Very Small,0.8444413359866034,0.14566646204288114,0.009892201970515527,0.0
2025-08-22/IMG_9791.JPG,Small,Small,0.028434132983375566,0.9428183858938642,0.027978250353529237,0.0007692307692307692
2025-08-22/IMG_9792.JPG,Very Small,Very Small,0.9888888888888888,0.01111111111111111,0.0,0.0
2025-08-22/IMG_9793.JPG,Small,Medium,0.03746111308566325,0.4515601535196607,0.49375566668454524,0.017223066710130863
2025-08-22/IMG_9795.JPG,Small,Small,0.014035955564069502,0.9717572434907599,0.014206800945170158,0.0
2025-08-22/IMG_9797.JPG,Small,Small,0.04808409104565585,0.8929657349647177,0.058862454691380545,8.771929824561403e-05
2025-08-22/IMG_9798.JPG,Medium,Medium,0.002127556779803101,0.02812480596227563,0.9634901244796835,0.006257512778237253
2025-08-22/IMG_9799.JPG,Small,Small,0.2327622410518342,0.7428031813614634,0.02443457758670245,0.0
2025-08-22/IMG_9802.JPG,Small,Small,0.025112399176816118,0.9333020375864292,0.04072975238094319,0.0008558108558108559
2025-08-22/IMG_9803.JPG,Medium,Medium,0.004416083961503413,0.05066318131273063,0.93531361776716,0.009607116958605433
2025-08-22/IMG_9804.JPG,Very Small,Very Small,0.955738095238095,0.042261904761904764,0.002,0.0
2025-08-22/IMG_9805.JPG,Medium,Medium,0.005531893524927781,0.09342546550920595,0.8844359919801934,0.01660664898567254
2025-08-22/IMG_9807.JPG,Very Small,Small,0.4329616663377489,0.5240723897728301,0.04090245182592892,0.0020634920634920637
2025-08-22/IMG_9810.JPG,Large,Large,0.05033849959365609,0.1074214138703352,0.2113425748864424,0.6308975116495666
2025-08-22/IMG_9811.JPG,Medium,Medium,0.0027782815556799934,0.040013350107551304,0.9484968449605465,0.008711523376221886
2025-08-22/IMG_9812.JPG,Large,Medium,0.01939283501436334,0.06832023797621108,0.5567695811042745,0.35551734590515127
2025-08-22/IMG_9813.JPG,Medium,Medium,0.0026707449759815105,0.0577315449715864,0.9119484744535208,0.027649235598910943
2025-08-22/IMG_9815.JPG,Large,Large,0.01802160457406995,0.03407507410734323,0.04966699588159996,0.898236325436987
2025-08-22/IMG_9816.JPG,Very Small,Very Small,0.8943333333333334,0.10566666666666666,0.0,0.0
2025-08-22/IMG_9817.JPG,Very Small,Small,0.39392031367641134,0.5442711150635952,0.05949862973952558,0.002309941520467836
2025-08-22/IMG_9818.JPG,Medium,Medium,0.003402678859435,0.05622998223495929,0.8960442503701502,0.04432308853545516
2025-08-22/IMG_9820.JPG,Medium,Medium,0.017084800100801142,0.1471075951772151,0.751288007440226,0.0845195972817579
2025-08-22/IMG_9822.JPG,Large,Large,0.06152257777851999,0.12316188271725859,0.0903932635096359,0.7249222759945856
2025-08-22/IMG_9823.JPG,Large,Large,0.020933056463798793,0.07772970975543758,0.10736246033008638,0.7939747734506774
2025-08-22/IMG_9827.JPG,Large,Large,0.00542178024180842,0.018907044940727945,0.03740590222354261,0.9382652725939211
2025-08-22/IMG_9832.JPG,Large,Large,0.010567955694663324,0.02135823642622969,0.05182466032940115,0.916249147549706
2025-08-22/IMG_9833.JPG,Small,Small,0.05996440556961609,0.8942283857784084,0.04562202346679022,0.00018518518518518518
2025-08-22/IMG_9834.JPG,Medium,Medium,0.003193983713310116,0.05797308693315114,0.9172877037898705,0.021545225563668297
2025-08-22/IMG_9835.JPG,Medium,Medium,0.0023705630966850766,0.03487675098723976,0.9466528338097386,0.016099852106336396
2025-08-22/IMG_9837.JPG,Medium,Medium,0.008589703180849737,0.20478309221116003,0.7818092792597566,0.00481792534823332
2025-08-22/IMG_9839.JPG,Medium,Medium,0.008105760643848364,0.04296989484372948,0.9111670329069532,0.03775731160546836
2025-08-22/IMG_9840.JPG,Medium,Medium,0.0020921307112942117,0.06029956863082609,0.8986256666718057,0.03898263398607365
2025-08-22/IMG_9842.JPG,Medium,Medium,0.014361725499786395,0.03530310856749104,0.7576442914744972,0.19269087445822505
2025-08-22/IMG_9843.JPG,Large,Large,0.028305433213766,0.10172455067944744,0.16586844592422534,0.7041015701825613
2025-08-22/IMG_9844.JPG,Large,Large,0.09529502426961663,0.17198715730528902,0.09515483683832446,0.63756298158677
2025-08-22/IMG_9845.JPG,Large,Large,0.020733448336713214,0.10907572859040378,0.06112603008892272,0.8090647929839602
2025-08-22/IMG_9846.JPG,Large,Large,0.01914396595860865,0.0690839486808098,0.020947224549969872,0.8908248608106117
2025-08-22/IMG_9847.JPG,Large,Large,0.018988305519169513,0.03537437335617859,0.03745055480140249,0.9081867663232495
2025-08-22/IMG_9848.JPG,Medium,Medium,0.015454189425433494,0.21116788974133813,0.7089996193789276,0.06437830145430044
2025-08-22/IMG_9849.JPG,Medium,Medium,0.01271032484484534,0.05076723307248631,0.8017385044431214,0.1347839376395469
2025-08-22/IMG_9851.JPG,Very Small,Very Small,0.8618143274853802,0.12874122807017543,0.009444444444444443,0.0
2025-08-22/IMG_9853.JPG,Medium,Medium,0.00733307605750392,0.050152963479199425,0.9191415299081072,0.023372430555189384
2025-08-22/IMG_9854.JPG,Large,Large,0.014494879276453397,0.044374209066979246,0.07281039749795262,0.8683205141586147
2025-08-22/IMG_9855.JPG,Large,Large,0.019673865118531118,0.08528358471394865,0.10750662505759799,0.7875359251099222
2025-08-22/IMG_9856.JPG,Large,Large,0.008666666666666666,0.07725915941624217,0.12699731081603455,0.7870768631010566
2025-08-22/IMG_9859.JPG,Large,Large,0.012296858290259931,0.055194058910659365,0.1389114090501626,0.7935976737489181
2025-08-22/IMG_9860.JPG,Large,Large,0.02684707704219899,0.03450224304502932,0.05187145744338799,0.8867792224693839
2025-08-22/IMG_9861.JPG,Small,Small,0.04420664446360795,0.9009235258531997,0.05385131116467336,0.0010185185185185186
2025-08-22/IMG_9863.JPG,Small,Small,0.17578368240574943,0.8012722781463901,0.022944039447860283,0.0
2025-08-22/IMG_9864.JPG,Medium,Medium,0.01781812389158057,0.31046675083275543,0.6410132384367084,0.030701886838955864
2025-08-22/IMG_9865.JPG,Very Small,Very Small,0.9750694444444444,0.024930555555555556,0.0,0.0
2025-08-22/IMG_9866.JPG,Small,Small,0.043697122072771946,0.8616029635995676,0.0775425069202532,0.017157407407407406
2025-08-22/IMG_9870.JPG,Large,Large,0.03993879392830921,0.08701918490179711,0.14352163675965052,0.7295203844102432
2025-08-22/IMG_9871.JPG,Large,Large,0.03992575431604629,0.11879832999116961,0.2992031606246363,0.542072755068148
2025-08-22/IMG_9872.JPG,Large,Large,0.006353296350077261,0.06643328017530686,0.08008851059752375,0.8471249128770922
2025-08-22/IMG_9875.JPG,Small,Small,0.10931002278667108,0.8099478932726107,0.07889023208886628,0.001851851851851852
2025-08-22/IMG_9878.JPG,Very Small,Very Small,0.6125279230384173,0.3451098133957007,0.04236226356588213,0.0
2025-08-22/IMG_9881.JPG,Very Small,Very Small,0.6147412906784211,0.35889171483863946,0.026366994482939745,0.0
2025-08-22/IMG_9882.JPG,Small,Small,0.32216739225207813,0.6683118343643841,0.009520773383537746,0.0
2025-08-22/IMG_9885.JPG,Medium,Medium,0.010138022690145064,0.07433021005131496,0.8871039484812356,0.02842781877730412
2025-08-22/IMG_9886.JPG,Small,Small,0.027332992953091495,0.5185452538933517,0.4473763317872342,0.006745421366322625
2025-08-22/IMG_9887.JPG,Medium,Medium,0.008749666891390707,0.11796434980103697,0.857742613132975,0.015543370174596989
2025-08-22/IMG_9889.JPG,Small,Small,0.05097938619474953,0.7362343154680183,0.20734137405680006,0.005444924280432334
2025-08-22/IMG_9890.JPG,Small,Small,0.19099832360207208,0.740609914802334,0.0643178679356371,0.004073893659956842
2025-08-22/IMG_9891.JPG,Small,Small,0.04045387376816933,0.8868190018098219,0.07206045775534207,0.0006666666666666668
2025-08-22/IMG_9892.JPG,Small,Small,0.05062083805254133,0.9185689985995386,0.030810163347919625,0.0
2025-08-22/IMG_9893.JPG,Small,Small,0.05518835561934363,0.9100490778578476,0.034762566522808624,0.0
2025-08-22/IMG_9894.JPG,Small,Small,0.04070880106478291,0.8989137658649086,0.060377433070308406,0.0
2025-08-22/IMG_9895.JPG,Small,Small,0.0484306467123239,0.8005230877010634,0.15101623555658283,3.003003003003003e-05
2025-08-22/IMG_9897.JPG,Small,Small,0.025109829017465127,0.9485956467556391,0.026294524226895398,0.0
2025-08-22/IMG_9898.JPG,Small,Small,0.466238095238095,0.5287619047619049,0.005,0.0
2025-08-22/IMG_9899.JPG,Small,Small,0.1000832008199594,0.8724092649658138,0.027507534214226807,0.0
2025-08-22/IMG_9903.JPG,Small,Small,0.003364426082859709,0.600662552295803,0.38988567825078735,0.006087343370550032
2025-08-22/IMG_9904.JPG,Small,Small,0.2890326977346912,0.6763235977370741,0.0338498624667998,0.0007938420614345496
2025-08-22/IMG_9905.JPG,Small,Small,0.05393389152430723,0.8846225818592554,0.06067429584720648,0.0007692307692307692
2025-08-22/IMG_9907.JPG,Small,Small,0.04151746448506143,0.8663028403500759,0.09025092023608766,0.0019287749287749286
2025-08-22/IMG_9908.JPG,Small,Small,0.006063517435147991,0.5229055324391503,0.4602918439412165,0.010739106184485467
2025-08-22/IMG_9909.JPG,Small,Small,0.007921466510426746,0.5753544589989594,0.41107224661117686,0.005651827879436939
2025-08-22/IMG_9910.JPG,Very Small,Very Small,0.7553859883802523,0.2297580831758713,0.014009890452274118,0.0008460379916024713
2025-08-22/IMG_9911.JPG,Small,Small,0.1423863817293144,0.7241728802897114,0.12874022326277607,0.004700514718198426
2025-08-22/IMG_9912.JPG,Small,Small,0.16081983058136312,0.723513403513041,0.11271832609005678,0.0029484398155391386
2025-08-22/IMG_9914.JPG,Very Small,Very Small,0.8120545848093992,0.17346773211275968,0.013782230303490918,0.0006954527743505873
2025-08-22/IMG_9916.JPG,Small,Very Small,0.49146298581815195,0.4770300269118553,0.03066475177781058,0.0008422354921819576
2025-08-22/IMG_9917.JPG,Small,Very Small,0.524395217489083,0.45138077901896906,0.023736065849171165,0.0004879376427772536
2025-08-22/IMG_9918.JPG,Very Small,Very Small,0.6332046883748034,0.33160493343635566,0.03436723590187956,0.0008231422869615849
2025-08-22/IMG_9920.JPG,Very Small,Very Small,0.7354586435460935,0.2424066191821043,0.02148433758270513,0.0006503996890974095
2025-08-22/IMG_9921.JPG,Very Small,Very Small,0.52521346545034,0.4169950857189804,0.057252570946873575,0.0005388778838064284
2025-08-22/IMG_9922.JPG,Very Small,Very Small,0.8458128581273591,0.14210473781705601,0.011552415446698772,0.0005299886088864218
2025-08-22/IMG_9923.JPG,Small,Small,0.46432275482857877,0.5043648608530942,0.030400017028990145,0.0009123672893365357
2025-08-22/IMG_9925.JPG,Very Small,Very Small,0.7648361732157187,0.20697946031891493,0.027693442808119258,0.0004909236572472951
2025-08-22/IMG_9927.JPG,Very Small,Very Small,0.7430484055531046,0.18780486030277718,0.06114657006823132,0.008000164075887203
2025-08-22/IMG_9929.JPG,Very Small,Very Small,0.5857735225728294,0.36190466390197723,0.05145963522331429,0.0008621783018796202
2025-08-22/IMG_9930.JPG,Very Small,Very Small,0.6670358510789085,0.31125246753953895,0.021199693714725226,0.0005119876668272775
2025-08-22/IMG_9931.JPG,Very Small,Very Small,0.8881134971424928,0.1026251704021323,0.009008905106808306,0.00025242734856654087
2025-08-22/IMG_9932.JPG,Very Small,Very Small,0.8730427091061784,0.11704937946464078,0.009613798247970708,0.00029411318120995544
2025-08-22/IMG_9936.JPG,Very Small,Very Small,0.6749713949116344,0.29060243771834227,0.033879437987914665,0.0005467293821093261
2025-08-22/IMG_9937.JPG,Small,Small,0.22893387711422378,0.7093941528975211,0.06047636332967099,0.0011956066585839134
2025-08-22/IMG_9938.JPG,Very Small,Very Small,0.6572094618935228,0.31429045080706414,0.02796019014635864,0.0005398971530548748
2025-08-22/IMG_9939.JPG,Small,Small,0.24107186734606656,0.6669628584239178,0.08726587630589694,0.004699397924118246
2025-08-22/IMG_9940.JPG,Small,Small,0.2447953752030788,0.6917901256826199,0.05845875394950357,0.004955745164797836
2025-08-22/IMG_9941.JPG,Small,Small,0.28028175643658904,0.6766486607142346,0.04226510111820535,0.000804481730970559
2025-08-22/IMG_9942.JPG,Small,Small,0.30781092209757793,0.6253088141562995,0.06577608626027028,0.0011041774858522658
2025-08-22/IMG_9944.JPG,Very Small,Very Small,0.6623314147315802,0.30558767311009843,0.031038653636907748,0.001042258521414143
2025-08-22/IMG_9945.JPG,Very Small,Very Small,0.7401263928681963,0.23292895542395645,0.025481738589844694,0.0014629131180026037
2025-08-22/IMG_9946.JPG,Very Small,Very Small,0.6615826897390952,0.30049321182325195,0.03481311946535834,0.0031109789722943582
2025-08-22/IMG_9947.JPG,Very Small,Very Small,0.7331664007007536,0.24104832501782372,0.02520800458819385,0.0005772696932292308
2025-08-22/IMG_9949.JPG,Small,Small,0.2214878368976302,0.6528889443155346,0.11682948517455173,0.008793733612283784
2025-08-22/IMG_9950.JPG,Small,Small,0.20317531039987255,0.6643972113370451,0.11987543070302269,0.012552047560059584
2025-08-22/IMG_9951.JPG,Very Small,Very Small,0.5950895982858163,0.3728090953522623,0.031046636382414353,0.0010546699795077256
2025-08-22/IMG_9952.JPG,Very Small,Very Small,0.7600450287394155,0.22010626132876146,0.01939485867259435,0.0004538512592285045
2025-08-22/IMG_9954.JPG,Very Small,Very Small,0.8190519521410096,0.16548754410690092,0.01487140120354949,0.0005891025485398604
2025-08-22/IMG_9956.JPG,Small,Small,0.45025138862993797,0.5051262816147127,0.04276026702887502,0.001862062726474298
2025-08-22/IMG_9958.JPG,Very Small,Very Small,0.6601901231910569,0.2915832424241455,0.04363145573319821,0.004595178651599585
2025-08-22/IMG_9959.JPG,Very Small,Very Small,0.7948480775874752,0.18381341127222808,0.020964499110083114,0.0003740120302138632
2025-08-22/IMG_9961.JPG,Very Small,Very Small,0.7599289962928188,0.22513164195610794,0.014471342037489678,0.0004680197135841933
2025-08-22/IMG_9962.JPG,Very Small,Very Small,0.65375938084931,0.31774766739653765,0.028235328916519777,0.0002576228376329977
2025-08-22/IMG_9963.JPG,Small,Small,0.4554256646861571,0.5230511729029438,0.02112227062291051,0.00040089178798856227
2025-08-22/IMG_9967.JPG,Very Small,Very Small,0.7571146359183367,0.2254994830713321,0.01707578970024011,0.00031009131009131013
2025-08-22/IMG_9968.JPG,Very Small,Very Small,0.8007088352222103,0.18531667434530522,0.013540974916173329,0.00043351551631121523
2025-08-22/IMG_9971.JPG,Small,Very Small,0.6787361611015919,0.3092414422744219,0.011223068478518537,0.0007993281454673377
2025-08-22/IMG_9972.JPG,Very Small,Very Small,0.7355328374319737,0.24689139817332081,0.01686685359428998,0.0007089108004152132
2025-08-22/IMG_9973.JPG,Very Small,Very Small,0.7985215187697033,0.18671288660094607,0.01428992700811893,0.00047566762123210096
2025-08-22/IMG_9976.JPG,Small,Very Small,0.49671405746516684,0.4798895138390444,0.022735698110220835,0.0006607305855683317
2025-08-22/IMG_9977.JPG,Very Small,Very Small,0.76804160148039,0.21321445762982122,0.01846082102392034,0.00028311986586881396
2025-08-22/IMG_9979.JPG,Very Small,Very Small,0.5740528591774637,0.37646266077661056,0.04554112748284614,0.003943352563079888
2025-08-22/IMG_9981.JPG,Small,Very Small,0.5463224784329759,0.42571869868000856,0.027227632796387766,0.0007311900906274027
2025-08-22/IMG_9982.JPG,Very Small,Very Small,0.7105428890076868,0.26486074147856475,0.024194599902937,0.00040176961081202895
2025-08-22/IMG_9983.JPG,Very Small,Very Small,0.9141340669337374,0.07934760833511466,0.0062931639809590675,0.00022516075018855886
2025-08-22/IMG_9984.JPG,Very Small,Very Small,0.8307220317333739,0.15481626261147738,0.014287729094075602,0.00017397656107333528
2025-08-22/IMG_9985.JPG,Very Small,Very Small,0.8461679021874122,0.14158226286713704,0.01178521059372977,0.00046462435172112587
2025-08-22/IMG_9986.JPG,Very Small,Very Small,0.8879168856092745,0.10501543936322706,0.006900308973035547,0.00016736605446282865
2025-08-22/IMG_9987.JPG,Very Small,Very Small,0.7169798745775523,0.254809350336526,0.027884988139645052,0.00032578694627686644
2025-08-22/IMG_9988.JPG,Small,Small,0.36083027222266195,0.5913134440673662,0.04707354166124846,0.0007827420487232247
2025-08-22/IMG_9990.JPG,Small,Small,0.4911801614518918,0.49286180000110497,0.01563890132464004,0.00031913722236302886
2025-08-22/IMG_9991.JPG,Very Small,Very Small,0.862384470370285,0.12687243109134844,0.010472848685367825,0.0002702498529988011
2025-08-22/IMG_9993.JPG,Very Small,Very Small,0.5101547546366948,0.43533129609126586,0.053066500874307775,0.0014474483977320934
2025-08-22/IMG_9994.JPG,Very Small,Very Small,0.6187273418084184,0.31863805651243904,0.06055294998120459,0.0020816516979383307
2025-08-22/IMG_9996.JPG,Small,Small,0.25843235280248233,0.6806883510240695,0.05936888756509797,0.0015104086083501677
2025-08-22/IMG_9998.JPG,Very Small,Very Small,0.7144777568604272,0.26251844129596713,0.02282740174236791,0.00017640010123784746
2025-08-22/IMG_9999.JPG,Very Small,Very Small,0.5720005757068509,0.3572160519457704,0.06958008387656088,0.0012032884708185027
2025-09-05/IMG_0795.JPG,Small,Small,0.17948185416706533,0.7171526615970033,0.09820658757703483,0.005158896658896659
2025-09-05/IMG_0797.JPG,Small,Small,0.08515831402822416,0.8873319924216084,0.027509693550166983,0.0
2025-09-05/IMG_0798.JPG,Small,Small,0.01806850390179889,0.9476417864187806,0.03428970967942003,0.0
2025-09-05/IMG_0801.JPG,Small,Small,0.07371552639686026,0.8824774708053904,0.04380700279774963,0.0
2025-09-05/IMG_0804.JPG,Medium,Medium,0.0017670825622207967,0.0750656568498559,0.9123060085399575,0.01086125204796578
2025-09-05/IMG_0805.JPG,Medium,Medium,0.007543741829472534,0.09463085831634026,0.8896957101637143,0.008129689690472449
2025-09-05/IMG_0806.JPG,Small,Small,0.22479764871576843,0.6787972992188629,0.09288131273731776,0.0035237393280511016
2025-09-05/IMG_0808.JPG,Very Small,Very Small,0.7338743485373307,0.2254108697815228,0.040628201594566676,8.658008658008658e-05
2025-09-05/IMG_0809.JPG,Very Small,Very Small,0.6147626333454621,0.35002617348401494,0.03521119317052312,0.0
2025-09-05/IMG_0811.JPG,Medium,Medium,0.00495582452414662,0.05644889505281635,0.9249930455826223,0.013602234840414453
2025-09-05/IMG_0812.JPG,Medium,Medium,0.013114235364301079,0.07520916687648348,0.9058396611596706,0.0058369365995446214
2025-09-05/IMG_0813.JPG,Medium,Medium,0.005457995702260989,0.06009082237345028,0.9298716186575962,0.004579563266692155
2025-09-05/IMG_0814.JPG,Small,Small,0.031799770404470504,0.7589488964519697,0.2087462295319204,0.0005051036116392678
2025-09-05/IMG_0818.JPG,Small,Small,0.05048441617073501,0.7244275087675349,0.22308588038938001,0.0020021946723499683
2025-09-05/IMG_0820.JPG,Medium,Small,0.05299800857277534,0.6734512789976295,0.2735507124295952,0.0
2025-09-05/IMG_0821.JPG,Small,Small,0.1077697513299498,0.8116915065508138,0.08053874211923659,0.0
2025-09-05/IMG_0822.JPG,Small,Small,0.13940693951576164,0.7794281513947219,0.08005379797840514,0.0011111111111111111
2025-09-05/IMG_0823.JPG,Very Small,Very Small,0.6349201551060054,0.2872013791494824,0.07621179907784544,0.0016666666666666668
2025-09-05/IMG_0824.JPG,Very Small,Very Small,0.5687310830992237,0.36986614565802606,0.061316191156170124,8.658008658008658e-05
2025-09-05/IMG_0825.JPG,Medium,Medium,0.010900659308547687,0.1292449174696036,0.855080490433125,0.004773932788723452
2025-09-05/IMG_0827.JPG,Medium,Medium,0.00427527280448156,0.042427111084116,0.944907270512406,0.008390345598996086
2025-09-05/IMG_0828.JPG,Small,Small,0.11251217337688293,0.7660563269758082,0.12063770684993017,0.0007937927973786404
2025-09-05/IMG_0829.JPG,Small,Small,0.01625220725397521,0.9515094752037258,0.03223831754229828,0.0
2025-09-05/IMG_0830.JPG,Small,Small,0.18689831005770355,0.7845115694662678,0.028590120476028803,0.0
2025-09-05/IMG_0832.JPG,Very Small,Very Small,0.9934444444444444,0.004555555555555555,0.002,0.0
2025-09-05/IMG_0833.JPG,Small,Small,0.014322571185407543,0.578059684608078,0.4023854615539098,0.005232282652604593
2025-09-05/IMG_0834.JPG,Medium,Medium,0.013958168398310713,0.08255364633557025,0.888141917888496,0.015346267377622807
2025-09-05/IMG_0836.JPG,Very Small,Very Small,0.9305425685425686,0.05630050505050505,0.013156926406926405,0.0
2025-09-05/IMG_0838.JPG,Medium,Medium,0.015404602375579378,0.12429577413287515,0.8476053378442998,0.012694285647245673
2025-09-05/IMG_0839.JPG,Small,Small,0.08429295152848328,0.8810655546083984,0.032471139526096995,0.0021703543370210038
2025-09-05/IMG_0840.JPG,Very Small,Very Small,0.9607407407407408,0.03592592592592593,0.0033333333333333335,0.0
2025-09-05/IMG_0842.JPG,Very Small,Very Small,0.8997695208652214,0.09347575534570371,0.0067547237890749345,0.0
2025-09-05/IMG_0843.JPG,Very Small,Very Small,0.9954999999999999,0.0045000000000000005,0.0,0.0
2025-09-05/IMG_0846.JPG,Small,Small,0.03889410825116917,0.9146022245429981,0.046503667205832586,0.0
2025-09-05/IMG_0847.JPG,Medium,Medium,0.0009943833202886495,0.08328352889366113,0.9116479233272627,0.0040741644587872815
2025-09-05/IMG_0848.JPG,Very Small,Very Small,0.9944444444444444,0.005555555555555555,0.0,0.0
2025-09-05/IMG_0849.JPG,Very Small,Very Small,0.6397315394555988,0.3096469743131749,0.048716724326464365,0.0019047619047619048
2025-09-05/IMG_0851.JPG,Medium,Medium,0.011066653339728188,0.11467745451542032,0.8548167178409024,0.019439174303948453
2025-09-05/IMG_0852.JPG,Small,Small,0.0064146584195790305,0.5878010271287518,0.40418515264455335,0.0015991618071156972
2025-09-05/IMG_0853.JPG,Very Small,Very Small,0.9888888888888888,0.01111111111111111,0.0,0.0
2025-09-05/IMG_0854.JPG,Small,Small,0.03923930311084631,0.8436548009532839,0.11692071075068455,0.00018518518518518518
2025-09-05/IMG_0856.JPG,Small,Small,0.02317697410916049,0.9403102512362036,0.03651277465463571,0.0
2025-09-05/IMG_0857.JPG,Very Small,Very Small,0.9884444444444443,0.007611111111111111,0.003944444444444445,0.0
2025-09-05/IMG_0858.JPG,Small,Small,0.021994459480867798,0.9516509050435872,0.026354635475544706,0.0
2025-09-05/IMG_0861.JPG,Small,Small,0.11165004571345788,0.7994911878059384,0.08795777520360416,0.0009009912769995083
2025-09-05/IMG_0862.JPG,Medium,Medium,0.08815595076365426,0.40094575991456843,0.5090556850144747,0.001842604307302148
2025-09-05/IMG_0863.JPG,Small,Small,0.026920608952128566,0.8818016369341408,0.0911954495869811,8.230452674897119e-05
2025-09-05/IMG_0865.JPG,Very Small,Very Small,0.986111111111111,0.013888888888888886,0.0,0.0
2025-09-05/IMG_0866.JPG,Medium,Medium,0.00784904811261253,0.17088066009220426,0.8099512360417002,0.011319055753482798
2025-09-05/IMG_0868.JPG,Very Small,Very Small,0.9916666666666667,0.008333333333333333,0.0,0.0
2025-09-05/IMG_0869.JPG,Very Small,Very Small,0.9480327444410599,0.04828811723694454,0.0036791383219954648,0.0
2025-09-05/IMG_0871.JPG,Medium,Medium,0.03408345232664905,0.11048279471745562,0.8028260103840529,0.05260774257184227
2025-09-05/IMG_0872.JPG,Small,Small,0.070152662738381,0.8310300877623744,0.09648539503813656,0.0023318544611080983
2025-09-05/IMG_0874.JPG,Small,Small,0.2779029588127554,0.6764453305355184,0.04520116684497308,0.0004505438067529571
2025-09-05/IMG_0875.JPG,Very Small,Very Small,0.8467124002716233,0.1424316875971045,0.010855912131272207,0.0
2025-09-05/IMG_0876.JPG,Medium,Medium,0.027636069297137345,0.10166683511229392,0.855243896788943,0.015453198801625663
2025-09-05/IMG_0878.JPG,Very Small,Very Small,0.792072487401436,0.19449857407835877,0.01342893852020496,0.0
2025-09-05/IMG_0880.JPG,Very Small,Very Small,0.6514664547470419,0.27662713441892395,0.07062922094573322,0.0012771898883009996
2025-09-05/IMG_0882.JPG,Small,Small,0.13492322056127296,0.6675405764717954,0.19209490124418985,0.00544130172274183
2025-09-05/IMG_0884.JPG,Medium,Medium,0.04093421193301578,0.16198801550733546,0.7676622161678948,0.029415556391753868
2025-09-05/IMG_0885.JPG,Small,Small,0.07780513996640068,0.8580884460357745,0.0605304097551538,0.0035760042426709092
2025-09-05/IMG_0887.JPG,Medium,Medium,0.053563234163041894,0.2019008970905066,0.71441424039466,0.03012162835179168
2025-09-05/IMG_0888.JPG,Small,Small,0.12306967725616924,0.738927763280013,0.1347252565198482,0.0032773029439696105
2025-09-05/IMG_0891.JPG,Very Small,Very Small,0.9636666666666668,0.03383333333333333,0.0,0.0025
2025-09-05/IMG_0892.JPG,Very Small,Very Small,0.9256040315379938,0.0660769810962592,0.008232407279166918,8.658008658008658e-05
2025-09-05/IMG_0893.JPG,Very Small,Very Small,0.9970000000000001,0.003,0.0,0.0
2025-09-05/IMG_0894.JPG,Very Small,Very Small,0.9573888888888888,0.042611111111111113,0.0,0.0
2025-09-05/IMG_0895.JPG,Very Small,Very Small,0.9933333333333333,0.006666666666666667,0.0,0.0
2025-09-05/IMG_0896.JPG,Very Small,Very Small,0.9920000000000001,0.008,0.0,0.0
2025-09-05/IMG_0897.JPG,Very Small,Very Small,0.8569271370271372,0.13334191059191058,0.009730952380952382,0.0
2025-09-05/IMG_0900.JPG,Very Small,Very Small,0.9765555555555556,0.02344444444444445,0.0,0.0
2025-09-05/IMG_0901.JPG,Medium,Medium,0.012300056374689271,0.24628449591361365,0.7401773317102112,0.001238116001485831
2025-09-05/IMG_0902.JPG,Medium,Medium,0.06276829599873501,0.11252124389008761,0.8125677518828677,0.012142708228309672
2025-09-05/IMG_0903.JPG,Small,Small,0.08779231377796994,0.8419519795479942,0.06785447210613499,0.0024012345679012346
2025-09-05/IMG_0904.JPG,Small,Small,0.02355608353294293,0.9551060561635639,0.02121440351336914,0.0001234567901234568
2025-09-05/IMG_0905.JPG,Medium,Medium,0.027680369126587737,0.2339501883100307,0.7226743825613847,0.01569506000199695
2025-09-05/IMG_0906.JPG,Very Small,Very Small,0.9919444444444445,0.008055555555555555,0.0,0.0
2025-09-05/IMG_0907.JPG,Very Small,Very Small,0.9714999999999999,0.0285,0.0,0.0
2025-09-05/IMG_0908.JPG,Very Small,Very Small,0.989777777777778,0.010222222222222221,0.0,0.0
2025-09-05/IMG_0910.JPG,Very Small,Very Small,0.923611111111111,0.07638888888888891,0.0,0.0
2025-09-05/IMG_0911.JPG,Small,Small,0.057180988028397016,0.9229990683260269,0.01981994364557551,0.0
2025-09-05/IMG_0912.JPG,Very Small,Very Small,0.8533516244513589,0.12361231832705596,0.023036057221584975,0.0
2025-09-05/IMG_0913.JPG,Small,Small,0.0836729220137459,0.854011502720759,0.05984700803026083,0.002468567235233902
2025-09-05/IMG_0914.JPG,Small,Small,0.1627229390382772,0.7747441109648402,0.06063948543675123,0.0018934645601312269
2025-09-05/IMG_0915.JPG,Small,Small,0.3053066791024219,0.661623081640085,0.030848017035270937,0.0022222222222222222
2025-09-05/IMG_0921.JPG,Very Small,Very Small,0.995,0.005,0.0,0.0
2025-09-05/IMG_0922.JPG,Very Small,Very Small,0.9578333333333334,0.03994444444444444,0.0022222222222222222,0.0
2025-09-05/IMG_0923.JPG,Small,Small,0.070641358173728,0.9018318529323868,0.027526788893884765,0.0
2025-09-05/IMG_0929.JPG,Large,Large,0.061168250893957735,0.08478137989459446,0.21785499747644346,0.6361953717350045
2025-09-05/IMG_0930.JPG,Medium,Medium,0.003930982774692135,0.06291735532053373,0.9221350945644466,0.011016567340327072
2025-09-05/IMG_0932.JPG,Medium,Medium,0.006349736520991878,0.06744972828235501,0.9197355720090341,0.00646496318761856
2025-09-05/IMG_0934.JPG,Very Small,Small,0.4332268385060839,0.5326771722098184,0.03409598928409775,0.0
2025-09-05/IMG_0935.JPG,Small,Small,0.33423574586958454,0.6296480558571379,0.03417175382883318,0.0019444444444444442
2025-09-05/IMG_0936.JPG,Small,Small,0.27857881615083013,0.7084603984926395,0.012960785356530233,0.0
2025-09-05/IMG_0937.JPG,Very Small,Very Small,0.9267222222222222,0.07111111111111112,0.0021666666666666666,0.0
2025-09-05/IMG_0939.JPG,Small,Small,0.10666389759942016,0.7691991927223436,0.12409417463550121,4.2735042735042735e-05
2025-09-05/IMG_0940.JPG,Very Small,Very Small,0.6828293952168614,0.27473205079374113,0.04243855398939754,0.0
2025-09-05/IMG_0941.JPG,Small,Small,0.05816103560712206,0.9184678129825591,0.02337115141031884,0.0
2025-09-05/IMG_0942.JPG,Very Small,Small,0.4185603831823939,0.44822785791370623,0.12795618131588776,0.005255577588012308
2025-09-05/IMG_0943.JPG,Medium,Medium,0.002763039586107991,0.038713401510565695,0.9475272809023964,0.010996278000929647
2025-09-05/IMG_0944.JPG,Medium,Medium,0.06603579181851621,0.10794901280516969,0.7986195044170421,0.027395690959271846
2025-09-05/IMG_0946.JPG,Medium,Medium,0.020962021858016558,0.256830566039449,0.7180404037637584,0.004167008338775474
2025-09-05/IMG_0947.JPG,Medium,Medium,0.01469802152324044,0.05091212447788634,0.9162139787757941,0.018175875223078602
2025-09-05/IMG_0948.JPG,Medium,Medium,0.017960493152903857,0.11415046740392415,0.8500939828481452,0.01779505659502688
2025-09-05/IMG_0949.JPG,Small,Small,0.0466788568493806,0.6202705467596185,0.32236840654264287,0.010682189848358245
2025-09-05/IMG_0951.JPG,Small,Small,0.06719211639792559,0.8594444979760781,0.07246535853231699,0.0008980270936792676
2025-09-05/IMG_0953.JPG,Small,Small,0.03418758442041059,0.8979077610304551,0.06790465454913414,0.0
2025-09-05/IMG_0954.JPG,Small,Small,0.023448968533953583,0.6778995468917257,0.2886820739036226,0.009969410670698085
2025-09-05/IMG_0956.JPG,Small,Small,0.06045442811072387,0.8535139124305994,0.08471195283995084,0.0013197066187262266
2025-09-05/IMG_0957.JPG,Very Small,Very Small,0.5995891061595684,0.368859547641768,0.030476063456714032,0.0010752827419494085
2025-09-05/IMG_0959.JPG,Small,Small,0.02764849579080422,0.9335432080975876,0.03868483932148433,0.0001234567901234568
2025-09-05/IMG_0960.JPG,Small,Small,0.05451105228572827,0.8594422674949883,0.08583050008522895,0.00021618013405453018
2025-09-05/IMG_0963.JPG,Small,Small,0.05457108392231178,0.8843259181352285,0.058959339132134074,0.002143658810325477
2025-09-05/IMG_0964.JPG,Small,Medium,0.01847810134642889,0.2850961356071048,0.6833290478485174,0.013096715197948559
2025-09-05/IMG_0968.JPG,Medium,Medium,0.012780400893806564,0.08475159030572327,0.8925934610101793,0.00987454779029085
2025-09-05/IMG_0969.JPG,Small,Small,0.09185383505006407,0.4699988738272878,0.2758768383432699,0.1622704527793781
2025-09-05/IMG_0971.JPG,Small,Small,0.1562399599838121,0.6872160371321989,0.15530551085371014,0.001238492030278874
2025-09-05/IMG_0973.JPG,Very Small,Very Small,0.8308740008827467,0.15342099838946294,0.01548215412819921,0.00022284659959078565
2025-09-05/IMG_0975.JPG,Very Small,Very Small,0.6335307616397959,0.31654393619987514,0.049207246823673015,0.0007180553366557509
2025-09-05/IMG_0976.JPG,Medium,Small,0.15032290907306872,0.47550753527679235,0.3583758251215347,0.01579373052860429
2025-09-05/IMG_0977.JPG,Small,Small,0.14496358513587104,0.7540182956467266,0.10022960394518156,0.0007885152722209477
2025-09-05/IMG_0978.JPG,Small,Small,0.39775547787694815,0.5305922038502897,0.07134553130201148,0.00030678697075054725
2025-09-05/IMG_0979.JPG,Medium,Small,0.14999931182046222,0.6550950977178818,0.19328976499901637,0.0016158254626393905
2025-09-05/IMG_0980.JPG,Very Small,Very Small,0.48400228418956487,0.4625092130950989,0.052554044271912674,0.0009344584434234067
2025-09-05/IMG_0981.JPG,Very Small,Small,0.41859350605025875,0.5037437041664085,0.0769636779320019,0.0006991118513307639
2025-09-05/IMG_0982.JPG,Small,Small,0.14544323906462295,0.7317991183528137,0.12169692687520912,0.0010607157073541757
2025-09-05/IMG_0983.JPG,Very Small,Very Small,0.6168766518078571,0.3315693710670571,0.05132316177148319,0.00023081535360245948
2025-09-05/IMG_0984.JPG,Small,Small,0.3701790262292566,0.5821322908213385,0.04618042054920216,0.0015082624002029329
2025-09-05/IMG_0985.JPG,Small,Small,0.08351605168409322,0.8487901661133017,0.0663913240212666,0.001302458181338214
2025-09-05/IMG_0988.JPG,Very Small,Very Small,0.7412536944999087,0.2153408549661304,0.043158092105632796,0.000247358428327995
2025-09-05/IMG_0989.JPG,Small,Small,0.12392304533446433,0.8107389481753783,0.06450865147180629,0.0008293550183512107
2025-09-05/IMG_0991.JPG,Medium,Small,0.11635827139141668,0.4685606033677557,0.4134843037908006,0.0015968214500274175
2025-09-05/IMG_0993.JPG,Small,Small,0.1173525716426596,0.7488074685674433,0.13035558632383332,0.0034843734660641554
2025-09-05/IMG_0994.JPG,Medium,Small,0.14099193735304008,0.5442182922968596,0.31375371671377555,0.001036053636324984
2025-09-05/IMG_0995.JPG,Small,Small,0.15520666646996073,0.748482463512188,0.093371641000632,0.0029392290172194817
2025-09-05/IMG_0996.JPG,Small,Small,0.17535582686338336,0.7811916316544055,0.04279585259409409,0.0006566888881174303
2025-09-05/IMG_0997.JPG,Very Small,Very Small,0.883888122375933,0.10355942556952102,0.012539582041676023,1.287001287001287e-05
2025-09-05/IMG_0998.JPG,Small,Small,0.36494538880299493,0.5794604041462318,0.054805544026725765,0.0007886630240473406
2025-09-05/IMG_1000.JPG,Very Small,Very Small,0.8871522178732012,0.10738168121088838,0.005409940859750094,5.616005616005616e-05
2025-09-05/IMG_1001.JPG,Small,Small,0.10524487861967033,0.816781496544769,0.07701394253762436,0.0009596822979361844
2025-09-05/IMG_1002.JPG,Small,Small,0.09492681631384785,0.8196536310377047,0.08355774766946794,0.0018618049789792142
2025-09-05/IMG_1004.JPG,Very Small,Very Small,0.39862441310288044,0.2805826376832342,0.2801988813124861,0.0405940679013992
2025-09-05/IMG_1005.JPG,Very Small,Small,0.3876139817834195,0.39599937255746603,0.20814744627391543,0.008239199385199238
2025-09-05/IMG_1006.JPG,Very Small,Very Small,0.6200774503684101,0.3392449560655604,0.039688207979133194,0.0009893855868966738
2025-09-05/IMG_1007.JPG,Small,Small,0.10207124843134001,0.6846784946273659,0.2096331081435661,0.0036171487977280374
2025-09-05/IMG_1008.JPG,Medium,Medium,0.12484116027040289,0.4064177460191833,0.4646058074719362,0.004135286238477795
2025-09-05/IMG_1009.JPG,Very Small,Very Small,0.6868664200533234,0.2749395594922903,0.036615477508274846,0.0015785429461110897
2025-09-05/IMG_1010.JPG,Very Small,Small,0.46377292272888015,0.4932473094921689,0.041716328967404986,0.0012634388115461096
2025-09-05/IMG_1011.JPG,Small,Small,0.27084847411866814,0.6595162465336005,0.06814895136364699,0.0014863279840841021
2025-09-05/IMG_1013.JPG,Very Small,Very Small,0.7924385059107383,0.18219495938242575,0.02494668436732782,0.00041985033950791135
2025-09-05/IMG_1014.JPG,Medium,Small,0.23311866098369233,0.431805655790158,0.3330765597592918,0.0019991234668578985
2025-09-05/IMG_1015.JPG,Small,Small,0.14146924153035928,0.7291144256830159,0.12204210139660558,0.007374231390019757
2025-09-05/IMG_1016.JPG,Small,Small,0.12411881891536207,0.7447002658058082,0.1269814754641371,0.0041994398146929695
2025-09-05/IMG_1018.JPG,Small,Small,0.1984984854316787,0.7486058517607985,0.05168119285371145,0.0012144699538114265
2025-09-05/IMG_1019.JPG,Small,Small,0.10658003263200617,0.6173270943411886,0.2680830549524864,0.008009818074318595
2025-09-05/IMG_1021.JPG,Small,Small,0.18871066393760907,0.7607890347318182,0.048853438934358874,0.0016468623962139892
2025-09-05/IMG_1022.JPG,Very Small,Very Small,0.7041154709942503,0.2565162566768647,0.03802628794836563,0.001341984380519293
2025-09-05/IMG_1023.JPG,Small,Small,0.27746317645748486,0.6540154898281463,0.06709168381833079,0.0014296498960378603
2025-09-05/IMG_1024.JPG,Very Small,Very Small,0.6972368081646216,0.2535972843195458,0.04688420360502829,0.002281703910803835
2025-09-05/IMG_1025.JPG,Very Small,Very Small,0.4220412126209456,0.418942546758696,0.15483239610976665,0.004183844510591454
2025-09-05/IMG_1026.JPG,Small,Small,0.23692320687817267,0.707447128878947,0.05378656114295666,0.001843103099924176
2025-09-05/IMG_1027.JPG,Very Small,Very Small,0.8282434547811328,0.13147554086478755,0.03915702323009849,0.0011239811239811238
2025-09-05/IMG_1029.JPG,Very Small,Very Small,0.8421688404388209,0.1022577529523581,0.05160754514295952,0.003965861465861466
2025-09-05/IMG_1032.JPG,Medium,Medium,0.055699444972428784,0.24418523955450827,0.6628575083474869,0.03725780712557599
2025-09-05/IMG_1034.JPG,Small,Small,0.2340348906727912,0.6753513079922909,0.08849803948381428,0.002115761851103656
2025-09-05/IMG_1035.JPG,Very Small,Very Small,0.7368302221400409,0.22099184535846506,0.0419727252375863,0.00020520726390768247
2025-09-05/IMG_1038.JPG,Small,Small,0.18189834436421745,0.7143003572067945,0.1010894344943369,0.0027118639346510407
2025-09-05/IMG_1039.JPG,Small,Small,0.12748863153994236,0.7102160972535089,0.15620607556180183,0.006089195644747189
2025-09-05/IMG_1040.JPG,Small,Small,0.06547216721710307,0.7575304238711029,0.17427233103853365,0.0027250778732608085
2025-09-05/IMG_1041.JPG,Small,Small,0.09864327423975024,0.7927086976615155,0.10442115146409715,0.004226876634637101
2025-09-05/IMG_1042.JPG,Medium,Medium,0.10415941062079659,0.2935416850200417,0.5841252874349692,0.01817361692419251
2025-09-05/IMG_1043.JPG,Small,Small,0.11278805519441275,0.7562715720088551,0.12271340743351072,0.008226965363221811
2025-09-05/IMG_1044.JPG,Small,Small,0.1449198434712149,0.7571108015087062,0.09670292219712588,0.0012664328229529634
2025-09-05/IMG_1045.JPG,Medium,Small,0.3035353182119465,0.43588410947034373,0.2593823365026125,0.0011982358150975114
2025-09-05/IMG_1046.JPG,Small,Small,0.11385123437012969,0.803687160270194,0.08135994137830792,0.0011016639813686015
2025-09-05/IMG_1047.JPG,Very Small,Very Small,0.814728146068395,0.09681446579717413,0.07771374889079169,0.010743639243639245
2025-09-05/IMG_1050.JPG,Very Small,Very Small,0.5580032395815355,0.35635073969405,0.0836183385122715,0.0020276822121432798
2025-09-05/IMG_1051.JPG,Very Small,Very Small,0.6077699726003899,0.349031926822252,0.04262808076187308,0.0005700198154853197
2025-09-05/IMG_1052.JPG,Very Small,Very Small,0.474231512569713,0.463327543162614,0.06055812476529368,0.0018828195023796906
2025-09-05/IMG_1053.JPG,Very Small,Very Small,0.5074574004025518,0.3663248578062445,0.10241829533926845,0.023799446451935404
2025-09-05/IMG_1054.JPG,Medium,Medium,0.17385479641704052,0.32926796614037,0.48031513268822207,0.016562104754367278
2025-09-05/IMG_1057.JPG,Small,Small,0.3068973830511608,0.6487660149482751,0.04058396883776101,0.0037526331628030527
2025-09-05/IMG_1059.JPG,Small,Small,0.17280072571449295,0.7633735909021906,0.06252919566294768,0.0012964877203688965
2025-09-05/IMG_1061.JPG,Very Small,Small,0.4380119183525354,0.4919801173556678,0.06730822111364325,0.00269974317815346
2025-09-05/IMG_1062.JPG,Small,Small,0.12351482263964281,0.7729284645224037,0.10042953482028022,0.0031271780176735913
2025-09-05/IMG_1063.JPG,Very Small,Very Small,0.5220126142587639,0.35446449254051277,0.11825500017141609,0.005267893029307282
2025-09-05/IMG_1065.JPG,Small,Small,0.2539779944608069,0.6969068342572018,0.04789672196445483,0.0012184493175368422
2025-09-05/IMG_1066.JPG,Medium,Medium,0.12883051063429352,0.3680540177320867,0.4811076508091216,0.0220078208244985
2025-09-05/IMG_1067.JPG,Medium,Medium,0.06434269023478088,0.28529674481455064,0.6248376313986106,0.0255229335520575
2025-09-05/IMG_1069.JPG,Small,Small,0.21539355841761174,0.6035356958311779,0.17355032012247865,0.007520425628731912
2025-09-05/IMG_1071.JPG,Medium,Medium,0.05220495864685365,0.2352219794833663,0.698168350324762,0.014404711545018406
2025-09-05/IMG_1072.JPG,Small,Small,0.11527297708839063,0.7541282203472577,0.12660455080309135,0.003994251761260814
2025-09-05/IMG_1076.JPG,Small,Small,0.0348930960538245,0.7966718134864496,0.1660936629171655,0.0023414275425602538
2025-09-05/IMG_1077.JPG,Small,Small,0.0758459285662404,0.8333521039700071,0.09080196746375237,0.0
2025-09-05/IMG_1078.JPG,Small,Small,0.013112156991406693,0.9616267324805216,0.025261110528071545,0.0
2025-09-05/IMG_1079.JPG,Medium,Medium,0.008802320635877216,0.04197661621609027,0.9432646381627177,0.0059564249853142695
2025-09-05/IMG_1081.JPG,Medium,Medium,0.006789233944258124,0.132699498247363,0.852459660129179,0.008051607679199527
2025-09-05/IMG_1082.JPG,Small,Small,0.04202920385889472,0.7190534883968662,0.2346336588946692,0.004283648849570466
2025-09-05/IMG_1084.JPG,Small,Small,0.026018495765444596,0.6179488860381093,0.34974724740566754,0.0062853707907785895
2025-09-05/IMG_1085.JPG,Small,Medium,0.020490865054678616,0.31716001365223184,0.6447048055637205,0.017644315729368885
2025-09-05/IMG_1086.JPG,Medium,Medium,0.011290609022021943,0.14389299853513568,0.7717006072457984,0.07311578519704398
2025-09-05/IMG_1087.JPG,Very Small,Very Small,0.8643535123777059,0.12526044773625414,0.010386039886039887,0.0
2025-09-05/IMG_1091.JPG,Very Small,Very Small,0.7365164477922028,0.22399218293518752,0.039491369272609725,0.0
2025-09-05/IMG_1092.JPG,Very Small,Very Small,1.0,0.0,0.0,0.0
2025-09-05/IMG_1093.JPG,Medium,Medium,0.0023320776161816054,0.04365680025108077,0.9440458692323717,0.009965252900365524
2025-09-05/IMG_1094.JPG,Medium,Medium,0.04645437012155153,0.4135310024073351,0.5381627756192613,0.001851851851851852
2025-09-05/IMG_1096.JPG,Small,Small,0.015060358752373961,0.8273734932792605,0.1572502428431386,0.00031590512522715916
2025-09-05/IMG_1098.JPG,Small,Small,0.030444658743269192,0.8768082972805605,0.09274704397617035,0.0
2025-09-05/IMG_1100.JPG,Medium,Small,0.04524570916146653,0.499437542747031,0.45531674809150247,0.0
2025-09-05/IMG_1101.JPG,Small,Small,0.029278275400669577,0.9415482591372594,0.029173465462070204,0.0
2025-09-05/IMG_1102.JPG,Small,Small,0.09243362586559772,0.7753653641070127,0.12997878780516725,0.0022222222222222222
2025-09-05/IMG_1103.JPG,Very Small,Very Small,0.5950025469354981,0.28121857036431014,0.12377888270019168,0.0
2025-09-05/IMG_1104.JPG,Very Small,Very Small,0.5397387085085745,0.34686251373706134,0.11173211108769754,0.0016666666666666668
2025-09-05/IMG_1106.JPG,Very Small,Very Small,0.9944444444444446,0.005555555555555555,0.0,0.0
2025-09-05/IMG_1108.JPG,Small,Small,0.1825856627050909,0.7405370368501398,0.07661597246423589,0.000261327980533372
2025-09-05/IMG_1109.JPG,Small,Small,0.027903974186530154,0.9197603212989971,0.051224593403361544,0.0011111111111111111
2025-09-05/IMG_1111.JPG,Medium,Medium,0.06330947757315464,0.4223679596545237,0.5107601285998868,0.0035624341724348673
2025-09-05/IMG_1113.JPG,Medium,Medium,0.011506577729232505,0.3146250004239637,0.6703354004655295,0.003533021381274332
2025-09-05/IMG_1114.JPG,Medium,Medium,0.0027987530248855226,0.10220805281649874,0.8908086023367546,0.0041845918218609
2025-09-05/IMG_1116.JPG,Very Small,Very Small,0.995,0.005,0.0,0.0
2025-09-05/IMG_1118.JPG,Medium,Medium,0.010056454167571933,0.11904868771469242,0.858874975944658,0.01201988217307744
2025-09-05/IMG_1119.JPG,Small,Small,0.1672568481414998,0.7447861625310872,0.0879569893274131,0.0
2025-09-05/IMG_1120.JPG,Very Small,Very Small,0.9947222222222221,0.0016666666666666668,0.003611111111111111,0.0
2025-09-05/IMG_1122.JPG,Very Small,Very Small,0.9675941043083899,0.03122675736961451,0.001179138321995465,0.0
2025-09-05/IMG_1123.JPG,Very Small,Very Small,0.9941666666666666,0.005833333333333334,0.0,0.0
2025-09-05/IMG_1124.JPG,Medium,Small,0.032751262963964474,0.5106393693732705,0.45660936766276505,0.0
2025-09-05/IMG_1125.JPG,Medium,Medium,0.11567584983770675,0.4282775640098445,0.4560465861524486,0.0
2025-09-05/IMG_1126.JPG,Small,Small,0.03131571715145707,0.937613269167613,0.03107101368092928,0.0
2025-09-05/IMG_1127.JPG,Small,Small,0.004934175777273519,0.493432722751557,0.49221352088240317,0.009419580588766146
2025-09-05/IMG_1129.JPG,Very Small,Very Small,0.8374680699521124,0.11515631088769385,0.04737561916019363,0.0
2025-09-05/IMG_1130.JPG,Small,Small,0.053626452197003745,0.8208305573353041,0.12554299046769235,0.0
2025-09-05/IMG_1131.JPG,Small,Small,0.08169264255454287,0.8058075635855978,0.11249979385985952,0.0
2025-09-05/IMG_1132.JPG,Very Small,Very Small,0.979,0.020166666666666666,0.0008333333333333334,0.0
2025-09-05/IMG_1134.JPG,Small,Small,0.01606927910958986,0.9311095284727994,0.052821192417610525,0.0
2025-09-05/IMG_1135.JPG,Very Small,Very Small,0.9758888888888888,0.022777777777777775,0.0013333333333333335,0.0
2025-09-05/IMG_1137.JPG,Small,Small,0.013516207988998052,0.7326757479088134,0.24949738322225726,0.004310660879930966
2025-09-05/IMG_1139.JPG,Small,Small,0.06336402862317622,0.7642427263429789,0.16966538400734335,0.002727861026501621
2025-09-05/IMG_1142.JPG,Medium,Medium,0.005002844247114485,0.08035589480699,0.9107920521489273,0.003849208796967914
2025-09-05/IMG_1143.JPG,Very Small,Very Small,0.9617777777777777,0.037111111111111116,0.0011111111111111111,0.0
2025-09-05/IMG_1144.JPG,Medium,Medium,0.03790581235504507,0.38628591575057136,0.5704684282356822,0.0053398436587016014
2025-09-05/IMG_1145.JPG,Small,Small,0.07162047300472224,0.756388274602492,0.17199125239278612,0.0
2025-09-05/IMG_1147.JPG,Very Small,Very Small,0.9839444444444445,0.016055555555555556,0.0,0.0
2025-09-05/IMG_1148.JPG,Medium,Medium,0.030606727593270967,0.1526224708099429,0.7941276350410558,0.022643166555730065
2025-09-05/IMG_1149.JPG,Small,Small,0.1994414637302563,0.771105618692835,0.02939477804202478,5.813953488372093e-05
2025-09-05/IMG_1150.JPG,Small,Small,0.07149065889655941,0.8248322597257065,0.10044341260343226,0.0032336687743018564
2025-09-05/IMG_1151.JPG,Small,Small,0.16728277350627815,0.6911177688036929,0.13983253758849226,0.001766920101536713
2025-09-05/IMG_1152.JPG,Very Small,Very Small,0.7684818174458306,0.20674547453580217,0.024729417975077373,4.329004329004329e-05
2025-09-05/IMG_1153.JPG,Medium,Medium,0.03488153757169432,0.1728444135762559,0.7802864240656421,0.011987624786407419
2025-09-05/IMG_1154.JPG,Very Small,Very Small,0.657361313557803,0.2836022133410952,0.05587474593937479,0.0031617271617271616
2025-09-05/IMG_1155.JPG,Small,Small,0.11076417501341482,0.7413514348743879,0.14432866386028867,0.003555726251908517
2025-09-05/IMG_1156.JPG,Small,Small,0.1153936414190518,0.8252215499120216,0.05928551687066811,9.929179825820652e-05
2025-09-05/IMG_1157.JPG,Small,Small,0.42112539384767145,0.552034187190004,0.023442123841807022,0.003398295120517343
2025-09-05/IMG_1158.JPG,Small,Small,0.05858999626003681,0.611830311448893,0.3196395193542071,0.009940172936863218
2025-09-05/IMG_1159.JPG,Medium,Medium,0.08956265568256365,0.21098242311910964,0.6730071916046955,0.02644772959363105
2025-09-05/IMG_1160.JPG,Medium,Medium,0.043385926091051526,0.19815395591899687,0.7427160955478262,0.015744022442125104
2025-09-05/IMG_1161.JPG,Small,Small,0.11412040407952109,0.8107342857613967,0.07461094452471641,0.0005343656343656343
2025-09-05/IMG_1162.JPG,Small,Small,0.017824077045290505,0.7156971129272511,0.25796981872815505,0.008508991299302824
2025-09-05/IMG_1163.JPG,Medium,Medium,0.020263441864785417,0.246380169191306,0.7273293940123992,0.006026994931509146
2025-09-05/IMG_1166.JPG,Small,Small,0.10551468155515416,0.8408065638080051,0.05367875463684033,0.0
2025-09-05/IMG_1167.JPG,Very Small,Very Small,0.9367222222222223,0.062444444444444434,0.0008333333333333334,0.0
2025-09-05/IMG_1169.JPG,Very Small,Very Small,0.9167380952380954,0.0809702380952381,0.0022916666666666667,0.0
2025-09-05/IMG_1170.JPG,Very Small,Very Small,1.0,0.0,0.0,0.0
2025-09-05/IMG_1171.JPG,Very Small,Very Small,0.9586666666666668,0.04022222222222222,0.0011111111111111111,0.0
2025-09-05/IMG_1172.JPG,Very Small,Very Small,0.9966666666666667,0.0033333333333333335,0.0,0.0
2025-09-05/IMG_1174.JPG,Very Small,Very Small,0.9566666666666667,0.042222222222222223,0.0011111111111111111,0.0
2025-09-05/IMG_1175.JPG,Very Small,Very Small,0.9894444444444446,0.009444444444444443,0.0011111111111111111,0.0
2025-09-05/IMG_1176.JPG,Very Small,Very Small,0.9914444444444445,0.008555555555555554,0.0,0.0
2025-09-05/IMG_1177.JPG,Medium,Medium,0.02366408945926619,0.31701168252124584,0.6559879250813806,0.0033363029381070623
2025-09-05/IMG_1178.JPG,Medium,Medium,0.010583063151050322,0.2689376067569722,0.7145432347295296,0.005936095362447897
2025-09-05/IMG_1179.JPG,Small,Small,0.03341847465695531,0.8579746537162863,0.10860687162675797,0.0
2025-09-05/IMG_1180.JPG,Small,Small,0.026907565416954486,0.773610718918536,0.1968651100479039,0.0026166056166056165
2025-09-05/IMG_1182.JPG,Very Small,Very Small,0.9427222222222222,0.05727777777777778,0.0,0.0
2025-09-05/IMG_1184.JPG,Very Small,Very Small,0.9577676767676767,0.04223232323232324,0.0,0.0
2025-09-05/IMG_1185.JPG,Very Small,Very Small,0.9261354617604618,0.07023953823953825,0.0036249999999999998,0.0
2025-09-05/IMG_1186.JPG,Very Small,Very Small,0.9616666666666667,0.03833333333333333,0.0,0.0
2025-09-05/IMG_1187.JPG,Small,Small,0.03298116076589163,0.8676814746552155,0.09933736457889268,0.0
2025-09-05/IMG_1188.JPG,Very Small,Very Small,0.6056779798962418,0.32715891141872866,0.06673208415400508,0.00043102453102453105
2025-09-05/IMG_1189.JPG,Small,Small,0.051461786477102214,0.8964994881825553,0.05203872534034161,0.0
2025-09-05/IMG_1190.JPG,Very Small,Very Small,0.6410237683186921,0.288768327700055,0.07020790398125314,0.0
2025-09-05/IMG_1191.JPG,Small,Small,0.194009138672825,0.7757189135868588,0.03027194774031585,0.0
2025-09-05/IMG_1192.JPG,Small,Small,0.022279249112340947,0.7317755372560674,0.2452032024578476,0.0007420111737437536
2025-09-05/IMG_1193.JPG,Very Small,Very Small,0.571979339208362,0.356869025329545,0.07115163546209305,0.0
2025-09-05/IMG_1194.JPG,Small,Small,0.15714786451351104,0.754655843304158,0.08563919927523785,0.0025570929070929073
2025-09-05/IMG_1195.JPG,Small,Small,0.04862229580904016,0.8932323048318146,0.05814539935914539,0.0
2025-09-05/IMG_1198.JPG,Very Small,Very Small,0.9642222222222223,0.033,0.0027777777777777775,0.0
2025-09-05/IMG_1200.JPG,Very Small,Very Small,0.966388888888889,0.03227777777777777,0.0013333333333333335,0.0
2025-09-05/IMG_1202.JPG,Very Small,Very Small,0.8797539682539685,0.10003358208955225,0.020212449656479507,0.0
2025-09-05/IMG_1203.JPG,Large,Large,0.017262207380917067,0.0760445630012826,0.26230383090795945,0.6443893987098409
2025-09-05/IMG_1204.JPG,Medium,Medium,0.011127176200078262,0.09927861838771354,0.8589627641801943,0.03063144123201366
2025-09-05/IMG_1205.JPG,Medium,Medium,0.007529849349362771,0.18400466441061944,0.7896441799694781,0.01882130627053921
2025-09-05/IMG_1206.JPG,Medium,Medium,0.001790763510835922,0.07926223240613285,0.9033585899777955,0.01558841410523537
2025-09-05/IMG_1209.JPG,Very Small,Very Small,0.9608333333333333,0.036944444444444446,0.0022222222222222222,0.0
2025-09-05/IMG_1211.JPG,Small,Small,0.10208821198101956,0.7556809340027142,0.11897948056912593,0.02325137344714013
2025-09-05/IMG_1212.JPG,Small,Small,0.12338542262573718,0.838736709925291,0.037877867448971855,0.0
2025-09-05/IMG_1214.JPG,Small,Small,0.16080202024298648,0.802613315578608,0.03658466417840545,0.0
2025-09-05/IMG_1215.JPG,Very Small,Very Small,0.46531120829028555,0.36625612063614327,0.1552482600359532,0.013184411037618037
2025-09-05/IMG_1216.JPG,Medium,Medium,0.0018324386659952475,0.03465416953821626,0.9467370465279017,0.016776345267886447
2025-09-05/IMG_1217.JPG,Medium,Medium,0.006252348872880306,0.06889699076618622,0.891576155638708,0.03327450472222548
2025-09-05/IMG_1218.JPG,Medium,Medium,0.12373910167235579,0.40301612643873846,0.4721336607777946,0.0011111111111111111
2025-09-05/IMG_1219.JPG,Medium,Medium,0.009502689562052595,0.04572104050400477,0.9381812388442506,0.006595031089691372
2025-09-05/IMG_1220.JPG,Medium,Medium,0.011798186158704593,0.16221779945737044,0.818884763990188,0.007099250393736686
2025-09-05/IMG_1221.JPG,Small,Small,0.047239668854592146,0.5393829694000158,0.401986416370582,0.011390945374809695
2025-09-05/IMG_1223.JPG,Small,Medium,0.01390638126198146,0.4739531815643418,0.4795262162160504,0.03261422095762625
2025-09-05/IMG_1224.JPG,Small,Small,0.012652218542304427,0.6016883939405764,0.37951801808747976,0.0061413694296390845
2025-09-05/IMG_1225.JPG,Small,Small,0.014078631123163978,0.6024649341625642,0.37310598654337773,0.010350448170894172
2025-09-05/IMG_1226.JPG,Small,Small,0.019648388182628714,0.8487266479223062,0.13123577754535204,0.00038918634971266553
2025-09-05/IMG_1227.JPG,Small,Small,0.014804682320832546,0.7169890637237321,0.26254581504355523,0.005660438911879991
2025-09-05/IMG_1228.JPG,Small,Small,0.04569865968520366,0.8221144453967003,0.12973054571174644,0.002456349206349206
2025-09-05/IMG_1229.JPG,Small,Small,0.02405626360388969,0.7776222728033253,0.1908616166137232,0.007459846979061829
2025-09-05/IMG_1230.JPG,Small,Small,0.08036053056801512,0.8169830319170184,0.09643757612943867,0.006218861385528052
2025-09-05/IMG_1232.JPG,Small,Small,0.024036607032425442,0.7367546913819952,0.23842314513894744,0.0007855564466315514
2025-09-05/IMG_1233.JPG,Small,Small,0.013103162434176727,0.7088542977243261,0.26415404029293865,0.013888499548558612
2025-09-05/IMG_1235.JPG,Medium,Medium,0.002732109361562489,0.0832558437904827,0.8988292921088267,0.015182754739127882
2025-09-05/IMG_1237.JPG,Medium,Medium,0.028105769891493965,0.3084433502849772,0.6342480757637335,0.029202804059795202
2025-09-05/IMG_1239.JPG,Small,Small,0.01840308979849768,0.7679011446851645,0.20655333215489402,0.007142433361443745
2025-09-05/IMG_1240.JPG,Medium,Medium,0.0024083188158079815,0.03870923903638723,0.94199402707967,0.016888415068134294
2025-09-05/IMG_1241.JPG,Medium,Medium,0.005319844557551783,0.13759430664836306,0.8441639498951362,0.012921898898948712
2025-09-05/IMG_1246.JPG,Small,Small,0.34863845044906805,0.6216113994805473,0.02852756412641444,0.001222585943970221
2025-09-05/IMG_1247.JPG,Small,Small,0.1910134910913574,0.719828117202192,0.0864619245029539,0.0026964672034970115
2025-09-05/IMG_1248.JPG,Small,Small,0.22960672813405747,0.7264784680941706,0.043479812434013755,0.0004349913377580342
2025-09-05/IMG_1251.JPG,Very Small,Very Small,0.6930239302660055,0.26522285970624876,0.03938126934927966,0.0023719406784665146
2025-09-05/IMG_1252.JPG,Small,Small,0.23143573082073582,0.6492933370135628,0.11769942247395147,0.0015715096917500795
2025-09-05/IMG_1257.JPG,Small,Small,0.16602251565296405,0.7629000035083378,0.06991370116130002,0.0011637796773986042
2025-09-05/IMG_1258.JPG,Medium,Small,0.21527260718232366,0.4353706397927494,0.3438269235701838,0.0055298294547432274
2025-09-05/IMG_1259.JPG,Very Small,Very Small,0.678405066387856,0.23697717022793513,0.08359933475730097,0.001018428626907917
2025-09-05/IMG_1260.JPG,Small,Small,0.26096523988739756,0.6828475533547822,0.05494008703295821,0.0012471197248617079
2025-09-05/IMG_1261.JPG,Medium,Small,0.2239574288147629,0.4998042749159607,0.27110053878460877,0.005137757484667824
2025-09-05/IMG_1262.JPG,Very Small,Very Small,0.715298920028797,0.245086466766174,0.03952467190121463,8.994130381413617e-05
2025-09-05/IMG_1263.JPG,Small,Small,0.23167326172291125,0.7164841647253702,0.05117154973591378,0.0006710238158048838
2025-09-05/IMG_1264.JPG,Small,Small,0.14577831757548212,0.7573644884482295,0.0963512643553818,0.0005059296209068509
2025-09-05/IMG_1265.JPG,Small,Small,0.1426058219424068,0.7797658699260036,0.07743234251190266,0.00019596561968681945
2025-09-05/IMG_1266.JPG,Very Small,Very Small,0.7539834569748906,0.22668489098216757,0.01798149091902738,0.0013501611239141956
2025-09-05/IMG_1267.JPG,Small,Small,0.13408243234585174,0.7878068922573392,0.07608105581810136,0.0020296195787078636
2025-09-05/IMG_1268.JPG,Small,Small,0.17789328885248176,0.7625706990571776,0.05854845854809904,0.0009875535422417783
2025-09-05/IMG_1269.JPG,Small,Small,0.10040736669906498,0.7788948427649464,0.11935474773935484,0.0013430427966339036
2025-09-05/IMG_1270.JPG,Small,Small,0.31712856271195955,0.6358326777233413,0.04662742048882862,0.0004113390758704782
2025-09-05/IMG_1272.JPG,Small,Small,0.3391157330301442,0.6252791025244617,0.034673557635383115,0.0009316068100110445
2025-09-05/IMG_1273.JPG,Very Small,Very Small,0.8493752915198111,0.14179981355439,0.008748774789798637,7.612013600037552e-05
2025-09-05/IMG_1274.JPG,Very Small,Very Small,0.8577787439337919,0.13606924618012564,0.006119179793372301,3.283009271033224e-05
2025-09-05/IMG_1276.JPG,Medium,Small,0.2949987466914862,0.3787061655206426,0.32377183015262534,0.0025232576352460013
2025-09-05/IMG_1277.JPG,Small,Small,0.1467241286968205,0.8252930969061233,0.027601784921404717,0.0003809894756520682
2025-09-05/IMG_1278.JPG,Very Small,Very Small,0.5186160061391938,0.3080695028719489,0.16548639013625177,0.00782810085260539
2025-09-05/IMG_1279.JPG,Very Small,Small,0.3787482008722399,0.499163721655007,0.12014971260697123,0.0019383648657817236
2025-09-05/IMG_1281.JPG,Small,Small,0.10648794601874424,0.8490573420870728,0.043418790328544406,0.0010359215656387591
2025-09-05/IMG_1282.JPG,Small,Small,0.15686747435308904,0.7272588743132097,0.11292607786800855,0.002947573465692962
2025-09-05/IMG_1283.JPG,Very Small,Very Small,0.6200854742288342,0.34596318007908394,0.032185600152583344,0.0017657455394986114
2025-09-05/IMG_1284.JPG,Small,Small,0.19749071995846842,0.7668124633885999,0.035118460067725586,0.0005783565852066185
2025-09-05/IMG_1285.JPG,Small,Small,0.19534764658142714,0.7311593077263907,0.07193222901112531,0.0015608166810570688
2025-09-05/IMG_1286.JPG,Medium,Small,0.08991029211021603,0.48703548624350274,0.417676060736975,0.005378160909306467
2025-09-05/IMG_1287.JPG,Very Small,Very Small,0.6381869616482126,0.30704203174338157,0.05418740735399449,0.00058359925441115
2025-09-05/IMG_1288.JPG,Small,Small,0.16343809810694876,0.7806400144168912,0.05538926635546872,0.0005326211206914211
2025-09-05/IMG_1290.JPG,Small,Small,0.3136732264078263,0.6396737352212224,0.04407912061491244,0.0025739177560391868
2025-09-05/IMG_1292.JPG,Small,Small,0.1075734059819306,0.8491185462734742,0.042301885987072026,0.0010061617575238965
2025-09-05/IMG_1294.JPG,Small,Small,0.17830371227455463,0.7590758508293022,0.06159984665170934,0.0010205902444340603
2025-09-05/IMG_1295.JPG,Small,Small,0.1426957433589682,0.8222332436952112,0.03418505363202893,0.0008859593137920407
2025-09-05/IMG_1296.JPG,Very Small,Very Small,0.8249520142329462,0.16189022448812213,0.01285298835557768,0.00030477292335358145
2025-09-05/IMG_1298.JPG,Very Small,Very Small,0.8501489575466596,0.14166572818675915,0.008109194130580739,7.612013600037552e-05
2025-09-05/IMG_1299.JPG,Very Small,Very Small,0.5373764038058232,0.40823561594068214,0.04835511894789038,0.006032861305604206
2025-09-05/IMG_1300.JPG,Small,Small,0.2930118621507195,0.6783974356902401,0.022630824914755064,0.005959877244285072
2025-09-05/IMG_1301.JPG,Very Small,Very Small,0.8726586454808055,0.12127220090296563,0.005948890995966275,0.00012026262026262027
2025-09-05/IMG_1302.JPG,Small,Small,0.2587194905043869,0.7264180840780725,0.014260175596767191,0.0006022498207738159
2025-09-05/IMG_1303.JPG,Very Small,Very Small,0.8579822743306216,0.12996192904155765,0.011935534007558172,0.00012026262026262027
2025-09-05/IMG_1304.JPG,Very Small,Very Small,0.7396749816296708,0.23968309044641345,0.020089414992998544,0.0005525129309171656
2025-09-05/IMG_1310.JPG,Very Small,Very Small,0.8022162000464387,0.16904393287820424,0.02770545736692879,0.0010344097084279307
2025-09-05/IMG_1311.JPG,Small,Small,0.2133330678670234,0.7590508622617773,0.027039162069455197,0.0005769078017440519
2025-09-05/IMG_1312.JPG,Small,Small,0.2504269927968602,0.7067745990665283,0.04182501999869222,0.0009733881379195403
2025-09-05/IMG_1316.JPG,Medium,Medium,0.11258529977739604,0.3659994346525421,0.5149647262095828,0.00645053936047926
2025-09-05/IMG_1317.JPG,Small,Small,0.11504722268775022,0.692357039406559,0.18740888030550187,0.005186857600189221
2025-09-05/IMG_1318.JPG,Very Small,Very Small,0.6085119577329845,0.3629414456826004,0.02811705050437165,0.00042954608004333806
2025-09-05/IMG_1319.JPG,Small,Small,0.1554155108818724,0.7606411563482726,0.08302811031163028,0.0009152224582247037
2025-09-05/IMG_1320.JPG,Small,Small,0.39175108344637316,0.5611353815122552,0.04580154072523232,0.001311994316139545
2025-09-05/IMG_1323.JPG,Very Small,Very Small,0.790688973338441,0.19949370946466005,0.00964151730722586,0.00017579988967272202
2025-09-05/IMG_1324.JPG,Small,Small,0.10523853143360208,0.8548531434799046,0.03901224736258313,0.000896077723910451
2025-09-05/IMG_1325.JPG,Very Small,Very Small,0.5242324337155122,0.3867542769146267,0.084799720674092,0.004213568695769358
2025-09-05/IMG_1327.JPG,Very Small,Very Small,0.72622614069948,0.23422647932624122,0.038282657761667685,0.0012647222126109252
2025-09-05/IMG_1329.JPG,Small,Small,0.10983432245018958,0.8424651767720208,0.0470645747986133,0.000635925979176454
2025-09-05/IMG_1330.JPG,Very Small,Very Small,0.7121050855935409,0.18685192713550314,0.1000930270390456,0.0009499602319100252
2025-09-05/IMG_1331.JPG,Very Small,Very Small,0.6054492934789293,0.3588732621897346,0.03207554440410101,0.003601899927234931
2025-09-05/IMG_1332.JPG,Small,Small,0.15537709172568157,0.7526439029525084,0.08048780407842884,0.011491201243381368
2025-09-05/IMG_1333.JPG,Small,Small,0.413850597917089,0.5655485534246647,0.019541630262747366,0.0010592183954985816
2025-09-05/IMG_1334.JPG,Small,Small,0.3837215036374638,0.5850872737786845,0.02846184101818953,0.0027293815656617526
2025-09-05/IMG_1335.JPG,Small,Small,0.14756447144147272,0.796141130328283,0.054822424630742266,0.001471973599502067
2025-09-05/IMG_1336.JPG,Small,Small,0.08894653162624429,0.7163140904662872,0.18589560032491761,0.008843777582550774
2025-09-05/IMG_1337.JPG,Medium,Medium,0.11320104874967422,0.3975950226745394,0.4844457107413225,0.004758217834463825
2025-09-05/IMG_1339.JPG,Small,Small,0.11137339257479316,0.7793681239803587,0.10604230755285146,0.0032161758919965703
2025-09-05/IMG_1340.JPG,Small,Small,0.07830573584812527,0.6607079223870901,0.25110485201744354,0.00988148974734124
2025-09-05/IMG_1341.JPG,Medium,Medium,0.0749104936887998,0.2823609459249702,0.6276481952569959,0.015080365129234087
2025-09-05/IMG_1346.JPG,Small,Small,0.15974721899156288,0.7518557979542552,0.08687415294311644,0.0015228301110654053
2025-09-05/IMG_1347.JPG,Small,Small,0.3078776235530532,0.6353300812841318,0.05679229516281514,0.0
2025-09-05/IMG_1348.JPG,Small,Small,0.05807543224331339,0.8479628300704201,0.09305838809468206,0.0009033495915848857
2025-09-05/IMG_1349.JPG,Medium,Medium,0.10763538017396836,0.3794766507411843,0.5051202008255428,0.007767768259304361
2025-09-05/IMG_1353.JPG,Very Small,Very Small,0.5652520480093849,0.34387848082818345,0.09007842952139036,0.000791041641041641
2025-09-05/IMG_1354.JPG,Medium,Medium,0.3325738829494213,0.28112873768776137,0.3841169809273658,0.0021803984354518894
2025-09-05/IMG_1355.JPG,Small,Small,0.1432684684582129,0.6640419099307275,0.18874946740878723,0.003940154202272658
2025-09-05/IMG_1356.JPG,Medium,Medium,0.0968311806514309,0.3470799349337453,0.5500508829885171,0.006038001426306927
2025-09-05/IMG_1357.JPG,Small,Small,0.39521066429129886,0.5698287529863304,0.034960582722370695,0.0
2025-09-05/IMG_1358.JPG,Small,Small,0.357326484469586,0.534975903364521,0.10378154441476141,0.003916067751131364
2025-09-05/IMG_1360.JPG,Very Small,Very Small,0.7214632420756307,0.22273814132718162,0.055712036510607736,8.658008658008658e-05
2025-09-05/IMG_1362.JPG,Medium,Medium,0.058401835887041,0.06747653265148637,0.8427298216452451,0.03139180981622723
2025-09-05/IMG_1364.JPG,Medium,Medium,0.004551762038817133,0.07185552329254397,0.9073219542499288,0.016270760418709836
2025-09-05/IMG_1365.JPG,Small,Small,0.01787071121598607,0.6917640667233297,0.28865032086475567,0.0017149011959282775
2025-09-05/IMG_1366.JPG,Very Small,Very Small,0.9745555555555554,0.025444444444444447,0.0,0.0
2025-09-05/IMG_1367.JPG,Small,Small,0.06081959349047153,0.8512407404529895,0.08483721295408585,0.0031024531024531022
2025-09-05/IMG_1368.JPG,Small,Small,0.08612124194036946,0.76659381091418,0.14583793728622438,0.0014470098592258866
2025-09-05/IMG_1369.JPG,Small,Small,0.04208693914897087,0.5860201978305719,0.3560990243626866,0.015793838657770287
2025-09-05/IMG_1371.JPG,Small,Small,0.10285003511984543,0.8571628313674483,0.03980812116702724,0.00017901234567901234
2025-09-05/IMG_1372.JPG,Very Small,Medium,0.3902488349512537,0.15057130941563293,0.42709560260684887,0.032084253026264574
2025-09-05/IMG_1374.JPG,Small,Small,0.09264468526157095,0.7319850469404406,0.17248137890909962,0.002888888888888889
2025-09-05/IMG_1375.JPG,Very Small,Very Small,0.9972222222222221,0.0027777777777777775,0.0,0.0
2025-09-05/IMG_1376.JPG,Medium,Medium,0.02426729409204567,0.05354697529378345,0.8920610713924821,0.030124659221688586
2025-09-05/IMG_1378.JPG,Small,Small,0.022552194920638962,0.9468160435579763,0.03063176152138428,0.0
2025-09-05/IMG_1379.JPG,Medium,Medium,0.0394670056669277,0.3282059485863914,0.6110855642596094,0.02124148148707155
2025-09-05/IMG_1382.JPG,Medium,Medium,0.005155503212220371,0.03793281237600725,0.9508902219575943,0.006021462454177644
2025-09-05/IMG_1383.JPG,Medium,Medium,0.038194526333041,0.37196016688060524,0.58873609376366,0.0011092130226943294
2025-09-05/IMG_1385.JPG,Very Small,Very Small,0.713794772746776,0.261559085687829,0.024646141565394915,0.0
2025-09-05/IMG_1386.JPG,Small,Small,0.02197129967042263,0.9088678261836329,0.06912503185203783,3.5842293906810036e-05
2025-09-05/IMG_1387.JPG,Medium,Medium,0.12639866825701215,0.07200962562423399,0.6446696966707199,0.15692200944803372
2025-09-05/IMG_1392.JPG,Very Small,Very Small,0.5493957471372102,0.3927280022515866,0.057231838758980254,0.0006444118522228734
2025-09-05/IMG_1393.JPG,Medium,Medium,0.07291030599059438,0.3875365364868437,0.5343993687340971,0.00515378878846488
2025-09-05/IMG_1395.JPG,Small,Small,0.05119633992831017,0.920558742984248,0.027411583754108074,0.0008333333333333334
2025-09-05/IMG_1396.JPG,Medium,Medium,0.010540398337687433,0.17519526724527618,0.8122435178236812,0.002020816593355241
2025-09-05/IMG_1397.JPG,Very Small,Very Small,0.9916666666666667,0.008333333333333333,0.0,0.0
2025-09-05/IMG_1398.JPG,Very Small,Very Small,0.9140026189088689,0.06894940129315129,0.015027777777777777,0.0020202020202020198
2025-09-05/IMG_1399.JPG,Medium,Medium,0.018601271887622436,0.08463390416432043,0.8906177676547905,0.0061470562932661454
2025-09-05/IMG_1400.JPG,Small,Small,0.028392786652409085,0.8468871584957686,0.12332187800113639,0.0013981768506858112
2025-09-05/IMG_1401.JPG,Small,Small,0.07542338805042574,0.808098568043296,0.10971360799803338,0.006764435908245052
2025-09-05/IMG_1402.JPG,Small,Small,0.03442876729029331,0.9278703315377325,0.03770090117197365,0.0
2025-09-05/IMG_1403.JPG,Very Small,Very Small,0.9375283350907858,0.059214631560075406,0.0032570333491386124,0.0
2025-09-05/IMG_1404.JPG,Small,Small,0.032679173559440326,0.9209590993029152,0.04552839380431142,0.0008333333333333334
2025-09-05/IMG_1405.JPG,Medium,Medium,0.010014877064698315,0.25900306307886156,0.7295310131703752,0.0014510466860646982
2025-09-05/IMG_1406.JPG,Small,Small,0.21415255030906105,0.7210983798508773,0.06474906984006172,0.0
2025-09-05/IMG_1407.JPG,Small,Small,0.041335759345472706,0.75889163029893,0.19669848310844718,0.0030741272471500438
2025-09-05/IMG_1408.JPG,Medium,Medium,0.02913128575332854,0.4393426073851623,0.5307719741006973,0.0007541327608120554
2025-09-05/IMG_1409.JPG,Small,Small,0.026813137785433424,0.9298608089203464,0.04332605329421972,0.0
2025-09-05/IMG_1410.JPG,Medium,Medium,0.0021994725960634547,0.05642752850422944,0.9351799588901012,0.006193040009605538
2025-09-05/IMG_1413.JPG,Medium,Medium,0.005024382399623098,0.0304049642195606,0.9485845195171531,0.015986133863662776
2025-09-05/IMG_1414.JPG,Very Small,Very Small,0.9333253968253967,0.051527777777777777,0.015146825396825395,0.0
2025-09-05/IMG_1416.JPG,Very Small,Very Small,0.9482936507936506,0.050373015873015875,0.0013333333333333335,0.0
2025-09-05/IMG_1417.JPG,Medium,Medium,0.00300793287518897,0.036950960438762726,0.9445297646549771,0.015511342031070805
2025-09-05/IMG_1418.JPG,Small,Small,0.038764799325460154,0.915580890673909,0.04555096889728939,0.00010334110334110333
2025-09-05/IMG_1419.JPG,Small,Small,0.056313668398597014,0.821013412845562,0.12075155069412213,0.0019213680617189389
2025-09-05/IMG_1420.JPG,Small,Small,0.04978964292287565,0.7971183069215751,0.14299919766753494,0.010092852488013778
2025-09-05/IMG_1421.JPG,Very Small,Very Small,0.9030000000000001,0.09265656565656567,0.002121212121212121,0.0022222222222222222
2025-09-05/IMG_1422.JPG,Medium,Medium,0.024954355780281295,0.21894390913294856,0.7516935027300266,0.004408232356743068
2025-09-05/IMG_1423.JPG,Very Small,Very Small,0.6944958869055277,0.2801246451084604,0.02442764203418555,0.0009518259518259518
2025-09-05/IMG_1424.JPG,Small,Small,0.08834166480978373,0.8809625864547356,0.030695748735480706,0.0
2025-09-05/IMG_1425.JPG,Small,Small,0.06898824259007637,0.8712873826229206,0.05959392044602218,0.00013045434098065675
2025-09-05/IMG_1426.JPG,Small,Small,0.10808424073043381,0.8747342773865923,0.017181481882973807,0.0
2025-09-05/IMG_1429.JPG,Medium,Medium,0.004930772736379301,0.14890996902881376,0.8324784409644059,0.013680817270400783
2025-09-05/IMG_1430.JPG,Small,Small,0.12402778897525031,0.8224430540392669,0.05331530417162997,0.00021385281385281386
2025-09-05/IMG_1431.JPG,Medium,Medium,0.05803640397609794,0.21675729361138682,0.7146260662318042,0.010580236180711267
2025-09-05/IMG_1432.JPG,Medium,Medium,0.11495493842086774,0.3043827034067335,0.5741317941460142,0.0065305640263847034
2025-09-05/IMG_1433.JPG,Small,Small,0.05857637434272899,0.7091774333286099,0.2250964342374487,0.00714975809121248
2025-09-05/IMG_1434.JPG,Medium,Medium,0.1401472949406297,0.2317387175027163,0.6236858679943671,0.004428119562286501
2025-09-05/IMG_1435.JPG,Small,Small,0.13805119634406562,0.6189766204757446,0.2213401503365852,0.021632032843604848
2025-09-05/IMG_1436.JPG,Very Small,Very Small,0.7828939729132772,0.19250422902936337,0.024601798057359348,0.0
2025-09-05/IMG_1437.JPG,Very Small,Very Small,0.8911458734071636,0.08054264788597362,0.028073383468767452,0.0002380952380952381
2025-09-05/IMG_1438.JPG,Very Small,Very Small,0.9167049880468446,0.0625747966628933,0.01905354862359538,0.0016666666666666668
2025-09-05/IMG_1440.JPG,Very Small,Very Small,0.9250530160158991,0.06782696114447255,0.007120022839628537,0.0
2025-09-05/IMG_1441.JPG,Very Small,Very Small,0.9038373652345556,0.08034657908623075,0.015816055679213573,0.0
2025-09-05/IMG_1442.JPG,Very Small,Very Small,0.8111192036970281,0.12406989079391681,0.06457281027095994,0.0002380952380952381
2025-09-05/IMG_1444.JPG,Very Small,Very Small,0.7823108806483395,0.19892023363422087,0.018768885717439655,0.0
2025-09-05/IMG_1445.JPG,Very Small,Very Small,0.8800461607630176,0.08716426296011821,0.03278957627686441,0.0
2025-09-05/IMG_1446.JPG,Medium,Medium,0.09814074846488027,0.17451149146569395,0.6953767821163234,0.03197097795310186
2025-09-05/IMG_1447.JPG,Medium,Medium,0.08198304986422769,0.25638585844550715,0.6562701550378143,0.005360936652451009
2025-09-05/IMG_1448.JPG,Medium,Medium,0.0879715609597684,0.38322161443414576,0.521762003748609,0.007044820857476702
2025-09-05/IMG_1450.JPG,Medium,Medium,0.16021930472474877,0.206595761229348,0.6196956693338387,0.013489264712064332
2025-09-05/IMG_1451.JPG,Very Small,Very Small,0.7753330780347686,0.18640846814207315,0.037264920607403024,0.0009935332157554378
2025-09-05/IMG_1452.JPG,Very Small,Very Small,0.8468820408524035,0.14407998920336063,0.008972610467111746,6.5359477124183e-05
2025-09-05/IMG_1453.JPG,Small,Small,0.3370390836326583,0.6321795912347347,0.03072756169174713,5.3763440860215054e-05
2025-09-05/IMG_1456.JPG,Small,Small,0.11420885210271853,0.788009799594601,0.09458077611835164,0.003200572184328683
2025-09-05/IMG_1458.JPG,Small,Small,0.11262423645601054,0.6946925574103698,0.19021770257877904,0.0024655035548403195
2025-09-05/IMG_1459.JPG,Very Small,Very Small,0.5833395059816476,0.3633433862509122,0.05301451759556897,0.0003025901718712176
2025-09-05/IMG_1460.JPG,Small,Small,0.1698637531618048,0.7584715875630615,0.06925562337875692,0.0024090358963766243
2025-09-05/IMG_1461.JPG,Medium,Medium,0.04388454642400279,0.40900596755819973,0.5462985792378541,0.000810906779943642
2025-09-05/IMG_1462.JPG,Small,Small,0.14936701963472016,0.8000101638249658,0.04840059431809186,0.0022222222222222222
2025-09-05/IMG_1464.JPG,Very Small,Very Small,0.44363417543644884,0.4018237701032185,0.1489309492805253,0.00561110517980747
2025-09-05/IMG_1466.JPG,Very Small,Very Small,0.9206111111111112,0.07938888888888887,0.0,0.0
2025-09-05/IMG_1467.JPG,Small,Small,0.24595027423465596,0.7414945931528701,0.01255513261247385,0.0
2025-09-05/IMG_1468.JPG,Very Small,Very Small,0.861238095238095,0.13126190476190475,0.0075,0.0
2025-09-05/IMG_1469.JPG,Very Small,Very Small,0.9755555555555556,0.024444444444444442,0.0,0.0
2025-09-05/IMG_1470.JPG,Small,Small,0.15674776704954602,0.815805723201798,0.025455167757313758,0.0019913419913419913
2025-09-05/IMG_1472.JPG,Large,Large,0.07274843374155268,0.0585809343932605,0.24287804250867923,0.6257925893565076
2025-09-05/IMG_1475.JPG,Medium,Medium,0.002832007288193354,0.04269175109149395,0.9451032876343098,0.00937295398600244
2025-09-05/IMG_1476.JPG,Small,Small,0.10443824674886706,0.8631413540881014,0.032420399163031625,0.0
2025-09-05/IMG_1477.JPG,Small,Small,0.08937773825758462,0.7876632946285244,0.1131012217145595,0.009857745399331777
2025-09-05/IMG_1480.JPG,Small,Small,0.07246715384503985,0.6460120749219528,0.25374112535721144,0.02777964587579542
2025-09-05/IMG_1481.JPG,Small,Small,0.08691329656720337,0.7002250645180461,0.18836486650748793,0.024496772407262554
2025-09-05/IMG_1482.JPG,Small,Small,0.27237812088596547,0.6866887611484507,0.0397354267678925,0.0011976911976911977
2025-09-05/IMG_1483.JPG,Small,Small,0.15860642570338923,0.8167293947405447,0.02466417955606614,0.0
2025-09-05/IMG_1484.JPG,Very Small,Very Small,0.7882347081260125,0.20314788311527449,0.006597206738511085,0.0020202020202020198
2025-09-05/IMG_1485.JPG,Medium,Medium,0.02018258229086604,0.06414367607910193,0.8764589790856515,0.03921476254438037
2025-09-05/IMG_1486.JPG,Large,Large,0.14519763444843098,0.05048552236638959,0.23336488443424155,0.5709519587509378
2025-09-05/IMG_1487.JPG,Medium,Medium,0.044280255031972665,0.1796669586882991,0.7564304269601116,0.0196223593196164
2025-09-05/IMG_1490.JPG,Medium,Medium,0.0781136589600997,0.12721177859653335,0.7575483087408745,0.03712625370249255
2025-09-05/IMG_1491.JPG,Small,Small,0.07020114907002442,0.543198404141887,0.35920528674749674,0.02739516004059182
2025-09-05/IMG_1492.JPG,Small,Small,0.05606159226963959,0.6358920922180499,0.3058080489100035,0.002238266602307181
2025-09-05/IMG_1493.JPG,Small,Small,0.0961429492031318,0.8740173045238429,0.028764463531076114,0.0010752827419494085
2025-09-05/IMG_1495.JPG,Small,Small,0.052792315612104575,0.8158369639878784,0.12896948583211548,0.0024012345679012346
2025-09-05/IMG_1496.JPG,Medium,Medium,0.06898826875843554,0.109326313316502,0.7722376614895209,0.049447756435541335
2025-09-05/IMG_1498.JPG,Small,Small,0.10337214336656235,0.8555658668610399,0.04106198977239793,0.0
2025-09-05/IMG_1500.JPG,Small,Small,0.03775732469869987,0.9268112190673721,0.03543145623392745,0.0
2025-09-05/IMG_1501.JPG,Small,Small,0.06980469150728545,0.8792009347404978,0.04986353545471215,0.0011308382975049641
2025-09-05/IMG_1502.JPG,Small,Small,0.08195263052704672,0.8539436339986953,0.06404312941365152,6.0606060606060605e-05
2025-09-05/IMG_1505.JPG,Small,Small,0.054833994859278,0.7620183715538585,0.1820167952893584,0.0011308382975049641
2025-09-05/IMG_1506.JPG,Small,Small,0.030872576888908786,0.8654821274218739,0.10245188005135689,0.0011934156378600822
2025-09-05/IMG_1507.JPG,Small,Small,0.12560311377325703,0.8485407345087349,0.02484877021062662,0.0010073815073815074
2025-09-05/IMG_1508.JPG,Medium,Medium,0.03237930008018233,0.4670811768453717,0.4994134013693052,0.0011261217051408224
2025-09-05/IMG_1510.JPG,Medium,Medium,0.006798877633293901,0.049845663533325854,0.9369657030603645,0.006389755773015435
2025-09-05/IMG_1511.JPG,Small,Small,0.3528295166688379,0.6041334876991808,0.034747976966163246,0.008289018665818142
2025-09-05/IMG_1512.JPG,Small,Small,0.2757592028359748,0.6591588692474711,0.0617067706599191,0.0033751572566351113
2025-09-05/IMG_1513.JPG,Small,Small,0.20114753304104507,0.738471552301239,0.05941792187050012,0.0009629927872163589
2025-09-05/IMG_1514.JPG,Small,Small,0.46174998858357197,0.5114940627208796,0.02640793511549418,0.00034801358005411736
2025-09-05/IMG_1515.JPG,Very Small,Very Small,0.7290442273777755,0.2449060830989094,0.02564560632441114,0.00040408319890434575
2025-09-05/IMG_1516.JPG,Very Small,Very Small,0.8379894124807664,0.14826218373058628,0.013638502404992835,0.00010990138365445555
2025-09-05/IMG_1517.JPG,Small,Small,0.36094211334410775,0.6023605748291105,0.035668058494126735,0.0010292533326551284
2025-09-05/IMG_1518.JPG,Small,Small,0.234601364192846,0.7082084183117869,0.05457471718023883,0.002615500315128259
2025-09-05/IMG_1519.JPG,Small,Small,0.28732389826675536,0.6707766244314218,0.04097937901547345,0.0009200982863493795
2025-09-05/IMG_1520.JPG,Small,Small,0.2852955467357762,0.6764144273671706,0.037850334785202,0.0004396911118514096
2025-09-05/IMG_1522.JPG,Very Small,Very Small,0.8015224514229258,0.183242596509191,0.01495165850263982,0.0002832935652433584
2025-09-05/IMG_1523.JPG,Very Small,Very Small,0.6347365954232099,0.32863829577496634,0.035311623890256875,0.0013134849115670907
2025-09-05/IMG_1524.JPG,Small,Small,0.24741837934047364,0.6960332630363228,0.05428168188943128,0.0022666757337725238
2025-09-05/IMG_1525.JPG,Very Small,Very Small,0.694617377171094,0.2836484864437887,0.019281032972497336,0.0024531034126200326
2025-09-05/IMG_1527.JPG,Small,Small,0.22377875031569014,0.7160522130170683,0.05911129336914576,0.001057743298095902
2025-09-05/IMG_1528.JPG,Small,Small,0.2633441797602718,0.685280917897154,0.050808555668594574,0.0005663466739801191
2025-09-05/IMG_1529.JPG,Small,Small,0.15853792053721802,0.7899754109128732,0.051314145044636245,0.00017252350527245338
2025-09-05/IMG_1530.JPG,Small,Small,0.1662770529933619,0.7508005702501296,0.0814773114585748,0.0014450652979339665
2025-09-05/IMG_1531.JPG,Small,Small,0.1205670593783103,0.7469048362617663,0.1316397757903623,0.0008883285695610852
2025-09-05/IMG_1532.JPG,Very Small,Very Small,0.6711482004386833,0.30241765904673573,0.02626847409797688,0.00016566641660415105
2025-09-05/IMG_1533.JPG,Small,Small,0.10195834087636566,0.8160799175376866,0.08173622257871288,0.00022551900723436361
2025-09-05/IMG_1534.JPG,Small,Small,0.15911591396706287,0.7578672214480678,0.08214053721044555,0.0008763273744235203
2025-09-05/IMG_1535.JPG,Small,Small,0.09426118661910426,0.8084876504439776,0.09629459118013343,0.0009565717567844432
2025-09-05/IMG_1536.JPG,Small,Small,0.4323915661216475,0.5441963580884297,0.023144016585238892,0.00026805920468363025
2025-09-05/IMG_1537.JPG,Very Small,Very Small,0.769427745692081,0.21193960360918893,0.018556530562729667,7.612013600037552e-05
2025-09-05/IMG_1538.JPG,Very Small,Very Small,0.7322384511568726,0.23780951974264042,0.02958537552237098,0.0003666535781157499
2025-09-05/IMG_1539.JPG,Very Small,Very Small,0.843221289474939,0.1332932097796976,0.023418401178264114,6.70995670995671e-05
2025-09-05/IMG_1540.JPG,Very Small,Very Small,0.8868611672552894,0.10770239532647838,0.005393147374942475,4.329004329004329e-05
2025-09-05/IMG_1541.JPG,Small,Small,0.12409871326144022,0.8339235039619968,0.04079345113594006,0.0011843316406231867
2025-09-05/IMG_1542.JPG,Small,Small,0.29513959183659483,0.64149399162489,0.06240520398698713,0.0009612125515279102
2025-09-05/IMG_1544.JPG,Very Small,Very Small,0.5824561151143351,0.361618191046352,0.05251397353533432,0.003411720303978667
2025-09-05/IMG_1545.JPG,Very Small,Small,0.42769470073734617,0.48560175895176644,0.08019858636543854,0.006504953945449127
2025-09-05/IMG_1549.JPG,Very Small,Very Small,0.7082975931086202,0.2631316729909453,0.027829526044551602,0.0007412078558830765
2025-09-05/IMG_1550.JPG,Very Small,Very Small,0.6199518458603569,0.353200264044958,0.02590422626872529,0.0009436638259596466
2025-09-05/IMG_1551.JPG,Small,Small,0.16729302615961508,0.7460461120049517,0.08561185089504693,0.001049010940386251
2025-09-05/IMG_1552.JPG,Medium,Small,0.3433263146003975,0.46726784392622883,0.1885461956542926,0.0008596458190812266
2025-09-05/IMG_1553.JPG,Very Small,Very Small,0.5429416672879754,0.4020816793378751,0.05380704927144644,0.0011696041027029664
2025-09-05/IMG_1554.JPG,Small,Small,0.3280958371306138,0.6147635919520548,0.05658655946507114,0.0005540114522600113
2025-09-05/IMG_1555.JPG,Very Small,Very Small,0.6058237134431652,0.35463605604687937,0.03914412302058182,0.0003961074893736972
2025-09-05/IMG_1557.JPG,Very Small,Very Small,0.7016859056486812,0.2685640215054854,0.02952906003877069,0.00022101280706251998
2025-09-05/IMG_1558.JPG,Small,Small,0.3548662411625971,0.60056405408862,0.04395762197331213,0.0006120827754706083
2025-09-05/IMG_1559.JPG,Small,Small,0.22342217395889907,0.7101029992404406,0.06327758117358248,0.0031972456270781525
2025-09-05/IMG_1560.JPG,Small,Small,0.3599992598307894,0.5915682281823655,0.04791513474383594,0.0005173772430090821
2025-09-05/IMG_1562.JPG,Very Small,Very Small,0.6864058975643604,0.28162922449238004,0.03083810536811782,0.001126772575141483
2025-09-05/IMG_1564.JPG,Very Small,Small,0.44842455860844155,0.4675233386876551,0.0821987373565831,0.0018533653473201688
2025-09-05/IMG_1565.JPG,Very Small,Small,0.37634534193042496,0.4145795210788659,0.19380073769643102,0.015274399294278306
2025-09-05/IMG_1566.JPG,Small,Small,0.46145483782252494,0.502742984566842,0.035089084185827776,0.0007130934248054715
2025-09-05/IMG_1568.JPG,Small,Small,0.19562941378438295,0.7286148732794376,0.07356903481762041,0.0021866781185591972
2025-09-05/IMG_1569.JPG,Very Small,Very Small,0.672619492374226,0.2832563781451629,0.04345566092492933,0.0006684685556815067
2025-09-05/IMG_1570.JPG,Very Small,Very Small,0.6046233223688411,0.3218260594286711,0.06615527805942571,0.007395340143062168
2025-09-05/IMG_1571.JPG,Small,Small,0.08494335049450476,0.712067051704098,0.19835256818489447,0.004637029616502462
2025-09-05/IMG_1572.JPG,Medium,Medium,0.05442553888269675,0.3443199928390585,0.5957533185541004,0.0055011497241445025
2025-09-05/IMG_1574.JPG,Small,Small,0.12583878816958935,0.7466717666578911,0.12540341157898513,0.0020860335935342753
2025-09-05/IMG_1576.JPG,Very Small,Very Small,0.8629800288064323,0.12678290400895284,0.010114907554258904,0.00012215963035635166
2025-09-05/IMG_1577.JPG,Very Small,Very Small,0.603173773630732,0.3547065605669729,0.03950660442986232,0.0026130613724327945
2025-09-05/IMG_1579.JPG,Small,Small,0.23234759231205246,0.7121634210695146,0.05061646315310386,0.004872523465329188
2025-09-05/IMG_1580.JPG,Small,Small,0.12039748565068635,0.7414012431355114,0.13472554807354456,0.0034757231402577004
2025-09-05/IMG_1581.JPG,Small,Small,0.0960063379180096,0.7782506283109437,0.12105887087951471,0.0046841628915319875
2025-09-05/IMG_1582.JPG,Medium,Medium,0.058330148990592884,0.4125265519255466,0.5247516440229101,0.004391655060950115
2025-09-05/IMG_1583.JPG,Small,Small,0.10556583998480354,0.6410667424528855,0.23771115485007263,0.01565626271223787
2025-09-05/IMG_1585.JPG,Medium,Small,0.2306263429004116,0.5073624186178427,0.2580497116731618,0.003961526808584539
2025-09-05/IMG_1586.JPG,Very Small,Very Small,0.4589130967331677,0.41211637125791806,0.1254290192676232,0.0035415127412910426
2025-09-05/IMG_1588.JPG,Very Small,Very Small,0.8127046385668226,0.13671465536035932,0.05044762293973476,0.0001330831330831331
2025-09-05/IMG_1589.JPG,Very Small,Very Small,0.6558133778342295,0.31631965797871914,0.026864238949526845,0.0010027252375243189
2025-09-05/IMG_1590.JPG,Small,Small,0.27696840611709955,0.68179579673759,0.03969415163932821,0.0015416455059823987
2025-09-05/IMG_1591.JPG,Very Small,Very Small,0.6609162646692942,0.2188141129233408,0.0679708391931586,0.05229878321420655
2025-09-05/IMG_1592.JPG,Small,Small,0.24319479285671336,0.6587103632034551,0.08878688482716758,0.00930795911266443
2025-09-05/IMG_1593.JPG,Very Small,Very Small,0.7489689314662452,0.18230515687643026,0.057227174735719755,0.011498736921604757
2025-09-05/IMG_1595.JPG,Small,Small,0.33662365154689333,0.6283493144810132,0.033776594109819966,0.0012504398622734943
2025-09-05/IMG_1596.JPG,Very Small,Very Small,0.7303667919696666,0.24673582829139415,0.022274077321995652,0.0006233024169437429
2025-09-05/IMG_1597.JPG,Very Small,Small,0.4453257135820196,0.4792999338685199,0.07476170942868685,0.0006126431207738238
2025-09-05/IMG_1598.JPG,Small,Small,0.42833634597006875,0.5336967168537666,0.037442418522683055,0.0005245186534817522
2025-09-05/IMG_1599.JPG,Small,Small,0.1404649330394242,0.7177784307061762,0.13766154955947044,0.004095086694928909
2025-09-05/IMG_1600.JPG,Small,Small,0.09227632016380978,0.7965145929618052,0.1093571746442741,0.0018519122301109425
2025-09-05/IMG_1601.JPG,Small,Small,0.1277249693493729,0.7740634320521942,0.09528252507212188,0.0029290735263109917
2025-09-05/IMG_1602.JPG,Medium,Medium,0.09546546669802103,0.4203573735562568,0.47998626210369955,0.004190897642022548
2025-09-05/IMG_1603.JPG,Medium,Small,0.13191963342883017,0.5613235212171545,0.30464435991262173,0.0021124854413937725
2025-09-05/IMG_1604.JPG,Small,Small,0.10740108541526508,0.7739920955070051,0.11738306790607934,0.0012237511716503538
2025-09-05/IMG_1605.JPG,Small,Small,0.13332859942069838,0.7567874402477702,0.10859617704149971,0.0012877832900319286
2025-09-05/IMG_1606.JPG,Small,Small,0.0723993018170399,0.6769580450090223,0.24525572417388772,0.005386929000049575
2025-09-05/IMG_1607.JPG,Medium,Medium,0.059572523159872465,0.24031504116418304,0.6813560362352584,0.01875639944068632
2025-09-05/IMG_1608.JPG,Small,Small,0.30497650861341624,0.6311503213127029,0.06268142946046863,0.0011917406134123157
2025-09-29/IMG_1672.JPG,Small,Small,0.14420822827895216,0.8246881069668045,0.030574838389334627,0.0005288263649086124
2025-09-29/IMG_1673.JPG,Small,Small,0.16679675138663425,0.8034046686435826,0.02917863940841508,0.0006199405613681751
2025-09-29/IMG_1674.JPG,Small,Small,0.031051899830418773,0.7691628655368044,0.19760330084219452,0.0021819337905823774
2025-09-29/IMG_1675.JPG,Medium,Medium,0.04783444620136718,0.27856500006741597,0.6605914688519254,0.013009084879291154
2025-09-29/IMG_1677.JPG,Small,Small,0.029721140075998048,0.6397034064631207,0.32686801023182127,0.0037074432290597065
2025-09-29/IMG_1678.JPG,Small,Small,0.10404124596889469,0.8471855995054579,0.048773154525647094,0.0
2025-09-29/IMG_1679.JPG,Medium,Medium,0.009894740577510308,0.14068103972292748,0.8442798787580642,0.00514434094149786
2025-09-29/IMG_1681.JPG,Medium,Medium,0.00346678603459292,0.03942962522367959,0.9471618304259797,0.009941758315747859
2025-09-29/IMG_1684.JPG,Medium,Medium,0.014478611500302864,0.07933541594916106,0.9005665165427509,0.005619456007785373
2025-09-29/IMG_1685.JPG,Very Small,Very Small,0.7740361716092315,0.15795982140914142,0.0675333674610813,0.0004706395205457351
2025-09-29/IMG_1688.JPG,Very Small,Very Small,0.9656666666666667,0.03266666666666667,0.0016666666666666668,0.0
2025-09-29/IMG_1689.JPG,Very Small,Very Small,0.5600504752206957,0.3905526477956086,0.04913554900316241,0.000261327980533372
2025-09-29/IMG_1690.JPG,Medium,Medium,0.018919966350384974,0.1658810023894246,0.8107168064179973,0.004482224842193649
2025-09-29/IMG_1691.JPG,Medium,Medium,0.006494196616698162,0.060334514218840334,0.9174487552094053,0.015722533955056402
2025-09-29/IMG_1692.JPG,Medium,Medium,0.022782307682853668,0.19228290515535246,0.7801429907835529,0.0047917963782409395
2025-09-29/IMG_1693.JPG,Medium,Medium,0.0380032391600871,0.34006246897199854,0.6168042294396536,0.005130062428260813
2025-09-29/IMG_1697.JPG,Medium,Small,0.033795492774730845,0.5112463857490505,0.45219444842856965,0.0027636730476486935
2025-09-29/IMG_1699.JPG,Medium,Medium,0.01794959689271614,0.21561100960737944,0.7495794097196921,0.01685998378021231
2025-09-29/IMG_1700.JPG,Small,Small,0.02951525674049241,0.6900346406848789,0.2772065873409734,0.003243515233654802
2025-09-29/IMG_1701.JPG,Small,Small,0.33931543320627083,0.6125868650468025,0.04809770174692623,0.0
2025-09-29/IMG_1702.JPG,Very Small,Very Small,0.5054253303107162,0.3964976958441234,0.09807697384516041,0.0
2025-09-29/IMG_1703.JPG,Very Small,Very Small,0.6923062401975872,0.2828323447351267,0.024800809006679813,6.0606060606060605e-05
2025-09-29/IMG_1704.JPG,Medium,Medium,0.00986812200931272,0.21591056666485775,0.7698390266961636,0.004382284629666112
2025-09-29/IMG_1705.JPG,Very Small,Very Small,0.9502513104466593,0.023090426248018586,0.023324929971988796,0.0033333333333333335
2025-09-29/IMG_1706.JPG,Medium,Medium,0.016378602211990452,0.1907246282449633,0.7850955604373828,0.007801209105663715
2025-09-29/IMG_1707.JPG,Small,Small,0.05273620008499263,0.8870691597343197,0.059789575957451706,0.000405064223236023
2025-09-29/IMG_1708.JPG,Small,Small,0.09008510866558858,0.865830247889151,0.04367957922202439,0.000405064223236023
2025-09-29/IMG_1709.JPG,Small,Small,0.044048662368155064,0.7362198459139367,0.2187175043435462,0.0010139873743618014
2025-09-29/IMG_1710.JPG,Medium,Medium,0.0036998571475501912,0.05833417529573351,0.9308882766506599,0.007077690906056475
2025-09-29/IMG_1711.JPG,Very Small,Very Small,0.9809444444444444,0.01905555555555555,0.0,0.0
2025-09-29/IMG_1712.JPG,Small,Small,0.23150795585023345,0.6337105711127271,0.13172358297665118,0.0030578900603883572
2025-09-29/IMG_1713.JPG,Medium,Medium,0.0812163106218025,0.3204514293674115,0.5918832575036945,0.006449002507091301
2025-09-29/IMG_1714.JPG,Medium,Medium,0.004735262423812362,0.04224198208145922,0.9440573074771744,0.008965448017553876
2025-09-29/IMG_1715.JPG,Very Small,Very Small,0.957481469176818,0.02408176823936058,0.01677009591715474,0.0016666666666666668
2025-09-29/IMG_1716.JPG,Very Small,Very Small,0.53010431663506,0.4052823673465734,0.06419770160490526,0.0004156144134613669
2025-09-29/IMG_1717.JPG,Medium,Medium,0.021599279995266032,0.15255843222875648,0.8189187394887405,0.006923548287236896
2025-09-29/IMG_1718.JPG,Small,Small,0.2166879024959003,0.7487792915528968,0.03233457948630977,0.0021982264648931315
2025-09-29/IMG_1719.JPG,Very Small,Very Small,0.9779444444444444,0.020388888888888887,0.0016666666666666668,0.0
2025-09-29/IMG_1720.JPG,Small,Small,0.31549173422659593,0.6357526433093511,0.04875562246405295,0.0
2025-09-29/IMG_1721.JPG,Very Small,Very Small,0.9961111111111111,0.0038888888888888883,0.0,0.0
2025-09-29/IMG_1722.JPG,Very Small,Very Small,0.5714295496651465,0.40502076678376997,0.023062009449549337,0.0004876741015341268
2025-09-29/IMG_1723.JPG,Medium,Medium,0.008218570605625372,0.11083315001611183,0.8750950840206743,0.005853195357588375
2025-09-29/IMG_1725.JPG,Small,Small,0.062056028927935145,0.8223187671427129,0.11495855461406403,0.000666649315288111
2025-09-29/IMG_1726.JPG,Small,Small,0.045648664048300695,0.8611926197945763,0.09231340782201422,0.0008453083351089048
2025-09-29/IMG_1727.JPG,Very Small,Very Small,0.9855555555555554,0.014444444444444444,0.0,0.0
2025-09-29/IMG_1728.JPG,Very Small,Very Small,0.9983333333333333,0.0016666666666666668,0.0,0.0
2025-09-29/IMG_1729.JPG,Very Small,Very Small,1.0,0.0,0.0,0.0
2025-09-29/IMG_1731.JPG,Small,Small,0.10479278130097165,0.8007387340678268,0.09363108949662173,0.0008373951345798362
2025-09-29/IMG_1732.JPG,Very Small,Very Small,0.9680555555555554,0.03194444444444444,0.0,0.0
2025-09-29/IMG_1735.JPG,Very Small,Very Small,0.7547183821108387,0.23264045560469024,0.01260001002109663,4.115226337448559e-05
2025-09-29/IMG_1736.JPG,Very Small,Very Small,0.9323553075404887,0.051174333736007965,0.01642920646012889,4.115226337448559e-05
2025-09-29/IMG_1737.JPG,Small,Small,0.23282923116882642,0.7391994920943825,0.027513372357697897,0.00045790437909300956
2025-09-29/IMG_1738.JPG,Medium,Medium,0.00538781451013251,0.09885227175027719,0.8925166957831578,0.0032432179564326324
2025-09-29/IMG_1739.JPG,Small,Small,0.07290320575670062,0.7587207503813423,0.16792654214741218,0.0004495017145446031
2025-09-29/IMG_1740.JPG,Small,Small,0.17541581393272507,0.796395141762939,0.027660217939426916,0.0005288263649086124
2025-09-29/IMG_1742.JPG,Small,Small,0.06440530457530745,0.7482810487145858,0.18616732431519034,0.0011463223949164144
2025-09-29/IMG_1746.JPG,Medium,Medium,0.06775439508837536,0.3810420746470166,0.5444512996067924,0.006752230657815618
2025-09-29/IMG_1748.JPG,Very Small,Very Small,0.7286757497659482,0.23491165543038736,0.03450783289890242,0.0019047619047619048
2025-09-29/IMG_1750.JPG,Medium,Medium,0.0332320611725398,0.20835811085883202,0.7434706049434264,0.01493922302520164
2025-09-29/IMG_1751.JPG,Small,Small,0.3440122667816786,0.6469277561396003,0.009006213637861043,5.3763440860215054e-05
2025-09-29/IMG_1752.JPG,Small,Small,0.27418520821790504,0.6969045644414849,0.02842580351890429,0.00048442382170588237
2025-09-29/IMG_1753.JPG,Small,Small,0.1884093850653927,0.7635671978218933,0.047234624819973085,0.0007887922927410202
2025-09-29/IMG_1754.JPG,Very Small,Very Small,0.8228414021165349,0.16987639071864932,0.0072822071648158595,0.0
2025-09-29/IMG_1755.JPG,Medium,Medium,0.13050769964329464,0.18692117573167089,0.6749667738053838,0.00760435081965065
2025-09-29/IMG_1757.JPG,Very Small,Very Small,0.6170222936613596,0.3416565743821011,0.03957754221294942,0.0017435897435897436
2025-09-29/IMG_1759.JPG,Very Small,Very Small,0.6890336022766382,0.2595823729678594,0.04943370141629055,0.001950323339212228
2025-09-29/IMG_1760.JPG,Very Small,Very Small,0.8656409487538266,0.13089584501506446,0.0034632062311090446,0.0
2025-09-29/IMG_1761.JPG,Small,Small,0.10049828370162216,0.8420976997139374,0.05698781038107848,0.00041620620336164525
2025-09-29/IMG_1763.JPG,Medium,Medium,0.0583687344569038,0.24120304212706173,0.695093906895072,0.005334316520962139
2025-09-29/IMG_1764.JPG,Small,Small,0.3724309007756375,0.6118890818732925,0.01563728230833494,4.2735042735042735e-05
2025-09-29/IMG_1768.JPG,Medium,Medium,0.09718055386571921,0.3672539391577688,0.5192934853460849,0.016272021630427083
2025-09-29/IMG_1769.JPG,Medium,Small,0.10963104421973484,0.47052633739981187,0.4130697586881291,0.006772859692323979
2025-09-29/IMG_1770.JPG,Very Small,Very Small,0.9896791603745091,0.003058934863586026,0.007261904761904763,0.0
2025-09-29/IMG_1772.JPG,Very Small,Very Small,0.9555769012962937,0.026960726375035122,0.017462372328671143,0.0
2025-09-29/IMG_1773.JPG,Very Small,Very Small,0.9920000000000001,0.008,0.0,0.0
2025-09-29/IMG_1776.JPG,Very Small,Very Small,0.9895661560310184,0.007078614497453303,0.0033552294715282825,0.0
2025-09-29/IMG_1777.JPG,Very Small,Very Small,0.9616258351883393,0.021068935340132638,0.017305229471528284,0.0
2025-09-29/IMG_1779.JPG,Very Small,Very Small,0.974206063946509,0.018766484359740484,0.007027451693750505,0.0
2025-09-29/IMG_1780.JPG,Small,Small,0.15399246616636028,0.6980374431331237,0.14178546068775438,0.006184630012761965
2025-09-29/IMG_1781.JPG,Small,Small,0.062219772088115605,0.6887524717268043,0.2415494333741377,0.007478322810942379
2025-09-29/IMG_1784.JPG,Small,Small,0.05528602208330214,0.6809350571555935,0.2586445984089789,0.005134322352125571
2025-09-29/IMG_1785.JPG,Very Small,Very Small,0.9706941259432258,0.019612058903045355,0.0013604818203955115,0.008333333333333333
2025-09-29/IMG_1786.JPG,Very Small,Very Small,0.9527551823292356,0.037375855764049816,0.009868961906714838,0.0
2025-09-29/IMG_1787.JPG,Very Small,Very Small,0.9877671222145934,0.009988759424989536,0.0022441183604171716,0.0
2025-09-29/IMG_1788.JPG,Very Small,Very Small,0.6159720543861854,0.3278281079009171,0.05424973842137053,0.001950099291526905
2025-09-29/IMG_1791.JPG,Very Small,Very Small,0.9792345080909435,0.014918783036779147,0.005846708872277347,0.0
2025-09-29/IMG_1792.JPG,Small,Small,0.27608037625687865,0.6463156632944927,0.07625891374619774,0.0013450467024312903
2025-09-29/IMG_1793.JPG,Very Small,Very Small,0.9022654652323735,0.06922811567116352,0.02209227768232185,0.006414141414141414
2025-09-29/IMG_1794.JPG,Very Small,Very Small,0.9746111111111109,0.024055555555555556,0.0013333333333333335,0.0
2025-09-29/IMG_1797.JPG,Small,Small,0.10471113896608691,0.7111200477210968,0.16589440102274314,0.01827441229007343
2025-09-29/IMG_1799.JPG,Small,Small,0.25384496720412786,0.7032357258075828,0.041032725361892994,0.0018865816263963367
2025-09-29/IMG_1800.JPG,Very Small,Very Small,0.8634085823476341,0.11302827492564198,0.023320384668788798,0.0002427580579355365
2025-09-29/IMG_1801.JPG,Very Small,Very Small,0.9772429899141454,0.013482816537467702,0.009274193548387096,0.0
2025-09-29/IMG_1802.JPG,Very Small,Very Small,0.9771551756815943,0.01821975357703632,0.004625070741369553,0.0
2025-09-29/IMG_1803.JPG,Very Small,Very Small,0.9634494421810292,0.026689283503857013,0.008106888350201553,0.0017543859649122805
2025-09-29/IMG_1804.JPG,Very Small,Very Small,0.98200489467605,0.01235186415651532,0.005643241167434716,0.0
2025-09-29/IMG_1806.JPG,Very Small,Very Small,0.6543590051229579,0.32663064116490564,0.017550106447577526,0.001460247264559039
2025-09-29/IMG_1809.JPG,Medium,Medium,0.0482812300279571,0.20138036350881872,0.7063350581192416,0.04400334834398256
2025-09-29/IMG_1811.JPG,Medium,Small,0.31259062656110903,0.36050421076768707,0.3269051626712038,0.0
2025-09-29/IMG_1815.JPG,Very Small,Very Small,0.8205957034962286,0.15696631847266102,0.02070462291727874,0.0017333551138317626
2025-09-29/IMG_1816.JPG,Very Small,Very Small,0.767845667501464,0.18732091860226815,0.03449626553001527,0.010337148366252748
2025-09-29/IMG_1817.JPG,Very Small,Very Small,0.9474351032138018,0.03405554443945387,0.01735708897225882,0.0011522633744855966
2025-09-29/IMG_1818.JPG,Very Small,Very Small,0.6266184832292028,0.34835084139451516,0.023297320262450297,0.0017333551138317626
2025-09-29/IMG_1819.JPG,Small,Small,0.12855076229662313,0.8094976979387771,0.06050578979673553,0.0014457499678644198
2025-09-29/IMG_1820.JPG,Very Small,Very Small,0.9676253681069553,0.020281876096449606,0.010338369831683033,0.0017543859649122805
2025-09-29/IMG_1821.JPG,Very Small,Very Small,0.9728769908924843,0.012888899321279217,0.007567443119569925,0.006666666666666667
2025-09-29/IMG_1822.JPG,Very Small,Very Small,0.948804997984627,0.020152755102311046,0.022615016866113617,0.008427230046948357
2025-09-29/IMG_1824.JPG,Medium,Medium,0.0533970795005565,0.26640255391381107,0.6478072524573626,0.03239311412826966
2025-09-29/IMG_1825.JPG,Small,Small,0.15618501691837242,0.6411658998384865,0.18818638028695556,0.014462702956185918
2025-09-29/IMG_1826.JPG,Small,Small,0.2359465754142119,0.7096415524111473,0.054047514310282714,0.0003643578643578643
2025-09-29/IMG_1827.JPG,Medium,Medium,0.06157963770964566,0.27951778706451896,0.6511771378936126,0.007725437332222584
2025-09-29/IMG_1828.JPG,Small,Small,0.41601577139246115,0.5740230119082278,0.009961216699311,0.0
2025-09-29/IMG_1830.JPG,Small,Small,0.053427710859021954,0.834807678024869,0.10826240723152192,0.0035022038845870223
2025-09-29/IMG_1831.JPG,Small,Small,0.07097497508899009,0.8750980602103361,0.05369508546879491,0.00023187923187923185
2025-09-29/IMG_1832.JPG,Small,Small,0.05514612968196492,0.8828961642856221,0.06172083158491244,0.00023687444750063346
2025-09-29/IMG_1833.JPG,Small,Small,0.10734007609581608,0.8390783895784215,0.05353879928302701,4.2735042735042735e-05
2025-09-29/IMG_1834.JPG,Small,Small,0.031509603986388225,0.7701518164707427,0.19431791719981428,0.004020662343054878
2025-09-29/IMG_1835.JPG,Small,Small,0.0693873718308086,0.8818421457391906,0.048672191831710065,9.829059829059829e-05
2025-09-29/IMG_1836.JPG,Small,Small,0.05584034741877144,0.8775846056692171,0.06587235254755203,0.0007026943644590705
2025-09-29/IMG_1838.JPG,Small,Small,0.09802748380849553,0.7277155135338508,0.16970440780462692,0.004552594853026994
2025-09-29/IMG_1840.JPG,Small,Small,0.10240050891041742,0.8593163718012509,0.037980529116460215,0.0003025901718712176
2025-09-29/IMG_1841.JPG,Small,Small,0.06864053461692296,0.8532951102576695,0.07784974886504921,0.00021460626035789434
2025-09-29/IMG_1843.JPG,Small,Small,0.23361708240847492,0.6892313797756859,0.0771515378158387,0.0
2025-09-29/IMG_1844.JPG,Small,Small,0.028179713787818486,0.7566598646239162,0.20820882459793286,0.006951596990332402
2025-09-29/IMG_1845.JPG,Small,Small,0.07204525531768567,0.8708088401640675,0.057023416016673135,0.0001224885015734689
2025-09-29/IMG_1846.JPG,Small,Small,0.07845483055736696,0.8436359432691034,0.0778680739101547,4.115226337448559e-05
2025-09-29/IMG_1847.JPG,Medium,Small,0.13837950611159494,0.4595865436968944,0.4018886510462115,0.0001452991452991453
2025-09-29/IMG_1848.JPG,Medium,Small,0.06729424853253602,0.6138660197660962,0.3186765615381975,0.00016317016317016317
2025-09-29/IMG_1849.JPG,Small,Small,0.15245902285861068,0.5021877978169372,0.28119590585653564,0.06415727346791679
2025-09-29/IMG_1850.JPG,Small,Small,0.15269062047972495,0.7177923042687565,0.12845749376907034,0.0010595814824486424
2025-09-29/IMG_1854.JPG,Very Small,Very Small,0.6901012584327932,0.2726017987795199,0.037210543363051955,8.639942463471876e-05
2025-09-29/IMG_1857.JPG,Very Small,Very Small,0.674412255479813,0.22150780227759975,0.103750131567949,0.0003298106746382608
2025-09-29/IMG_1858.JPG,Small,Small,0.2314035278567135,0.6820143246977028,0.08580105746934424,0.0007810899762395132
2025-09-29/IMG_1859.JPG,Medium,Very Small,0.3793584110265758,0.26054607644555455,0.3579423093817232,0.002153203146146266
2025-09-29/IMG_1861.JPG,Very Small,Very Small,0.5500649546352692,0.3829553281778288,0.06671350005972845,0.0002662171271737456
2025-09-29/IMG_1862.JPG,Small,Small,0.1681299712738523,0.7435430208212597,0.0874204506752217,0.0009065572296662862
2025-09-29/IMG_1865.JPG,Small,Small,0.14964825202680562,0.7240529985651784,0.10648853081904834,0.019810218588967924
2025-09-29/IMG_1869.JPG,Small,Small,0.10779647746409259,0.8399737596813133,0.051603830319444016,0.0006259325351505229
2025-09-29/IMG_1870.JPG,Small,Small,0.08358976090107319,0.8556498789868827,0.060685196713351354,7.516339869281045e-05
2025-09-29/IMG_1871.JPG,Small,Small,0.33106271392474035,0.5853706388467657,0.08328620203240922,0.0002804451960846777
2025-09-29/IMG_1873.JPG,Small,Small,0.14207380140227116,0.8017928335247537,0.05341775660736662,0.0027156084656084654
2025-09-29/IMG_1874.JPG,Small,Small,0.18056950494841004,0.7319287931647194,0.08215966021595125,0.005342041670919612
2025-09-29/IMG_1875.JPG,Small,Small,0.2146515836549284,0.7084088507146032,0.0758914004224226,0.0010481652080454476
2025-09-29/IMG_1877.JPG,Very Small,Very Small,0.7297035613160503,0.1972670381662172,0.07132404334645823,0.0017053571712740848
2025-09-29/IMG_1878.JPG,Small,Small,0.2686525583742247,0.6775526859054666,0.05211521904077208,0.0016795366795366795
2025-09-29/IMG_1879.JPG,Very Small,Very Small,0.8120202895939492,0.16682597912842698,0.02094321692416637,0.0002105143534574733
2025-09-29/IMG_1880.JPG,Very Small,Very Small,0.6227071318556706,0.2921149379040374,0.08301332072987072,0.002164609510421299
2025-09-29/IMG_1881.JPG,Small,Small,0.11054025905429406,0.8327797744750512,0.056624410915099226,5.555555555555555e-05
2025-09-29/IMG_1882.JPG,Small,Small,0.1336952803695082,0.7909426691700433,0.07282077323372595,0.0025412772267224965
2025-09-29/IMG_1883.JPG,Small,Small,0.11482654828537804,0.8108349239906303,0.07411060749607187,0.00022792022792022788
2025-09-29/IMG_1885.JPG,Very Small,Very Small,0.4459748046213061,0.3314771968702603,0.18043170513954407,0.04211629336888943
2025-09-29/IMG_1886.JPG,Very Small,Very Small,0.5307111789378651,0.3649611203581545,0.0947645034632952,0.009563197240685585
2025-09-29/IMG_1889.JPG,Very Small,Very Small,0.566608021711999,0.3575496052338718,0.07385727125380881,0.0019851018003206665
2025-09-29/IMG_1890.JPG,Small,Small,0.1465544844838394,0.7509093031702513,0.10125254686672475,0.0012836654791849292
2025-09-29/IMG_1891.JPG,Medium,Small,0.09487275536319076,0.47831642827430443,0.42326208582719793,0.0035487305353072217
2025-09-29/IMG_1893.JPG,Very Small,Small,0.3910976367873016,0.49327229549368345,0.11056467901925146,0.005065388699763636
2025-09-29/IMG_1895.JPG,Small,Small,0.059389101216329246,0.45195914995928577,0.428739911995681,0.05991183682870398
2025-09-29/IMG_1897.JPG,Small,Small,0.18745638058865016,0.7352110772963413,0.0678193076641191,0.009513234450889774
2025-09-29/IMG_1898.JPG,Medium,Medium,0.11273214944272794,0.22697531375657876,0.6191523620123263,0.04114017478836736
2025-09-29/IMG_1899.JPG,Medium,Medium,0.04941973790687593,0.20669227744424926,0.7154300417614974,0.02845794288737738
2025-09-29/IMG_1900.JPG,Medium,Medium,0.062205184495687384,0.20672608778728707,0.7055018327391605,0.025566894977864768
2025-09-29/IMG_1901.JPG,Small,Small,0.12358421018043961,0.6685270911000696,0.1910444727254286,0.016844225994062448
2025-09-29/IMG_1902.JPG,Small,Small,0.2726365330126135,0.5960203772445364,0.11221055394220641,0.019132535800643904
2025-09-29/IMG_1903.JPG,Medium,Medium,0.060165539334300924,0.1480726630303225,0.7703528731265176,0.02140892450885877
2025-09-29/IMG_1904.JPG,Very Small,Medium,0.36219778265597585,0.1848860037985359,0.4261285880911114,0.026787625454376875
2025-09-29/IMG_1905.JPG,Medium,Medium,0.09430702225674945,0.1855817279875009,0.4906632398428482,0.22944800991290157
2025-09-29/IMG_1906.JPG,Large,Large,0.07528144541293846,0.11602136091520589,0.17352818800342995,0.635169005668426
2025-09-29/IMG_1907.JPG,Very Small,Very Small,0.5376230529547934,0.08233060844684797,0.17239122881636942,0.20765510978198917
2025-09-29/IMG_1908.JPG,Large,Large,0.13699951417209383,0.16914392968585748,0.23504384326409683,0.45881271287795233
2025-09-29/IMG_1909.JPG,Very Small,Very Small,0.5085701541738034,0.0945248315537748,0.22949933217352253,0.1674056820988991
2025-09-29/IMG_1912.JPG,Small,Small,0.20555976709817614,0.6985689079843915,0.09319079185220205,0.0026805330652304635
2025-09-29/IMG_1914.JPG,Very Small,Very Small,0.851307457719932,0.1393454409795376,0.009192029108833318,0.00015507219169661726
2025-09-29/IMG_1915.JPG,Very Small,Very Small,0.8337122415956566,0.15445850550772353,0.011773092840459853,5.616005616005616e-05
2025-09-29/IMG_1916.JPG,Very Small,Very Small,0.8827897043607023,0.10628165659572729,0.010842239618935781,8.639942463471876e-05
2025-09-29/IMG_1917.JPG,Very Small,Very Small,0.6388076314065719,0.3089179913610482,0.051859768460831825,0.0004146087715478347
2025-09-29/IMG_1919.JPG,Very Small,Very Small,0.49957947066042757,0.326404882834936,0.1705513559515686,0.0034642905530676165
2025-09-29/IMG_1920.JPG,Very Small,Very Small,0.5386520659857937,0.39107569030855416,0.06948847921576605,0.0007837644898863183
2025-09-29/IMG_1921.JPG,Very Small,Very Small,0.6538611564457651,0.30683294357782176,0.039206449876963166,9.945009945009946e-05
2025-09-29/IMG_1922.JPG,Very Small,Very Small,0.707558569376336,0.24473346599786747,0.04727570879542504,0.00043225583037136405
2025-09-29/IMG_1923.JPG,Very Small,Very Small,0.5218406583037634,0.3607825010662016,0.11595834406297702,0.0014184965670581183
2025-09-29/IMG_1924.JPG,Very Small,Very Small,0.9126566642732632,0.08186112220264992,0.0054260534679269985,5.616005616005616e-05
2025-09-29/IMG_1925.JPG,Small,Small,0.3418429491756307,0.6033274534060664,0.054447088288237404,0.0003825091300652116
2025-09-29/IMG_1927.JPG,Very Small,Very Small,0.9009631664618887,0.09226485397667251,0.0067158195052790266,5.616005616005616e-05
2025-09-29/IMG_1930.JPG,Very Small,Very Small,0.9197310512370742,0.07390047419495474,0.006203024894324702,0.00016544967364639498
2025-09-29/IMG_1931.JPG,Very Small,Very Small,0.7395585844977225,0.23491802544090448,0.024852786897615557,0.0006706031637573763
2025-09-29/IMG_1933.JPG,Very Small,Very Small,0.7289243860727685,0.2431422671253771,0.027325467906926425,0.0006078788949279288
2025-09-29/IMG_1934.JPG,Small,Small,0.19582619353279548,0.7474469046184775,0.0558228492709774,0.0009040525777501675
2025-09-29/IMG_1935.JPG,Very Small,Very Small,0.6097203170634632,0.3475214877821786,0.042295334326854034,0.00046286082750434683
2025-09-29/IMG_1937.JPG,Very Small,Very Small,0.7137413929808863,0.2533719582013347,0.03276872829985849,0.00011792051792051792
2025-09-29/IMG_1939.JPG,Very Small,Very Small,0.8286987834227397,0.15056069030526512,0.019823378930829513,0.0009171473411655636
2025-09-29/IMG_1940.JPG,Very Small,Very Small,0.648971426643373,0.27869812855100706,0.0714677175272534,0.00086272727836676
2025-09-29/IMG_1941.JPG,Very Small,Very Small,0.5201967494216269,0.39152087310112627,0.08750305978235108,0.0007793176948958524
2025-09-29/IMG_1942.JPG,Very Small,Very Small,0.6913418065063138,0.2779576198214216,0.03059318368342239,0.00010738998884200062
2025-09-29/IMG_1944.JPG,Very Small,Very Small,0.7491224904309388,0.20882731437246838,0.04076419880127725,0.0012859963953153917
2025-09-29/IMG_1946.JPG,Very Small,Very Small,0.6712326463780424,0.2587596317747382,0.06957736934605523,0.0004303525011643967
2025-09-29/IMG_1947.JPG,Small,Small,0.26109832768314173,0.6296916441678332,0.10670841965308062,0.0025016084959442932
2025-09-29/IMG_1948.JPG,Very Small,Very Small,0.5944298207222994,0.3190434727878715,0.0858227340023633,0.0007039724874658335
2025-09-29/IMG_1950.JPG,Very Small,Very Small,0.5586549002572089,0.3303515524084315,0.10990110182910859,0.0010924455052507458
